tick,sim_min,ev0_soc_pct,mean_soc_pct,total_power_kw,bus2_voltage_pu,trafo_loading_pct,line_loading_pct,cmd,bursts,cumulative_higher,cumulative_lower,grid_stress
0,0.00,40.02,40.02,17.000,0.9744,14.02,22.48,LOWER,1,0,1,0
1,0.07,40.05,40.05,22.000,0.9742,14.56,23.33,LOWER,1,0,2,0
2,0.13,40.09,40.09,27.000,0.9740,15.21,24.34,LOWER,1,0,3,0
3,0.20,40.13,40.13,32.000,0.9738,15.94,25.51,LOWER,1,0,4,0
4,0.27,40.18,40.18,37.000,0.9737,16.77,26.81,LOWER,1,0,5,0
5,0.33,40.23,40.23,42.000,0.9735,17.66,28.24,LOWER,1,0,6,0
6,0.40,40.30,40.30,47.000,0.9733,18.62,29.77,LOWER,1,0,7,0
7,0.47,40.36,40.36,52.000,0.9731,19.64,31.40,LOWER,1,0,8,0
8,0.53,40.44,40.44,57.000,0.9728,20.71,33.11,LOWER,1,0,9,0
9,0.60,40.52,40.52,62.000,0.9726,21.82,34.90,LOWER,1,0,10,0
10,0.67,40.61,40.61,67.000,0.9724,22.98,36.76,LOWER,1,0,11,0
11,0.73,40.70,40.70,72.000,0.9722,24.17,38.68,LOWER,1,0,12,0
12,0.80,40.81,40.81,77.000,0.9720,25.40,40.65,LOWER,1,0,13,0
13,0.87,40.91,40.91,82.000,0.9717,26.66,42.68,LOWER,1,0,14,0
14,0.93,41.03,41.03,87.000,0.9715,27.95,44.75,LOWER,1,0,15,0
15,1.00,41.15,41.15,92.000,0.9713,29.26,46.87,LOWER,1,0,16,0
16,1.07,41.28,41.28,97.000,0.9710,30.60,49.02,LOWER,1,0,17,0
17,1.13,41.41,41.41,102.000,0.9708,31.97,51.22,LOWER,1,0,18,0
18,1.20,41.55,41.55,107.000,0.9705,33.36,53.46,LOWER,1,0,19,0
19,1.27,41.70,41.70,112.000,0.9703,34.77,55.73,LOWER,1,0,20,0
20,1.33,41.86,41.86,117.000,0.9700,36.20,58.04,LOWER,1,0,21,0
21,1.40,42.02,42.02,122.000,0.9698,37.65,60.39,LOWER,1,0,22,0
22,1.47,42.19,42.19,127.000,0.9695,39.13,62.76,LOWER,1,0,23,0
23,1.53,42.36,42.36,132.000,0.9692,40.63,65.17,LOWER,1,0,24,0
24,1.60,42.54,42.54,137.000,0.9689,42.14,67.62,LOWER,1,0,25,0
25,1.67,42.73,42.73,142.000,0.9686,43.68,70.10,LOWER,1,0,26,0
26,1.73,42.92,42.92,147.000,0.9683,45.24,72.61,LOWER,1,0,27,0
27,1.80,43.12,43.12,152.000,0.9680,46.82,75.15,HOLD,0,0,27,0
28,1.87,43.32,43.32,152.000,0.9680,46.82,75.15,HOLD,0,0,27,0
29,1.93,43.52,43.52,152.000,0.9680,46.82,75.15,HOLD,0,0,27,0
30,2.00,43.72,43.72,152.000,0.9680,46.82,75.15,HOLD,0,0,27,0
31,2.07,43.93,43.93,152.000,0.9680,46.82,75.15,HOLD,0,0,27,0
32,2.13,44.13,44.13,152.000,0.9680,46.82,75.15,HOLD,0,0,27,0
33,2.20,44.33,44.33,152.000,0.9680,46.82,75.15,HOLD,0,0,27,0
34,2.27,44.53,44.53,152.000,0.9680,46.82,75.15,HOLD,0,0,27,0
35,2.33,44.73,44.73,152.000,0.9680,46.82,75.15,HOLD,0,0,27,0
36,2.40,44.93,44.93,152.000,0.9680,46.82,75.15,HOLD,0,0,27,0
37,2.47,45.13,45.13,152.000,0.9680,46.82,75.15,HOLD,0,0,27,0
38,2.53,45.33,45.33,152.000,0.9680,46.82,75.15,HOLD,0,0,27,0
39,2.60,45.53,45.53,152.000,0.9680,46.82,75.15,HOLD,0,0,27,0
40,2.67,45.73,45.73,152.000,0.9680,46.82,75.15,HOLD,0,0,27,0
41,2.73,45.93,45.93,152.000,0.9680,46.82,75.15,HOLD,0,0,27,0
42,2.80,46.13,46.13,152.000,0.9680,46.82,75.15,HOLD,0,0,27,0
43,2.87,46.33,46.33,152.000,0.9680,46.82,75.15,HOLD,0,0,27,0
44,2.93,46.53,46.53,152.000,0.9680,46.82,75.15,HOLD,0,0,27,0
45,3.00,46.73,46.73,152.000,0.9680,46.82,75.15,HOLD,0,0,27,0
46,3.07,46.93,46.93,152.000,0.9680,46.82,75.15,HOLD,0,0,27,0
47,3.13,47.14,47.14,152.000,0.9680,46.82,75.15,HOLD,0,0,27,0
48,3.20,47.34,47.34,152.000,0.9680,46.82,75.15,HOLD,0,0,27,0
49,3.27,47.54,47.54,152.000,0.9680,46.82,75.15,HOLD,0,0,27,0
50,3.33,47.74,47.74,152.000,0.9680,46.82,75.15,HOLD,0,0,27,0
51,3.40,47.94,47.94,152.000,0.9680,46.82,75.15,HOLD,0,0,27,0
52,3.47,48.14,48.14,152.000,0.9680,46.82,75.15,HOLD,0,0,27,0
53,3.53,48.34,48.34,152.000,0.9680,46.82,75.15,HOLD,0,0,27,0
54,3.60,48.54,48.54,152.000,0.9680,46.82,75.15,HOLD,0,0,27,0
55,3.67,48.74,48.74,152.000,0.9680,46.82,75.15,HOLD,0,0,27,0
56,3.73,48.94,48.94,152.000,0.9680,46.82,75.15,HOLD,0,0,27,0
57,3.80,49.14,49.14,152.000,0.9680,46.82,75.15,HOLD,0,0,27,0
58,3.87,49.34,49.34,152.000,0.9680,46.82,75.15,HOLD,0,0,27,0
59,3.93,49.54,49.54,152.000,0.9680,46.82,75.15,HOLD,0,0,27,0
60,4.00,49.74,49.74,152.000,0.9680,46.82,75.15,HOLD,0,0,27,0
61,4.07,49.94,49.94,152.000,0.9680,46.82,75.15,HOLD,0,0,27,0
62,4.13,50.14,50.14,152.000,0.9680,46.82,75.15,HOLD,0,0,27,0
63,4.20,50.35,50.35,152.000,0.9680,46.82,75.15,HOLD,0,0,27,0
64,4.27,50.55,50.55,152.000,0.9680,46.82,75.15,HOLD,0,0,27,0
65,4.33,50.75,50.75,152.000,0.9680,46.82,75.15,HOLD,0,0,27,0
66,4.40,50.95,50.95,152.000,0.9680,46.82,75.15,HOLD,0,0,27,0
67,4.47,51.15,51.15,152.000,0.9680,46.82,75.15,HOLD,0,0,27,0
68,4.53,51.35,51.35,152.000,0.9680,46.82,75.15,HOLD,0,0,27,0
69,4.60,51.55,51.55,152.000,0.9680,46.82,75.15,HOLD,0,0,27,0
70,4.67,51.75,51.75,152.000,0.9680,46.82,75.15,HOLD,0,0,27,0
71,4.73,51.95,51.95,152.000,0.9680,46.82,75.15,HOLD,0,0,27,0
72,4.80,52.15,52.15,152.000,0.9680,46.82,75.15,HOLD,0,0,27,0
73,4.87,52.35,52.35,152.000,0.9680,46.82,75.15,HOLD,0,0,27,0
74,4.93,52.55,52.55,152.000,0.9680,46.82,75.15,HOLD,0,0,27,0
75,5.00,52.75,52.75,152.000,0.9680,46.82,75.15,HOLD,0,0,27,0
76,5.07,52.95,52.95,152.000,0.9680,46.82,75.15,HOLD,0,0,27,0
77,5.13,53.15,53.15,152.000,0.9680,46.82,75.15,HOLD,0,0,27,0
78,5.20,53.35,53.35,152.000,0.9680,46.82,75.15,HOLD,0,0,27,0
79,5.27,53.56,53.56,152.000,0.9680,46.82,75.15,HOLD,0,0,27,0
80,5.33,53.76,53.76,152.000,0.9680,46.82,75.15,HOLD,0,0,27,0
81,5.40,53.96,53.96,152.000,0.9680,46.82,75.15,HOLD,0,0,27,0
82,5.47,54.16,54.16,152.000,0.9680,46.82,75.15,HOLD,0,0,27,0
83,5.53,54.36,54.36,152.000,0.9680,46.82,75.15,HOLD,0,0,27,0
84,5.60,54.56,54.56,152.000,0.9680,46.82,75.15,HOLD,0,0,27,0
85,5.67,54.76,54.76,152.000,0.9680,46.82,75.15,HOLD,0,0,27,0
86,5.73,54.96,54.96,152.000,0.9680,46.82,75.15,HOLD,0,0,27,0
87,5.80,55.16,55.16,152.000,0.9680,46.82,75.15,HOLD,0,0,27,0
88,5.87,55.36,55.36,152.000,0.9680,46.82,75.15,HOLD,0,0,27,0
89,5.93,55.56,55.56,152.000,0.9680,46.82,75.15,HOLD,0,0,27,0
90,6.00,55.76,55.76,152.000,0.9680,46.82,75.15,HOLD,0,0,27,0
91,6.07,55.96,55.96,152.000,0.9680,46.82,75.15,HOLD,0,0,27,0
92,6.13,56.16,56.16,152.000,0.9680,46.82,75.15,HOLD,0,0,27,0
93,6.20,56.36,56.36,152.000,0.9680,46.82,75.15,HOLD,0,0,27,0
94,6.27,56.56,56.56,152.000,0.9680,46.82,75.15,HOLD,0,0,27,0
95,6.33,56.76,56.76,152.000,0.9680,46.82,75.15,HOLD,0,0,27,0
96,6.40,56.97,56.97,152.000,0.9680,46.82,75.15,HOLD,0,0,27,0
97,6.47,57.17,57.17,152.000,0.9680,46.82,75.15,HOLD,0,0,27,0
98,6.53,57.37,57.37,152.000,0.9680,46.82,75.15,HOLD,0,0,27,0
99,6.60,57.57,57.57,152.000,0.9680,46.82,75.15,HOLD,0,0,27,0
100,6.67,57.77,57.77,152.000,0.9680,46.82,75.15,HOLD,0,0,27,0
101,6.73,57.97,57.97,152.000,0.9680,46.82,75.15,HOLD,0,0,27,0
102,6.80,58.17,58.17,152.000,0.9680,46.82,75.15,HOLD,0,0,27,0
103,6.87,58.37,58.37,152.000,0.9680,46.82,75.15,HOLD,0,0,27,0
104,6.93,58.57,58.57,152.000,0.9680,46.82,75.15,HOLD,0,0,27,0
105,7.00,58.77,58.77,152.000,0.9680,46.82,75.15,HOLD,0,0,27,0
106,7.07,58.97,58.97,152.000,0.9680,46.82,75.15,HOLD,0,0,27,0
107,7.13,59.17,59.17,152.000,0.9680,46.82,75.15,HOLD,0,0,27,0
108,7.20,59.37,59.37,152.000,0.9680,46.82,75.15,HOLD,0,0,27,0
109,7.27,59.57,59.57,152.000,0.9680,46.82,75.15,HOLD,0,0,27,0
110,7.33,59.77,59.77,152.000,0.9680,46.82,75.15,HOLD,0,0,27,0
111,7.40,59.97,59.97,152.000,0.9680,46.82,75.15,HOLD,0,0,27,0
112,7.47,60.18,60.18,152.000,0.9680,46.82,75.15,HOLD,0,0,27,0
113,7.53,60.38,60.38,152.000,0.9680,46.82,75.15,HOLD,0,0,27,0
114,7.60,60.58,60.58,152.000,0.9680,46.82,75.15,HOLD,0,0,27,0
115,7.67,60.78,60.78,152.000,0.9680,46.82,75.15,HOLD,0,0,27,0
116,7.73,60.98,60.98,152.000,0.9680,46.82,75.15,HOLD,0,0,27,0
117,7.80,61.18,61.18,152.000,0.9680,46.82,75.15,HOLD,0,0,27,0
118,7.87,61.38,61.38,152.000,0.9680,46.82,75.15,HOLD,0,0,27,0
119,7.93,61.58,61.58,152.000,0.9680,46.82,75.15,HOLD,0,0,27,0
120,8.00,61.78,61.78,152.000,0.9680,46.82,75.15,HOLD,0,0,27,0
121,8.07,61.98,61.98,152.000,0.9680,46.82,75.15,HOLD,0,0,27,0
122,8.13,62.18,62.18,152.000,0.9680,46.82,75.15,HOLD,0,0,27,0
123,8.20,62.38,62.38,152.000,0.9680,46.82,75.15,HOLD,0,0,27,0
124,8.27,62.58,62.58,152.000,0.9680,46.82,75.15,HOLD,0,0,27,0
125,8.33,62.78,62.78,152.000,0.9680,46.82,75.15,HOLD,0,0,27,0
126,8.40,62.98,62.98,152.000,0.9680,46.82,75.15,HOLD,0,0,27,0
127,8.47,63.18,63.18,152.000,0.9680,46.82,75.15,HOLD,0,0,27,0
128,8.53,63.39,63.39,152.000,0.9680,46.82,75.15,HOLD,0,0,27,0
129,8.60,63.59,63.59,152.000,0.9680,46.82,75.15,HOLD,0,0,27,0
130,8.67,63.79,63.79,152.000,0.9680,46.82,75.15,HOLD,0,0,27,0
131,8.73,63.99,63.99,152.000,0.9680,46.82,75.15,HOLD,0,0,27,0
132,8.80,64.19,64.19,152.000,0.9680,46.82,75.15,HOLD,0,0,27,0
133,8.87,64.39,64.39,152.000,0.9680,46.82,75.15,HOLD,0,0,27,0
134,8.93,64.59,64.59,152.000,0.9680,46.82,75.15,HOLD,0,0,27,0
135,9.00,64.79,64.79,152.000,0.9680,46.82,75.15,HOLD,0,0,27,0
136,9.07,64.99,64.99,152.000,0.9680,46.82,75.15,HOLD,0,0,27,0
137,9.13,65.19,65.19,152.000,0.9680,46.82,75.15,HOLD,0,0,27,0
138,9.20,65.39,65.39,152.000,0.9680,46.82,75.15,HOLD,0,0,27,0
139,9.27,65.59,65.59,152.000,0.9680,46.82,75.15,HOLD,0,0,27,0
140,9.33,65.79,65.79,152.000,0.9680,46.82,75.15,HOLD,0,0,27,0
141,9.40,65.99,65.99,152.000,0.9680,46.82,75.15,HOLD,0,0,27,0
142,9.47,66.19,66.19,152.000,0.9680,46.82,75.15,HOLD,0,0,27,0
143,9.53,66.39,66.39,152.000,0.9680,46.82,75.15,HOLD,0,0,27,0
144,9.60,66.60,66.60,152.000,0.9680,46.82,75.15,HOLD,0,0,27,0
145,9.67,66.80,66.80,152.000,0.9680,46.82,75.15,HOLD,0,0,27,0
146,9.73,67.00,67.00,152.000,0.9680,46.82,75.15,HOLD,0,0,27,0
147,9.80,67.20,67.20,152.000,0.9680,46.82,75.15,HOLD,0,0,27,0
148,9.87,67.40,67.40,152.000,0.9680,46.82,75.15,HOLD,0,0,27,0
149,9.93,67.60,67.60,152.000,0.9680,46.82,75.15,HOLD,0,0,27,0
150,10.00,67.80,67.80,152.000,0.9680,46.82,75.15,HOLD,0,0,27,0
151,10.07,68.00,68.00,152.000,0.9680,46.82,75.15,HOLD,0,0,27,0
152,10.13,68.20,68.20,152.000,0.9680,46.82,75.15,HOLD,0,0,27,0
153,10.20,68.40,68.40,152.000,0.9680,46.82,75.15,HOLD,0,0,27,0
154,10.27,68.60,68.60,152.000,0.9680,46.82,75.15,HOLD,0,0,27,0
155,10.33,68.80,68.80,152.000,0.9680,46.82,75.15,HOLD,0,0,27,0
156,10.40,69.00,69.00,152.000,0.9680,46.82,75.15,HOLD,0,0,27,0
157,10.47,69.20,69.20,152.000,0.9680,46.82,75.15,HOLD,0,0,27,0
158,10.53,69.40,69.40,152.000,0.9680,46.82,75.15,HOLD,0,0,27,0
159,10.60,69.60,69.60,152.000,0.9680,46.82,75.15,HOLD,0,0,27,0
160,10.67,69.81,69.81,152.000,0.9680,46.82,75.15,HOLD,0,0,27,0
161,10.73,70.01,70.01,152.000,0.9680,46.82,75.15,HOLD,0,0,27,0
162,10.80,70.21,70.21,152.000,0.9680,46.82,75.15,HOLD,0,0,27,0
163,10.87,70.41,70.41,152.000,0.9680,46.82,75.15,HOLD,0,0,27,0
164,10.93,70.61,70.61,152.000,0.9680,46.82,75.15,HOLD,0,0,27,0
165,11.00,70.81,70.81,152.000,0.9680,46.82,75.15,HOLD,0,0,27,0
166,11.07,71.01,71.01,152.000,0.9680,46.82,75.15,HOLD,0,0,27,0
167,11.13,71.21,71.21,152.000,0.9680,46.82,75.15,HOLD,0,0,27,0
168,11.20,71.41,71.41,152.000,0.9680,46.82,75.15,HOLD,0,0,27,0
169,11.27,71.61,71.61,152.000,0.9680,46.82,75.15,HOLD,0,0,27,0
170,11.33,71.81,71.81,152.000,0.9680,46.82,75.15,HOLD,0,0,27,0
171,11.40,72.01,72.01,152.000,0.9680,46.82,75.15,HOLD,0,0,27,0
172,11.47,72.21,72.21,152.000,0.9680,46.82,75.15,HOLD,0,0,27,0
173,11.53,72.41,72.41,152.000,0.9680,46.82,75.15,HOLD,0,0,27,0
174,11.60,72.61,72.61,152.000,0.9680,46.82,75.15,HOLD,0,0,27,0
175,11.67,72.81,72.81,152.000,0.9680,46.82,75.15,HOLD,0,0,27,0
176,11.73,73.02,73.02,152.000,0.9680,46.82,75.15,HOLD,0,0,27,0
177,11.80,73.22,73.22,152.000,0.9680,46.82,75.15,HOLD,0,0,27,0
178,11.87,73.42,73.42,152.000,0.9680,46.82,75.15,HOLD,0,0,27,0
179,11.93,73.62,73.62,152.000,0.9680,46.82,75.15,HOLD,0,0,27,0
180,12.00,73.82,73.82,152.000,0.9680,46.82,75.15,HOLD,0,0,27,0
181,12.07,74.02,74.02,152.000,0.9680,46.82,75.15,HOLD,0,0,27,0
182,12.13,74.22,74.22,152.000,0.9680,46.82,75.15,HOLD,0,0,27,0
183,12.20,74.42,74.42,152.000,0.9680,46.82,75.15,HOLD,0,0,27,0
184,12.27,74.62,74.62,152.000,0.9680,46.82,75.15,HOLD,0,0,27,0
185,12.33,74.82,74.82,152.000,0.9680,46.82,75.15,HOLD,0,0,27,0
186,12.40,75.02,75.02,152.000,0.9680,46.82,75.15,LOWER,1,0,28,0
187,12.47,75.23,75.23,157.000,0.9677,48.42,77.73,HIGHER,2,2,28,0
188,12.53,75.42,75.42,147.000,0.9683,45.24,72.61,HIGHER,2,4,28,0
189,12.60,75.60,75.60,137.000,0.9689,42.14,67.62,HIGHER,2,6,28,0
190,12.67,75.77,75.77,127.000,0.9695,39.13,62.76,HIGHER,2,8,28,0
191,12.73,75.93,75.93,117.000,0.9700,36.20,58.04,HIGHER,2,10,28,0
192,12.80,76.07,76.07,107.000,0.9705,33.36,53.46,HIGHER,2,12,28,0
193,12.87,76.19,76.19,97.000,0.9710,30.60,49.02,HIGHER,2,14,28,0
194,12.93,76.31,76.31,87.000,0.9715,27.95,44.75,HIGHER,2,16,28,0
195,13.00,76.41,76.41,77.000,0.9720,25.40,40.65,HIGHER,2,18,28,0
196,13.07,76.50,76.50,67.000,0.9724,22.98,36.76,HIGHER,2,20,28,0
197,13.13,76.57,76.57,57.000,0.9728,20.71,33.11,HIGHER,2,22,28,0
198,13.20,76.64,76.64,47.000,0.9733,18.62,29.77,HIGHER,2,24,28,0
199,13.27,76.69,76.69,37.000,0.9737,16.77,26.81,HIGHER,2,26,28,0
200,13.33,76.72,76.72,27.000,0.9740,15.21,24.34,HIGHER,2,28,28,0
201,13.40,76.74,76.74,17.000,0.9744,14.02,22.48,HIGHER,2,30,28,0
202,13.47,76.75,76.75,7.000,0.9748,13.29,21.37,HIGHER,2,32,28,0
203,13.53,76.75,76.75,-3.000,0.9751,13.06,21.07,HIGHER,2,34,28,0
204,13.60,76.73,76.73,-13.000,0.9754,13.40,21.61,LOWER,1,34,29,0
205,13.67,76.72,76.72,-8.000,0.9753,13.17,21.24,LOWER,1,34,30,0
206,13.73,76.72,76.72,-3.000,0.9751,13.06,21.07,LOWER,1,34,31,0
207,13.80,76.72,76.72,2.000,0.9749,13.11,21.11,LOWER,1,34,32,0
208,13.87,76.73,76.73,7.000,0.9748,13.29,21.37,HIGHER,2,36,32,0
209,13.93,76.72,76.72,-3.000,0.9751,13.06,21.07,HIGHER,2,38,32,0
210,14.00,76.71,76.71,-13.000,0.9754,13.40,21.61,LOWER,1,38,33,0
211,14.07,76.70,76.70,-8.000,0.9753,13.17,21.24,LOWER,1,38,34,0
212,14.13,76.69,76.69,-3.000,0.9751,13.06,21.07,LOWER,1,38,35,0
213,14.20,76.69,76.69,2.000,0.9749,13.11,21.11,LOWER,1,38,36,0
214,14.27,76.70,76.70,7.000,0.9748,13.29,21.37,HIGHER,2,40,36,0
215,14.33,76.70,76.70,-3.000,0.9751,13.06,21.07,HIGHER,2,42,36,0
216,14.40,76.68,76.68,-13.000,0.9754,13.40,21.61,LOWER,1,42,37,0
217,14.47,76.67,76.67,-8.000,0.9753,13.17,21.24,LOWER,1,42,38,0
218,14.53,76.67,76.67,-3.000,0.9751,13.06,21.07,LOWER,1,42,39,0
219,14.60,76.67,76.67,2.000,0.9749,13.11,21.11,LOWER,1,42,40,0
220,14.67,76.68,76.68,7.000,0.9748,13.29,21.37,HIGHER,2,44,40,0
221,14.73,76.68,76.68,-3.000,0.9751,13.06,21.07,HIGHER,2,46,40,0
222,14.80,76.66,76.66,-13.000,0.9754,13.40,21.61,LOWER,1,46,41,0
223,14.87,76.65,76.65,-8.000,0.9753,13.17,21.24,LOWER,1,46,42,0
224,14.93,76.64,76.64,-3.000,0.9751,13.06,21.07,LOWER,1,46,43,0
225,15.00,76.65,76.65,2.000,0.9749,13.11,21.11,LOWER,1,46,44,0
226,15.07,76.66,76.66,7.000,0.9748,13.29,21.37,HIGHER,2,48,44,0
227,15.13,76.65,76.65,-3.000,0.9751,13.06,21.07,HIGHER,2,50,44,0
228,15.20,76.63,76.63,-13.000,0.9754,13.40,21.61,LOWER,1,50,45,0
229,15.27,76.62,76.62,-8.000,0.9753,13.17,21.24,LOWER,1,50,46,0
230,15.33,76.62,76.62,-3.000,0.9751,13.06,21.07,LOWER,1,50,47,0
231,15.40,76.62,76.62,2.000,0.9749,13.11,21.11,LOWER,1,50,48,0
232,15.47,76.63,76.63,7.000,0.9748,13.29,21.37,HIGHER,2,52,48,0
233,15.53,76.63,76.63,-3.000,0.9751,13.06,21.07,HIGHER,2,54,48,0
234,15.60,76.61,76.61,-13.000,0.9754,13.40,21.61,LOWER,1,54,49,0
235,15.67,76.60,76.60,-8.000,0.9753,13.17,21.24,LOWER,1,54,50,0
236,15.73,76.59,76.59,-3.000,0.9751,13.06,21.07,LOWER,1,54,51,0
237,15.80,76.60,76.60,2.000,0.9749,13.11,21.11,LOWER,1,54,52,0
238,15.87,76.61,76.61,7.000,0.9748,13.29,21.37,HIGHER,2,56,52,0
239,15.93,76.60,76.60,-3.000,0.9751,13.06,21.07,HIGHER,2,58,52,0
240,16.00,76.58,76.58,-13.000,0.9754,13.40,21.61,LOWER,1,58,53,0
241,16.07,76.57,76.57,-8.000,0.9753,13.17,21.24,LOWER,1,58,54,0
242,16.13,76.57,76.57,-3.000,0.9751,13.06,21.07,LOWER,1,58,55,0
243,16.20,76.57,76.57,2.000,0.9749,13.11,21.11,LOWER,1,58,56,0
244,16.27,76.58,76.58,7.000,0.9748,13.29,21.37,HIGHER,2,60,56,0
245,16.33,76.58,76.58,-3.000,0.9751,13.06,21.07,HIGHER,2,62,56,0
246,16.40,76.56,76.56,-13.000,0.9754,13.40,21.61,LOWER,1,62,57,0
247,16.47,76.55,76.55,-8.000,0.9753,13.17,21.24,LOWER,1,62,58,0
248,16.53,76.55,76.55,-3.000,0.9751,13.06,21.07,LOWER,1,62,59,0
249,16.60,76.55,76.55,2.000,0.9749,13.11,21.11,LOWER,1,62,60,0
250,16.67,76.56,76.56,7.000,0.9748,13.29,21.37,HIGHER,2,64,60,0
251,16.73,76.55,76.55,-3.000,0.9751,13.06,21.07,HIGHER,2,66,60,0
252,16.80,76.54,76.54,-13.000,0.9754,13.40,21.61,LOWER,1,66,61,0
253,16.87,76.52,76.52,-8.000,0.9753,13.17,21.24,LOWER,1,66,62,0
254,16.93,76.52,76.52,-3.000,0.9751,13.06,21.07,LOWER,1,66,63,0
255,17.00,76.52,76.52,2.000,0.9749,13.11,21.11,LOWER,1,66,64,0
256,17.07,76.53,76.53,7.000,0.9748,13.29,21.37,HIGHER,2,68,64,0
257,17.13,76.53,76.53,-3.000,0.9751,13.06,21.07,HIGHER,2,70,64,0
258,17.20,76.51,76.51,-13.000,0.9754,13.40,21.61,LOWER,1,70,65,0
259,17.27,76.50,76.50,-8.000,0.9753,13.17,21.24,LOWER,1,70,66,0
260,17.33,76.50,76.50,-3.000,0.9751,13.06,21.07,LOWER,1,70,67,0
261,17.40,76.50,76.50,2.000,0.9749,13.11,21.11,LOWER,1,70,68,0
262,17.47,76.51,76.51,7.000,0.9748,13.29,21.37,HIGHER,2,72,68,0
263,17.53,76.50,76.50,-3.000,0.9751,13.06,21.07,HIGHER,2,74,68,0
264,17.60,76.49,76.49,-13.000,0.9754,13.40,21.61,LOWER,1,74,69,0
265,17.67,76.48,76.48,-8.000,0.9753,13.17,21.24,LOWER,1,74,70,0
266,17.73,76.47,76.47,-3.000,0.9751,13.06,21.07,LOWER,1,74,71,0
267,17.80,76.47,76.47,2.000,0.9749,13.11,21.11,LOWER,1,74,72,0
268,17.87,76.48,76.48,7.000,0.9748,13.29,21.37,HIGHER,2,76,72,0
269,17.93,76.48,76.48,-3.000,0.9751,13.06,21.07,HIGHER,2,78,72,0
270,18.00,76.46,76.46,-13.000,0.9754,13.40,21.61,LOWER,1,78,73,0
271,18.07,76.45,76.45,-8.000,0.9753,13.17,21.24,LOWER,1,78,74,0
272,18.13,76.45,76.45,-3.000,0.9751,13.06,21.07,LOWER,1,78,75,0
273,18.20,76.45,76.45,2.000,0.9749,13.11,21.11,LOWER,1,78,76,0
274,18.27,76.46,76.46,7.000,0.9748,13.29,21.37,HIGHER,2,80,76,0
275,18.33,76.46,76.46,-3.000,0.9751,13.06,21.07,HIGHER,2,82,76,0
276,18.40,76.44,76.44,-13.000,0.9754,13.40,21.61,LOWER,1,82,77,0
277,18.47,76.43,76.43,-8.000,0.9753,13.17,21.24,LOWER,1,82,78,0
278,18.53,76.42,76.42,-3.000,0.9751,13.06,21.07,LOWER,1,82,79,0
279,18.60,76.43,76.43,2.000,0.9749,13.11,21.11,LOWER,1,82,80,0
280,18.67,76.43,76.43,7.000,0.9748,13.29,21.37,HIGHER,2,84,80,0
281,18.73,76.43,76.43,-3.000,0.9751,13.06,21.07,HIGHER,2,86,80,0
282,18.80,76.41,76.41,-13.000,0.9754,13.40,21.61,LOWER,1,86,81,0
283,18.87,76.40,76.40,-8.000,0.9753,13.17,21.24,LOWER,1,86,82,0
284,18.93,76.40,76.40,-3.000,0.9751,13.06,21.07,LOWER,1,86,83,0
285,19.00,76.40,76.40,2.000,0.9749,13.11,21.11,LOWER,1,86,84,0
286,19.07,76.41,76.41,7.000,0.9748,13.29,21.37,HIGHER,2,88,84,0
287,19.13,76.41,76.41,-3.000,0.9751,13.06,21.07,HIGHER,2,90,84,0
288,19.20,76.39,76.39,-13.000,0.9754,13.40,21.61,LOWER,1,90,85,0
289,19.27,76.38,76.38,-8.000,0.9753,13.17,21.24,LOWER,1,90,86,0
290,19.33,76.37,76.37,-3.000,0.9751,13.06,21.07,LOWER,1,90,87,0
291,19.40,76.38,76.38,2.000,0.9749,13.11,21.11,LOWER,1,90,88,0
292,19.47,76.39,76.39,7.000,0.9748,13.29,21.37,HIGHER,2,92,88,0
293,19.53,76.38,76.38,-3.000,0.9751,13.06,21.07,HIGHER,2,94,88,0
294,19.60,76.36,76.36,-13.000,0.9754,13.40,21.61,LOWER,1,94,89,0
295,19.67,76.35,76.35,-8.000,0.9753,13.17,21.24,LOWER,1,94,90,0
296,19.73,76.35,76.35,-3.000,0.9751,13.06,21.07,LOWER,1,94,91,0
297,19.80,76.35,76.35,2.000,0.9749,13.11,21.11,LOWER,1,94,92,0
298,19.87,76.36,76.36,7.000,0.9748,13.29,21.37,HIGHER,2,96,92,0
299,19.93,76.36,76.36,-3.000,0.9751,13.06,21.07,HIGHER,2,98,92,0
300,20.00,76.34,76.34,-13.000,0.9754,13.40,21.61,LOWER,1,98,93,0
301,20.07,76.33,76.33,-8.000,0.9753,13.17,21.24,LOWER,1,98,94,0
302,20.13,76.32,76.32,-3.000,0.9751,13.06,21.07,LOWER,1,98,95,0
303,20.20,76.33,76.33,2.000,0.9749,13.11,21.11,LOWER,1,98,96,0
304,20.27,76.34,76.34,7.000,0.9748,13.29,21.37,HIGHER,2,100,96,0
305,20.33,76.33,76.33,-3.000,0.9751,13.06,21.07,HIGHER,2,102,96,0
306,20.40,76.32,76.32,-13.000,0.9754,13.40,21.61,LOWER,1,102,97,0
307,20.47,76.30,76.30,-8.000,0.9753,13.17,21.24,LOWER,1,102,98,0
308,20.53,76.30,76.30,-3.000,0.9751,13.06,21.07,LOWER,1,102,99,0
309,20.60,76.30,76.30,2.000,0.9749,13.11,21.11,LOWER,1,102,100,0
310,20.67,76.31,76.31,7.000,0.9748,13.29,21.37,HIGHER,2,104,100,0
311,20.73,76.31,76.31,-3.000,0.9751,13.06,21.07,HIGHER,2,106,100,0
312,20.80,76.29,76.29,-13.000,0.9754,13.40,21.61,LOWER,1,106,101,0
313,20.87,76.28,76.28,-8.000,0.9753,13.17,21.24,LOWER,1,106,102,0
314,20.93,76.28,76.28,-3.000,0.9751,13.06,21.07,LOWER,1,106,103,0
315,21.00,76.28,76.28,2.000,0.9749,13.11,21.11,LOWER,1,106,104,0
316,21.07,76.29,76.29,7.000,0.9748,13.29,21.37,HIGHER,2,108,104,0
317,21.13,76.28,76.28,-3.000,0.9751,13.06,21.07,HIGHER,2,110,104,0
318,21.20,76.27,76.27,-13.000,0.9754,13.40,21.61,LOWER,1,110,105,0
319,21.27,76.26,76.26,-8.000,0.9753,13.17,21.24,LOWER,1,110,106,0
320,21.33,76.25,76.25,-3.000,0.9751,13.06,21.07,LOWER,1,110,107,0
321,21.40,76.25,76.25,2.000,0.9749,13.11,21.11,LOWER,1,110,108,0
322,21.47,76.26,76.26,7.000,0.9748,13.29,21.37,HIGHER,2,112,108,0
323,21.53,76.26,76.26,-3.000,0.9751,13.06,21.07,HIGHER,2,114,108,0
324,21.60,76.24,76.24,-13.000,0.9754,13.40,21.61,LOWER,1,114,109,0
325,21.67,76.23,76.23,-8.000,0.9753,13.17,21.24,LOWER,1,114,110,0
326,21.73,76.23,76.23,-3.000,0.9751,13.06,21.07,LOWER,1,114,111,0
327,21.80,76.23,76.23,2.000,0.9749,13.11,21.11,LOWER,1,114,112,0
328,21.87,76.24,76.24,7.000,0.9748,13.29,21.37,HIGHER,2,116,112,0
329,21.93,76.23,76.23,-3.000,0.9751,13.06,21.07,HIGHER,2,118,112,0
330,22.00,76.22,76.22,-13.000,0.9754,13.40,21.61,LOWER,1,118,113,0
331,22.07,76.21,76.21,-8.000,0.9753,13.17,21.24,LOWER,1,118,114,0
332,22.13,76.20,76.20,-3.000,0.9751,13.06,21.07,LOWER,1,118,115,0
333,22.20,76.21,76.21,2.000,0.9749,13.11,21.11,LOWER,1,118,116,0
334,22.27,76.21,76.21,7.000,0.9748,13.29,21.37,HIGHER,2,120,116,0
335,22.33,76.21,76.21,-3.000,0.9751,13.06,21.07,HIGHER,2,122,116,0
336,22.40,76.19,76.19,-13.000,0.9754,13.40,21.61,LOWER,1,122,117,0
337,22.47,76.18,76.18,-8.000,0.9753,13.17,21.24,LOWER,1,122,118,0
338,22.53,76.18,76.18,-3.000,0.9751,13.06,21.07,LOWER,1,122,119,0
339,22.60,76.18,76.18,2.000,0.9749,13.11,21.11,LOWER,1,122,120,0
340,22.67,76.19,76.19,7.000,0.9748,13.29,21.37,HIGHER,2,124,120,0
341,22.73,76.19,76.19,-3.000,0.9751,13.06,21.07,HIGHER,2,126,120,0
342,22.80,76.17,76.17,-13.000,0.9754,13.40,21.61,LOWER,1,126,121,0
343,22.87,76.16,76.16,-8.000,0.9753,13.17,21.24,LOWER,1,126,122,0
344,22.93,76.15,76.15,-3.000,0.9751,13.06,21.07,LOWER,1,126,123,0
345,23.00,76.16,76.16,2.000,0.9749,13.11,21.11,LOWER,1,126,124,0
346,23.07,76.17,76.17,7.000,0.9748,13.29,21.37,HIGHER,2,128,124,0
347,23.13,76.16,76.16,-3.000,0.9751,13.06,21.07,HIGHER,2,130,124,0
348,23.20,76.14,76.14,-13.000,0.9754,13.40,21.61,LOWER,1,130,125,0
349,23.27,76.13,76.13,-8.000,0.9753,13.17,21.24,LOWER,1,130,126,0
350,23.33,76.13,76.13,-3.000,0.9751,13.06,21.07,LOWER,1,130,127,0
351,23.40,76.13,76.13,2.000,0.9749,13.11,21.11,LOWER,1,130,128,0
352,23.47,76.14,76.14,7.000,0.9748,13.29,21.37,HIGHER,2,132,128,0
353,23.53,76.14,76.14,-3.000,0.9751,13.06,21.07,HIGHER,2,134,128,0
354,23.60,76.12,76.12,-13.000,0.9754,13.40,21.61,LOWER,1,134,129,0
355,23.67,76.11,76.11,-8.000,0.9753,13.17,21.24,LOWER,1,134,130,0
356,23.73,76.10,76.10,-3.000,0.9751,13.06,21.07,LOWER,1,134,131,0
357,23.80,76.11,76.11,2.000,0.9749,13.11,21.11,LOWER,1,134,132,0
358,23.87,76.12,76.12,7.000,0.9748,13.29,21.37,HIGHER,2,136,132,0
359,23.93,76.11,76.11,-3.000,0.9751,13.06,21.07,HIGHER,2,138,132,0
360,24.00,76.09,76.09,-13.000,0.9754,13.40,21.61,LOWER,1,138,133,0
361,24.07,76.08,76.08,-8.000,0.9753,13.17,21.24,LOWER,1,138,134,0
362,24.13,76.08,76.08,-3.000,0.9751,13.06,21.07,LOWER,1,138,135,0
363,24.20,76.08,76.08,2.000,0.9749,13.11,21.11,LOWER,1,138,136,0
364,24.27,76.09,76.09,7.000,0.9748,13.29,21.37,HIGHER,2,140,136,0
365,24.33,76.09,76.09,-3.000,0.9751,13.06,21.07,HIGHER,2,142,136,0
366,24.40,76.07,76.07,-13.000,0.9754,13.40,21.61,LOWER,1,142,137,0
367,24.47,76.06,76.06,-8.000,0.9753,13.17,21.24,LOWER,1,142,138,0
368,24.53,76.06,76.06,-3.000,0.9751,13.06,21.07,LOWER,1,142,139,0
369,24.60,76.06,76.06,2.000,0.9749,13.11,21.11,LOWER,1,142,140,0
370,24.67,76.07,76.07,7.000,0.9748,13.29,21.37,HIGHER,2,144,140,0
371,24.73,76.06,76.06,-3.000,0.9751,13.06,21.07,HIGHER,2,146,140,0
372,24.80,76.05,76.05,-13.000,0.9754,13.40,21.61,LOWER,1,146,141,0
373,24.87,76.04,76.04,-8.000,0.9753,13.17,21.24,LOWER,1,146,142,0
374,24.93,76.03,76.03,-3.000,0.9751,13.06,21.07,LOWER,1,146,143,0
375,25.00,76.03,76.03,2.000,0.9749,13.11,21.11,LOWER,1,146,144,0
376,25.07,76.04,76.04,7.000,0.9748,13.29,21.37,HIGHER,2,148,144,0
377,25.13,76.04,76.04,-3.000,0.9751,13.06,21.07,HIGHER,2,150,144,0
378,25.20,76.02,76.02,-13.000,0.9754,13.40,21.61,LOWER,1,150,145,0
379,25.27,76.01,76.01,-8.000,0.9753,13.17,21.24,LOWER,1,150,146,0
380,25.33,76.01,76.01,-3.000,0.9751,13.06,21.07,LOWER,1,150,147,0
381,25.40,76.01,76.01,2.000,0.9749,13.11,21.11,LOWER,1,150,148,0
382,25.47,76.02,76.02,7.000,0.9748,13.29,21.37,HIGHER,2,152,148,0
383,25.53,76.01,76.01,-3.000,0.9751,13.06,21.07,HIGHER,2,154,148,0
384,25.60,76.00,76.00,-13.000,0.9754,13.40,21.61,LOWER,1,154,149,0
385,25.67,75.99,75.99,-8.000,0.9753,13.17,21.24,LOWER,1,154,150,0
386,25.73,75.98,75.98,-3.000,0.9751,13.06,21.07,LOWER,1,154,151,0
387,25.80,75.98,75.98,2.000,0.9749,13.11,21.11,LOWER,1,154,152,0
388,25.87,75.99,75.99,7.000,0.9748,13.29,21.37,HIGHER,2,156,152,0
389,25.93,75.99,75.99,-3.000,0.9751,13.06,21.07,HIGHER,2,158,152,0
390,26.00,75.97,75.97,-13.000,0.9754,13.40,21.61,LOWER,1,158,153,0
391,26.07,75.96,75.96,-8.000,0.9753,13.17,21.24,LOWER,1,158,154,0
392,26.13,75.96,75.96,-3.000,0.9751,13.06,21.07,LOWER,1,158,155,0
393,26.20,75.96,75.96,2.000,0.9749,13.11,21.11,LOWER,1,158,156,0
394,26.27,75.97,75.97,7.000,0.9748,13.29,21.37,HIGHER,2,160,156,0
395,26.33,75.97,75.97,-3.000,0.9751,13.06,21.07,HIGHER,2,162,156,0
396,26.40,75.95,75.95,-13.000,0.9754,13.40,21.61,LOWER,1,162,157,0
397,26.47,75.94,75.94,-8.000,0.9753,13.17,21.24,LOWER,1,162,158,0
398,26.53,75.93,75.93,-3.000,0.9751,13.06,21.07,LOWER,1,162,159,0
399,26.60,75.94,75.94,2.000,0.9749,13.11,21.11,LOWER,1,162,160,0
400,26.67,75.95,75.95,7.000,0.9748,13.29,21.37,HIGHER,2,164,160,0
401,26.73,75.94,75.94,-3.000,0.9751,13.06,21.07,HIGHER,2,166,160,0
402,26.80,75.92,75.92,-13.000,0.9754,13.40,21.61,LOWER,1,166,161,0
403,26.87,75.91,75.91,-8.000,0.9753,13.17,21.24,LOWER,1,166,162,0
404,26.93,75.91,75.91,-3.000,0.9751,13.06,21.07,LOWER,1,166,163,0
405,27.00,75.91,75.91,2.000,0.9749,13.11,21.11,LOWER,1,166,164,0
406,27.07,75.92,75.92,7.000,0.9748,13.29,21.37,HIGHER,2,168,164,0
407,27.13,75.92,75.92,-3.000,0.9751,13.06,21.07,HIGHER,2,170,164,0
408,27.20,75.90,75.90,-13.000,0.9754,13.40,21.61,LOWER,1,170,165,0
409,27.27,75.89,75.89,-8.000,0.9753,13.17,21.24,LOWER,1,170,166,0
410,27.33,75.88,75.88,-3.000,0.9751,13.06,21.07,LOWER,1,170,167,0
411,27.40,75.89,75.89,2.000,0.9749,13.11,21.11,LOWER,1,170,168,0
412,27.47,75.90,75.90,7.000,0.9748,13.29,21.37,HIGHER,2,172,168,0
413,27.53,75.89,75.89,-3.000,0.9751,13.06,21.07,HIGHER,2,174,168,0
414,27.60,75.87,75.87,-13.000,0.9754,13.40,21.61,LOWER,1,174,169,0
415,27.67,75.86,75.86,-8.000,0.9753,13.17,21.24,LOWER,1,174,170,0
416,27.73,75.86,75.86,-3.000,0.9751,13.06,21.07,LOWER,1,174,171,0
417,27.80,75.86,75.86,2.000,0.9749,13.11,21.11,LOWER,1,174,172,0
418,27.87,75.87,75.87,7.000,0.9748,13.29,21.37,HIGHER,2,176,172,0
419,27.93,75.87,75.87,-3.000,0.9751,13.06,21.07,HIGHER,2,178,172,0
420,28.00,75.85,75.85,-13.000,0.9754,13.40,21.61,LOWER,1,178,173,0
421,28.07,75.84,75.84,-8.000,0.9753,13.17,21.24,LOWER,1,178,174,0
422,28.13,75.84,75.84,-3.000,0.9751,13.06,21.07,LOWER,1,178,175,0
423,28.20,75.84,75.84,2.000,0.9749,13.11,21.11,LOWER,1,178,176,0
424,28.27,75.85,75.85,7.000,0.9748,13.29,21.37,HIGHER,2,180,176,0
425,28.33,75.84,75.84,-3.000,0.9751,13.06,21.07,HIGHER,2,182,176,0
426,28.40,75.83,75.83,-13.000,0.9754,13.40,21.61,LOWER,1,182,177,0
427,28.47,75.81,75.81,-8.000,0.9753,13.17,21.24,LOWER,1,182,178,0
428,28.53,75.81,75.81,-3.000,0.9751,13.06,21.07,LOWER,1,182,179,0
429,28.60,75.81,75.81,2.000,0.9749,13.11,21.11,LOWER,1,182,180,0
430,28.67,75.82,75.82,7.000,0.9748,13.29,21.37,HIGHER,2,184,180,0
431,28.73,75.82,75.82,-3.000,0.9751,13.06,21.07,HIGHER,2,186,180,0
432,28.80,75.80,75.80,-13.000,0.9754,13.40,21.61,LOWER,1,186,181,0
433,28.87,75.79,75.79,-8.000,0.9753,13.17,21.24,LOWER,1,186,182,0
434,28.93,75.79,75.79,-3.000,0.9751,13.06,21.07,LOWER,1,186,183,0
435,29.00,75.79,75.79,2.000,0.9749,13.11,21.11,LOWER,1,186,184,0
436,29.07,75.80,75.80,7.000,0.9748,13.29,21.37,HIGHER,2,188,184,0
437,29.13,75.79,75.79,-3.000,0.9751,13.06,21.07,HIGHER,2,190,184,0
438,29.20,75.78,75.78,-13.000,0.9754,13.40,21.61,LOWER,1,190,185,0
439,29.27,75.77,75.77,-8.000,0.9753,13.17,21.24,LOWER,1,190,186,0
440,29.33,75.76,75.76,-3.000,0.9751,13.06,21.07,LOWER,1,190,187,0
441,29.40,75.76,75.76,2.000,0.9749,13.11,21.11,LOWER,1,190,188,0
442,29.47,75.77,75.77,7.000,0.9748,13.29,21.37,HIGHER,2,192,188,0
443,29.53,75.77,75.77,-3.000,0.9751,13.06,21.07,HIGHER,2,194,188,0
444,29.60,75.75,75.75,-13.000,0.9754,13.40,21.61,LOWER,1,194,189,0
445,29.67,75.74,75.74,-8.000,0.9753,13.17,21.24,LOWER,1,194,190,0
446,29.73,75.74,75.74,-3.000,0.9751,13.06,21.07,LOWER,1,194,191,0
447,29.80,75.74,75.74,2.000,0.9749,13.11,21.11,LOWER,1,194,192,0
448,29.87,75.75,75.75,7.000,0.9748,13.29,21.37,HIGHER,2,196,192,0
449,29.93,75.75,75.75,-3.000,0.9751,13.06,21.07,HIGHER,2,198,192,0
450,30.00,75.73,75.73,-13.000,0.9754,13.40,21.61,LOWER,1,198,193,0
451,30.07,75.72,75.72,-8.000,0.9753,13.17,21.24,LOWER,1,198,194,0
452,30.13,75.71,75.71,-3.000,0.9751,13.06,21.07,LOWER,1,198,195,0
453,30.20,75.72,75.72,2.000,0.9749,13.11,21.11,LOWER,1,198,196,0
454,30.27,75.72,75.72,7.000,0.9748,13.29,21.37,HIGHER,2,200,196,0
455,30.33,75.72,75.72,-3.000,0.9751,13.06,21.07,HIGHER,2,202,196,0
456,30.40,75.70,75.70,-13.000,0.9754,13.40,21.61,LOWER,1,202,197,0
457,30.47,75.69,75.69,-8.000,0.9753,13.17,21.24,LOWER,1,202,198,0
458,30.53,75.69,75.69,-3.000,0.9751,13.06,21.07,LOWER,1,202,199,0
459,30.60,75.69,75.69,2.000,0.9749,13.11,21.11,LOWER,1,202,200,0
460,30.67,75.70,75.70,7.000,0.9748,13.29,21.37,HIGHER,2,204,200,0
461,30.73,75.70,75.70,-3.000,0.9751,13.06,21.07,HIGHER,2,206,200,0
462,30.80,75.68,75.68,-13.000,0.9754,13.40,21.61,LOWER,1,206,201,0
463,30.87,75.67,75.67,-8.000,0.9753,13.17,21.24,LOWER,1,206,202,0
464,30.93,75.66,75.66,-3.000,0.9751,13.06,21.07,LOWER,1,206,203,0
465,31.00,75.67,75.67,2.000,0.9749,13.11,21.11,LOWER,1,206,204,0
466,31.07,75.68,75.68,7.000,0.9748,13.29,21.37,HIGHER,2,208,204,0
467,31.13,75.67,75.67,-3.000,0.9751,13.06,21.07,HIGHER,2,210,204,0
468,31.20,75.65,75.65,-13.000,0.9754,13.40,21.61,LOWER,1,210,205,0
469,31.27,75.64,75.64,-8.000,0.9753,13.17,21.24,LOWER,1,210,206,0
470,31.33,75.64,75.64,-3.000,0.9751,13.06,21.07,LOWER,1,210,207,0
471,31.40,75.64,75.64,2.000,0.9749,13.11,21.11,LOWER,1,210,208,0
472,31.47,75.65,75.65,7.000,0.9748,13.29,21.37,HIGHER,2,212,208,0
473,31.53,75.65,75.65,-3.000,0.9751,13.06,21.07,HIGHER,2,214,208,0
474,31.60,75.63,75.63,-13.000,0.9754,13.40,21.61,LOWER,1,214,209,0
475,31.67,75.62,75.62,-8.000,0.9753,13.17,21.24,LOWER,1,214,210,0
476,31.73,75.61,75.61,-3.000,0.9751,13.06,21.07,LOWER,1,214,211,0
477,31.80,75.62,75.62,2.000,0.9749,13.11,21.11,LOWER,1,214,212,0
478,31.87,75.63,75.63,7.000,0.9748,13.29,21.37,HIGHER,2,216,212,0
479,31.93,75.62,75.62,-3.000,0.9751,13.06,21.07,HIGHER,2,218,212,0
480,32.00,75.61,75.61,-13.000,0.9754,13.40,21.61,LOWER,1,218,213,0
481,32.07,75.59,75.59,-8.000,0.9753,13.17,21.24,LOWER,1,218,214,0
482,32.13,75.59,75.59,-3.000,0.9751,13.06,21.07,LOWER,1,218,215,0
483,32.20,75.59,75.59,2.000,0.9749,13.11,21.11,LOWER,1,218,216,0
484,32.27,75.60,75.60,7.000,0.9748,13.29,21.37,HIGHER,2,220,216,0
485,32.33,75.60,75.60,-3.000,0.9751,13.06,21.07,HIGHER,2,222,216,0
486,32.40,75.58,75.58,-13.000,0.9754,13.40,21.61,LOWER,1,222,217,0
487,32.47,75.57,75.57,-8.000,0.9753,13.17,21.24,LOWER,1,222,218,0
488,32.53,75.57,75.57,-3.000,0.9751,13.06,21.07,LOWER,1,222,219,0
489,32.60,75.57,75.57,2.000,0.9749,13.11,21.11,LOWER,1,222,220,0
490,32.67,75.58,75.58,7.000,0.9748,13.29,21.37,HIGHER,2,224,220,0
491,32.73,75.57,75.57,-3.000,0.9751,13.06,21.07,HIGHER,2,226,220,0
492,32.80,75.56,75.56,-13.000,0.9754,13.40,21.61,LOWER,1,226,221,0
493,32.87,75.55,75.55,-8.000,0.9753,13.17,21.24,LOWER,1,226,222,0
494,32.93,75.54,75.54,-3.000,0.9751,13.06,21.07,LOWER,1,226,223,0
495,33.00,75.54,75.54,2.000,0.9749,13.11,21.11,LOWER,1,226,224,0
496,33.07,75.55,75.55,7.000,0.9748,13.29,21.37,HIGHER,2,228,224,0
497,33.13,75.55,75.55,-3.000,0.9751,13.06,21.07,HIGHER,2,230,224,0
498,33.20,75.53,75.53,-13.000,0.9754,13.40,21.61,LOWER,1,230,225,0
499,33.27,75.52,75.52,-8.000,0.9753,13.17,21.24,LOWER,1,230,226,0
500,33.33,75.52,75.52,-3.000,0.9751,13.06,21.07,LOWER,1,230,227,0
501,33.40,75.52,75.52,2.000,0.9749,13.11,21.11,LOWER,1,230,228,0
502,33.47,75.53,75.53,7.000,0.9748,13.29,21.37,HIGHER,2,232,228,0
503,33.53,75.52,75.52,-3.000,0.9751,13.06,21.07,HIGHER,2,234,228,0
504,33.60,75.51,75.51,-13.000,0.9754,13.40,21.61,LOWER,1,234,229,0
505,33.67,75.50,75.50,-8.000,0.9753,13.17,21.24,LOWER,1,234,230,0
506,33.73,75.49,75.49,-3.000,0.9751,13.06,21.07,LOWER,1,234,231,0
507,33.80,75.50,75.50,2.000,0.9749,13.11,21.11,LOWER,1,234,232,0
508,33.87,75.50,75.50,7.000,0.9748,13.29,21.37,HIGHER,2,236,232,0
509,33.93,75.50,75.50,-3.000,0.9751,13.06,21.07,HIGHER,2,238,232,0
510,34.00,75.48,75.48,-13.000,0.9754,13.40,21.61,LOWER,1,238,233,0
511,34.07,75.47,75.47,-8.000,0.9753,13.17,21.24,LOWER,1,238,234,0
512,34.13,75.47,75.47,-3.000,0.9751,13.06,21.07,LOWER,1,238,235,0
513,34.20,75.47,75.47,2.000,0.9749,13.11,21.11,LOWER,1,238,236,0
514,34.27,75.48,75.48,7.000,0.9748,13.29,21.37,HIGHER,2,240,236,0
515,34.33,75.48,75.48,-3.000,0.9751,13.06,21.07,HIGHER,2,242,236,0
516,34.40,75.46,75.46,-13.000,0.9754,13.40,21.61,LOWER,1,242,237,0
517,34.47,75.45,75.45,-8.000,0.9753,13.17,21.24,LOWER,1,242,238,0
518,34.53,75.44,75.44,-3.000,0.9751,13.06,21.07,LOWER,1,242,239,0
519,34.60,75.45,75.45,2.000,0.9749,13.11,21.11,LOWER,1,242,240,0
520,34.67,75.46,75.46,7.000,0.9748,13.29,21.37,HIGHER,2,244,240,0
521,34.73,75.45,75.45,-3.000,0.9751,13.06,21.07,HIGHER,2,246,240,0
522,34.80,75.43,75.43,-13.000,0.9754,13.40,21.61,LOWER,1,246,241,0
523,34.87,75.42,75.42,-8.000,0.9753,13.17,21.24,LOWER,1,246,242,0
524,34.93,75.42,75.42,-3.000,0.9751,13.06,21.07,LOWER,1,246,243,0
525,35.00,75.42,75.42,2.000,0.9749,13.11,21.11,LOWER,1,246,244,0
526,35.07,75.43,75.43,7.000,0.9748,13.29,21.37,HIGHER,2,248,244,0
527,35.13,75.43,75.43,-3.000,0.9751,13.06,21.07,HIGHER,2,250,244,0
528,35.20,75.41,75.41,-13.000,0.9754,13.40,21.61,LOWER,1,250,245,0
529,35.27,75.40,75.40,-8.000,0.9753,13.17,21.24,LOWER,1,250,246,0
530,35.33,75.39,75.39,-3.000,0.9751,13.06,21.07,LOWER,1,250,247,0
531,35.40,75.40,75.40,2.000,0.9749,13.11,21.11,LOWER,1,250,248,0
532,35.47,75.41,75.41,7.000,0.9748,13.29,21.37,HIGHER,2,252,248,0
533,35.53,75.40,75.40,-3.000,0.9751,13.06,21.07,HIGHER,2,254,248,0
534,35.60,75.38,75.38,-13.000,0.9754,13.40,21.61,LOWER,1,254,249,0
535,35.67,75.37,75.37,-8.000,0.9753,13.17,21.24,LOWER,1,254,250,0
536,35.73,75.37,75.37,-3.000,0.9751,13.06,21.07,LOWER,1,254,251,0
537,35.80,75.37,75.37,2.000,0.9749,13.11,21.11,LOWER,1,254,252,0
538,35.87,75.38,75.38,7.000,0.9748,13.29,21.37,HIGHER,2,256,252,0
539,35.93,75.38,75.38,-3.000,0.9751,13.06,21.07,HIGHER,2,258,252,0
540,36.00,75.36,75.36,-13.000,0.9754,13.40,21.61,LOWER,1,258,253,0
541,36.07,75.35,75.35,-8.000,0.9753,13.17,21.24,LOWER,1,258,254,0
542,36.13,75.35,75.35,-3.000,0.9751,13.06,21.07,LOWER,1,258,255,0
543,36.20,75.35,75.35,2.000,0.9749,13.11,21.11,LOWER,1,258,256,0
544,36.27,75.36,75.36,7.000,0.9748,13.29,21.37,HIGHER,2,260,256,0
545,36.33,75.35,75.35,-3.000,0.9751,13.06,21.07,HIGHER,2,262,256,0
546,36.40,75.34,75.34,-13.000,0.9754,13.40,21.61,LOWER,1,262,257,0
547,36.47,75.33,75.33,-8.000,0.9753,13.17,21.24,LOWER,1,262,258,0
548,36.53,75.32,75.32,-3.000,0.9751,13.06,21.07,LOWER,1,262,259,0
549,36.60,75.32,75.32,2.000,0.9749,13.11,21.11,LOWER,1,262,260,0
550,36.67,75.33,75.33,7.000,0.9748,13.29,21.37,HIGHER,2,264,260,0
551,36.73,75.33,75.33,-3.000,0.9751,13.06,21.07,HIGHER,2,266,260,0
552,36.80,75.31,75.31,-13.000,0.9754,13.40,21.61,LOWER,1,266,261,0
553,36.87,75.30,75.30,-8.000,0.9753,13.17,21.24,LOWER,1,266,262,0
554,36.93,75.30,75.30,-3.000,0.9751,13.06,21.07,LOWER,1,266,263,0
555,37.00,75.30,75.30,2.000,0.9749,13.11,21.11,LOWER,1,266,264,0
556,37.07,75.31,75.31,7.000,0.9748,13.29,21.37,HIGHER,2,268,264,0
557,37.13,75.30,75.30,-3.000,0.9751,13.06,21.07,HIGHER,2,270,264,0
558,37.20,75.29,75.29,-13.000,0.9754,13.40,21.61,LOWER,1,270,265,0
559,37.27,75.28,75.28,-8.000,0.9753,13.17,21.24,LOWER,1,270,266,0
560,37.33,75.27,75.27,-3.000,0.9751,13.06,21.07,LOWER,1,270,267,0
561,37.40,75.27,75.27,2.000,0.9749,13.11,21.11,LOWER,1,270,268,0
562,37.47,75.28,75.28,7.000,0.9748,13.29,21.37,HIGHER,2,272,268,0
563,37.53,75.28,75.28,-3.000,0.9751,13.06,21.07,HIGHER,2,274,268,0
564,37.60,75.26,75.26,-13.000,0.9754,13.40,21.61,LOWER,1,274,269,0
565,37.67,75.25,75.25,-8.000,0.9753,13.17,21.24,LOWER,1,274,270,0
566,37.73,75.25,75.25,-3.000,0.9751,13.06,21.07,LOWER,1,274,271,0
567,37.80,75.25,75.25,2.000,0.9749,13.11,21.11,LOWER,1,274,272,0
568,37.87,75.26,75.26,7.000,0.9748,13.29,21.37,HIGHER,2,276,272,0
569,37.93,75.26,75.26,-3.000,0.9751,13.06,21.07,HIGHER,2,278,272,0
570,38.00,75.24,75.24,-13.000,0.9754,13.40,21.61,LOWER,1,278,273,0
571,38.07,75.23,75.23,-8.000,0.9753,13.17,21.24,LOWER,1,278,274,0
572,38.13,75.22,75.22,-3.000,0.9751,13.06,21.07,LOWER,1,278,275,0
573,38.20,75.23,75.23,2.000,0.9749,13.11,21.11,LOWER,1,278,276,0
574,38.27,75.24,75.24,7.000,0.9748,13.29,21.37,HIGHER,2,280,276,0
575,38.33,75.23,75.23,-3.000,0.9751,13.06,21.07,HIGHER,2,282,276,0
576,38.40,75.21,75.21,-13.000,0.9754,13.40,21.61,LOWER,1,282,277,0
577,38.47,75.20,75.20,-8.000,0.9753,13.17,21.24,LOWER,1,282,278,0
578,38.53,75.20,75.20,-3.000,0.9751,13.06,21.07,LOWER,1,282,279,0
579,38.60,75.20,75.20,2.000,0.9749,13.11,21.11,LOWER,1,282,280,0
580,38.67,75.21,75.21,7.000,0.9748,13.29,21.37,HIGHER,2,284,280,0
581,38.73,75.21,75.21,-3.000,0.9751,13.06,21.07,HIGHER,2,286,280,0
582,38.80,75.19,75.19,-13.000,0.9754,13.40,21.61,LOWER,1,286,281,0
583,38.87,75.18,75.18,-8.000,0.9753,13.17,21.24,LOWER,1,286,282,0
584,38.93,75.17,75.17,-3.000,0.9751,13.06,21.07,LOWER,1,286,283,0
585,39.00,75.18,75.18,2.000,0.9749,13.11,21.11,LOWER,1,286,284,0
586,39.07,75.19,75.19,7.000,0.9748,13.29,21.37,HIGHER,2,288,284,0
587,39.13,75.18,75.18,-3.000,0.9751,13.06,21.07,HIGHER,2,290,284,0
588,39.20,75.16,75.16,-13.000,0.9754,13.40,21.61,LOWER,1,290,285,0
589,39.27,75.15,75.15,-8.000,0.9753,13.17,21.24,LOWER,1,290,286,0
590,39.33,75.15,75.15,-3.000,0.9751,13.06,21.07,LOWER,1,290,287,0
591,39.40,75.15,75.15,2.000,0.9749,13.11,21.11,LOWER,1,290,288,0
592,39.47,75.16,75.16,7.000,0.9748,13.29,21.37,HIGHER,2,292,288,0
593,39.53,75.16,75.16,-3.000,0.9751,13.06,21.07,HIGHER,2,294,288,0
594,39.60,75.14,75.14,-13.000,0.9754,13.40,21.61,LOWER,1,294,289,0
595,39.67,75.13,75.13,-8.000,0.9753,13.17,21.24,LOWER,1,294,290,0
596,39.73,75.13,75.13,-3.000,0.9751,13.06,21.07,LOWER,1,294,291,0
597,39.80,75.13,75.13,2.000,0.9749,13.11,21.11,LOWER,1,294,292,0
598,39.87,75.14,75.14,7.000,0.9748,13.29,21.37,HIGHER,2,296,292,0
599,39.93,75.13,75.13,-3.000,0.9751,13.06,21.07,HIGHER,2,298,292,0
600,40.00,75.12,75.12,-13.000,0.9754,13.40,21.61,LOWER,1,298,293,0
601,40.07,75.10,75.10,-8.000,0.9753,13.17,21.24,LOWER,1,298,294,0
602,40.13,75.10,75.10,-3.000,0.9751,13.06,21.07,LOWER,1,298,295,0
603,40.20,75.10,75.10,2.000,0.9749,13.11,21.11,LOWER,1,298,296,0
604,40.27,75.11,75.11,7.000,0.9748,13.29,21.37,HIGHER,2,300,296,0
605,40.33,75.11,75.11,-3.000,0.9751,13.06,21.07,HIGHER,2,302,296,0
606,40.40,75.09,75.09,-13.000,0.9754,13.40,21.61,LOWER,1,302,297,0
607,40.47,75.08,75.08,-8.000,0.9753,13.17,21.24,LOWER,1,302,298,0
608,40.53,75.08,75.08,-3.000,0.9751,13.06,21.07,LOWER,1,302,299,0
609,40.60,75.08,75.08,2.000,0.9749,13.11,21.11,LOWER,1,302,300,0
610,40.67,75.09,75.09,7.000,0.9748,13.29,21.37,HIGHER,2,304,300,0
611,40.73,75.08,75.08,-3.000,0.9751,13.06,21.07,HIGHER,2,306,300,0
612,40.80,75.07,75.07,-13.000,0.9754,13.40,21.61,LOWER,1,306,301,0
613,40.87,75.06,75.06,-8.000,0.9753,13.17,21.24,LOWER,1,306,302,0
614,40.93,75.05,75.05,-3.000,0.9751,13.06,21.07,LOWER,1,306,303,0
615,41.00,75.05,75.05,2.000,0.9749,13.11,21.11,LOWER,1,306,304,0
616,41.07,75.06,75.06,7.000,0.9748,13.29,21.37,HIGHER,2,308,304,0
617,41.13,75.06,75.06,-3.000,0.9751,13.06,21.07,HIGHER,2,310,304,0
618,41.20,75.04,75.04,-13.000,0.9754,13.40,21.61,LOWER,1,310,305,0
619,41.27,75.03,75.03,-8.000,0.9753,13.17,21.24,LOWER,1,310,306,0
620,41.33,75.03,75.03,-3.000,0.9751,13.06,21.07,LOWER,1,310,307,0
621,41.40,75.03,75.03,2.000,0.9749,13.11,21.11,LOWER,1,310,308,0
622,41.47,75.04,75.04,7.000,0.9748,13.29,21.37,HIGHER,2,312,308,0
623,41.53,75.04,75.04,-3.000,0.9751,13.06,21.07,HIGHER,2,314,308,0
624,41.60,75.02,75.02,-13.000,0.9754,13.40,21.61,LOWER,1,314,309,0
625,41.67,75.01,75.01,-8.000,0.9753,13.17,21.24,LOWER,1,314,310,0
626,41.73,75.00,75.00,-3.000,0.9751,13.06,21.07,LOWER,1,314,311,0
627,41.80,75.01,75.01,2.000,0.9749,13.11,21.11,LOWER,1,314,312,0
628,41.87,75.01,75.01,7.000,0.9748,13.29,21.37,HIGHER,2,316,312,0
629,41.93,75.01,75.01,-3.000,0.9751,13.06,21.07,HIGHER,2,318,312,0
630,42.00,74.99,74.99,-13.000,0.9754,13.40,21.61,LOWER,1,318,313,0
631,42.07,74.98,74.98,-8.000,0.9753,13.17,21.24,LOWER,1,318,314,0
632,42.13,74.98,74.98,-3.000,0.9751,13.06,21.07,LOWER,1,318,315,0
633,42.20,74.98,74.98,2.000,0.9749,13.11,21.11,LOWER,1,318,316,0
634,42.27,74.99,74.99,7.000,0.9748,13.29,21.37,LOWER,1,318,317,0
635,42.33,75.01,75.01,12.000,0.9746,13.59,21.82,LOWER,1,318,318,0
636,42.40,75.03,75.03,17.000,0.9744,14.02,22.48,HIGHER,2,320,318,0
637,42.47,75.04,75.04,7.000,0.9748,13.29,21.37,HIGHER,2,322,318,0
638,42.53,75.03,75.03,-3.000,0.9751,13.06,21.07,HIGHER,2,324,318,0
639,42.60,75.02,75.02,-13.000,0.9754,13.40,21.61,LOWER,1,324,319,0
640,42.67,75.01,75.01,-8.000,0.9753,13.17,21.24,LOWER,1,324,320,0
641,42.73,75.00,75.00,-3.000,0.9751,13.06,21.07,LOWER,1,324,321,0
642,42.80,75.00,75.00,2.000,0.9749,13.11,21.11,LOWER,1,324,322,0
643,42.87,75.01,75.01,7.000,0.9748,13.29,21.37,HIGHER,2,326,322,0
644,42.93,75.01,75.01,-3.000,0.9751,13.06,21.07,HIGHER,2,328,322,0
645,43.00,74.99,74.99,-13.000,0.9754,13.40,21.61,LOWER,1,328,323,0
646,43.07,74.98,74.98,-8.000,0.9753,13.17,21.24,LOWER,1,328,324,0
647,43.13,74.98,74.98,-3.000,0.9751,13.06,21.07,LOWER,1,328,325,0
648,43.20,74.98,74.98,2.000,0.9749,13.11,21.11,LOWER,1,328,326,0
649,43.27,74.99,74.99,7.000,0.9748,13.29,21.37,LOWER,1,328,327,0
650,43.33,75.00,75.00,12.000,0.9746,13.59,21.82,LOWER,1,328,328,0
651,43.40,75.03,75.03,17.000,0.9744,14.02,22.48,HIGHER,2,330,328,0
652,43.47,75.04,75.04,7.000,0.9748,13.29,21.37,HIGHER,2,332,328,0
653,43.53,75.03,75.03,-3.000,0.9751,13.06,21.07,HIGHER,2,334,328,0
654,43.60,75.01,75.01,-13.000,0.9754,13.40,21.61,LOWER,1,334,329,0
655,43.67,75.00,75.00,-8.000,0.9753,13.17,21.24,LOWER,1,334,330,0
656,43.73,75.00,75.00,-3.000,0.9751,13.06,21.07,LOWER,1,334,331,0
657,43.80,75.00,75.00,2.000,0.9749,13.11,21.11,LOWER,1,334,332,0
658,43.87,75.01,75.01,7.000,0.9748,13.29,21.37,HIGHER,2,336,332,0
659,43.93,75.01,75.01,-3.000,0.9751,13.06,21.07,HIGHER,2,338,332,0
660,44.00,74.99,74.99,-13.000,0.9754,13.40,21.61,LOWER,1,338,333,0
661,44.07,74.98,74.98,-8.000,0.9753,13.17,21.24,LOWER,1,338,334,0
662,44.13,74.98,74.98,-3.000,0.9751,13.06,21.07,LOWER,1,338,335,0
663,44.20,74.98,74.98,2.000,0.9749,13.11,21.11,LOWER,1,338,336,0
664,44.27,74.99,74.99,7.000,0.9748,13.29,21.37,LOWER,1,338,337,0
665,44.33,75.00,75.00,12.000,0.9746,13.59,21.82,LOWER,1,338,338,0
666,44.40,75.03,75.03,17.000,0.9744,14.02,22.48,HIGHER,2,340,338,0
667,44.47,75.03,75.03,7.000,0.9748,13.29,21.37,HIGHER,2,342,338,0
668,44.53,75.03,75.03,-3.000,0.9751,13.06,21.07,HIGHER,2,344,338,0
669,44.60,75.01,75.01,-13.000,0.9754,13.40,21.61,LOWER,1,344,339,0
670,44.67,75.00,75.00,-8.000,0.9753,13.17,21.24,LOWER,1,344,340,0
671,44.73,75.00,75.00,-3.000,0.9751,13.06,21.07,LOWER,1,344,341,0
672,44.80,75.00,75.00,2.000,0.9749,13.11,21.11,LOWER,1,344,342,0
673,44.87,75.01,75.01,7.000,0.9748,13.29,21.37,HIGHER,2,346,342,0
674,44.93,75.01,75.01,-3.000,0.9751,13.06,21.07,HIGHER,2,348,342,0
675,45.00,74.99,74.99,-13.000,0.9754,13.40,21.61,LOWER,1,348,343,0
676,45.07,74.98,74.98,-8.000,0.9753,13.17,21.24,LOWER,1,348,344,0
677,45.13,74.97,74.97,-3.000,0.9751,13.06,21.07,LOWER,1,348,345,0
678,45.20,74.98,74.98,2.000,0.9749,13.11,21.11,LOWER,1,348,346,0
679,45.27,74.99,74.99,7.000,0.9748,13.29,21.37,LOWER,1,348,347,0
680,45.33,75.00,75.00,12.000,0.9746,13.59,21.82,LOWER,1,348,348,0
681,45.40,75.02,75.02,17.000,0.9744,14.02,22.48,HIGHER,2,350,348,0
682,45.47,75.03,75.03,7.000,0.9748,13.29,21.37,HIGHER,2,352,348,0
683,45.53,75.03,75.03,-3.000,0.9751,13.06,21.07,HIGHER,2,354,348,0
684,45.60,75.01,75.01,-13.000,0.9754,13.40,21.61,LOWER,1,354,349,0
685,45.67,75.00,75.00,-8.000,0.9753,13.17,21.24,LOWER,1,354,350,0
686,45.73,75.00,75.00,-3.000,0.9751,13.06,21.07,LOWER,1,354,351,0
687,45.80,75.00,75.00,2.000,0.9749,13.11,21.11,LOWER,1,354,352,0
688,45.87,75.01,75.01,7.000,0.9748,13.29,21.37,LOWER,1,354,353,0
689,45.93,75.02,75.02,12.000,0.9746,13.59,21.82,HIGHER,2,356,353,0
690,46.00,75.03,75.03,2.000,0.9749,13.11,21.11,HIGHER,2,358,353,0
691,46.07,75.02,75.02,-8.000,0.9753,13.17,21.24,HIGHER,2,360,353,0
692,46.13,74.99,74.99,-18.000,0.9756,13.74,22.16,LOWER,1,360,354,0
693,46.20,74.97,74.97,-13.000,0.9754,13.40,21.61,LOWER,1,360,355,0
694,46.27,74.96,74.96,-8.000,0.9753,13.17,21.24,LOWER,1,360,356,0
695,46.33,74.96,74.96,-3.000,0.9751,13.06,21.07,LOWER,1,360,357,0
696,46.40,74.96,74.96,2.000,0.9749,13.11,21.11,LOWER,1,360,358,0
697,46.47,74.97,74.97,7.000,0.9748,13.29,21.37,LOWER,1,360,359,0
698,46.53,74.99,74.99,12.000,0.9746,13.59,21.82,LOWER,1,360,360,0
699,46.60,75.01,75.01,17.000,0.9744,14.02,22.48,LOWER,1,360,361,0
700,46.67,75.04,75.04,22.000,0.9742,14.56,23.33,HIGHER,2,362,361,0
701,46.73,75.06,75.06,12.000,0.9746,13.59,21.82,HIGHER,2,364,361,0
702,46.80,75.06,75.06,2.000,0.9749,13.11,21.11,HIGHER,2,366,361,0
703,46.87,75.05,75.05,-8.000,0.9753,13.17,21.24,HIGHER,2,368,361,0
704,46.93,75.02,75.02,-18.000,0.9756,13.74,22.16,LOWER,1,368,362,0
705,47.00,75.01,75.01,-13.000,0.9754,13.40,21.61,LOWER,1,368,363,0
706,47.07,74.99,74.99,-8.000,0.9753,13.17,21.24,LOWER,1,368,364,0
707,47.13,74.99,74.99,-3.000,0.9751,13.06,21.07,LOWER,1,368,365,0
708,47.20,74.99,74.99,2.000,0.9749,13.11,21.11,LOWER,1,368,366,0
709,47.27,75.00,75.00,7.000,0.9748,13.29,21.37,LOWER,1,368,367,0
710,47.33,75.02,75.02,12.000,0.9746,13.59,21.82,HIGHER,2,370,367,0
711,47.40,75.02,75.02,2.000,0.9749,13.11,21.11,HIGHER,2,372,367,0
712,47.47,75.01,75.01,-8.000,0.9753,13.17,21.24,HIGHER,2,374,367,0
713,47.53,74.99,74.99,-18.000,0.9756,13.74,22.16,LOWER,1,374,368,0
714,47.60,74.97,74.97,-13.000,0.9754,13.40,21.61,LOWER,1,374,369,0
715,47.67,74.96,74.96,-8.000,0.9753,13.17,21.24,LOWER,1,374,370,0
716,47.73,74.95,74.95,-3.000,0.9751,13.06,21.07,LOWER,1,374,371,0
717,47.80,74.96,74.96,2.000,0.9749,13.11,21.11,LOWER,1,374,372,0
718,47.87,74.97,74.97,7.000,0.9748,13.29,21.37,LOWER,1,374,373,0
719,47.93,74.98,74.98,12.000,0.9746,13.59,21.82,LOWER,1,374,374,0
720,48.00,75.00,75.00,17.000,0.9744,14.02,22.48,LOWER,1,374,375,0
721,48.07,75.03,75.03,22.000,0.9742,14.56,23.33,HIGHER,2,376,375,0
722,48.13,75.05,75.05,12.000,0.9746,13.59,21.82,HIGHER,2,378,375,0
723,48.20,75.05,75.05,2.000,0.9749,13.11,21.11,HIGHER,2,380,375,0
724,48.27,75.04,75.04,-8.000,0.9753,13.17,21.24,HIGHER,2,382,375,0
725,48.33,75.02,75.02,-18.000,0.9756,13.74,22.16,LOWER,1,382,376,0
726,48.40,75.00,75.00,-13.000,0.9754,13.40,21.61,LOWER,1,382,377,0
727,48.47,74.99,74.99,-8.000,0.9753,13.17,21.24,LOWER,1,382,378,0
728,48.53,74.98,74.98,-3.000,0.9751,13.06,21.07,LOWER,1,382,379,0
729,48.60,74.99,74.99,2.000,0.9749,13.11,21.11,LOWER,1,382,380,0
730,48.67,75.00,75.00,7.000,0.9748,13.29,21.37,LOWER,1,382,381,0
731,48.73,75.01,75.01,12.000,0.9746,13.59,21.82,LOWER,1,382,382,0
732,48.80,75.03,75.03,17.000,0.9744,14.02,22.48,HIGHER,2,384,382,0
733,48.87,75.04,75.04,7.000,0.9748,13.29,21.37,HIGHER,2,386,382,0
734,48.93,75.04,75.04,-3.000,0.9751,13.06,21.07,HIGHER,2,388,382,0
735,49.00,75.02,75.02,-13.000,0.9754,13.40,21.61,LOWER,1,388,383,0
736,49.07,75.01,75.01,-8.000,0.9753,13.17,21.24,LOWER,1,388,384,0
737,49.13,75.01,75.01,-3.000,0.9751,13.06,21.07,LOWER,1,388,385,0
738,49.20,75.01,75.01,2.000,0.9749,13.11,21.11,LOWER,1,388,386,0
739,49.27,75.02,75.02,7.000,0.9748,13.29,21.37,HIGHER,2,390,386,0
740,49.33,75.01,75.01,-3.000,0.9751,13.06,21.07,HIGHER,2,392,386,0
741,49.40,75.00,75.00,-13.000,0.9754,13.40,21.61,LOWER,1,392,387,0
742,49.47,74.99,74.99,-8.000,0.9753,13.17,21.24,LOWER,1,392,388,0
743,49.53,74.98,74.98,-3.000,0.9751,13.06,21.07,LOWER,1,392,389,0
744,49.60,74.98,74.98,2.000,0.9749,13.11,21.11,LOWER,1,392,390,0
745,49.67,74.99,74.99,7.000,0.9748,13.29,21.37,LOWER,1,392,391,0
746,49.73,75.01,75.01,12.000,0.9746,13.59,21.82,LOWER,1,392,392,0
747,49.80,75.03,75.03,17.000,0.9744,14.02,22.48,HIGHER,2,394,392,0
748,49.87,75.04,75.04,7.000,0.9748,13.29,21.37,HIGHER,2,396,392,0
749,49.93,75.04,75.04,-3.000,0.9751,13.06,21.07,HIGHER,2,398,392,0
750,50.00,75.02,75.02,-13.000,0.9754,13.40,21.61,LOWER,1,398,393,0
751,50.07,75.01,75.01,-8.000,0.9753,13.17,21.24,LOWER,1,398,394,0
752,50.13,75.01,75.01,-3.000,0.9751,13.06,21.07,LOWER,1,398,395,0
753,50.20,75.01,75.01,2.000,0.9749,13.11,21.11,LOWER,1,398,396,0
754,50.27,75.02,75.02,7.000,0.9748,13.29,21.37,HIGHER,2,400,396,0
755,50.33,75.01,75.01,-3.000,0.9751,13.06,21.07,HIGHER,2,402,396,0
756,50.40,75.00,75.00,-13.000,0.9754,13.40,21.61,LOWER,1,402,397,0
757,50.47,74.98,74.98,-8.000,0.9753,13.17,21.24,LOWER,1,402,398,0
758,50.53,74.98,74.98,-3.000,0.9751,13.06,21.07,LOWER,1,402,399,0
759,50.60,74.98,74.98,2.000,0.9749,13.11,21.11,LOWER,1,402,400,0
760,50.67,74.99,74.99,7.000,0.9748,13.29,21.37,LOWER,1,402,401,0
761,50.73,75.01,75.01,12.000,0.9746,13.59,21.82,LOWER,1,402,402,0
762,50.80,75.03,75.03,17.000,0.9744,14.02,22.48,HIGHER,2,404,402,0
763,50.87,75.04,75.04,7.000,0.9748,13.29,21.37,HIGHER,2,406,402,0
764,50.93,75.04,75.04,-3.000,0.9751,13.06,21.07,HIGHER,2,408,402,0
765,51.00,75.02,75.02,-13.000,0.9754,13.40,21.61,LOWER,1,408,403,0
766,51.07,75.01,75.01,-8.000,0.9753,13.17,21.24,LOWER,1,408,404,0
767,51.13,75.00,75.00,-3.000,0.9751,13.06,21.07,LOWER,1,408,405,0
768,51.20,75.01,75.01,2.000,0.9749,13.11,21.11,LOWER,1,408,406,0
769,51.27,75.02,75.02,7.000,0.9748,13.29,21.37,HIGHER,2,410,406,0
770,51.33,75.01,75.01,-3.000,0.9751,13.06,21.07,HIGHER,2,412,406,0
771,51.40,74.99,74.99,-13.000,0.9754,13.40,21.61,LOWER,1,412,407,0
772,51.47,74.98,74.98,-8.000,0.9753,13.17,21.24,LOWER,1,412,408,0
773,51.53,74.98,74.98,-3.000,0.9751,13.06,21.07,LOWER,1,412,409,0
774,51.60,74.98,74.98,2.000,0.9749,13.11,21.11,LOWER,1,412,410,0
775,51.67,74.99,74.99,7.000,0.9748,13.29,21.37,LOWER,1,412,411,0
776,51.73,75.01,75.01,12.000,0.9746,13.59,21.82,LOWER,1,412,412,0
777,51.80,75.03,75.03,17.000,0.9744,14.02,22.48,HIGHER,2,414,412,0
778,51.87,75.04,75.04,7.000,0.9748,13.29,21.37,HIGHER,2,416,412,0
779,51.93,75.03,75.03,-3.000,0.9751,13.06,21.07,HIGHER,2,418,412,0
780,52.00,75.02,75.02,-13.000,0.9754,13.40,21.61,LOWER,1,418,413,0
781,52.07,75.01,75.01,-8.000,0.9753,13.17,21.24,LOWER,1,418,414,0
782,52.13,75.00,75.00,-3.000,0.9751,13.06,21.07,LOWER,1,418,415,0
783,52.20,75.00,75.00,2.000,0.9749,13.11,21.11,LOWER,1,418,416,0
784,52.27,75.01,75.01,7.000,0.9748,13.29,21.37,HIGHER,2,420,416,0
785,52.33,75.01,75.01,-3.000,0.9751,13.06,21.07,HIGHER,2,422,416,0
786,52.40,74.99,74.99,-13.000,0.9754,13.40,21.61,LOWER,1,422,417,0
787,52.47,74.98,74.98,-8.000,0.9753,13.17,21.24,LOWER,1,422,418,0
788,52.53,74.98,74.98,-3.000,0.9751,13.06,21.07,LOWER,1,422,419,0
789,52.60,74.98,74.98,2.000,0.9749,13.11,21.11,LOWER,1,422,420,0
790,52.67,74.99,74.99,7.000,0.9748,13.29,21.37,LOWER,1,422,421,0
791,52.73,75.01,75.01,12.000,0.9746,13.59,21.82,LOWER,1,422,422,0
792,52.80,75.03,75.03,17.000,0.9744,14.02,22.48,HIGHER,2,424,422,0
793,52.87,75.04,75.04,7.000,0.9748,13.29,21.37,HIGHER,2,426,422,0
794,52.93,75.03,75.03,-3.000,0.9751,13.06,21.07,HIGHER,2,428,422,0
795,53.00,75.02,75.02,-13.000,0.9754,13.40,21.61,LOWER,1,428,423,0
796,53.07,75.00,75.00,-8.000,0.9753,13.17,21.24,LOWER,1,428,424,0
797,53.13,75.00,75.00,-3.000,0.9751,13.06,21.07,LOWER,1,428,425,0
798,53.20,75.00,75.00,2.000,0.9749,13.11,21.11,LOWER,1,428,426,0
799,53.27,75.01,75.01,7.000,0.9748,13.29,21.37,HIGHER,2,430,426,0
800,53.33,75.01,75.01,-3.000,0.9751,13.06,21.07,HIGHER,2,432,426,0
801,53.40,74.99,74.99,-13.000,0.9754,13.40,21.61,LOWER,1,432,427,0
802,53.47,74.98,74.98,-8.000,0.9753,13.17,21.24,LOWER,1,432,428,0
803,53.53,74.98,74.98,-3.000,0.9751,13.06,21.07,LOWER,1,432,429,0
804,53.60,74.98,74.98,2.000,0.9749,13.11,21.11,LOWER,1,432,430,0
805,53.67,74.99,74.99,7.000,0.9748,13.29,21.37,LOWER,1,432,431,0
806,53.73,75.00,75.00,12.000,0.9746,13.59,21.82,LOWER,1,432,432,0
807,53.80,75.03,75.03,17.000,0.9744,14.02,22.48,HIGHER,2,434,432,0
808,53.87,75.04,75.04,7.000,0.9748,13.29,21.37,HIGHER,2,436,432,0
809,53.93,75.03,75.03,-3.000,0.9751,13.06,21.07,HIGHER,2,438,432,0
810,54.00,75.01,75.01,-13.000,0.9754,13.40,21.61,LOWER,1,438,433,0
811,54.07,75.00,75.00,-8.000,0.9753,13.17,21.24,LOWER,1,438,434,0
812,54.13,75.00,75.00,-3.000,0.9751,13.06,21.07,LOWER,1,438,435,0
813,54.20,75.00,75.00,2.000,0.9749,13.11,21.11,LOWER,1,438,436,0
814,54.27,75.01,75.01,7.000,0.9748,13.29,21.37,HIGHER,2,440,436,0
815,54.33,75.01,75.01,-3.000,0.9751,13.06,21.07,HIGHER,2,442,436,0
816,54.40,74.99,74.99,-13.000,0.9754,13.40,21.61,LOWER,1,442,437,0
817,54.47,74.98,74.98,-8.000,0.9753,13.17,21.24,LOWER,1,442,438,0
818,54.53,74.97,74.97,-3.000,0.9751,13.06,21.07,LOWER,1,442,439,0
819,54.60,74.98,74.98,2.000,0.9749,13.11,21.11,LOWER,1,442,440,0
820,54.67,74.99,74.99,7.000,0.9748,13.29,21.37,LOWER,1,442,441,0
821,54.73,75.00,75.00,12.000,0.9746,13.59,21.82,LOWER,1,442,442,0
822,54.80,75.03,75.03,17.000,0.9744,14.02,22.48,HIGHER,2,444,442,0
823,54.87,75.03,75.03,7.000,0.9748,13.29,21.37,HIGHER,2,446,442,0
824,54.93,75.03,75.03,-3.000,0.9751,13.06,21.07,HIGHER,2,448,442,0
825,55.00,75.01,75.01,-13.000,0.9754,13.40,21.61,LOWER,1,448,443,0
826,55.07,75.00,75.00,-8.000,0.9753,13.17,21.24,LOWER,1,448,444,0
827,55.13,75.00,75.00,-3.000,0.9751,13.06,21.07,LOWER,1,448,445,0
828,55.20,75.00,75.00,2.000,0.9749,13.11,21.11,LOWER,1,448,446,0
829,55.27,75.01,75.01,7.000,0.9748,13.29,21.37,HIGHER,2,450,446,0
830,55.33,75.01,75.01,-3.000,0.9751,13.06,21.07,HIGHER,2,452,446,0
831,55.40,74.99,74.99,-13.000,0.9754,13.40,21.61,LOWER,1,452,447,0
832,55.47,74.98,74.98,-8.000,0.9753,13.17,21.24,LOWER,1,452,448,0
833,55.53,74.97,74.97,-3.000,0.9751,13.06,21.07,LOWER,1,452,449,0
834,55.60,74.98,74.98,2.000,0.9749,13.11,21.11,LOWER,1,452,450,0
835,55.67,74.99,74.99,7.000,0.9748,13.29,21.37,LOWER,1,452,451,0
836,55.73,75.00,75.00,12.000,0.9746,13.59,21.82,LOWER,1,452,452,0
837,55.80,75.02,75.02,17.000,0.9744,14.02,22.48,HIGHER,2,454,452,0
838,55.87,75.03,75.03,7.000,0.9748,13.29,21.37,HIGHER,2,456,452,0
839,55.93,75.03,75.03,-3.000,0.9751,13.06,21.07,HIGHER,2,458,452,0
840,56.00,75.01,75.01,-13.000,0.9754,13.40,21.61,LOWER,1,458,453,0
841,56.07,75.00,75.00,-8.000,0.9753,13.17,21.24,LOWER,1,458,454,0
842,56.13,75.00,75.00,-3.000,0.9751,13.06,21.07,LOWER,1,458,455,0
843,56.20,75.00,75.00,2.000,0.9749,13.11,21.11,LOWER,1,458,456,0
844,56.27,75.01,75.01,7.000,0.9748,13.29,21.37,LOWER,1,458,457,0
845,56.33,75.02,75.02,12.000,0.9746,13.59,21.82,HIGHER,2,460,457,0
846,56.40,75.03,75.03,2.000,0.9749,13.11,21.11,HIGHER,2,462,457,0
847,56.47,75.02,75.02,-8.000,0.9753,13.17,21.24,HIGHER,2,464,457,0
848,56.53,74.99,74.99,-18.000,0.9756,13.74,22.16,LOWER,1,464,458,0
849,56.60,74.97,74.97,-13.000,0.9754,13.40,21.61,LOWER,1,464,459,0
850,56.67,74.96,74.96,-8.000,0.9753,13.17,21.24,LOWER,1,464,460,0
851,56.73,74.96,74.96,-3.000,0.9751,13.06,21.07,LOWER,1,464,461,0
852,56.80,74.96,74.96,2.000,0.9749,13.11,21.11,LOWER,1,464,462,0
853,56.87,74.97,74.97,7.000,0.9748,13.29,21.37,LOWER,1,464,463,0
854,56.93,74.99,74.99,12.000,0.9746,13.59,21.82,LOWER,1,464,464,0
855,57.00,75.01,75.01,17.000,0.9744,14.02,22.48,LOWER,1,464,465,0
856,57.07,75.04,75.04,22.000,0.9742,14.56,23.33,HIGHER,2,466,465,0
857,57.13,75.05,75.05,12.000,0.9746,13.59,21.82,HIGHER,2,468,465,0
858,57.20,75.06,75.06,2.000,0.9749,13.11,21.11,HIGHER,2,470,465,0
859,57.27,75.05,75.05,-8.000,0.9753,13.17,21.24,HIGHER,2,472,465,0
860,57.33,75.02,75.02,-18.000,0.9756,13.74,22.16,LOWER,1,472,466,0
861,57.40,75.00,75.00,-13.000,0.9754,13.40,21.61,LOWER,1,472,467,0
862,57.47,74.99,74.99,-8.000,0.9753,13.17,21.24,LOWER,1,472,468,0
863,57.53,74.99,74.99,-3.000,0.9751,13.06,21.07,LOWER,1,472,469,0
864,57.60,74.99,74.99,2.000,0.9749,13.11,21.11,LOWER,1,472,470,0
865,57.67,75.00,75.00,7.000,0.9748,13.29,21.37,LOWER,1,472,471,0
866,57.73,75.02,75.02,12.000,0.9746,13.59,21.82,HIGHER,2,474,471,0
867,57.80,75.02,75.02,2.000,0.9749,13.11,21.11,HIGHER,2,476,471,0
868,57.87,75.01,75.01,-8.000,0.9753,13.17,21.24,HIGHER,2,478,471,0
869,57.93,74.99,74.99,-18.000,0.9756,13.74,22.16,LOWER,1,478,472,0
870,58.00,74.97,74.97,-13.000,0.9754,13.40,21.61,LOWER,1,478,473,0
871,58.07,74.96,74.96,-8.000,0.9753,13.17,21.24,LOWER,1,478,474,0
872,58.13,74.95,74.95,-3.000,0.9751,13.06,21.07,LOWER,1,478,475,0
873,58.20,74.96,74.96,2.000,0.9749,13.11,21.11,LOWER,1,478,476,0
874,58.27,74.96,74.96,7.000,0.9748,13.29,21.37,LOWER,1,478,477,0
875,58.33,74.98,74.98,12.000,0.9746,13.59,21.82,LOWER,1,478,478,0
876,58.40,75.00,75.00,17.000,0.9744,14.02,22.48,LOWER,1,478,479,0
877,58.47,75.03,75.03,22.000,0.9742,14.56,23.33,HIGHER,2,480,479,0
878,58.53,75.05,75.05,12.000,0.9746,13.59,21.82,HIGHER,2,482,479,0
879,58.60,75.05,75.05,2.000,0.9749,13.11,21.11,HIGHER,2,484,479,0
880,58.67,75.04,75.04,-8.000,0.9753,13.17,21.24,HIGHER,2,486,479,0
881,58.73,75.02,75.02,-18.000,0.9756,13.74,22.16,LOWER,1,486,480,0
882,58.80,75.00,75.00,-13.000,0.9754,13.40,21.61,LOWER,1,486,481,0
883,58.87,74.99,74.99,-8.000,0.9753,13.17,21.24,LOWER,1,486,482,0
884,58.93,74.98,74.98,-3.000,0.9751,13.06,21.07,LOWER,1,486,483,0
885,59.00,74.99,74.99,2.000,0.9749,13.11,21.11,LOWER,1,486,484,0
886,59.07,75.00,75.00,7.000,0.9748,13.29,21.37,LOWER,1,486,485,0
887,59.13,75.01,75.01,12.000,0.9746,13.59,21.82,LOWER,1,486,486,0
888,59.20,75.03,75.03,17.000,0.9744,14.02,22.48,HIGHER,2,488,486,0
889,59.27,75.04,75.04,7.000,0.9748,13.29,21.37,HIGHER,2,490,486,0
890,59.33,75.04,75.04,-3.000,0.9751,13.06,21.07,HIGHER,2,492,486,0
891,59.40,75.02,75.02,-13.000,0.9754,13.40,21.61,LOWER,1,492,487,0
892,59.47,75.01,75.01,-8.000,0.9753,13.17,21.24,LOWER,1,492,488,0
893,59.53,75.01,75.01,-3.000,0.9751,13.06,21.07,LOWER,1,492,489,0
894,59.60,75.01,75.01,2.000,0.9749,13.11,21.11,LOWER,1,492,490,0
895,59.67,75.02,75.02,7.000,0.9748,13.29,21.37,HIGHER,2,494,490,0
896,59.73,75.01,75.01,-3.000,0.9751,13.06,21.07,HIGHER,2,496,490,0
897,59.80,75.00,75.00,-13.000,0.9754,13.40,21.61,LOWER,1,496,491,0
898,59.87,74.99,74.99,-8.000,0.9753,13.17,21.24,LOWER,1,496,492,0
899,59.93,74.98,74.98,-3.000,0.9751,13.06,21.07,LOWER,1,496,493,0
900,60.00,74.98,74.98,2.000,0.9749,13.11,21.11,LOWER,1,496,494,0
901,60.07,74.99,74.99,7.000,0.9748,13.29,21.37,LOWER,1,496,495,0
902,60.13,75.01,75.01,12.000,0.9746,13.59,21.82,LOWER,1,496,496,0
903,60.20,75.03,75.03,17.000,0.9744,14.02,22.48,HIGHER,2,498,496,0
904,60.27,75.04,75.04,7.000,0.9748,13.29,21.37,HIGHER,2,500,496,0
905,60.33,75.04,75.04,-3.000,0.9751,13.06,21.07,HIGHER,2,502,496,0
906,60.40,75.02,75.02,-13.000,0.9754,13.40,21.61,LOWER,1,502,497,0
907,60.47,75.01,75.01,-8.000,0.9753,13.17,21.24,LOWER,1,502,498,0
908,60.53,75.00,75.00,-3.000,0.9751,13.06,21.07,LOWER,1,502,499,0
909,60.60,75.01,75.01,2.000,0.9749,13.11,21.11,LOWER,1,502,500,0
910,60.67,75.02,75.02,7.000,0.9748,13.29,21.37,HIGHER,2,504,500,0
911,60.73,75.01,75.01,-3.000,0.9751,13.06,21.07,HIGHER,2,506,500,0
912,60.80,75.00,75.00,-13.000,0.9754,13.40,21.61,LOWER,1,506,501,0
913,60.87,74.98,74.98,-8.000,0.9753,13.17,21.24,LOWER,1,506,502,0
914,60.93,74.98,74.98,-3.000,0.9751,13.06,21.07,LOWER,1,506,503,0
915,61.00,74.98,74.98,2.000,0.9749,13.11,21.11,LOWER,1,506,504,0
916,61.07,74.99,74.99,7.000,0.9748,13.29,21.37,LOWER,1,506,505,0
917,61.13,75.01,75.01,12.000,0.9746,13.59,21.82,LOWER,1,506,506,0
918,61.20,75.03,75.03,17.000,0.9744,14.02,22.48,HIGHER,2,508,506,0
919,61.27,75.04,75.04,7.000,0.9748,13.29,21.37,HIGHER,2,510,506,0
920,61.33,75.04,75.04,-3.000,0.9751,13.06,21.07,HIGHER,2,512,506,0
921,61.40,75.02,75.02,-13.000,0.9754,13.40,21.61,LOWER,1,512,507,0
922,61.47,75.01,75.01,-8.000,0.9753,13.17,21.24,LOWER,1,512,508,0
923,61.53,75.00,75.00,-3.000,0.9751,13.06,21.07,LOWER,1,512,509,0
924,61.60,75.01,75.01,2.000,0.9749,13.11,21.11,LOWER,1,512,510,0
925,61.67,75.02,75.02,7.000,0.9748,13.29,21.37,HIGHER,2,514,510,0
926,61.73,75.01,75.01,-3.000,0.9751,13.06,21.07,HIGHER,2,516,510,0
927,61.80,74.99,74.99,-13.000,0.9754,13.40,21.61,LOWER,1,516,511,0
928,61.87,74.98,74.98,-8.000,0.9753,13.17,21.24,LOWER,1,516,512,0
929,61.93,74.98,74.98,-3.000,0.9751,13.06,21.07,LOWER,1,516,513,0
930,62.00,74.98,74.98,2.000,0.9749,13.11,21.11,LOWER,1,516,514,0
931,62.07,74.99,74.99,7.000,0.9748,13.29,21.37,LOWER,1,516,515,0
932,62.13,75.01,75.01,12.000,0.9746,13.59,21.82,LOWER,1,516,516,0
933,62.20,75.03,75.03,17.000,0.9744,14.02,22.48,HIGHER,2,518,516,0
934,62.27,75.04,75.04,7.000,0.9748,13.29,21.37,HIGHER,2,520,516,0
935,62.33,75.03,75.03,-3.000,0.9751,13.06,21.07,HIGHER,2,522,516,0
936,62.40,75.02,75.02,-13.000,0.9754,13.40,21.61,LOWER,1,522,517,0
937,62.47,75.01,75.01,-8.000,0.9753,13.17,21.24,LOWER,1,522,518,0
938,62.53,75.00,75.00,-3.000,0.9751,13.06,21.07,LOWER,1,522,519,0
939,62.60,75.00,75.00,2.000,0.9749,13.11,21.11,LOWER,1,522,520,0
940,62.67,75.01,75.01,7.000,0.9748,13.29,21.37,HIGHER,2,524,520,0
941,62.73,75.01,75.01,-3.000,0.9751,13.06,21.07,HIGHER,2,526,520,0
942,62.80,74.99,74.99,-13.000,0.9754,13.40,21.61,LOWER,1,526,521,0
943,62.87,74.98,74.98,-8.000,0.9753,13.17,21.24,LOWER,1,526,522,0
944,62.93,74.98,74.98,-3.000,0.9751,13.06,21.07,LOWER,1,526,523,0
945,63.00,74.98,74.98,2.000,0.9749,13.11,21.11,LOWER,1,526,524,0
946,63.07,74.99,74.99,7.000,0.9748,13.29,21.37,LOWER,1,526,525,0
947,63.13,75.01,75.01,12.000,0.9746,13.59,21.82,LOWER,1,526,526,0
948,63.20,75.03,75.03,17.000,0.9744,14.02,22.48,HIGHER,2,528,526,0
949,63.27,75.04,75.04,7.000,0.9748,13.29,21.37,HIGHER,2,530,526,0
950,63.33,75.03,75.03,-3.000,0.9751,13.06,21.07,HIGHER,2,532,526,0
951,63.40,75.02,75.02,-13.000,0.9754,13.40,21.61,LOWER,1,532,527,0
952,63.47,75.00,75.00,-8.000,0.9753,13.17,21.24,LOWER,1,532,528,0
953,63.53,75.00,75.00,-3.000,0.9751,13.06,21.07,LOWER,1,532,529,0
954,63.60,75.00,75.00,2.000,0.9749,13.11,21.11,LOWER,1,532,530,0
955,63.67,75.01,75.01,7.000,0.9748,13.29,21.37,HIGHER,2,534,530,0
956,63.73,75.01,75.01,-3.000,0.9751,13.06,21.07,HIGHER,2,536,530,0
957,63.80,74.99,74.99,-13.000,0.9754,13.40,21.61,LOWER,1,536,531,0
958,63.87,74.98,74.98,-8.000,0.9753,13.17,21.24,LOWER,1,536,532,0
959,63.93,74.98,74.98,-3.000,0.9751,13.06,21.07,LOWER,1,536,533,0
960,64.00,74.98,74.98,2.000,0.9749,13.11,21.11,LOWER,1,536,534,0
961,64.07,74.99,74.99,7.000,0.9748,13.29,21.37,LOWER,1,536,535,0
962,64.13,75.00,75.00,12.000,0.9746,13.59,21.82,LOWER,1,536,536,0
963,64.20,75.03,75.03,17.000,0.9744,14.02,22.48,HIGHER,2,538,536,0
964,64.27,75.04,75.04,7.000,0.9748,13.29,21.37,HIGHER,2,540,536,0
965,64.33,75.03,75.03,-3.000,0.9751,13.06,21.07,HIGHER,2,542,536,0
966,64.40,75.01,75.01,-13.000,0.9754,13.40,21.61,LOWER,1,542,537,0
967,64.47,75.00,75.00,-8.000,0.9753,13.17,21.24,LOWER,1,542,538,0
968,64.53,75.00,75.00,-3.000,0.9751,13.06,21.07,LOWER,1,542,539,0
969,64.60,75.00,75.00,2.000,0.9749,13.11,21.11,LOWER,1,542,540,0
970,64.67,75.01,75.01,7.000,0.9748,13.29,21.37,HIGHER,2,544,540,0
971,64.73,75.01,75.01,-3.000,0.9751,13.06,21.07,HIGHER,2,546,540,0
972,64.80,74.99,74.99,-13.000,0.9754,13.40,21.61,LOWER,1,546,541,0
973,64.87,74.98,74.98,-8.000,0.9753,13.17,21.24,LOWER,1,546,542,0
974,64.93,74.97,74.97,-3.000,0.9751,13.06,21.07,LOWER,1,546,543,0
975,65.00,74.98,74.98,2.000,0.9749,13.11,21.11,LOWER,1,546,544,0
976,65.07,74.99,74.99,7.000,0.9748,13.29,21.37,LOWER,1,546,545,0
977,65.13,75.00,75.00,12.000,0.9746,13.59,21.82,LOWER,1,546,546,0
978,65.20,75.02,75.02,17.000,0.9744,14.02,22.48,HIGHER,2,548,546,0
979,65.27,75.03,75.03,7.000,0.9748,13.29,21.37,HIGHER,2,550,546,0
980,65.33,75.03,75.03,-3.000,0.9751,13.06,21.07,HIGHER,2,552,546,0
981,65.40,75.01,75.01,-13.000,0.9754,13.40,21.61,LOWER,1,552,547,0
982,65.47,75.00,75.00,-8.000,0.9753,13.17,21.24,LOWER,1,552,548,0
983,65.53,75.00,75.00,-3.000,0.9751,13.06,21.07,LOWER,1,552,549,0
984,65.60,75.00,75.00,2.000,0.9749,13.11,21.11,LOWER,1,552,550,0
985,65.67,75.01,75.01,7.000,0.9748,13.29,21.37,HIGHER,2,554,550,0
986,65.73,75.01,75.01,-3.000,0.9751,13.06,21.07,HIGHER,2,556,550,0
987,65.80,74.99,74.99,-13.000,0.9754,13.40,21.61,LOWER,1,556,551,0
988,65.87,74.98,74.98,-8.000,0.9753,13.17,21.24,LOWER,1,556,552,0
989,65.93,74.97,74.97,-3.000,0.9751,13.06,21.07,LOWER,1,556,553,0
990,66.00,74.98,74.98,2.000,0.9749,13.11,21.11,LOWER,1,556,554,0
991,66.07,74.98,74.98,7.000,0.9748,13.29,21.37,LOWER,1,556,555,0
992,66.13,75.00,75.00,12.000,0.9746,13.59,21.82,LOWER,1,556,556,0
993,66.20,75.02,75.02,17.000,0.9744,14.02,22.48,HIGHER,2,558,556,0
994,66.27,75.03,75.03,7.000,0.9748,13.29,21.37,HIGHER,2,560,556,0
995,66.33,75.03,75.03,-3.000,0.9751,13.06,21.07,HIGHER,2,562,556,0
996,66.40,75.01,75.01,-13.000,0.9754,13.40,21.61,LOWER,1,562,557,0
997,66.47,75.00,75.00,-8.000,0.9753,13.17,21.24,LOWER,1,562,558,0
998,66.53,75.00,75.00,-3.000,0.9751,13.06,21.07,LOWER,1,562,559,0
999,66.60,75.00,75.00,2.000,0.9749,13.11,21.11,LOWER,1,562,560,0
1000,66.67,75.01,75.01,7.000,0.9748,13.29,21.37,LOWER,1,562,561,0
1001,66.73,75.02,75.02,12.000,0.9746,13.59,21.82,HIGHER,2,564,561,0
1002,66.80,75.03,75.03,2.000,0.9749,13.11,21.11,HIGHER,2,566,561,0
1003,66.87,75.02,75.02,-8.000,0.9753,13.17,21.24,HIGHER,2,568,561,0
1004,66.93,74.99,74.99,-18.000,0.9756,13.74,22.16,LOWER,1,568,562,0
1005,67.00,74.97,74.97,-13.000,0.9754,13.40,21.61,LOWER,1,568,563,0
1006,67.07,74.96,74.96,-8.000,0.9753,13.17,21.24,LOWER,1,568,564,0
1007,67.13,74.96,74.96,-3.000,0.9751,13.06,21.07,LOWER,1,568,565,0
1008,67.20,74.96,74.96,2.000,0.9749,13.11,21.11,LOWER,1,568,566,0
1009,67.27,74.97,74.97,7.000,0.9748,13.29,21.37,LOWER,1,568,567,0
1010,67.33,74.99,74.99,12.000,0.9746,13.59,21.82,LOWER,1,568,568,0
1011,67.40,75.01,75.01,17.000,0.9744,14.02,22.48,LOWER,1,568,569,0
1012,67.47,75.04,75.04,22.000,0.9742,14.56,23.33,HIGHER,2,570,569,0
1013,67.53,75.05,75.05,12.000,0.9746,13.59,21.82,HIGHER,2,572,569,0
1014,67.60,75.06,75.06,2.000,0.9749,13.11,21.11,HIGHER,2,574,569,0
1015,67.67,75.05,75.05,-8.000,0.9753,13.17,21.24,HIGHER,2,576,569,0
1016,67.73,75.02,75.02,-18.000,0.9756,13.74,22.16,LOWER,1,576,570,0
1017,67.80,75.00,75.00,-13.000,0.9754,13.40,21.61,LOWER,1,576,571,0
1018,67.87,74.99,74.99,-8.000,0.9753,13.17,21.24,LOWER,1,576,572,0
1019,67.93,74.99,74.99,-3.000,0.9751,13.06,21.07,LOWER,1,576,573,0
1020,68.00,74.99,74.99,2.000,0.9749,13.11,21.11,LOWER,1,576,574,0
1021,68.07,75.00,75.00,7.000,0.9748,13.29,21.37,LOWER,1,576,575,0
1022,68.13,75.02,75.02,12.000,0.9746,13.59,21.82,HIGHER,2,578,575,0
1023,68.20,75.02,75.02,2.000,0.9749,13.11,21.11,HIGHER,2,580,575,0
1024,68.27,75.01,75.01,-8.000,0.9753,13.17,21.24,HIGHER,2,582,575,0
1025,68.33,74.98,74.98,-18.000,0.9756,13.74,22.16,LOWER,1,582,576,0
1026,68.40,74.97,74.97,-13.000,0.9754,13.40,21.61,LOWER,1,582,577,0
1027,68.47,74.96,74.96,-8.000,0.9753,13.17,21.24,LOWER,1,582,578,0
1028,68.53,74.95,74.95,-3.000,0.9751,13.06,21.07,LOWER,1,582,579,0
1029,68.60,74.96,74.96,2.000,0.9749,13.11,21.11,LOWER,1,582,580,0
1030,68.67,74.96,74.96,7.000,0.9748,13.29,21.37,LOWER,1,582,581,0
1031,68.73,74.98,74.98,12.000,0.9746,13.59,21.82,LOWER,1,582,582,0
1032,68.80,75.00,75.00,17.000,0.9744,14.02,22.48,LOWER,1,582,583,0
1033,68.87,75.03,75.03,22.000,0.9742,14.56,23.33,HIGHER,2,584,583,0
1034,68.93,75.05,75.05,12.000,0.9746,13.59,21.82,HIGHER,2,586,583,0
1035,69.00,75.05,75.05,2.000,0.9749,13.11,21.11,HIGHER,2,588,583,0
1036,69.07,75.04,75.04,-8.000,0.9753,13.17,21.24,HIGHER,2,590,583,0
1037,69.13,75.02,75.02,-18.000,0.9756,13.74,22.16,LOWER,1,590,584,0
1038,69.20,75.00,75.00,-13.000,0.9754,13.40,21.61,LOWER,1,590,585,0
1039,69.27,74.99,74.99,-8.000,0.9753,13.17,21.24,LOWER,1,590,586,0
1040,69.33,74.98,74.98,-3.000,0.9751,13.06,21.07,LOWER,1,590,587,0
1041,69.40,74.99,74.99,2.000,0.9749,13.11,21.11,LOWER,1,590,588,0
1042,69.47,74.99,74.99,7.000,0.9748,13.29,21.37,LOWER,1,590,589,0
1043,69.53,75.01,75.01,12.000,0.9746,13.59,21.82,LOWER,1,590,590,0
1044,69.60,75.03,75.03,17.000,0.9744,14.02,22.48,HIGHER,2,592,590,0
1045,69.67,75.04,75.04,7.000,0.9748,13.29,21.37,HIGHER,2,594,590,0
1046,69.73,75.04,75.04,-3.000,0.9751,13.06,21.07,HIGHER,2,596,590,0
1047,69.80,75.02,75.02,-13.000,0.9754,13.40,21.61,LOWER,1,596,591,0
1048,69.87,75.01,75.01,-8.000,0.9753,13.17,21.24,LOWER,1,596,592,0
1049,69.93,75.01,75.01,-3.000,0.9751,13.06,21.07,LOWER,1,596,593,0
1050,70.00,75.01,75.01,2.000,0.9749,13.11,21.11,LOWER,1,596,594,0
1051,70.07,75.02,75.02,7.000,0.9748,13.29,21.37,HIGHER,2,598,594,0
1052,70.13,75.01,75.01,-3.000,0.9751,13.06,21.07,HIGHER,2,600,594,0
1053,70.20,75.00,75.00,-13.000,0.9754,13.40,21.61,LOWER,1,600,595,0
1054,70.27,74.99,74.99,-8.000,0.9753,13.17,21.24,LOWER,1,600,596,0
1055,70.33,74.98,74.98,-3.000,0.9751,13.06,21.07,LOWER,1,600,597,0
1056,70.40,74.98,74.98,2.000,0.9749,13.11,21.11,LOWER,1,600,598,0
1057,70.47,74.99,74.99,7.000,0.9748,13.29,21.37,LOWER,1,600,599,0
1058,70.53,75.01,75.01,12.000,0.9746,13.59,21.82,LOWER,1,600,600,0
1059,70.60,75.03,75.03,17.000,0.9744,14.02,22.48,HIGHER,2,602,600,0
1060,70.67,75.04,75.04,7.000,0.9748,13.29,21.37,HIGHER,2,604,600,0
1061,70.73,75.04,75.04,-3.000,0.9751,13.06,21.07,HIGHER,2,606,600,0
1062,70.80,75.02,75.02,-13.000,0.9754,13.40,21.61,LOWER,1,606,601,0
1063,70.87,75.01,75.01,-8.000,0.9753,13.17,21.24,LOWER,1,606,602,0
1064,70.93,75.00,75.00,-3.000,0.9751,13.06,21.07,LOWER,1,606,603,0
1065,71.00,75.01,75.01,2.000,0.9749,13.11,21.11,LOWER,1,606,604,0
1066,71.07,75.02,75.02,7.000,0.9748,13.29,21.37,HIGHER,2,608,604,0
1067,71.13,75.01,75.01,-3.000,0.9751,13.06,21.07,HIGHER,2,610,604,0
1068,71.20,74.99,74.99,-13.000,0.9754,13.40,21.61,LOWER,1,610,605,0
1069,71.27,74.98,74.98,-8.000,0.9753,13.17,21.24,LOWER,1,610,606,0
1070,71.33,74.98,74.98,-3.000,0.9751,13.06,21.07,LOWER,1,610,607,0
1071,71.40,74.98,74.98,2.000,0.9749,13.11,21.11,LOWER,1,610,608,0
1072,71.47,74.99,74.99,7.000,0.9748,13.29,21.37,LOWER,1,610,609,0
1073,71.53,75.01,75.01,12.000,0.9746,13.59,21.82,LOWER,1,610,610,0
1074,71.60,75.03,75.03,17.000,0.9744,14.02,22.48,HIGHER,2,612,610,0
1075,71.67,75.04,75.04,7.000,0.9748,13.29,21.37,HIGHER,2,614,610,0
1076,71.73,75.04,75.04,-3.000,0.9751,13.06,21.07,HIGHER,2,616,610,0
1077,71.80,75.02,75.02,-13.000,0.9754,13.40,21.61,LOWER,1,616,611,0
1078,71.87,75.01,75.01,-8.000,0.9753,13.17,21.24,LOWER,1,616,612,0
1079,71.93,75.00,75.00,-3.000,0.9751,13.06,21.07,LOWER,1,616,613,0
1080,72.00,75.01,75.01,2.000,0.9749,13.11,21.11,LOWER,1,616,614,0
1081,72.07,75.01,75.01,7.000,0.9748,13.29,21.37,HIGHER,2,618,614,0
1082,72.13,75.01,75.01,-3.000,0.9751,13.06,21.07,HIGHER,2,620,614,0
1083,72.20,74.99,74.99,-13.000,0.9754,13.40,21.61,LOWER,1,620,615,0
1084,72.27,74.98,74.98,-8.000,0.9753,13.17,21.24,LOWER,1,620,616,0
1085,72.33,74.98,74.98,-3.000,0.9751,13.06,21.07,LOWER,1,620,617,0
1086,72.40,74.98,74.98,2.000,0.9749,13.11,21.11,LOWER,1,620,618,0
1087,72.47,74.99,74.99,7.000,0.9748,13.29,21.37,LOWER,1,620,619,0
1088,72.53,75.01,75.01,12.000,0.9746,13.59,21.82,LOWER,1,620,620,0
1089,72.60,75.03,75.03,17.000,0.9744,14.02,22.48,HIGHER,2,622,620,0
1090,72.67,75.04,75.04,7.000,0.9748,13.29,21.37,HIGHER,2,624,620,0
1091,72.73,75.03,75.03,-3.000,0.9751,13.06,21.07,HIGHER,2,626,620,0
1092,72.80,75.02,75.02,-13.000,0.9754,13.40,21.61,LOWER,1,626,621,0
1093,72.87,75.01,75.01,-8.000,0.9753,13.17,21.24,LOWER,1,626,622,0
1094,72.93,75.00,75.00,-3.000,0.9751,13.06,21.07,LOWER,1,626,623,0
1095,73.00,75.00,75.00,2.000,0.9749,13.11,21.11,LOWER,1,626,624,0
1096,73.07,75.01,75.01,7.000,0.9748,13.29,21.37,HIGHER,2,628,624,0
1097,73.13,75.01,75.01,-3.000,0.9751,13.06,21.07,HIGHER,2,630,624,0
1098,73.20,74.99,74.99,-13.000,0.9754,13.40,21.61,LOWER,1,630,625,0
1099,73.27,74.98,74.98,-8.000,0.9753,13.17,21.24,LOWER,1,630,626,0
1100,73.33,74.98,74.98,-3.000,0.9751,13.06,21.07,LOWER,1,630,627,0
1101,73.40,74.98,74.98,2.000,0.9749,13.11,21.11,LOWER,1,630,628,0
1102,73.47,74.99,74.99,7.000,0.9748,13.29,21.37,LOWER,1,630,629,0
1103,73.53,75.00,75.00,12.000,0.9746,13.59,21.82,LOWER,1,630,630,0
1104,73.60,75.03,75.03,17.000,0.9744,14.02,22.48,HIGHER,2,632,630,0
1105,73.67,75.04,75.04,7.000,0.9748,13.29,21.37,HIGHER,2,634,630,0
1106,73.73,75.03,75.03,-3.000,0.9751,13.06,21.07,HIGHER,2,636,630,0
1107,73.80,75.01,75.01,-13.000,0.9754,13.40,21.61,LOWER,1,636,631,0
1108,73.87,75.00,75.00,-8.000,0.9753,13.17,21.24,LOWER,1,636,632,0
1109,73.93,75.00,75.00,-3.000,0.9751,13.06,21.07,LOWER,1,636,633,0
1110,74.00,75.00,75.00,2.000,0.9749,13.11,21.11,LOWER,1,636,634,0
1111,74.07,75.01,75.01,7.000,0.9748,13.29,21.37,HIGHER,2,638,634,0
1112,74.13,75.01,75.01,-3.000,0.9751,13.06,21.07,HIGHER,2,640,634,0
1113,74.20,74.99,74.99,-13.000,0.9754,13.40,21.61,LOWER,1,640,635,0
1114,74.27,74.98,74.98,-8.000,0.9753,13.17,21.24,LOWER,1,640,636,0
1115,74.33,74.98,74.98,-3.000,0.9751,13.06,21.07,LOWER,1,640,637,0
1116,74.40,74.98,74.98,2.000,0.9749,13.11,21.11,LOWER,1,640,638,0
1117,74.47,74.99,74.99,7.000,0.9748,13.29,21.37,LOWER,1,640,639,0
1118,74.53,75.00,75.00,12.000,0.9746,13.59,21.82,LOWER,1,640,640,0
1119,74.60,75.03,75.03,17.000,0.9744,14.02,22.48,HIGHER,2,642,640,0
1120,74.67,75.03,75.03,7.000,0.9748,13.29,21.37,HIGHER,2,644,640,0
1121,74.73,75.03,75.03,-3.000,0.9751,13.06,21.07,HIGHER,2,646,640,0
1122,74.80,75.01,75.01,-13.000,0.9754,13.40,21.61,LOWER,1,646,641,0
1123,74.87,75.00,75.00,-8.000,0.9753,13.17,21.24,LOWER,1,646,642,0
1124,74.93,75.00,75.00,-3.000,0.9751,13.06,21.07,LOWER,1,646,643,0
1125,75.00,75.00,75.00,2.000,0.9749,13.11,21.11,LOWER,1,646,644,0
1126,75.07,75.01,75.01,7.000,0.9748,13.29,21.37,HIGHER,2,648,644,0
1127,75.13,75.01,75.01,-3.000,0.9751,13.06,21.07,HIGHER,2,650,644,0
1128,75.20,74.99,74.99,-13.000,0.9754,13.40,21.61,LOWER,1,650,645,0
1129,75.27,74.98,74.98,-8.000,0.9753,13.17,21.24,LOWER,1,650,646,0
1130,75.33,74.97,74.97,-3.000,0.9751,13.06,21.07,LOWER,1,650,647,0
1131,75.40,74.98,74.98,2.000,0.9749,13.11,21.11,LOWER,1,650,648,0
1132,75.47,74.99,74.99,7.000,0.9748,13.29,21.37,LOWER,1,650,649,0
1133,75.53,75.00,75.00,12.000,0.9746,13.59,21.82,LOWER,1,650,650,0
1134,75.60,75.02,75.02,17.000,0.9744,14.02,22.48,HIGHER,2,652,650,0
1135,75.67,75.03,75.03,7.000,0.9748,13.29,21.37,HIGHER,2,654,650,0
1136,75.73,75.03,75.03,-3.000,0.9751,13.06,21.07,HIGHER,2,656,650,0
1137,75.80,75.01,75.01,-13.000,0.9754,13.40,21.61,LOWER,1,656,651,0
1138,75.87,75.00,75.00,-8.000,0.9753,13.17,21.24,LOWER,1,656,652,0
1139,75.93,75.00,75.00,-3.000,0.9751,13.06,21.07,LOWER,1,656,653,0
1140,76.00,75.00,75.00,2.000,0.9749,13.11,21.11,LOWER,1,656,654,0
1141,76.07,75.01,75.01,7.000,0.9748,13.29,21.37,LOWER,1,656,655,0
1142,76.13,75.02,75.02,12.000,0.9746,13.59,21.82,HIGHER,2,658,655,0
1143,76.20,75.03,75.03,2.000,0.9749,13.11,21.11,HIGHER,2,660,655,0
1144,76.27,75.02,75.02,-8.000,0.9753,13.17,21.24,HIGHER,2,662,655,0
1145,76.33,74.99,74.99,-18.000,0.9756,13.74,22.16,LOWER,1,662,656,0
1146,76.40,74.97,74.97,-13.000,0.9754,13.40,21.61,LOWER,1,662,657,0
1147,76.47,74.96,74.96,-8.000,0.9753,13.17,21.24,LOWER,1,662,658,0
1148,76.53,74.96,74.96,-3.000,0.9751,13.06,21.07,LOWER,1,662,659,0
1149,76.60,74.96,74.96,2.000,0.9749,13.11,21.11,LOWER,1,662,660,0
1150,76.67,74.97,74.97,7.000,0.9748,13.29,21.37,LOWER,1,662,661,0
1151,76.73,74.99,74.99,12.000,0.9746,13.59,21.82,LOWER,1,662,662,0
1152,76.80,75.01,75.01,17.000,0.9744,14.02,22.48,LOWER,1,662,663,0
1153,76.87,75.04,75.04,22.000,0.9742,14.56,23.33,HIGHER,2,664,663,0
1154,76.93,75.06,75.06,12.000,0.9746,13.59,21.82,HIGHER,2,666,663,0
1155,77.00,75.06,75.06,2.000,0.9749,13.11,21.11,HIGHER,2,668,663,0
1156,77.07,75.05,75.05,-8.000,0.9753,13.17,21.24,HIGHER,2,670,663,0
1157,77.13,75.02,75.02,-18.000,0.9756,13.74,22.16,LOWER,1,670,664,0
1158,77.20,75.01,75.01,-13.000,0.9754,13.40,21.61,LOWER,1,670,665,0
1159,77.27,74.99,74.99,-8.000,0.9753,13.17,21.24,LOWER,1,670,666,0
1160,77.33,74.99,74.99,-3.000,0.9751,13.06,21.07,LOWER,1,670,667,0
1161,77.40,74.99,74.99,2.000,0.9749,13.11,21.11,LOWER,1,670,668,0
1162,77.47,75.00,75.00,7.000,0.9748,13.29,21.37,LOWER,1,670,669,0
1163,77.53,75.02,75.02,12.000,0.9746,13.59,21.82,HIGHER,2,672,669,0
1164,77.60,75.02,75.02,2.000,0.9749,13.11,21.11,HIGHER,2,674,669,0
1165,77.67,75.01,75.01,-8.000,0.9753,13.17,21.24,HIGHER,2,676,669,0
1166,77.73,74.99,74.99,-18.000,0.9756,13.74,22.16,LOWER,1,676,670,0
1167,77.80,74.97,74.97,-13.000,0.9754,13.40,21.61,LOWER,1,676,671,0
1168,77.87,74.96,74.96,-8.000,0.9753,13.17,21.24,LOWER,1,676,672,0
1169,77.93,74.95,74.95,-3.000,0.9751,13.06,21.07,LOWER,1,676,673,0
1170,78.00,74.96,74.96,2.000,0.9749,13.11,21.11,LOWER,1,676,674,0
1171,78.07,74.97,74.97,7.000,0.9748,13.29,21.37,LOWER,1,676,675,0
1172,78.13,74.98,74.98,12.000,0.9746,13.59,21.82,LOWER,1,676,676,0
1173,78.20,75.00,75.00,17.000,0.9744,14.02,22.48,LOWER,1,676,677,0
1174,78.27,75.03,75.03,22.000,0.9742,14.56,23.33,HIGHER,2,678,677,0
1175,78.33,75.05,75.05,12.000,0.9746,13.59,21.82,HIGHER,2,680,677,0
1176,78.40,75.05,75.05,2.000,0.9749,13.11,21.11,HIGHER,2,682,677,0
1177,78.47,75.04,75.04,-8.000,0.9753,13.17,21.24,HIGHER,2,684,677,0
1178,78.53,75.02,75.02,-18.000,0.9756,13.74,22.16,LOWER,1,684,678,0
1179,78.60,75.00,75.00,-13.000,0.9754,13.40,21.61,LOWER,1,684,679,0
1180,78.67,74.99,74.99,-8.000,0.9753,13.17,21.24,LOWER,1,684,680,0
1181,78.73,74.98,74.98,-3.000,0.9751,13.06,21.07,LOWER,1,684,681,0
1182,78.80,74.99,74.99,2.000,0.9749,13.11,21.11,LOWER,1,684,682,0
1183,78.87,75.00,75.00,7.000,0.9748,13.29,21.37,LOWER,1,684,683,0
1184,78.93,75.01,75.01,12.000,0.9746,13.59,21.82,LOWER,1,684,684,0
1185,79.00,75.03,75.03,17.000,0.9744,14.02,22.48,HIGHER,2,686,684,0
1186,79.07,75.04,75.04,7.000,0.9748,13.29,21.37,HIGHER,2,688,684,0
1187,79.13,75.04,75.04,-3.000,0.9751,13.06,21.07,HIGHER,2,690,684,0
1188,79.20,75.02,75.02,-13.000,0.9754,13.40,21.61,LOWER,1,690,685,0
1189,79.27,75.01,75.01,-8.000,0.9753,13.17,21.24,LOWER,1,690,686,0
1190,79.33,75.01,75.01,-3.000,0.9751,13.06,21.07,LOWER,1,690,687,0
1191,79.40,75.01,75.01,2.000,0.9749,13.11,21.11,LOWER,1,690,688,0
1192,79.47,75.02,75.02,7.000,0.9748,13.29,21.37,HIGHER,2,692,688,0
1193,79.53,75.01,75.01,-3.000,0.9751,13.06,21.07,HIGHER,2,694,688,0
1194,79.60,75.00,75.00,-13.000,0.9754,13.40,21.61,LOWER,1,694,689,0
1195,79.67,74.99,74.99,-8.000,0.9753,13.17,21.24,LOWER,1,694,690,0
1196,79.73,74.98,74.98,-3.000,0.9751,13.06,21.07,LOWER,1,694,691,0
1197,79.80,74.98,74.98,2.000,0.9749,13.11,21.11,LOWER,1,694,692,0
1198,79.87,74.99,74.99,7.000,0.9748,13.29,21.37,LOWER,1,694,693,0
1199,79.93,75.01,75.01,12.000,0.9746,13.59,21.82,LOWER,1,694,694,0
1200,80.00,75.03,75.03,17.000,0.9744,14.02,22.48,HIGHER,2,696,694,0
1201,80.07,75.04,75.04,7.000,0.9748,13.29,21.37,HIGHER,2,698,694,0
1202,80.13,75.04,75.04,-3.000,0.9751,13.06,21.07,HIGHER,2,700,694,0
1203,80.20,75.02,75.02,-13.000,0.9754,13.40,21.61,LOWER,1,700,695,0
1204,80.27,75.01,75.01,-8.000,0.9753,13.17,21.24,LOWER,1,700,696,0
1205,80.33,75.01,75.01,-3.000,0.9751,13.06,21.07,LOWER,1,700,697,0
1206,80.40,75.01,75.01,2.000,0.9749,13.11,21.11,LOWER,1,700,698,0
1207,80.47,75.02,75.02,7.000,0.9748,13.29,21.37,HIGHER,2,702,698,0
1208,80.53,75.01,75.01,-3.000,0.9751,13.06,21.07,HIGHER,2,704,698,0
1209,80.60,75.00,75.00,-13.000,0.9754,13.40,21.61,LOWER,1,704,699,0
1210,80.67,74.98,74.98,-8.000,0.9753,13.17,21.24,LOWER,1,704,700,0
1211,80.73,74.98,74.98,-3.000,0.9751,13.06,21.07,LOWER,1,704,701,0
1212,80.80,74.98,74.98,2.000,0.9749,13.11,21.11,LOWER,1,704,702,0
1213,80.87,74.99,74.99,7.000,0.9748,13.29,21.37,LOWER,1,704,703,0
1214,80.93,75.01,75.01,12.000,0.9746,13.59,21.82,LOWER,1,704,704,0
1215,81.00,75.03,75.03,17.000,0.9744,14.02,22.48,HIGHER,2,706,704,0
1216,81.07,75.04,75.04,7.000,0.9748,13.29,21.37,HIGHER,2,708,704,0
1217,81.13,75.04,75.04,-3.000,0.9751,13.06,21.07,HIGHER,2,710,704,0
1218,81.20,75.02,75.02,-13.000,0.9754,13.40,21.61,LOWER,1,710,705,0
1219,81.27,75.01,75.01,-8.000,0.9753,13.17,21.24,LOWER,1,710,706,0
1220,81.33,75.00,75.00,-3.000,0.9751,13.06,21.07,LOWER,1,710,707,0
1221,81.40,75.01,75.01,2.000,0.9749,13.11,21.11,LOWER,1,710,708,0
1222,81.47,75.02,75.02,7.000,0.9748,13.29,21.37,HIGHER,2,712,708,0
1223,81.53,75.01,75.01,-3.000,0.9751,13.06,21.07,HIGHER,2,714,708,0
1224,81.60,74.99,74.99,-13.000,0.9754,13.40,21.61,LOWER,1,714,709,0
1225,81.67,74.98,74.98,-8.000,0.9753,13.17,21.24,LOWER,1,714,710,0
1226,81.73,74.98,74.98,-3.000,0.9751,13.06,21.07,LOWER,1,714,711,0
1227,81.80,74.98,74.98,2.000,0.9749,13.11,21.11,LOWER,1,714,712,0
1228,81.87,74.99,74.99,7.000,0.9748,13.29,21.37,LOWER,1,714,713,0
1229,81.93,75.01,75.01,12.000,0.9746,13.59,21.82,LOWER,1,714,714,0
1230,82.00,75.03,75.03,17.000,0.9744,14.02,22.48,HIGHER,2,716,714,0
1231,82.07,75.04,75.04,7.000,0.9748,13.29,21.37,HIGHER,2,718,714,0
1232,82.13,75.03,75.03,-3.000,0.9751,13.06,21.07,HIGHER,2,720,714,0
1233,82.20,75.02,75.02,-13.000,0.9754,13.40,21.61,LOWER,1,720,715,0
1234,82.27,75.01,75.01,-8.000,0.9753,13.17,21.24,LOWER,1,720,716,0
1235,82.33,75.00,75.00,-3.000,0.9751,13.06,21.07,LOWER,1,720,717,0
1236,82.40,75.01,75.01,2.000,0.9749,13.11,21.11,LOWER,1,720,718,0
1237,82.47,75.01,75.01,7.000,0.9748,13.29,21.37,HIGHER,2,722,718,0
1238,82.53,75.01,75.01,-3.000,0.9751,13.06,21.07,HIGHER,2,724,718,0
1239,82.60,74.99,74.99,-13.000,0.9754,13.40,21.61,LOWER,1,724,719,0
1240,82.67,74.98,74.98,-8.000,0.9753,13.17,21.24,LOWER,1,724,720,0
1241,82.73,74.98,74.98,-3.000,0.9751,13.06,21.07,LOWER,1,724,721,0
1242,82.80,74.98,74.98,2.000,0.9749,13.11,21.11,LOWER,1,724,722,0
1243,82.87,74.99,74.99,7.000,0.9748,13.29,21.37,LOWER,1,724,723,0
1244,82.93,75.01,75.01,12.000,0.9746,13.59,21.82,LOWER,1,724,724,0
1245,83.00,75.03,75.03,17.000,0.9744,14.02,22.48,HIGHER,2,726,724,0
1246,83.07,75.04,75.04,7.000,0.9748,13.29,21.37,HIGHER,2,728,724,0
1247,83.13,75.03,75.03,-3.000,0.9751,13.06,21.07,HIGHER,2,730,724,0
1248,83.20,75.02,75.02,-13.000,0.9754,13.40,21.61,LOWER,1,730,725,0
1249,83.27,75.00,75.00,-8.000,0.9753,13.17,21.24,LOWER,1,730,726,0
1250,83.33,75.00,75.00,-3.000,0.9751,13.06,21.07,LOWER,1,730,727,0
1251,83.40,75.00,75.00,2.000,0.9749,13.11,21.11,LOWER,1,730,728,0
1252,83.47,75.01,75.01,7.000,0.9748,13.29,21.37,HIGHER,2,732,728,0
1253,83.53,75.01,75.01,-3.000,0.9751,13.06,21.07,HIGHER,2,734,728,0
1254,83.60,74.99,74.99,-13.000,0.9754,13.40,21.61,LOWER,1,734,729,0
1255,83.67,74.98,74.98,-8.000,0.9753,13.17,21.24,LOWER,1,734,730,0
1256,83.73,74.98,74.98,-3.000,0.9751,13.06,21.07,LOWER,1,734,731,0
1257,83.80,74.98,74.98,2.000,0.9749,13.11,21.11,LOWER,1,734,732,0
1258,83.87,74.99,74.99,7.000,0.9748,13.29,21.37,LOWER,1,734,733,0
1259,83.93,75.00,75.00,12.000,0.9746,13.59,21.82,LOWER,1,734,734,0
1260,84.00,75.03,75.03,17.000,0.9744,14.02,22.48,HIGHER,2,736,734,0
1261,84.07,75.04,75.04,7.000,0.9748,13.29,21.37,HIGHER,2,738,734,0
1262,84.13,75.03,75.03,-3.000,0.9751,13.06,21.07,HIGHER,2,740,734,0
1263,84.20,75.01,75.01,-13.000,0.9754,13.40,21.61,LOWER,1,740,735,0
1264,84.27,75.00,75.00,-8.000,0.9753,13.17,21.24,LOWER,1,740,736,0
1265,84.33,75.00,75.00,-3.000,0.9751,13.06,21.07,LOWER,1,740,737,0
1266,84.40,75.00,75.00,2.000,0.9749,13.11,21.11,LOWER,1,740,738,0
1267,84.47,75.01,75.01,7.000,0.9748,13.29,21.37,HIGHER,2,742,738,0
1268,84.53,75.01,75.01,-3.000,0.9751,13.06,21.07,HIGHER,2,744,738,0
1269,84.60,74.99,74.99,-13.000,0.9754,13.40,21.61,LOWER,1,744,739,0
1270,84.67,74.98,74.98,-8.000,0.9753,13.17,21.24,LOWER,1,744,740,0
1271,84.73,74.98,74.98,-3.000,0.9751,13.06,21.07,LOWER,1,744,741,0
1272,84.80,74.98,74.98,2.000,0.9749,13.11,21.11,LOWER,1,744,742,0
1273,84.87,74.99,74.99,7.000,0.9748,13.29,21.37,LOWER,1,744,743,0
1274,84.93,75.00,75.00,12.000,0.9746,13.59,21.82,LOWER,1,744,744,0
1275,85.00,75.03,75.03,17.000,0.9744,14.02,22.48,HIGHER,2,746,744,0
1276,85.07,75.03,75.03,7.000,0.9748,13.29,21.37,HIGHER,2,748,744,0
1277,85.13,75.03,75.03,-3.000,0.9751,13.06,21.07,HIGHER,2,750,744,0
1278,85.20,75.01,75.01,-13.000,0.9754,13.40,21.61,LOWER,1,750,745,0
1279,85.27,75.00,75.00,-8.000,0.9753,13.17,21.24,LOWER,1,750,746,0
1280,85.33,75.00,75.00,-3.000,0.9751,13.06,21.07,LOWER,1,750,747,0
1281,85.40,75.00,75.00,2.000,0.9749,13.11,21.11,LOWER,1,750,748,0
1282,85.47,75.01,75.01,7.000,0.9748,13.29,21.37,HIGHER,2,752,748,0
1283,85.53,75.01,75.01,-3.000,0.9751,13.06,21.07,HIGHER,2,754,748,0
1284,85.60,74.99,74.99,-13.000,0.9754,13.40,21.61,LOWER,1,754,749,0
1285,85.67,74.98,74.98,-8.000,0.9753,13.17,21.24,LOWER,1,754,750,0
1286,85.73,74.97,74.97,-3.000,0.9751,13.06,21.07,LOWER,1,754,751,0
1287,85.80,74.98,74.98,2.000,0.9749,13.11,21.11,LOWER,1,754,752,0
1288,85.87,74.99,74.99,7.000,0.9748,13.29,21.37,LOWER,1,754,753,0
1289,85.93,75.00,75.00,12.000,0.9746,13.59,21.82,LOWER,1,754,754,0
1290,86.00,75.02,75.02,17.000,0.9744,14.02,22.48,HIGHER,2,756,754,0
1291,86.07,75.03,75.03,7.000,0.9748,13.29,21.37,HIGHER,2,758,754,0
1292,86.13,75.03,75.03,-3.000,0.9751,13.06,21.07,HIGHER,2,760,754,0
1293,86.20,75.01,75.01,-13.000,0.9754,13.40,21.61,LOWER,1,760,755,0
1294,86.27,75.00,75.00,-8.000,0.9753,13.17,21.24,LOWER,1,760,756,0
1295,86.33,75.00,75.00,-3.000,0.9751,13.06,21.07,LOWER,1,760,757,0
1296,86.40,75.00,75.00,2.000,0.9749,13.11,21.11,LOWER,1,760,758,0
1297,86.47,75.01,75.01,7.000,0.9748,13.29,21.37,LOWER,1,760,759,0
1298,86.53,75.02,75.02,12.000,0.9746,13.59,21.82,HIGHER,2,762,759,0
1299,86.60,75.03,75.03,2.000,0.9749,13.11,21.11,HIGHER,2,764,759,0
1300,86.67,75.02,75.02,-8.000,0.9753,13.17,21.24,HIGHER,2,766,759,0
1301,86.73,74.99,74.99,-18.000,0.9756,13.74,22.16,LOWER,1,766,760,0
1302,86.80,74.97,74.97,-13.000,0.9754,13.40,21.61,LOWER,1,766,761,0
1303,86.87,74.96,74.96,-8.000,0.9753,13.17,21.24,LOWER,1,766,762,0
1304,86.93,74.96,74.96,-3.000,0.9751,13.06,21.07,LOWER,1,766,763,0
1305,87.00,74.96,74.96,2.000,0.9749,13.11,21.11,LOWER,1,766,764,0
1306,87.07,74.97,74.97,7.000,0.9748,13.29,21.37,LOWER,1,766,765,0
1307,87.13,74.99,74.99,12.000,0.9746,13.59,21.82,LOWER,1,766,766,0
1308,87.20,75.01,75.01,17.000,0.9744,14.02,22.48,LOWER,1,766,767,0
1309,87.27,75.04,75.04,22.000,0.9742,14.56,23.33,HIGHER,2,768,767,0
1310,87.33,75.05,75.05,12.000,0.9746,13.59,21.82,HIGHER,2,770,767,0
1311,87.40,75.06,75.06,2.000,0.9749,13.11,21.11,HIGHER,2,772,767,0
1312,87.47,75.05,75.05,-8.000,0.9753,13.17,21.24,HIGHER,2,774,767,0
1313,87.53,75.02,75.02,-18.000,0.9756,13.74,22.16,LOWER,1,774,768,0
1314,87.60,75.00,75.00,-13.000,0.9754,13.40,21.61,LOWER,1,774,769,0
1315,87.67,74.99,74.99,-8.000,0.9753,13.17,21.24,LOWER,1,774,770,0
1316,87.73,74.99,74.99,-3.000,0.9751,13.06,21.07,LOWER,1,774,771,0
1317,87.80,74.99,74.99,2.000,0.9749,13.11,21.11,LOWER,1,774,772,0
1318,87.87,75.00,75.00,7.000,0.9748,13.29,21.37,LOWER,1,774,773,0
1319,87.93,75.02,75.02,12.000,0.9746,13.59,21.82,HIGHER,2,776,773,0
1320,88.00,75.02,75.02,2.000,0.9749,13.11,21.11,HIGHER,2,778,773,0
1321,88.07,75.01,75.01,-8.000,0.9753,13.17,21.24,HIGHER,2,780,773,0
1322,88.13,74.99,74.99,-18.000,0.9756,13.74,22.16,LOWER,1,780,774,0
1323,88.20,74.97,74.97,-13.000,0.9754,13.40,21.61,LOWER,1,780,775,0
1324,88.27,74.96,74.96,-8.000,0.9753,13.17,21.24,LOWER,1,780,776,0
1325,88.33,74.95,74.95,-3.000,0.9751,13.06,21.07,LOWER,1,780,777,0
1326,88.40,74.96,74.96,2.000,0.9749,13.11,21.11,LOWER,1,780,778,0
1327,88.47,74.96,74.96,7.000,0.9748,13.29,21.37,LOWER,1,780,779,0
1328,88.53,74.98,74.98,12.000,0.9746,13.59,21.82,LOWER,1,780,780,0
1329,88.60,75.00,75.00,17.000,0.9744,14.02,22.48,LOWER,1,780,781,0
1330,88.67,75.03,75.03,22.000,0.9742,14.56,23.33,HIGHER,2,782,781,0
1331,88.73,75.05,75.05,12.000,0.9746,13.59,21.82,HIGHER,2,784,781,0
1332,88.80,75.05,75.05,2.000,0.9749,13.11,21.11,HIGHER,2,786,781,0
1333,88.87,75.04,75.04,-8.000,0.9753,13.17,21.24,HIGHER,2,788,781,0
1334,88.93,75.02,75.02,-18.000,0.9756,13.74,22.16,LOWER,1,788,782,0
1335,89.00,75.00,75.00,-13.000,0.9754,13.40,21.61,LOWER,1,788,783,0
1336,89.07,74.99,74.99,-8.000,0.9753,13.17,21.24,LOWER,1,788,784,0
1337,89.13,74.98,74.98,-3.000,0.9751,13.06,21.07,LOWER,1,788,785,0
1338,89.20,74.99,74.99,2.000,0.9749,13.11,21.11,LOWER,1,788,786,0
1339,89.27,75.00,75.00,7.000,0.9748,13.29,21.37,LOWER,1,788,787,0
1340,89.33,75.01,75.01,12.000,0.9746,13.59,21.82,LOWER,1,788,788,0
1341,89.40,75.03,75.03,17.000,0.9744,14.02,22.48,HIGHER,2,790,788,0
1342,89.47,75.04,75.04,7.000,0.9748,13.29,21.37,HIGHER,2,792,788,0
1343,89.53,75.04,75.04,-3.000,0.9751,13.06,21.07,HIGHER,2,794,788,0
1344,89.60,75.02,75.02,-13.000,0.9754,13.40,21.61,LOWER,1,794,789,0
1345,89.67,75.01,75.01,-8.000,0.9753,13.17,21.24,LOWER,1,794,790,0
1346,89.73,75.01,75.01,-3.000,0.9751,13.06,21.07,LOWER,1,794,791,0
1347,89.80,75.01,75.01,2.000,0.9749,13.11,21.11,LOWER,1,794,792,0
1348,89.87,75.02,75.02,7.000,0.9748,13.29,21.37,HIGHER,2,796,792,0
1349,89.93,75.01,75.01,-3.000,0.9751,13.06,21.07,HIGHER,2,798,792,0
1350,90.00,75.00,75.00,-13.000,0.9754,13.40,21.61,LOWER,1,798,793,0
1351,90.07,74.99,74.99,-8.000,0.9753,13.17,21.24,LOWER,1,798,794,0
1352,90.13,74.98,74.98,-3.000,0.9751,13.06,21.07,LOWER,1,798,795,0
1353,90.20,74.98,74.98,2.000,0.9749,13.11,21.11,LOWER,1,798,796,0
1354,90.27,74.99,74.99,7.000,0.9748,13.29,21.37,LOWER,1,798,797,0
1355,90.33,75.01,75.01,12.000,0.9746,13.59,21.82,LOWER,1,798,798,0
1356,90.40,75.03,75.03,17.000,0.9744,14.02,22.48,HIGHER,2,800,798,0
1357,90.47,75.04,75.04,7.000,0.9748,13.29,21.37,HIGHER,2,802,798,0
1358,90.53,75.04,75.04,-3.000,0.9751,13.06,21.07,HIGHER,2,804,798,0
1359,90.60,75.02,75.02,-13.000,0.9754,13.40,21.61,LOWER,1,804,799,0
1360,90.67,75.01,75.01,-8.000,0.9753,13.17,21.24,LOWER,1,804,800,0
1361,90.73,75.00,75.00,-3.000,0.9751,13.06,21.07,LOWER,1,804,801,0
1362,90.80,75.01,75.01,2.000,0.9749,13.11,21.11,LOWER,1,804,802,0
1363,90.87,75.02,75.02,7.000,0.9748,13.29,21.37,HIGHER,2,806,802,0
1364,90.93,75.01,75.01,-3.000,0.9751,13.06,21.07,HIGHER,2,808,802,0
1365,91.00,75.00,75.00,-13.000,0.9754,13.40,21.61,LOWER,1,808,803,0
1366,91.07,74.98,74.98,-8.000,0.9753,13.17,21.24,LOWER,1,808,804,0
1367,91.13,74.98,74.98,-3.000,0.9751,13.06,21.07,LOWER,1,808,805,0
1368,91.20,74.98,74.98,2.000,0.9749,13.11,21.11,LOWER,1,808,806,0
1369,91.27,74.99,74.99,7.000,0.9748,13.29,21.37,LOWER,1,808,807,0
1370,91.33,75.01,75.01,12.000,0.9746,13.59,21.82,LOWER,1,808,808,0
1371,91.40,75.03,75.03,17.000,0.9744,14.02,22.48,HIGHER,2,810,808,0
1372,91.47,75.04,75.04,7.000,0.9748,13.29,21.37,HIGHER,2,812,808,0
1373,91.53,75.04,75.04,-3.000,0.9751,13.06,21.07,HIGHER,2,814,808,0
1374,91.60,75.02,75.02,-13.000,0.9754,13.40,21.61,LOWER,1,814,809,0
1375,91.67,75.01,75.01,-8.000,0.9753,13.17,21.24,LOWER,1,814,810,0
1376,91.73,75.00,75.00,-3.000,0.9751,13.06,21.07,LOWER,1,814,811,0
1377,91.80,75.01,75.01,2.000,0.9749,13.11,21.11,LOWER,1,814,812,0
1378,91.87,75.02,75.02,7.000,0.9748,13.29,21.37,HIGHER,2,816,812,0
1379,91.93,75.01,75.01,-3.000,0.9751,13.06,21.07,HIGHER,2,818,812,0
1380,92.00,74.99,74.99,-13.000,0.9754,13.40,21.61,LOWER,1,818,813,0
1381,92.07,74.98,74.98,-8.000,0.9753,13.17,21.24,LOWER,1,818,814,0
1382,92.13,74.98,74.98,-3.000,0.9751,13.06,21.07,LOWER,1,818,815,0
1383,92.20,74.98,74.98,2.000,0.9749,13.11,21.11,LOWER,1,818,816,0
1384,92.27,74.99,74.99,7.000,0.9748,13.29,21.37,LOWER,1,818,817,0
1385,92.33,75.01,75.01,12.000,0.9746,13.59,21.82,LOWER,1,818,818,0
1386,92.40,75.03,75.03,17.000,0.9744,14.02,22.48,HIGHER,2,820,818,0
1387,92.47,75.04,75.04,7.000,0.9748,13.29,21.37,HIGHER,2,822,818,0
1388,92.53,75.03,75.03,-3.000,0.9751,13.06,21.07,HIGHER,2,824,818,0
1389,92.60,75.02,75.02,-13.000,0.9754,13.40,21.61,LOWER,1,824,819,0
1390,92.67,75.01,75.01,-8.000,0.9753,13.17,21.24,LOWER,1,824,820,0
1391,92.73,75.00,75.00,-3.000,0.9751,13.06,21.07,LOWER,1,824,821,0
1392,92.80,75.00,75.00,2.000,0.9749,13.11,21.11,LOWER,1,824,822,0
1393,92.87,75.01,75.01,7.000,0.9748,13.29,21.37,HIGHER,2,826,822,0
1394,92.93,75.01,75.01,-3.000,0.9751,13.06,21.07,HIGHER,2,828,822,0
1395,93.00,74.99,74.99,-13.000,0.9754,13.40,21.61,LOWER,1,828,823,0
1396,93.07,74.98,74.98,-8.000,0.9753,13.17,21.24,LOWER,1,828,824,0
1397,93.13,74.98,74.98,-3.000,0.9751,13.06,21.07,LOWER,1,828,825,0
1398,93.20,74.98,74.98,2.000,0.9749,13.11,21.11,LOWER,1,828,826,0
1399,93.27,74.99,74.99,7.000,0.9748,13.29,21.37,LOWER,1,828,827,0
1400,93.33,75.01,75.01,12.000,0.9746,13.59,21.82,LOWER,1,828,828,0
1401,93.40,75.03,75.03,17.000,0.9744,14.02,22.48,HIGHER,2,830,828,0
1402,93.47,75.04,75.04,7.000,0.9748,13.29,21.37,HIGHER,2,832,828,0
1403,93.53,75.03,75.03,-3.000,0.9751,13.06,21.07,HIGHER,2,834,828,0
1404,93.60,75.02,75.02,-13.000,0.9754,13.40,21.61,LOWER,1,834,829,0
1405,93.67,75.00,75.00,-8.000,0.9753,13.17,21.24,LOWER,1,834,830,0
1406,93.73,75.00,75.00,-3.000,0.9751,13.06,21.07,LOWER,1,834,831,0
1407,93.80,75.00,75.00,2.000,0.9749,13.11,21.11,LOWER,1,834,832,0
1408,93.87,75.01,75.01,7.000,0.9748,13.29,21.37,HIGHER,2,836,832,0
1409,93.93,75.01,75.01,-3.000,0.9751,13.06,21.07,HIGHER,2,838,832,0
1410,94.00,74.99,74.99,-13.000,0.9754,13.40,21.61,LOWER,1,838,833,0
1411,94.07,74.98,74.98,-8.000,0.9753,13.17,21.24,LOWER,1,838,834,0
1412,94.13,74.98,74.98,-3.000,0.9751,13.06,21.07,LOWER,1,838,835,0
1413,94.20,74.98,74.98,2.000,0.9749,13.11,21.11,LOWER,1,838,836,0
1414,94.27,74.99,74.99,7.000,0.9748,13.29,21.37,LOWER,1,838,837,0
1415,94.33,75.00,75.00,12.000,0.9746,13.59,21.82,LOWER,1,838,838,0
1416,94.40,75.03,75.03,17.000,0.9744,14.02,22.48,HIGHER,2,840,838,0
1417,94.47,75.04,75.04,7.000,0.9748,13.29,21.37,HIGHER,2,842,838,0
1418,94.53,75.03,75.03,-3.000,0.9751,13.06,21.07,HIGHER,2,844,838,0
1419,94.60,75.01,75.01,-13.000,0.9754,13.40,21.61,LOWER,1,844,839,0
1420,94.67,75.00,75.00,-8.000,0.9753,13.17,21.24,LOWER,1,844,840,0
1421,94.73,75.00,75.00,-3.000,0.9751,13.06,21.07,LOWER,1,844,841,0
1422,94.80,75.00,75.00,2.000,0.9749,13.11,21.11,LOWER,1,844,842,0
1423,94.87,75.01,75.01,7.000,0.9748,13.29,21.37,HIGHER,2,846,842,0
1424,94.93,75.01,75.01,-3.000,0.9751,13.06,21.07,HIGHER,2,848,842,0
1425,95.00,74.99,74.99,-13.000,0.9754,13.40,21.61,LOWER,1,848,843,0
1426,95.07,74.98,74.98,-8.000,0.9753,13.17,21.24,LOWER,1,848,844,0
1427,95.13,74.97,74.97,-3.000,0.9751,13.06,21.07,LOWER,1,848,845,0
1428,95.20,74.98,74.98,2.000,0.9749,13.11,21.11,LOWER,1,848,846,0
1429,95.27,74.99,74.99,7.000,0.9748,13.29,21.37,LOWER,1,848,847,0
1430,95.33,75.00,75.00,12.000,0.9746,13.59,21.82,LOWER,1,848,848,0
1431,95.40,75.02,75.02,17.000,0.9744,14.02,22.48,HIGHER,2,850,848,0
1432,95.47,75.03,75.03,7.000,0.9748,13.29,21.37,HIGHER,2,852,848,0
1433,95.53,75.03,75.03,-3.000,0.9751,13.06,21.07,HIGHER,2,854,848,0
1434,95.60,75.01,75.01,-13.000,0.9754,13.40,21.61,LOWER,1,854,849,0
1435,95.67,75.00,75.00,-8.000,0.9753,13.17,21.24,LOWER,1,854,850,0
1436,95.73,75.00,75.00,-3.000,0.9751,13.06,21.07,LOWER,1,854,851,0
1437,95.80,75.00,75.00,2.000,0.9749,13.11,21.11,LOWER,1,854,852,0
1438,95.87,75.01,75.01,7.000,0.9748,13.29,21.37,HIGHER,2,856,852,0
1439,95.93,75.01,75.01,-3.000,0.9751,13.06,21.07,HIGHER,2,858,852,0
1440,96.00,74.99,74.99,-13.000,0.9754,13.40,21.61,LOWER,1,858,853,0
1441,96.07,74.98,74.98,-8.000,0.9753,13.17,21.24,LOWER,1,858,854,0
1442,96.13,74.97,74.97,-3.000,0.9751,13.06,21.07,LOWER,1,858,855,0
1443,96.20,74.98,74.98,2.000,0.9749,13.11,21.11,LOWER,1,858,856,0
1444,96.27,74.98,74.98,7.000,0.9748,13.29,21.37,LOWER,1,858,857,0
1445,96.33,75.00,75.00,12.000,0.9746,13.59,21.82,LOWER,1,858,858,0
1446,96.40,75.02,75.02,17.000,0.9744,14.02,22.48,HIGHER,2,860,858,0
1447,96.47,75.03,75.03,7.000,0.9748,13.29,21.37,HIGHER,2,862,858,0
1448,96.53,75.03,75.03,-3.000,0.9751,13.06,21.07,HIGHER,2,864,858,0
1449,96.60,75.01,75.01,-13.000,0.9754,13.40,21.61,LOWER,1,864,859,0
1450,96.67,75.00,75.00,-8.000,0.9753,13.17,21.24,LOWER,1,864,860,0
1451,96.73,75.00,75.00,-3.000,0.9751,13.06,21.07,LOWER,1,864,861,0
1452,96.80,75.00,75.00,2.000,0.9749,13.11,21.11,LOWER,1,864,862,0
1453,96.87,75.01,75.01,7.000,0.9748,13.29,21.37,LOWER,1,864,863,0
1454,96.93,75.02,75.02,12.000,0.9746,13.59,21.82,HIGHER,2,866,863,0
1455,97.00,75.03,75.03,2.000,0.9749,13.11,21.11,HIGHER,2,868,863,0
1456,97.07,75.02,75.02,-8.000,0.9753,13.17,21.24,HIGHER,2,870,863,0
1457,97.13,74.99,74.99,-18.000,0.9756,13.74,22.16,LOWER,1,870,864,0
1458,97.20,74.97,74.97,-13.000,0.9754,13.40,21.61,LOWER,1,870,865,0
1459,97.27,74.96,74.96,-8.000,0.9753,13.17,21.24,LOWER,1,870,866,0
1460,97.33,74.96,74.96,-3.000,0.9751,13.06,21.07,LOWER,1,870,867,0
1461,97.40,74.96,74.96,2.000,0.9749,13.11,21.11,LOWER,1,870,868,0
1462,97.47,74.97,74.97,7.000,0.9748,13.29,21.37,LOWER,1,870,869,0
1463,97.53,74.99,74.99,12.000,0.9746,13.59,21.82,LOWER,1,870,870,0
1464,97.60,75.01,75.01,17.000,0.9744,14.02,22.48,LOWER,1,870,871,0
1465,97.67,75.04,75.04,22.000,0.9742,14.56,23.33,HIGHER,2,872,871,0
1466,97.73,75.05,75.05,12.000,0.9746,13.59,21.82,HIGHER,2,874,871,0
1467,97.80,75.06,75.06,2.000,0.9749,13.11,21.11,HIGHER,2,876,871,0
1468,97.87,75.05,75.05,-8.000,0.9753,13.17,21.24,HIGHER,2,878,871,0
1469,97.93,75.02,75.02,-18.000,0.9756,13.74,22.16,LOWER,1,878,872,0
1470,98.00,75.00,75.00,-13.000,0.9754,13.40,21.61,LOWER,1,878,873,0
1471,98.07,74.99,74.99,-8.000,0.9753,13.17,21.24,LOWER,1,878,874,0
1472,98.13,74.99,74.99,-3.000,0.9751,13.06,21.07,LOWER,1,878,875,0
1473,98.20,74.99,74.99,2.000,0.9749,13.11,21.11,LOWER,1,878,876,0
1474,98.27,75.00,75.00,7.000,0.9748,13.29,21.37,LOWER,1,878,877,0
1475,98.33,75.02,75.02,12.000,0.9746,13.59,21.82,HIGHER,2,880,877,0
1476,98.40,75.02,75.02,2.000,0.9749,13.11,21.11,HIGHER,2,882,877,0
1477,98.47,75.01,75.01,-8.000,0.9753,13.17,21.24,HIGHER,2,884,877,0
1478,98.53,74.98,74.98,-18.000,0.9756,13.74,22.16,LOWER,1,884,878,0
1479,98.60,74.97,74.97,-13.000,0.9754,13.40,21.61,LOWER,1,884,879,0
1480,98.67,74.96,74.96,-8.000,0.9753,13.17,21.24,LOWER,1,884,880,0
1481,98.73,74.95,74.95,-3.000,0.9751,13.06,21.07,LOWER,1,884,881,0
1482,98.80,74.96,74.96,2.000,0.9749,13.11,21.11,LOWER,1,884,882,0
1483,98.87,74.96,74.96,7.000,0.9748,13.29,21.37,LOWER,1,884,883,0
1484,98.93,74.98,74.98,12.000,0.9746,13.59,21.82,LOWER,1,884,884,0
1485,99.00,75.00,75.00,17.000,0.9744,14.02,22.48,LOWER,1,884,885,0
1486,99.07,75.03,75.03,22.000,0.9742,14.56,23.33,HIGHER,2,886,885,0
1487,99.13,75.05,75.05,12.000,0.9746,13.59,21.82,HIGHER,2,888,885,0
1488,99.20,75.05,75.05,2.000,0.9749,13.11,21.11,HIGHER,2,890,885,0
1489,99.27,75.04,75.04,-8.000,0.9753,13.17,21.24,HIGHER,2,892,885,0
1490,99.33,75.02,75.02,-18.000,0.9756,13.74,22.16,LOWER,1,892,886,0
1491,99.40,75.00,75.00,-13.000,0.9754,13.40,21.61,LOWER,1,892,887,0
1492,99.47,74.99,74.99,-8.000,0.9753,13.17,21.24,LOWER,1,892,888,0
1493,99.53,74.98,74.98,-3.000,0.9751,13.06,21.07,LOWER,1,892,889,0
1494,99.60,74.99,74.99,2.000,0.9749,13.11,21.11,LOWER,1,892,890,0
1495,99.67,74.99,74.99,7.000,0.9748,13.29,21.37,LOWER,1,892,891,0
1496,99.73,75.01,75.01,12.000,0.9746,13.59,21.82,LOWER,1,892,892,0
1497,99.80,75.03,75.03,17.000,0.9744,14.02,22.48,HIGHER,2,894,892,0
1498,99.87,75.04,75.04,7.000,0.9748,13.29,21.37,HIGHER,2,896,892,0
1499,99.93,75.04,75.04,-3.000,0.9751,13.06,21.07,HIGHER,2,898,892,0
1500,100.00,75.02,75.02,-13.000,0.9754,13.40,21.61,LOWER,1,898,893,0
1501,100.07,75.01,75.01,-8.000,0.9753,13.17,21.24,LOWER,1,898,894,0
1502,100.13,75.01,75.01,-3.000,0.9751,13.06,21.07,LOWER,1,898,895,0
1503,100.20,75.01,75.01,2.000,0.9749,13.11,21.11,LOWER,1,898,896,0
1504,100.27,75.02,75.02,7.000,0.9748,13.29,21.37,HIGHER,2,900,896,0
1505,100.33,75.01,75.01,-3.000,0.9751,13.06,21.07,HIGHER,2,902,896,0
1506,100.40,75.00,75.00,-13.000,0.9754,13.40,21.61,LOWER,1,902,897,0
1507,100.47,74.99,74.99,-8.000,0.9753,13.17,21.24,LOWER,1,902,898,0
1508,100.53,74.98,74.98,-3.000,0.9751,13.06,21.07,LOWER,1,902,899,0
1509,100.60,74.98,74.98,2.000,0.9749,13.11,21.11,LOWER,1,902,900,0
1510,100.67,74.99,74.99,7.000,0.9748,13.29,21.37,LOWER,1,902,901,0
1511,100.73,75.01,75.01,12.000,0.9746,13.59,21.82,LOWER,1,902,902,0
1512,100.80,75.03,75.03,17.000,0.9744,14.02,22.48,HIGHER,2,904,902,0
1513,100.87,75.04,75.04,7.000,0.9748,13.29,21.37,HIGHER,2,906,902,0
1514,100.93,75.04,75.04,-3.000,0.9751,13.06,21.07,HIGHER,2,908,902,0
1515,101.00,75.02,75.02,-13.000,0.9754,13.40,21.61,LOWER,1,908,903,0
1516,101.07,75.01,75.01,-8.000,0.9753,13.17,21.24,LOWER,1,908,904,0
1517,101.13,75.00,75.00,-3.000,0.9751,13.06,21.07,LOWER,1,908,905,0
1518,101.20,75.01,75.01,2.000,0.9749,13.11,21.11,LOWER,1,908,906,0
1519,101.27,75.02,75.02,7.000,0.9748,13.29,21.37,HIGHER,2,910,906,0
1520,101.33,75.01,75.01,-3.000,0.9751,13.06,21.07,HIGHER,2,912,906,0
1521,101.40,74.99,74.99,-13.000,0.9754,13.40,21.61,LOWER,1,912,907,0
1522,101.47,74.98,74.98,-8.000,0.9753,13.17,21.24,LOWER,1,912,908,0
1523,101.53,74.98,74.98,-3.000,0.9751,13.06,21.07,LOWER,1,912,909,0
1524,101.60,74.98,74.98,2.000,0.9749,13.11,21.11,LOWER,1,912,910,0
1525,101.67,74.99,74.99,7.000,0.9748,13.29,21.37,LOWER,1,912,911,0
1526,101.73,75.01,75.01,12.000,0.9746,13.59,21.82,LOWER,1,912,912,0
1527,101.80,75.03,75.03,17.000,0.9744,14.02,22.48,HIGHER,2,914,912,0
1528,101.87,75.04,75.04,7.000,0.9748,13.29,21.37,HIGHER,2,916,912,0
1529,101.93,75.04,75.04,-3.000,0.9751,13.06,21.07,HIGHER,2,918,912,0
1530,102.00,75.02,75.02,-13.000,0.9754,13.40,21.61,LOWER,1,918,913,0
1531,102.07,75.01,75.01,-8.000,0.9753,13.17,21.24,LOWER,1,918,914,0
1532,102.13,75.00,75.00,-3.000,0.9751,13.06,21.07,LOWER,1,918,915,0
1533,102.20,75.01,75.01,2.000,0.9749,13.11,21.11,LOWER,1,918,916,0
1534,102.27,75.01,75.01,7.000,0.9748,13.29,21.37,HIGHER,2,920,916,0
1535,102.33,75.01,75.01,-3.000,0.9751,13.06,21.07,HIGHER,2,922,916,0
1536,102.40,74.99,74.99,-13.000,0.9754,13.40,21.61,LOWER,1,922,917,0
1537,102.47,74.98,74.98,-8.000,0.9753,13.17,21.24,LOWER,1,922,918,0
1538,102.53,74.98,74.98,-3.000,0.9751,13.06,21.07,LOWER,1,922,919,0
1539,102.60,74.98,74.98,2.000,0.9749,13.11,21.11,LOWER,1,922,920,0
1540,102.67,74.99,74.99,7.000,0.9748,13.29,21.37,LOWER,1,922,921,0
1541,102.73,75.01,75.01,12.000,0.9746,13.59,21.82,LOWER,1,922,922,0
1542,102.80,75.03,75.03,17.000,0.9744,14.02,22.48,HIGHER,2,924,922,0
1543,102.87,75.04,75.04,7.000,0.9748,13.29,21.37,HIGHER,2,926,922,0
1544,102.93,75.03,75.03,-3.000,0.9751,13.06,21.07,HIGHER,2,928,922,0
1545,103.00,75.02,75.02,-13.000,0.9754,13.40,21.61,LOWER,1,928,923,0
1546,103.07,75.01,75.01,-8.000,0.9753,13.17,21.24,LOWER,1,928,924,0
1547,103.13,75.00,75.00,-3.000,0.9751,13.06,21.07,LOWER,1,928,925,0
1548,103.20,75.00,75.00,2.000,0.9749,13.11,21.11,LOWER,1,928,926,0
1549,103.27,75.01,75.01,7.000,0.9748,13.29,21.37,HIGHER,2,930,926,0
1550,103.33,75.01,75.01,-3.000,0.9751,13.06,21.07,HIGHER,2,932,926,0
1551,103.40,74.99,74.99,-13.000,0.9754,13.40,21.61,LOWER,1,932,927,0
1552,103.47,74.98,74.98,-8.000,0.9753,13.17,21.24,LOWER,1,932,928,0
1553,103.53,74.98,74.98,-3.000,0.9751,13.06,21.07,LOWER,1,932,929,0
1554,103.60,74.98,74.98,2.000,0.9749,13.11,21.11,LOWER,1,932,930,0
1555,103.67,74.99,74.99,7.000,0.9748,13.29,21.37,LOWER,1,932,931,0
1556,103.73,75.00,75.00,12.000,0.9746,13.59,21.82,LOWER,1,932,932,0
1557,103.80,75.03,75.03,17.000,0.9744,14.02,22.48,HIGHER,2,934,932,0
1558,103.87,75.04,75.04,7.000,0.9748,13.29,21.37,HIGHER,2,936,932,0
1559,103.93,75.03,75.03,-3.000,0.9751,13.06,21.07,HIGHER,2,938,932,0
1560,104.00,75.01,75.01,-13.000,0.9754,13.40,21.61,LOWER,1,938,933,0
1561,104.07,75.00,75.00,-8.000,0.9753,13.17,21.24,LOWER,1,938,934,0
1562,104.13,75.00,75.00,-3.000,0.9751,13.06,21.07,LOWER,1,938,935,0
1563,104.20,75.00,75.00,2.000,0.9749,13.11,21.11,LOWER,1,938,936,0
1564,104.27,75.01,75.01,7.000,0.9748,13.29,21.37,HIGHER,2,940,936,0
1565,104.33,75.01,75.01,-3.000,0.9751,13.06,21.07,HIGHER,2,942,936,0
1566,104.40,74.99,74.99,-13.000,0.9754,13.40,21.61,LOWER,1,942,937,0
1567,104.47,74.98,74.98,-8.000,0.9753,13.17,21.24,LOWER,1,942,938,0
1568,104.53,74.98,74.98,-3.000,0.9751,13.06,21.07,LOWER,1,942,939,0
1569,104.60,74.98,74.98,2.000,0.9749,13.11,21.11,LOWER,1,942,940,0
1570,104.67,74.99,74.99,7.000,0.9748,13.29,21.37,LOWER,1,942,941,0
1571,104.73,75.00,75.00,12.000,0.9746,13.59,21.82,LOWER,1,942,942,0
1572,104.80,75.03,75.03,17.000,0.9744,14.02,22.48,HIGHER,2,944,942,0
1573,104.87,75.03,75.03,7.000,0.9748,13.29,21.37,HIGHER,2,946,942,0
1574,104.93,75.03,75.03,-3.000,0.9751,13.06,21.07,HIGHER,2,948,942,0
1575,105.00,75.01,75.01,-13.000,0.9754,13.40,21.61,LOWER,1,948,943,0
1576,105.07,75.00,75.00,-8.000,0.9753,13.17,21.24,LOWER,1,948,944,0
1577,105.13,75.00,75.00,-3.000,0.9751,13.06,21.07,LOWER,1,948,945,0
1578,105.20,75.00,75.00,2.000,0.9749,13.11,21.11,LOWER,1,948,946,0
1579,105.27,75.01,75.01,7.000,0.9748,13.29,21.37,HIGHER,2,950,946,0
1580,105.33,75.01,75.01,-3.000,0.9751,13.06,21.07,HIGHER,2,952,946,0
1581,105.40,74.99,74.99,-13.000,0.9754,13.40,21.61,LOWER,1,952,947,0
1582,105.47,74.98,74.98,-8.000,0.9753,13.17,21.24,LOWER,1,952,948,0
1583,105.53,74.97,74.97,-3.000,0.9751,13.06,21.07,LOWER,1,952,949,0
1584,105.60,74.98,74.98,2.000,0.9749,13.11,21.11,LOWER,1,952,950,0
1585,105.67,74.99,74.99,7.000,0.9748,13.29,21.37,LOWER,1,952,951,0
1586,105.73,75.00,75.00,12.000,0.9746,13.59,21.82,LOWER,1,952,952,0
1587,105.80,75.02,75.02,17.000,0.9744,14.02,22.48,HIGHER,2,954,952,0
1588,105.87,75.03,75.03,7.000,0.9748,13.29,21.37,HIGHER,2,956,952,0
1589,105.93,75.03,75.03,-3.000,0.9751,13.06,21.07,HIGHER,2,958,952,0
1590,106.00,75.01,75.01,-13.000,0.9754,13.40,21.61,LOWER,1,958,953,0
1591,106.07,75.00,75.00,-8.000,0.9753,13.17,21.24,LOWER,1,958,954,0
1592,106.13,75.00,75.00,-3.000,0.9751,13.06,21.07,LOWER,1,958,955,0
1593,106.20,75.00,75.00,2.000,0.9749,13.11,21.11,LOWER,1,958,956,0
1594,106.27,75.01,75.01,7.000,0.9748,13.29,21.37,LOWER,1,958,957,0
1595,106.33,75.02,75.02,12.000,0.9746,13.59,21.82,HIGHER,2,960,957,0
1596,106.40,75.03,75.03,2.000,0.9749,13.11,21.11,HIGHER,2,962,957,0
1597,106.47,75.02,75.02,-8.000,0.9753,13.17,21.24,HIGHER,2,964,957,0
1598,106.53,74.99,74.99,-18.000,0.9756,13.74,22.16,LOWER,1,964,958,0
1599,106.60,74.97,74.97,-13.000,0.9754,13.40,21.61,LOWER,1,964,959,0
1600,106.67,74.96,74.96,-8.000,0.9753,13.17,21.24,LOWER,1,964,960,0
1601,106.73,74.96,74.96,-3.000,0.9751,13.06,21.07,LOWER,1,964,961,0
1602,106.80,74.96,74.96,2.000,0.9749,13.11,21.11,LOWER,1,964,962,0
1603,106.87,74.97,74.97,7.000,0.9748,13.29,21.37,LOWER,1,964,963,0
1604,106.93,74.99,74.99,12.000,0.9746,13.59,21.82,LOWER,1,964,964,0
1605,107.00,75.01,75.01,17.000,0.9744,14.02,22.48,LOWER,1,964,965,0
1606,107.07,75.04,75.04,22.000,0.9742,14.56,23.33,HIGHER,2,966,965,0
1607,107.13,75.06,75.06,12.000,0.9746,13.59,21.82,HIGHER,2,968,965,0
1608,107.20,75.06,75.06,2.000,0.9749,13.11,21.11,HIGHER,2,970,965,0
1609,107.27,75.05,75.05,-8.000,0.9753,13.17,21.24,HIGHER,2,972,965,0
1610,107.33,75.02,75.02,-18.000,0.9756,13.74,22.16,LOWER,1,972,966,0
1611,107.40,75.01,75.01,-13.000,0.9754,13.40,21.61,LOWER,1,972,967,0
1612,107.47,74.99,74.99,-8.000,0.9753,13.17,21.24,LOWER,1,972,968,0
1613,107.53,74.99,74.99,-3.000,0.9751,13.06,21.07,LOWER,1,972,969,0
1614,107.60,74.99,74.99,2.000,0.9749,13.11,21.11,LOWER,1,972,970,0
1615,107.67,75.00,75.00,7.000,0.9748,13.29,21.37,LOWER,1,972,971,0
1616,107.73,75.02,75.02,12.000,0.9746,13.59,21.82,HIGHER,2,974,971,0
1617,107.80,75.02,75.02,2.000,0.9749,13.11,21.11,HIGHER,2,976,971,0
1618,107.87,75.01,75.01,-8.000,0.9753,13.17,21.24,HIGHER,2,978,971,0
1619,107.93,74.99,74.99,-18.000,0.9756,13.74,22.16,LOWER,1,978,972,0
1620,108.00,74.97,74.97,-13.000,0.9754,13.40,21.61,LOWER,1,978,973,0
1621,108.07,74.96,74.96,-8.000,0.9753,13.17,21.24,LOWER,1,978,974,0
1622,108.13,74.95,74.95,-3.000,0.9751,13.06,21.07,LOWER,1,978,975,0
1623,108.20,74.96,74.96,2.000,0.9749,13.11,21.11,LOWER,1,978,976,0
1624,108.27,74.97,74.97,7.000,0.9748,13.29,21.37,LOWER,1,978,977,0
1625,108.33,74.98,74.98,12.000,0.9746,13.59,21.82,LOWER,1,978,978,0
1626,108.40,75.00,75.00,17.000,0.9744,14.02,22.48,LOWER,1,978,979,0
1627,108.47,75.03,75.03,22.000,0.9742,14.56,23.33,HIGHER,2,980,979,0
1628,108.53,75.05,75.05,12.000,0.9746,13.59,21.82,HIGHER,2,982,979,0
1629,108.60,75.05,75.05,2.000,0.9749,13.11,21.11,HIGHER,2,984,979,0
1630,108.67,75.04,75.04,-8.000,0.9753,13.17,21.24,HIGHER,2,986,979,0
1631,108.73,75.02,75.02,-18.000,0.9756,13.74,22.16,LOWER,1,986,980,0
1632,108.80,75.00,75.00,-13.000,0.9754,13.40,21.61,LOWER,1,986,981,0
1633,108.87,74.99,74.99,-8.000,0.9753,13.17,21.24,LOWER,1,986,982,0
1634,108.93,74.98,74.98,-3.000,0.9751,13.06,21.07,LOWER,1,986,983,0
1635,109.00,74.99,74.99,2.000,0.9749,13.11,21.11,LOWER,1,986,984,0
1636,109.07,75.00,75.00,7.000,0.9748,13.29,21.37,LOWER,1,986,985,0
1637,109.13,75.01,75.01,12.000,0.9746,13.59,21.82,LOWER,1,986,986,0
1638,109.20,75.03,75.03,17.000,0.9744,14.02,22.48,HIGHER,2,988,986,0
1639,109.27,75.04,75.04,7.000,0.9748,13.29,21.37,HIGHER,2,990,986,0
1640,109.33,75.04,75.04,-3.000,0.9751,13.06,21.07,HIGHER,2,992,986,0
1641,109.40,75.02,75.02,-13.000,0.9754,13.40,21.61,LOWER,1,992,987,0
1642,109.47,75.01,75.01,-8.000,0.9753,13.17,21.24,LOWER,1,992,988,0
1643,109.53,75.01,75.01,-3.000,0.9751,13.06,21.07,LOWER,1,992,989,0
1644,109.60,75.01,75.01,2.000,0.9749,13.11,21.11,LOWER,1,992,990,0
1645,109.67,75.02,75.02,7.000,0.9748,13.29,21.37,HIGHER,2,994,990,0
1646,109.73,75.01,75.01,-3.000,0.9751,13.06,21.07,HIGHER,2,996,990,0
1647,109.80,75.00,75.00,-13.000,0.9754,13.40,21.61,LOWER,1,996,991,0
1648,109.87,74.99,74.99,-8.000,0.9753,13.17,21.24,LOWER,1,996,992,0
1649,109.93,74.98,74.98,-3.000,0.9751,13.06,21.07,LOWER,1,996,993,0
1650,110.00,74.99,74.99,2.000,0.9749,13.11,21.11,LOWER,1,996,994,0
1651,110.07,74.99,74.99,7.000,0.9748,13.29,21.37,LOWER,1,996,995,0
1652,110.13,75.01,75.01,12.000,0.9746,13.59,21.82,LOWER,1,996,996,0
1653,110.20,75.03,75.03,17.000,0.9744,14.02,22.48,HIGHER,2,998,996,0
1654,110.27,75.04,75.04,7.000,0.9748,13.29,21.37,HIGHER,2,1000,996,0
1655,110.33,75.04,75.04,-3.000,0.9751,13.06,21.07,HIGHER,2,1002,996,0
1656,110.40,75.02,75.02,-13.000,0.9754,13.40,21.61,LOWER,1,1002,997,0
1657,110.47,75.01,75.01,-8.000,0.9753,13.17,21.24,LOWER,1,1002,998,0
1658,110.53,75.01,75.01,-3.000,0.9751,13.06,21.07,LOWER,1,1002,999,0
1659,110.60,75.01,75.01,2.000,0.9749,13.11,21.11,LOWER,1,1002,1000,0
1660,110.67,75.02,75.02,7.000,0.9748,13.29,21.37,HIGHER,2,1004,1000,0
1661,110.73,75.01,75.01,-3.000,0.9751,13.06,21.07,HIGHER,2,1006,1000,0
1662,110.80,75.00,75.00,-13.000,0.9754,13.40,21.61,LOWER,1,1006,1001,0
1663,110.87,74.98,74.98,-8.000,0.9753,13.17,21.24,LOWER,1,1006,1002,0
1664,110.93,74.98,74.98,-3.000,0.9751,13.06,21.07,LOWER,1,1006,1003,0
1665,111.00,74.98,74.98,2.000,0.9749,13.11,21.11,LOWER,1,1006,1004,0
1666,111.07,74.99,74.99,7.000,0.9748,13.29,21.37,LOWER,1,1006,1005,0
1667,111.13,75.01,75.01,12.000,0.9746,13.59,21.82,LOWER,1,1006,1006,0
1668,111.20,75.03,75.03,17.000,0.9744,14.02,22.48,HIGHER,2,1008,1006,0
1669,111.27,75.04,75.04,7.000,0.9748,13.29,21.37,HIGHER,2,1010,1006,0
1670,111.33,75.04,75.04,-3.000,0.9751,13.06,21.07,HIGHER,2,1012,1006,0
1671,111.40,75.02,75.02,-13.000,0.9754,13.40,21.61,LOWER,1,1012,1007,0
1672,111.47,75.01,75.01,-8.000,0.9753,13.17,21.24,LOWER,1,1012,1008,0
1673,111.53,75.00,75.00,-3.000,0.9751,13.06,21.07,LOWER,1,1012,1009,0
1674,111.60,75.01,75.01,2.000,0.9749,13.11,21.11,LOWER,1,1012,1010,0
1675,111.67,75.02,75.02,7.000,0.9748,13.29,21.37,HIGHER,2,1014,1010,0
1676,111.73,75.01,75.01,-3.000,0.9751,13.06,21.07,HIGHER,2,1016,1010,0
1677,111.80,74.99,74.99,-13.000,0.9754,13.40,21.61,LOWER,1,1016,1011,0
1678,111.87,74.98,74.98,-8.000,0.9753,13.17,21.24,LOWER,1,1016,1012,0
1679,111.93,74.98,74.98,-3.000,0.9751,13.06,21.07,LOWER,1,1016,1013,0
1680,112.00,74.98,74.98,2.000,0.9749,13.11,21.11,LOWER,1,1016,1014,0
1681,112.07,74.99,74.99,7.000,0.9748,13.29,21.37,LOWER,1,1016,1015,0
1682,112.13,75.01,75.01,12.000,0.9746,13.59,21.82,LOWER,1,1016,1016,0
1683,112.20,75.03,75.03,17.000,0.9744,14.02,22.48,HIGHER,2,1018,1016,0
1684,112.27,75.04,75.04,7.000,0.9748,13.29,21.37,HIGHER,2,1020,1016,0
1685,112.33,75.03,75.03,-3.000,0.9751,13.06,21.07,HIGHER,2,1022,1016,0
1686,112.40,75.02,75.02,-13.000,0.9754,13.40,21.61,LOWER,1,1022,1017,0
1687,112.47,75.01,75.01,-8.000,0.9753,13.17,21.24,LOWER,1,1022,1018,0
1688,112.53,75.00,75.00,-3.000,0.9751,13.06,21.07,LOWER,1,1022,1019,0
1689,112.60,75.01,75.01,2.000,0.9749,13.11,21.11,LOWER,1,1022,1020,0
1690,112.67,75.01,75.01,7.000,0.9748,13.29,21.37,HIGHER,2,1024,1020,0
1691,112.73,75.01,75.01,-3.000,0.9751,13.06,21.07,HIGHER,2,1026,1020,0
1692,112.80,74.99,74.99,-13.000,0.9754,13.40,21.61,LOWER,1,1026,1021,0
1693,112.87,74.98,74.98,-8.000,0.9753,13.17,21.24,LOWER,1,1026,1022,0
1694,112.93,74.98,74.98,-3.000,0.9751,13.06,21.07,LOWER,1,1026,1023,0
1695,113.00,74.98,74.98,2.000,0.9749,13.11,21.11,LOWER,1,1026,1024,0
1696,113.07,74.99,74.99,7.000,0.9748,13.29,21.37,LOWER,1,1026,1025,0
1697,113.13,75.01,75.01,12.000,0.9746,13.59,21.82,LOWER,1,1026,1026,0
1698,113.20,75.03,75.03,17.000,0.9744,14.02,22.48,HIGHER,2,1028,1026,0
1699,113.27,75.04,75.04,7.000,0.9748,13.29,21.37,HIGHER,2,1030,1026,0
1700,113.33,75.03,75.03,-3.000,0.9751,13.06,21.07,HIGHER,2,1032,1026,0
1701,113.40,75.02,75.02,-13.000,0.9754,13.40,21.61,LOWER,1,1032,1027,0
1702,113.47,75.01,75.01,-8.000,0.9753,13.17,21.24,LOWER,1,1032,1028,0
1703,113.53,75.00,75.00,-3.000,0.9751,13.06,21.07,LOWER,1,1032,1029,0
1704,113.60,75.00,75.00,2.000,0.9749,13.11,21.11,LOWER,1,1032,1030,0
1705,113.67,75.01,75.01,7.000,0.9748,13.29,21.37,HIGHER,2,1034,1030,0
1706,113.73,75.01,75.01,-3.000,0.9751,13.06,21.07,HIGHER,2,1036,1030,0
1707,113.80,74.99,74.99,-13.000,0.9754,13.40,21.61,LOWER,1,1036,1031,0
1708,113.87,74.98,74.98,-8.000,0.9753,13.17,21.24,LOWER,1,1036,1032,0
1709,113.93,74.98,74.98,-3.000,0.9751,13.06,21.07,LOWER,1,1036,1033,0
1710,114.00,74.98,74.98,2.000,0.9749,13.11,21.11,LOWER,1,1036,1034,0
1711,114.07,74.99,74.99,7.000,0.9748,13.29,21.37,LOWER,1,1036,1035,0
1712,114.13,75.00,75.00,12.000,0.9746,13.59,21.82,LOWER,1,1036,1036,0
1713,114.20,75.03,75.03,17.000,0.9744,14.02,22.48,HIGHER,2,1038,1036,0
1714,114.27,75.04,75.04,7.000,0.9748,13.29,21.37,HIGHER,2,1040,1036,0
1715,114.33,75.03,75.03,-3.000,0.9751,13.06,21.07,HIGHER,2,1042,1036,0
1716,114.40,75.01,75.01,-13.000,0.9754,13.40,21.61,LOWER,1,1042,1037,0
1717,114.47,75.00,75.00,-8.000,0.9753,13.17,21.24,LOWER,1,1042,1038,0
1718,114.53,75.00,75.00,-3.000,0.9751,13.06,21.07,LOWER,1,1042,1039,0
1719,114.60,75.00,75.00,2.000,0.9749,13.11,21.11,LOWER,1,1042,1040,0
1720,114.67,75.01,75.01,7.000,0.9748,13.29,21.37,HIGHER,2,1044,1040,0
1721,114.73,75.01,75.01,-3.000,0.9751,13.06,21.07,HIGHER,2,1046,1040,0
1722,114.80,74.99,74.99,-13.000,0.9754,13.40,21.61,LOWER,1,1046,1041,0
1723,114.87,74.98,74.98,-8.000,0.9753,13.17,21.24,LOWER,1,1046,1042,0
1724,114.93,74.98,74.98,-3.000,0.9751,13.06,21.07,LOWER,1,1046,1043,0
1725,115.00,74.98,74.98,2.000,0.9749,13.11,21.11,LOWER,1,1046,1044,0
1726,115.07,74.99,74.99,7.000,0.9748,13.29,21.37,LOWER,1,1046,1045,0
1727,115.13,75.00,75.00,12.000,0.9746,13.59,21.82,LOWER,1,1046,1046,0
1728,115.20,75.03,75.03,17.000,0.9744,14.02,22.48,HIGHER,2,1048,1046,0
1729,115.27,75.03,75.03,7.000,0.9748,13.29,21.37,HIGHER,2,1050,1046,0
1730,115.33,75.03,75.03,-3.000,0.9751,13.06,21.07,HIGHER,2,1052,1046,0
1731,115.40,75.01,75.01,-13.000,0.9754,13.40,21.61,LOWER,1,1052,1047,0
1732,115.47,75.00,75.00,-8.000,0.9753,13.17,21.24,LOWER,1,1052,1048,0
1733,115.53,75.00,75.00,-3.000,0.9751,13.06,21.07,LOWER,1,1052,1049,0
1734,115.60,75.00,75.00,2.000,0.9749,13.11,21.11,LOWER,1,1052,1050,0
1735,115.67,75.01,75.01,7.000,0.9748,13.29,21.37,HIGHER,2,1054,1050,0
1736,115.73,75.01,75.01,-3.000,0.9751,13.06,21.07,HIGHER,2,1056,1050,0
1737,115.80,74.99,74.99,-13.000,0.9754,13.40,21.61,LOWER,1,1056,1051,0
1738,115.87,74.98,74.98,-8.000,0.9753,13.17,21.24,LOWER,1,1056,1052,0
1739,115.93,74.97,74.97,-3.000,0.9751,13.06,21.07,LOWER,1,1056,1053,0
1740,116.00,74.98,74.98,2.000,0.9749,13.11,21.11,LOWER,1,1056,1054,0
1741,116.07,74.99,74.99,7.000,0.9748,13.29,21.37,LOWER,1,1056,1055,0
1742,116.13,75.00,75.00,12.000,0.9746,13.59,21.82,LOWER,1,1056,1056,0
1743,116.20,75.02,75.02,17.000,0.9744,14.02,22.48,HIGHER,2,1058,1056,0
1744,116.27,75.03,75.03,7.000,0.9748,13.29,21.37,HIGHER,2,1060,1056,0
1745,116.33,75.03,75.03,-3.000,0.9751,13.06,21.07,HIGHER,2,1062,1056,0
1746,116.40,75.01,75.01,-13.000,0.9754,13.40,21.61,LOWER,1,1062,1057,0
1747,116.47,75.00,75.00,-8.000,0.9753,13.17,21.24,LOWER,1,1062,1058,0
1748,116.53,75.00,75.00,-3.000,0.9751,13.06,21.07,LOWER,1,1062,1059,0
1749,116.60,75.00,75.00,2.000,0.9749,13.11,21.11,LOWER,1,1062,1060,0
1750,116.67,75.01,75.01,7.000,0.9748,13.29,21.37,LOWER,1,1062,1061,0
1751,116.73,75.02,75.02,12.000,0.9746,13.59,21.82,HIGHER,2,1064,1061,0
1752,116.80,75.03,75.03,2.000,0.9749,13.11,21.11,HIGHER,2,1066,1061,0
1753,116.87,75.02,75.02,-8.000,0.9753,13.17,21.24,HIGHER,2,1068,1061,0
1754,116.93,74.99,74.99,-18.000,0.9756,13.74,22.16,LOWER,1,1068,1062,0
1755,117.00,74.97,74.97,-13.000,0.9754,13.40,21.61,LOWER,1,1068,1063,0
1756,117.07,74.96,74.96,-8.000,0.9753,13.17,21.24,LOWER,1,1068,1064,0
1757,117.13,74.96,74.96,-3.000,0.9751,13.06,21.07,LOWER,1,1068,1065,0
1758,117.20,74.96,74.96,2.000,0.9749,13.11,21.11,LOWER,1,1068,1066,0
1759,117.27,74.97,74.97,7.000,0.9748,13.29,21.37,LOWER,1,1068,1067,0
1760,117.33,74.99,74.99,12.000,0.9746,13.59,21.82,LOWER,1,1068,1068,0
1761,117.40,75.01,75.01,17.000,0.9744,14.02,22.48,LOWER,1,1068,1069,0
1762,117.47,75.04,75.04,22.000,0.9742,14.56,23.33,HIGHER,2,1070,1069,0
1763,117.53,75.05,75.05,12.000,0.9746,13.59,21.82,HIGHER,2,1072,1069,0
1764,117.60,75.06,75.06,2.000,0.9749,13.11,21.11,HIGHER,2,1074,1069,0
1765,117.67,75.05,75.05,-8.000,0.9753,13.17,21.24,HIGHER,2,1076,1069,0
1766,117.73,75.02,75.02,-18.000,0.9756,13.74,22.16,LOWER,1,1076,1070,0
1767,117.80,75.00,75.00,-13.000,0.9754,13.40,21.61,LOWER,1,1076,1071,0
1768,117.87,74.99,74.99,-8.000,0.9753,13.17,21.24,LOWER,1,1076,1072,0
1769,117.93,74.99,74.99,-3.000,0.9751,13.06,21.07,LOWER,1,1076,1073,0
1770,118.00,74.99,74.99,2.000,0.9749,13.11,21.11,LOWER,1,1076,1074,0
1771,118.07,75.00,75.00,7.000,0.9748,13.29,21.37,LOWER,1,1076,1075,0
1772,118.13,75.02,75.02,12.000,0.9746,13.59,21.82,HIGHER,2,1078,1075,0
1773,118.20,75.02,75.02,2.000,0.9749,13.11,21.11,HIGHER,2,1080,1075,0
1774,118.27,75.01,75.01,-8.000,0.9753,13.17,21.24,HIGHER,2,1082,1075,0
1775,118.33,74.99,74.99,-18.000,0.9756,13.74,22.16,LOWER,1,1082,1076,0
1776,118.40,74.97,74.97,-13.000,0.9754,13.40,21.61,LOWER,1,1082,1077,0
1777,118.47,74.96,74.96,-8.000,0.9753,13.17,21.24,LOWER,1,1082,1078,0
1778,118.53,74.95,74.95,-3.000,0.9751,13.06,21.07,LOWER,1,1082,1079,0
1779,118.60,74.96,74.96,2.000,0.9749,13.11,21.11,LOWER,1,1082,1080,0
1780,118.67,74.96,74.96,7.000,0.9748,13.29,21.37,LOWER,1,1082,1081,0
1781,118.73,74.98,74.98,12.000,0.9746,13.59,21.82,LOWER,1,1082,1082,0
1782,118.80,75.00,75.00,17.000,0.9744,14.02,22.48,LOWER,1,1082,1083,0
1783,118.87,75.03,75.03,22.000,0.9742,14.56,23.33,HIGHER,2,1084,1083,0
1784,118.93,75.05,75.05,12.000,0.9746,13.59,21.82,HIGHER,2,1086,1083,0
1785,119.00,75.05,75.05,2.000,0.9749,13.11,21.11,HIGHER,2,1088,1083,0
1786,119.07,75.04,75.04,-8.000,0.9753,13.17,21.24,HIGHER,2,1090,1083,0
1787,119.13,75.02,75.02,-18.000,0.9756,13.74,22.16,LOWER,1,1090,1084,0
1788,119.20,75.00,75.00,-13.000,0.9754,13.40,21.61,LOWER,1,1090,1085,0
1789,119.27,74.99,74.99,-8.000,0.9753,13.17,21.24,LOWER,1,1090,1086,0
1790,119.33,74.98,74.98,-3.000,0.9751,13.06,21.07,LOWER,1,1090,1087,0
1791,119.40,74.99,74.99,2.000,0.9749,13.11,21.11,LOWER,1,1090,1088,0
1792,119.47,75.00,75.00,7.000,0.9748,13.29,21.37,LOWER,1,1090,1089,0
1793,119.53,75.01,75.01,12.000,0.9746,13.59,21.82,LOWER,1,1090,1090,0
1794,119.60,75.03,75.03,17.000,0.9744,14.02,22.48,HIGHER,2,1092,1090,0
1795,119.67,75.04,75.04,7.000,0.9748,13.29,21.37,HIGHER,2,1094,1090,0
1796,119.73,75.04,75.04,-3.000,0.9751,13.06,21.07,HIGHER,2,1096,1090,0
1797,119.80,75.02,75.02,-13.000,0.9754,13.40,21.61,LOWER,1,1096,1091,0
1798,119.87,75.01,75.01,-8.000,0.9753,13.17,21.24,LOWER,1,1096,1092,0
1799,119.93,75.01,75.01,-3.000,0.9751,13.06,21.07,LOWER,1,1096,1093,0
