tick,sim_min,ev0_soc_pct,ev1_soc_pct,ev2_soc_pct,ev3_soc_pct,ev4_soc_pct,ev5_soc_pct,ev6_soc_pct,ev7_soc_pct,ev8_soc_pct,ev9_soc_pct,ev10_soc_pct,ev11_soc_pct,ev12_soc_pct,ev13_soc_pct,ev14_soc_pct,ev15_soc_pct,ev16_soc_pct,ev17_soc_pct,ev18_soc_pct,ev19_soc_pct,mean_soc_pct,total_power_kw,bus2_voltage_pu,trafo_loading_pct,line_loading_pct,cmd,bursts,cumulative_higher,cumulative_lower,grid_stress
0,0.00,20.02,22.13,24.23,26.34,28.44,30.55,32.65,34.76,36.86,38.97,41.08,43.18,45.29,47.39,49.50,51.60,53.71,55.81,57.92,60.02,40.02,340.000,0.9475,133.47,214.90,LOWER,1,0,1,1
1,0.07,20.05,22.15,24.26,26.36,28.47,30.57,32.68,34.78,36.89,38.99,41.10,43.20,45.31,47.41,49.52,51.62,53.73,55.83,57.94,60.05,40.05,345.000,0.9462,137.78,221.85,HIGHER,4,4,1,1
2,0.13,20.07,22.17,24.28,26.38,28.49,30.59,32.70,34.80,36.91,39.01,41.12,43.22,45.33,47.44,49.54,51.65,53.75,55.86,57.96,60.07,40.07,325.000,0.9506,122.26,196.82,HIGHER,4,8,1,1
3,0.20,20.09,22.19,24.30,26.40,28.51,30.61,32.72,34.82,36.93,39.03,41.14,43.24,45.35,47.46,49.56,51.67,53.77,55.88,57.98,60.09,40.09,305.000,0.9539,109.78,176.69,HIGHER,4,12,1,1
4,0.27,20.11,22.21,24.32,26.42,28.53,30.63,32.74,34.84,36.95,39.05,41.16,43.26,45.37,47.47,49.58,51.68,53.79,55.90,58.00,60.11,40.11,285.000,0.9566,99.03,159.35,HIGHER,4,16,1,1
5,0.33,20.12,22.23,24.33,26.44,28.54,30.65,32.75,34.86,36.97,39.07,41.18,43.28,45.39,47.49,49.60,51.70,53.81,55.91,58.02,60.12,40.12,265.000,0.9590,89.42,143.85,HIGHER,4,20,1,1
6,0.40,20.14,22.24,24.35,26.46,28.56,30.67,32.77,34.88,36.98,39.09,41.19,43.30,45.40,47.51,49.61,51.72,53.82,55.93,58.03,60.14,40.14,245.000,0.9610,80.64,129.70,HIGHER,4,24,1,1
7,0.47,20.15,22.26,24.36,26.47,28.58,30.68,32.79,34.89,37.00,39.10,41.21,43.31,45.42,47.52,49.63,51.73,53.84,55.94,58.05,60.15,40.15,225.000,0.9628,72.52,116.60,HIGHER,4,28,1,1
8,0.53,20.17,22.27,24.38,26.48,28.59,30.69,32.80,34.90,37.01,39.11,41.22,43.33,45.43,47.54,49.64,51.75,53.85,55.96,58.06,60.17,40.17,205.000,0.9644,64.93,104.36,HIGHER,4,32,1,1
9,0.60,20.18,22.29,24.39,26.50,28.60,30.71,32.81,34.92,37.02,39.13,41.23,43.34,45.44,47.55,49.65,51.76,53.86,55.97,58.07,60.18,40.18,185.000,0.9659,57.78,92.83,HIGHER,4,36,1,1
10,0.67,20.19,22.30,24.40,26.51,28.61,30.72,32.82,34.93,37.03,39.14,41.24,43.35,45.45,47.56,49.66,51.77,53.87,55.98,58.09,60.19,40.19,165.000,0.9672,51.02,81.93,HOLD,0,36,1,0
11,0.73,20.20,22.31,24.41,26.52,28.62,30.73,32.83,34.94,37.04,39.15,41.25,43.36,45.46,47.57,49.68,51.78,53.89,55.99,58.10,60.20,40.20,165.000,0.9672,51.02,81.93,HOLD,0,36,1,0
12,0.80,20.21,22.32,24.42,26.53,28.63,30.74,32.84,34.95,37.05,39.16,41.27,43.37,45.48,47.58,49.69,51.79,53.90,56.00,58.11,60.21,40.21,165.000,0.9672,51.02,81.93,HOLD,0,36,1,0
13,0.87,20.22,22.33,24.43,26.54,28.64,30.75,32.85,34.96,37.07,39.17,41.28,43.38,45.49,47.59,49.70,51.80,53.91,56.01,58.12,60.22,40.22,165.000,0.9672,51.02,81.93,HOLD,0,36,1,0
14,0.93,20.23,22.34,24.44,26.55,28.66,30.76,32.87,34.97,37.08,39.18,41.29,43.39,45.50,47.60,49.71,51.81,53.92,56.02,58.13,60.23,40.23,165.000,0.9672,51.02,81.93,HOLD,0,36,1,0
15,1.00,20.25,22.35,24.46,26.56,28.67,30.77,32.88,34.98,37.09,39.19,41.30,43.40,45.51,47.61,49.72,51.82,53.93,56.03,58.14,60.25,40.25,165.000,0.9672,51.02,81.93,HOLD,0,36,1,0
16,1.07,20.26,22.36,24.47,26.57,28.68,30.78,32.89,34.99,37.10,39.20,41.31,43.41,45.52,47.62,49.73,51.84,53.94,56.05,58.15,60.26,40.26,165.000,0.9672,51.02,81.93,HOLD,0,36,1,0
17,1.13,20.27,22.37,24.48,26.58,28.69,30.79,32.90,35.00,37.11,39.21,41.32,43.42,45.53,47.64,49.74,51.85,53.95,56.06,58.16,60.27,40.27,165.000,0.9672,51.02,81.93,HOLD,0,36,1,0
18,1.20,20.28,22.38,24.49,26.59,28.70,30.80,32.91,35.01,37.12,39.23,41.33,43.44,45.54,47.65,49.75,51.86,53.96,56.07,58.17,60.28,40.28,165.000,0.9672,51.02,81.93,HOLD,0,36,1,0
19,1.27,20.29,22.39,24.50,26.60,28.71,30.82,32.92,35.03,37.13,39.24,41.34,43.45,45.55,47.66,49.76,51.87,53.97,56.08,58.18,60.29,40.29,165.000,0.9672,51.02,81.93,HOLD,0,36,1,0
20,1.33,20.30,22.40,24.51,26.62,28.72,30.83,32.93,35.04,37.14,39.25,41.35,43.46,45.56,47.67,49.77,51.88,53.98,56.09,58.19,60.30,40.30,165.000,0.9672,51.02,81.93,HOLD,0,36,1,0
21,1.40,20.31,22.42,24.52,26.63,28.73,30.84,32.94,35.05,37.15,39.26,41.36,43.47,45.57,47.68,49.78,51.89,53.99,56.10,58.21,60.31,40.31,165.000,0.9672,51.02,81.93,HOLD,0,36,1,0
22,1.47,20.32,22.43,24.53,26.64,28.74,30.85,32.95,35.06,37.16,39.27,41.37,43.48,45.58,47.69,49.80,51.90,54.01,56.11,58.22,60.32,40.32,165.000,0.9672,51.02,81.93,HOLD,0,36,1,0
23,1.53,20.33,22.44,24.54,26.65,28.75,30.86,32.96,35.07,37.17,39.28,41.38,43.49,45.60,47.70,49.81,51.91,54.02,56.12,58.23,60.33,40.33,165.000,0.9672,51.02,81.93,HOLD,0,36,1,0
24,1.60,20.34,22.45,24.55,26.66,28.76,30.87,32.97,35.08,37.19,39.29,41.40,43.50,45.61,47.71,49.82,51.92,54.03,56.13,58.24,60.34,40.34,165.000,0.9672,51.02,81.93,HOLD,0,36,1,0
25,1.67,20.35,22.46,24.56,26.67,28.78,30.88,32.99,35.09,37.20,39.30,41.41,43.51,45.62,47.72,49.83,51.93,54.04,56.14,58.25,60.35,40.35,165.000,0.9672,51.02,81.93,HOLD,0,36,1,0
26,1.73,20.36,22.47,24.58,26.68,28.79,30.89,33.00,35.10,37.21,39.31,41.42,43.52,45.63,47.73,49.84,51.94,54.05,56.15,58.26,60.36,40.36,165.000,0.9672,51.02,81.93,HOLD,0,36,1,0
27,1.80,20.38,22.48,24.59,26.69,28.80,30.90,33.01,35.11,37.22,39.32,41.43,43.53,45.64,47.74,49.85,51.95,54.06,56.17,58.27,60.38,40.38,165.000,0.9672,51.02,81.93,HOLD,0,36,1,0
28,1.87,20.39,22.49,24.60,26.70,28.81,30.91,33.02,35.12,37.23,39.33,41.44,43.54,45.65,47.76,49.86,51.97,54.07,56.18,58.28,60.39,40.39,165.000,0.9672,51.02,81.93,HOLD,0,36,1,0
29,1.93,20.40,22.50,24.61,26.71,28.82,30.92,33.03,35.13,37.24,39.34,41.45,43.56,45.66,47.77,49.87,51.98,54.08,56.19,58.29,60.40,40.40,165.000,0.9672,51.02,81.93,HOLD,0,36,1,0
30,2.00,20.41,22.51,24.62,26.72,28.83,30.93,33.04,35.15,37.25,39.36,41.46,43.57,45.67,47.78,49.88,51.99,54.09,56.20,58.30,60.41,40.41,165.000,0.9672,51.02,81.93,HOLD,0,36,1,0
31,2.07,20.42,22.52,24.63,26.74,28.84,30.95,33.05,35.16,37.26,39.37,41.47,43.58,45.68,47.79,49.89,52.00,54.10,56.21,58.31,60.42,40.42,165.000,0.9672,51.02,81.93,HOLD,0,36,1,0
32,2.13,20.43,22.54,24.64,26.75,28.85,30.96,33.06,35.17,37.27,39.38,41.48,43.59,45.69,47.80,49.90,52.01,54.11,56.22,58.33,60.43,40.43,165.000,0.9672,51.02,81.93,HOLD,0,36,1,0
33,2.20,20.44,22.55,24.65,26.76,28.86,30.97,33.07,35.18,37.28,39.39,41.49,43.60,45.70,47.81,49.91,52.02,54.13,56.23,58.34,60.44,40.44,165.000,0.9672,51.02,81.93,HOLD,0,36,1,0
34,2.27,20.45,22.56,24.66,26.77,28.87,30.98,33.08,35.19,37.29,39.40,41.50,43.61,45.72,47.82,49.93,52.03,54.14,56.24,58.35,60.45,40.45,165.000,0.9672,51.02,81.93,HOLD,0,36,1,0
35,2.33,20.46,22.57,24.67,26.78,28.88,30.99,33.09,35.20,37.31,39.41,41.52,43.62,45.73,47.83,49.94,52.04,54.15,56.25,58.36,60.46,40.46,165.000,0.9672,51.02,81.93,HOLD,0,36,1,0
36,2.40,20.47,22.58,24.68,26.79,28.89,31.00,33.11,35.21,37.32,39.42,41.53,43.63,45.74,47.84,49.95,52.05,54.16,56.26,58.37,60.47,40.47,165.000,0.9672,51.02,81.93,HOLD,0,36,1,0
37,2.47,20.48,22.59,24.70,26.80,28.91,31.01,33.12,35.22,37.33,39.43,41.54,43.64,45.75,47.85,49.96,52.06,54.17,56.27,58.38,60.48,40.48,165.000,0.9672,51.02,81.93,HOLD,0,36,1,0
38,2.53,20.50,22.60,24.71,26.81,28.92,31.02,33.13,35.23,37.34,39.44,41.55,43.65,45.76,47.86,49.97,52.07,54.18,56.29,58.39,60.50,40.50,165.000,0.9672,51.02,81.93,HOLD,0,36,1,0
39,2.60,20.51,22.61,24.72,26.82,28.93,31.03,33.14,35.24,37.35,39.45,41.56,43.66,45.77,47.87,49.98,52.09,54.19,56.30,58.40,60.51,40.51,165.000,0.9672,51.02,81.93,HOLD,0,36,1,0
40,2.67,20.52,22.62,24.73,26.83,28.94,31.04,33.15,35.25,37.36,39.46,41.57,43.68,45.78,47.89,49.99,52.10,54.20,56.31,58.41,60.52,40.52,165.000,0.9672,51.02,81.93,HOLD,0,36,1,0
41,2.73,20.53,22.63,24.74,26.84,28.95,31.05,33.16,35.27,37.37,39.48,41.58,43.69,45.79,47.90,50.00,52.11,54.21,56.32,58.42,60.53,40.53,165.000,0.9672,51.02,81.93,HOLD,0,36,1,0
42,2.80,20.54,22.64,24.75,26.85,28.96,31.07,33.17,35.28,37.38,39.49,41.59,43.70,45.80,47.91,50.01,52.12,54.22,56.33,58.43,60.54,40.54,165.000,0.9672,51.02,81.93,HOLD,0,36,1,0
43,2.87,20.55,22.66,24.76,26.87,28.97,31.08,33.18,35.29,37.39,39.50,41.60,43.71,45.81,47.92,50.02,52.13,54.23,56.34,58.44,60.55,40.55,165.000,0.9672,51.02,81.93,HOLD,0,36,1,0
44,2.93,20.56,22.67,24.77,26.88,28.98,31.09,33.19,35.30,37.40,39.51,41.61,43.72,45.82,47.93,50.03,52.14,54.25,56.35,58.46,60.56,40.56,165.000,0.9672,51.02,81.93,HOLD,0,36,1,0
45,3.00,20.57,22.68,24.78,26.89,28.99,31.10,33.20,35.31,37.41,39.52,41.62,43.73,45.83,47.94,50.05,52.15,54.26,56.36,58.47,60.57,40.57,165.000,0.9672,51.02,81.93,HOLD,0,36,1,0
46,3.07,20.58,22.69,24.79,26.90,29.00,31.11,33.21,35.32,37.42,39.53,41.64,43.74,45.85,47.95,50.06,52.16,54.27,56.37,58.48,60.58,40.58,165.000,0.9672,51.02,81.93,HOLD,0,36,1,0
47,3.13,20.59,22.70,24.80,26.91,29.01,31.12,33.23,35.33,37.44,39.54,41.65,43.75,45.86,47.96,50.07,52.17,54.28,56.38,58.49,60.59,40.59,165.000,0.9672,51.02,81.93,HOLD,0,36,1,0
48,3.20,20.60,22.71,24.82,26.92,29.03,31.13,33.24,35.34,37.45,39.55,41.66,43.76,45.87,47.97,50.08,52.18,54.29,56.39,58.50,60.60,40.60,165.000,0.9672,51.02,81.93,HOLD,0,36,1,0
49,3.27,20.62,22.72,24.83,26.93,29.04,31.14,33.25,35.35,37.46,39.56,41.67,43.77,45.88,47.98,50.09,52.19,54.30,56.40,58.51,60.62,40.62,165.000,0.9672,51.02,81.93,HOLD,0,36,1,0
50,3.33,20.63,22.73,24.84,26.94,29.05,31.15,33.26,35.36,37.47,39.57,41.68,43.78,45.89,47.99,50.10,52.21,54.31,56.42,58.52,60.63,40.63,165.000,0.9672,51.02,81.93,HOLD,0,36,1,0
51,3.40,20.64,22.74,24.85,26.95,29.06,31.16,33.27,35.37,37.48,39.58,41.69,43.80,45.90,48.01,50.11,52.22,54.32,56.43,58.53,60.64,40.64,165.000,0.9672,51.02,81.93,HOLD,0,36,1,0
52,3.47,20.65,22.75,24.86,26.96,29.07,31.17,33.28,35.38,37.49,39.60,41.70,43.81,45.91,48.02,50.12,52.23,54.33,56.44,58.54,60.65,40.65,165.000,0.9672,51.02,81.93,HOLD,0,36,1,0
53,3.53,20.66,22.76,24.87,26.97,29.08,31.19,33.29,35.40,37.50,39.61,41.71,43.82,45.92,48.03,50.13,52.24,54.34,56.45,58.55,60.66,40.66,165.000,0.9672,51.02,81.93,HOLD,0,36,1,0
54,3.60,20.67,22.78,24.88,26.99,29.09,31.20,33.30,35.41,37.51,39.62,41.72,43.83,45.93,48.04,50.14,52.25,54.35,56.46,58.56,60.67,40.67,165.000,0.9672,51.02,81.93,HOLD,0,36,1,0
55,3.67,20.68,22.79,24.89,27.00,29.10,31.21,33.31,35.42,37.52,39.63,41.73,43.84,45.94,48.05,50.15,52.26,54.36,56.47,58.58,60.68,40.68,165.000,0.9672,51.02,81.93,HOLD,0,36,1,0
56,3.73,20.69,22.80,24.90,27.01,29.11,31.22,33.32,35.43,37.53,39.64,41.74,43.85,45.95,48.06,50.17,52.27,54.38,56.48,58.59,60.69,40.69,165.000,0.9672,51.02,81.93,HOLD,0,36,1,0
57,3.80,20.70,22.81,24.91,27.02,29.12,31.23,33.33,35.44,37.54,39.65,41.76,43.86,45.97,48.07,50.18,52.28,54.39,56.49,58.60,60.70,40.70,165.000,0.9672,51.02,81.93,HOLD,0,36,1,0
58,3.87,20.71,22.82,24.92,27.03,29.13,31.24,33.34,35.45,37.56,39.66,41.77,43.87,45.98,48.08,50.19,52.29,54.40,56.50,58.61,60.71,40.71,165.000,0.9672,51.02,81.93,HOLD,0,36,1,0
59,3.93,20.72,22.83,24.93,27.04,29.15,31.25,33.36,35.46,37.57,39.67,41.78,43.88,45.99,48.09,50.20,52.30,54.41,56.51,58.62,60.72,40.72,165.000,0.9672,51.02,81.93,HOLD,0,36,1,0
60,4.00,20.74,22.84,24.95,27.05,29.16,31.26,33.37,35.47,37.58,39.68,41.79,43.89,46.00,48.10,50.21,52.31,54.42,56.52,58.63,60.74,40.74,165.000,0.9672,51.02,81.93,HOLD,0,36,1,0
61,4.07,20.75,22.85,24.96,27.06,29.17,31.27,33.38,35.48,37.59,39.69,41.80,43.90,46.01,48.11,50.22,52.33,54.43,56.54,58.64,60.75,40.75,165.000,0.9672,51.02,81.93,HOLD,0,36,1,0
62,4.13,20.76,22.86,24.97,27.07,29.18,31.28,33.39,35.49,37.60,39.70,41.81,43.91,46.02,48.13,50.23,52.34,54.44,56.55,58.65,60.76,40.76,165.000,0.9672,51.02,81.93,HOLD,0,36,1,0
63,4.20,20.77,22.87,24.98,27.08,29.19,31.29,33.40,35.50,37.61,39.72,41.82,43.93,46.03,48.14,50.24,52.35,54.45,56.56,58.66,60.77,40.77,165.000,0.9672,51.02,81.93,HOLD,0,36,1,0
64,4.27,20.78,22.88,24.99,27.09,29.20,31.31,33.41,35.52,37.62,39.73,41.83,43.94,46.04,48.15,50.25,52.36,54.46,56.57,58.67,60.78,40.78,165.000,0.9672,51.02,81.93,HOLD,0,36,1,0
65,4.33,20.79,22.89,25.00,27.11,29.21,31.32,33.42,35.53,37.63,39.74,41.84,43.95,46.05,48.16,50.26,52.37,54.47,56.58,58.68,60.79,40.79,165.000,0.9672,51.02,81.93,HOLD,0,36,1,0
66,4.40,20.80,22.91,25.01,27.12,29.22,31.33,33.43,35.54,37.64,39.75,41.85,43.96,46.06,48.17,50.27,52.38,54.48,56.59,58.70,60.80,40.80,165.000,0.9672,51.02,81.93,HOLD,0,36,1,0
67,4.47,20.81,22.92,25.02,27.13,29.23,31.34,33.44,35.55,37.65,39.76,41.86,43.97,46.07,48.18,50.29,52.39,54.50,56.60,58.71,60.81,40.81,165.000,0.9672,51.02,81.93,HOLD,0,36,1,0
68,4.53,20.82,22.93,25.03,27.14,29.24,31.35,33.45,35.56,37.66,39.77,41.87,43.98,46.09,48.19,50.30,52.40,54.51,56.61,58.72,60.82,40.82,165.000,0.9672,51.02,81.93,HOLD,0,36,1,0
69,4.60,20.83,22.94,25.04,27.15,29.25,31.36,33.46,35.57,37.68,39.78,41.89,43.99,46.10,48.20,50.31,52.41,54.52,56.62,58.73,60.83,40.83,165.000,0.9672,51.02,81.93,HOLD,0,36,1,0
70,4.67,20.84,22.95,25.05,27.16,29.27,31.37,33.48,35.58,37.69,39.79,41.90,44.00,46.11,48.21,50.32,52.42,54.53,56.63,58.74,60.84,40.84,165.000,0.9672,51.02,81.93,HOLD,0,36,1,0
71,4.73,20.85,22.96,25.07,27.17,29.28,31.38,33.49,35.59,37.70,39.80,41.91,44.01,46.12,48.22,50.33,52.43,54.54,56.64,58.75,60.85,40.85,165.000,0.9672,51.02,81.93,HOLD,0,36,1,0
72,4.80,20.87,22.97,25.08,27.18,29.29,31.39,33.50,35.60,37.71,39.81,41.92,44.02,46.13,48.23,50.34,52.44,54.55,56.66,58.76,60.87,40.87,165.000,0.9672,51.02,81.93,HOLD,0,36,1,0
73,4.87,20.88,22.98,25.09,27.19,29.30,31.40,33.51,35.61,37.72,39.82,41.93,44.03,46.14,48.25,50.35,52.46,54.56,56.67,58.77,60.88,40.88,165.000,0.9672,51.02,81.93,HOLD,0,36,1,0
74,4.93,20.89,22.99,25.10,27.20,29.31,31.41,33.52,35.62,37.73,39.83,41.94,44.05,46.15,48.26,50.36,52.47,54.57,56.68,58.78,60.89,40.89,165.000,0.9672,51.02,81.93,HOLD,0,36,1,0
75,5.00,20.90,23.00,25.11,27.21,29.32,31.42,33.53,35.64,37.74,39.85,41.95,44.06,46.16,48.27,50.37,52.48,54.58,56.69,58.79,60.90,40.90,165.000,0.9672,51.02,81.93,HOLD,0,36,1,0
76,5.07,20.91,23.01,25.12,27.23,29.33,31.44,33.54,35.65,37.75,39.86,41.96,44.07,46.17,48.28,50.38,52.49,54.59,56.70,58.80,60.91,40.91,165.000,0.9672,51.02,81.93,HOLD,0,36,1,0
77,5.13,20.92,23.03,25.13,27.24,29.34,31.45,33.55,35.66,37.76,39.87,41.97,44.08,46.18,48.29,50.39,52.50,54.60,56.71,58.82,60.92,40.92,165.000,0.9672,51.02,81.93,HOLD,0,36,1,0
78,5.20,20.93,23.04,25.14,27.25,29.35,31.46,33.56,35.67,37.77,39.88,41.98,44.09,46.19,48.30,50.40,52.51,54.62,56.72,58.83,60.93,40.93,165.000,0.9672,51.02,81.93,HOLD,0,36,1,0
79,5.27,20.94,23.05,25.15,27.26,29.36,31.47,33.57,35.68,37.78,39.89,41.99,44.10,46.21,48.31,50.42,52.52,54.63,56.73,58.84,60.94,40.94,165.000,0.9672,51.02,81.93,HOLD,0,36,1,0
80,5.33,20.95,23.06,25.16,27.27,29.37,31.48,33.58,35.69,37.80,39.90,42.01,44.11,46.22,48.32,50.43,52.53,54.64,56.74,58.85,60.95,40.95,165.000,0.9672,51.02,81.93,HOLD,0,36,1,0
81,5.40,20.96,23.07,25.17,27.28,29.38,31.49,33.60,35.70,37.81,39.91,42.02,44.12,46.23,48.33,50.44,52.54,54.65,56.75,58.86,60.96,40.96,165.000,0.9672,51.02,81.93,HOLD,0,36,1,0
82,5.47,20.97,23.08,25.19,27.29,29.40,31.50,33.61,35.71,37.82,39.92,42.03,44.13,46.24,48.34,50.45,52.55,54.66,56.76,58.87,60.97,40.97,165.000,0.9672,51.02,81.93,HOLD,0,36,1,0
83,5.53,20.99,23.09,25.20,27.30,29.41,31.51,33.62,35.72,37.83,39.93,42.04,44.14,46.25,48.35,50.46,52.56,54.67,56.78,58.88,60.99,40.99,165.000,0.9672,51.02,81.93,HOLD,0,36,1,0
84,5.60,21.00,23.10,25.21,27.31,29.42,31.52,33.63,35.73,37.84,39.94,42.05,44.15,46.26,48.36,50.47,52.58,54.68,56.79,58.89,61.00,41.00,165.000,0.9672,51.02,81.93,HOLD,0,36,1,0
85,5.67,21.01,23.11,25.22,27.32,29.43,31.53,33.64,35.74,37.85,39.95,42.06,44.17,46.27,48.38,50.48,52.59,54.69,56.80,58.90,61.01,41.01,165.000,0.9672,51.02,81.93,HOLD,0,36,1,0
86,5.73,21.02,23.12,25.23,27.33,29.44,31.54,33.65,35.76,37.86,39.97,42.07,44.18,46.28,48.39,50.49,52.60,54.70,56.81,58.91,61.02,41.02,165.000,0.9672,51.02,81.93,HOLD,0,36,1,0
87,5.80,21.03,23.13,25.24,27.34,29.45,31.56,33.66,35.77,37.87,39.98,42.08,44.19,46.29,48.40,50.50,52.61,54.71,56.82,58.92,61.03,41.03,165.000,0.9672,51.02,81.93,HOLD,0,36,1,0
88,5.87,21.04,23.15,25.25,27.36,29.46,31.57,33.67,35.78,37.88,39.99,42.09,44.20,46.30,48.41,50.51,52.62,54.72,56.83,58.93,61.04,41.04,165.000,0.9672,51.02,81.93,HOLD,0,36,1,0
89,5.93,21.05,23.16,25.26,27.37,29.47,31.58,33.68,35.79,37.89,40.00,42.10,44.21,46.31,48.42,50.52,52.63,54.74,56.84,58.95,61.05,41.05,165.000,0.9672,51.02,81.93,HOLD,0,36,1,0
90,6.00,21.06,23.17,25.27,27.38,29.48,31.59,33.69,35.80,37.90,40.01,42.11,44.22,46.32,48.43,50.54,52.64,54.75,56.85,58.96,61.06,41.06,165.000,0.9672,51.02,81.93,HOLD,0,36,1,0
91,6.07,21.07,23.18,25.28,27.39,29.49,31.60,33.70,35.81,37.91,40.02,42.13,44.23,46.34,48.44,50.55,52.65,54.76,56.86,58.97,61.07,41.07,165.000,0.9672,51.02,81.93,HOLD,0,36,1,0
92,6.13,21.08,23.19,25.29,27.40,29.50,31.61,33.72,35.82,37.93,40.03,42.14,44.24,46.35,48.45,50.56,52.66,54.77,56.87,58.98,61.08,41.08,165.000,0.9672,51.02,81.93,HOLD,0,36,1,0
93,6.20,21.09,23.20,25.31,27.41,29.52,31.62,33.73,35.83,37.94,40.04,42.15,44.25,46.36,48.46,50.57,52.67,54.78,56.88,58.99,61.09,41.09,165.000,0.9672,51.02,81.93,HOLD,0,36,1,0
94,6.27,21.11,23.21,25.32,27.42,29.53,31.63,33.74,35.84,37.95,40.05,42.16,44.26,46.37,48.47,50.58,52.68,54.79,56.89,59.00,61.11,41.11,165.000,0.9672,51.02,81.93,HOLD,0,36,1,0
95,6.33,21.12,23.22,25.33,27.43,29.54,31.64,33.75,35.85,37.96,40.06,42.17,44.27,46.38,48.48,50.59,52.70,54.80,56.91,59.01,61.12,41.12,165.000,0.9672,51.02,81.93,HOLD,0,36,1,0
96,6.40,21.13,23.23,25.34,27.44,29.55,31.65,33.76,35.86,37.97,40.07,42.18,44.29,46.39,48.50,50.60,52.71,54.81,56.92,59.02,61.13,41.13,165.000,0.9672,51.02,81.93,HOLD,0,36,1,0
97,6.47,21.14,23.24,25.35,27.45,29.56,31.66,33.77,35.87,37.98,40.09,42.19,44.30,46.40,48.51,50.61,52.72,54.82,56.93,59.03,61.14,41.14,165.000,0.9672,51.02,81.93,HOLD,0,36,1,0
98,6.53,21.15,23.25,25.36,27.46,29.57,31.68,33.78,35.89,37.99,40.10,42.20,44.31,46.41,48.52,50.62,52.73,54.83,56.94,59.04,61.15,41.15,165.000,0.9672,51.02,81.93,HOLD,0,36,1,0
99,6.60,21.16,23.27,25.37,27.48,29.58,31.69,33.79,35.90,38.00,40.11,42.21,44.32,46.42,48.53,50.63,52.74,54.84,56.95,59.05,61.16,41.16,165.000,0.9672,51.02,81.93,HOLD,0,36,1,0
100,6.67,21.17,23.28,25.38,27.49,29.59,31.70,33.80,35.91,38.01,40.12,42.22,44.33,46.43,48.54,50.64,52.75,54.85,56.96,59.07,61.17,41.17,165.000,0.9672,51.02,81.93,HOLD,0,36,1,0
101,6.73,21.18,23.29,25.39,27.50,29.60,31.71,33.81,35.92,38.02,40.13,42.23,44.34,46.44,48.55,50.66,52.76,54.87,56.97,59.08,61.18,41.18,165.000,0.9672,51.02,81.93,HOLD,0,36,1,0
102,6.80,21.19,23.30,25.40,27.51,29.61,31.72,33.82,35.93,38.03,40.14,42.25,44.35,46.46,48.56,50.67,52.77,54.88,56.98,59.09,61.19,41.19,165.000,0.9672,51.02,81.93,HOLD,0,36,1,0
103,6.87,21.20,23.31,25.41,27.52,29.62,31.73,33.83,35.94,38.05,40.15,42.26,44.36,46.47,48.57,50.68,52.78,54.89,56.99,59.10,61.20,41.20,165.000,0.9672,51.02,81.93,HOLD,0,36,1,0
104,6.93,21.21,23.32,25.42,27.53,29.64,31.74,33.85,35.95,38.06,40.16,42.27,44.37,46.48,48.58,50.69,52.79,54.90,57.00,59.11,61.21,41.21,165.000,0.9672,51.02,81.93,HOLD,0,36,1,0
105,7.00,21.23,23.33,25.44,27.54,29.65,31.75,33.86,35.96,38.07,40.17,42.28,44.38,46.49,48.59,50.70,52.80,54.91,57.01,59.12,61.23,41.23,165.000,0.9672,51.02,81.93,HOLD,0,36,1,0
106,7.07,21.24,23.34,25.45,27.55,29.66,31.76,33.87,35.97,38.08,40.18,42.29,44.39,46.50,48.60,50.71,52.82,54.92,57.03,59.13,61.24,41.24,165.000,0.9672,51.02,81.93,HOLD,0,36,1,0
107,7.13,21.25,23.35,25.46,27.56,29.67,31.77,33.88,35.98,38.09,40.19,42.30,44.40,46.51,48.62,50.72,52.83,54.93,57.04,59.14,61.25,41.25,165.000,0.9672,51.02,81.93,HOLD,0,36,1,0
108,7.20,21.26,23.36,25.47,27.57,29.68,31.78,33.89,35.99,38.10,40.21,42.31,44.42,46.52,48.63,50.73,52.84,54.94,57.05,59.15,61.26,41.26,165.000,0.9672,51.02,81.93,HOLD,0,36,1,0
109,7.27,21.27,23.37,25.48,27.58,29.69,31.80,33.90,36.01,38.11,40.22,42.32,44.43,46.53,48.64,50.74,52.85,54.95,57.06,59.16,61.27,41.27,165.000,0.9672,51.02,81.93,HOLD,0,36,1,0
110,7.33,21.28,23.38,25.49,27.60,29.70,31.81,33.91,36.02,38.12,40.23,42.33,44.44,46.54,48.65,50.75,52.86,54.96,57.07,59.17,61.28,41.28,165.000,0.9672,51.02,81.93,HOLD,0,36,1,0
111,7.40,21.29,23.40,25.50,27.61,29.71,31.82,33.92,36.03,38.13,40.24,42.34,44.45,46.55,48.66,50.76,52.87,54.97,57.08,59.19,61.29,41.29,165.000,0.9672,51.02,81.93,HOLD,0,36,1,0
112,7.47,21.30,23.41,25.51,27.62,29.72,31.83,33.93,36.04,38.14,40.25,42.35,44.46,46.56,48.67,50.78,52.88,54.99,57.09,59.20,61.30,41.30,165.000,0.9672,51.02,81.93,HOLD,0,36,1,0
113,7.53,21.31,23.42,25.52,27.63,29.73,31.84,33.94,36.05,38.15,40.26,42.36,44.47,46.58,48.68,50.79,52.89,55.00,57.10,59.21,61.31,41.31,165.000,0.9672,51.02,81.93,HOLD,0,36,1,0
114,7.60,21.32,23.43,25.53,27.64,29.74,31.85,33.95,36.06,38.17,40.27,42.38,44.48,46.59,48.69,50.80,52.90,55.01,57.11,59.22,61.32,41.32,165.000,0.9672,51.02,81.93,HOLD,0,36,1,0
115,7.67,21.33,23.44,25.54,27.65,29.76,31.86,33.97,36.07,38.18,40.28,42.39,44.49,46.60,48.70,50.81,52.91,55.02,57.12,59.23,61.33,41.33,165.000,0.9672,51.02,81.93,HOLD,0,36,1,0
116,7.73,21.34,23.45,25.56,27.66,29.77,31.87,33.98,36.08,38.19,40.29,42.40,44.50,46.61,48.71,50.82,52.92,55.03,57.13,59.24,61.34,41.34,165.000,0.9672,51.02,81.93,HOLD,0,36,1,0
117,7.80,21.36,23.46,25.57,27.67,29.78,31.88,33.99,36.09,38.20,40.30,42.41,44.51,46.62,48.72,50.83,52.93,55.04,57.15,59.25,61.36,41.36,165.000,0.9672,51.02,81.93,HOLD,0,36,1,0
118,7.87,21.37,23.47,25.58,27.68,29.79,31.89,34.00,36.10,38.21,40.31,42.42,44.52,46.63,48.74,50.84,52.95,55.05,57.16,59.26,61.37,41.37,165.000,0.9672,51.02,81.93,HOLD,0,36,1,0
119,7.93,21.38,23.48,25.59,27.69,29.80,31.90,34.01,36.11,38.22,40.32,42.43,44.54,46.64,48.75,50.85,52.96,55.06,57.17,59.27,61.38,41.38,165.000,0.9672,51.02,81.93,HOLD,0,36,1,0
120,8.00,21.39,23.49,25.60,27.70,29.81,31.91,34.02,36.13,38.23,40.34,42.44,44.55,46.65,48.76,50.86,52.97,55.07,57.18,59.28,61.39,41.39,165.000,0.9672,51.02,81.93,HOLD,0,36,1,0
121,8.07,21.40,23.50,25.61,27.72,29.82,31.93,34.03,36.14,38.24,40.35,42.45,44.56,46.66,48.77,50.87,52.98,55.08,57.19,59.29,61.40,41.40,165.000,0.9672,51.02,81.93,HOLD,0,36,1,0
122,8.13,21.41,23.52,25.62,27.73,29.83,31.94,34.04,36.15,38.25,40.36,42.46,44.57,46.67,48.78,50.88,52.99,55.09,57.20,59.31,61.41,41.41,165.000,0.9672,51.02,81.93,HOLD,0,36,1,0
123,8.20,21.42,23.53,25.63,27.74,29.84,31.95,34.05,36.16,38.26,40.37,42.47,44.58,46.68,48.79,50.89,53.00,55.11,57.21,59.32,61.42,41.42,165.000,0.9672,51.02,81.93,HOLD,0,36,1,0
124,8.27,21.43,23.54,25.64,27.75,29.85,31.96,34.06,36.17,38.27,40.38,42.48,44.59,46.70,48.80,50.91,53.01,55.12,57.22,59.33,61.43,41.43,165.000,0.9672,51.02,81.93,HOLD,0,36,1,0
125,8.33,21.44,23.55,25.65,27.76,29.86,31.97,34.07,36.18,38.29,40.39,42.50,44.60,46.71,48.81,50.92,53.02,55.13,57.23,59.34,61.44,41.44,165.000,0.9672,51.02,81.93,HOLD,0,36,1,0
126,8.40,21.45,23.56,25.66,27.77,29.87,31.98,34.09,36.19,38.30,40.40,42.51,44.61,46.72,48.82,50.93,53.03,55.14,57.24,59.35,61.45,41.45,165.000,0.9672,51.02,81.93,HOLD,0,36,1,0
127,8.47,21.46,23.57,25.68,27.78,29.89,31.99,34.10,36.20,38.31,40.41,42.52,44.62,46.73,48.83,50.94,53.04,55.15,57.25,59.36,61.46,41.46,165.000,0.9672,51.02,81.93,HOLD,0,36,1,0
128,8.53,21.48,23.58,25.69,27.79,29.90,32.00,34.11,36.21,38.32,40.42,42.53,44.63,46.74,48.84,50.95,53.05,55.16,57.27,59.37,61.48,41.48,165.000,0.9672,51.02,81.93,HOLD,0,36,1,0
129,8.60,21.49,23.59,25.70,27.80,29.91,32.01,34.12,36.22,38.33,40.43,42.54,44.64,46.75,48.85,50.96,53.07,55.17,57.28,59.38,61.49,41.49,165.000,0.9672,51.02,81.93,HOLD,0,36,1,0
130,8.67,21.50,23.60,25.71,27.81,29.92,32.02,34.13,36.23,38.34,40.44,42.55,44.66,46.76,48.87,50.97,53.08,55.18,57.29,59.39,61.50,41.50,165.000,0.9672,51.02,81.93,HOLD,0,36,1,0
131,8.73,21.51,23.61,25.72,27.82,29.93,32.03,34.14,36.25,38.35,40.46,42.56,44.67,46.77,48.88,50.98,53.09,55.19,57.30,59.40,61.51,41.51,165.000,0.9672,51.02,81.93,HOLD,0,36,1,0
132,8.80,21.52,23.62,25.73,27.83,29.94,32.05,34.15,36.26,38.36,40.47,42.57,44.68,46.78,48.89,50.99,53.10,55.20,57.31,59.41,61.52,41.52,165.000,0.9672,51.02,81.93,HOLD,0,36,1,0
133,8.87,21.53,23.64,25.74,27.85,29.95,32.06,34.16,36.27,38.37,40.48,42.58,44.69,46.79,48.90,51.00,53.11,55.21,57.32,59.42,61.53,41.53,165.000,0.9672,51.02,81.93,HOLD,0,36,1,0
134,8.93,21.54,23.65,25.75,27.86,29.96,32.07,34.17,36.28,38.38,40.49,42.59,44.70,46.80,48.91,51.01,53.12,55.23,57.33,59.44,61.54,41.54,165.000,0.9672,51.02,81.93,HOLD,0,36,1,0
135,9.00,21.55,23.66,25.76,27.87,29.97,32.08,34.18,36.29,38.39,40.50,42.60,44.71,46.81,48.92,51.03,53.13,55.24,57.34,59.45,61.55,41.55,165.000,0.9672,51.02,81.93,HOLD,0,36,1,0
136,9.07,21.56,23.67,25.77,27.88,29.98,32.09,34.19,36.30,38.40,40.51,42.62,44.72,46.83,48.93,51.04,53.14,55.25,57.35,59.46,61.56,41.56,165.000,0.9672,51.02,81.93,HOLD,0,36,1,0
137,9.13,21.57,23.68,25.78,27.89,29.99,32.10,34.21,36.31,38.42,40.52,42.63,44.73,46.84,48.94,51.05,53.15,55.26,57.36,59.47,61.57,41.57,165.000,0.9672,51.02,81.93,HOLD,0,36,1,0
138,9.20,21.58,23.69,25.80,27.90,30.01,32.11,34.22,36.32,38.43,40.53,42.64,44.74,46.85,48.95,51.06,53.16,55.27,57.37,59.48,61.58,41.58,165.000,0.9672,51.02,81.93,HOLD,0,36,1,0
139,9.27,21.60,23.70,25.81,27.91,30.02,32.12,34.23,36.33,38.44,40.54,42.65,44.75,46.86,48.96,51.07,53.17,55.28,57.38,59.49,61.60,41.60,165.000,0.9672,51.02,81.93,HOLD,0,36,1,0
140,9.33,21.61,23.71,25.82,27.92,30.03,32.13,34.24,36.34,38.45,40.55,42.66,44.76,46.87,48.97,51.08,53.19,55.29,57.40,59.50,61.61,41.61,165.000,0.9672,51.02,81.93,HOLD,0,36,1,0
141,9.40,21.62,23.72,25.83,27.93,30.04,32.14,34.25,36.35,38.46,40.56,42.67,44.78,46.88,48.99,51.09,53.20,55.30,57.41,59.51,61.62,41.62,165.000,0.9672,51.02,81.93,HOLD,0,36,1,0
142,9.47,21.63,23.73,25.84,27.94,30.05,32.15,34.26,36.36,38.47,40.58,42.68,44.79,46.89,49.00,51.10,53.21,55.31,57.42,59.52,61.63,41.63,165.000,0.9672,51.02,81.93,HOLD,0,36,1,0
143,9.53,21.64,23.74,25.85,27.95,30.06,32.17,34.27,36.38,38.48,40.59,42.69,44.80,46.90,49.01,51.11,53.22,55.32,57.43,59.53,61.64,41.64,165.000,0.9672,51.02,81.93,HOLD,0,36,1,0
144,9.60,21.65,23.76,25.86,27.97,30.07,32.18,34.28,36.39,38.49,40.60,42.70,44.81,46.91,49.02,51.12,53.23,55.33,57.44,59.54,61.65,41.65,165.000,0.9672,51.02,81.93,HOLD,0,36,1,0
145,9.67,21.66,23.77,25.87,27.98,30.08,32.19,34.29,36.40,38.50,40.61,42.71,44.82,46.92,49.03,51.13,53.24,55.34,57.45,59.56,61.66,41.66,165.000,0.9672,51.02,81.93,HOLD,0,36,1,0
146,9.73,21.67,23.78,25.88,27.99,30.09,32.20,34.30,36.41,38.51,40.62,42.72,44.83,46.93,49.04,51.15,53.25,55.36,57.46,59.57,61.67,41.67,165.000,0.9672,51.02,81.93,HOLD,0,36,1,0
147,9.80,21.68,23.79,25.89,28.00,30.10,32.21,34.31,36.42,38.52,40.63,42.74,44.84,46.95,49.05,51.16,53.26,55.37,57.47,59.58,61.68,41.68,165.000,0.9672,51.02,81.93,HOLD,0,36,1,0
148,9.87,21.69,23.80,25.90,28.01,30.11,32.22,34.32,36.43,38.54,40.64,42.75,44.85,46.96,49.06,51.17,53.27,55.38,57.48,59.59,61.69,41.69,165.000,0.9672,51.02,81.93,HOLD,0,36,1,0
149,9.93,21.70,23.81,25.91,28.02,30.13,32.23,34.34,36.44,38.55,40.65,42.76,44.86,46.97,49.07,51.18,53.28,55.39,57.49,59.60,61.70,41.70,165.000,0.9672,51.02,81.93,HOLD,0,36,1,0
150,10.00,21.72,23.82,25.93,28.03,30.14,32.24,34.35,36.45,38.56,40.66,42.77,44.87,46.98,49.08,51.19,53.29,55.40,57.50,59.61,61.72,41.72,165.000,0.9672,51.02,81.93,HOLD,0,36,1,0
151,10.07,21.73,23.83,25.94,28.04,30.15,32.25,34.36,36.46,38.57,40.67,42.78,44.88,46.99,49.09,51.20,53.31,55.41,57.52,59.62,61.73,41.73,165.000,0.9672,51.02,81.93,HOLD,0,36,1,0
152,10.13,21.74,23.84,25.95,28.05,30.16,32.26,34.37,36.47,38.58,40.68,42.79,44.89,47.00,49.11,51.21,53.32,55.42,57.53,59.63,61.74,41.74,165.000,0.9672,51.02,81.93,HOLD,0,36,1,0
153,10.20,21.75,23.85,25.96,28.06,30.17,32.27,34.38,36.48,38.59,40.70,42.80,44.91,47.01,49.12,51.22,53.33,55.43,57.54,59.64,61.75,41.75,165.000,0.9672,51.02,81.93,HOLD,0,36,1,0
154,10.27,21.76,23.86,25.97,28.07,30.18,32.29,34.39,36.50,38.60,40.71,42.81,44.92,47.02,49.13,51.23,53.34,55.44,57.55,59.65,61.76,41.76,165.000,0.9672,51.02,81.93,HOLD,0,36,1,0
155,10.33,21.77,23.87,25.98,28.09,30.19,32.30,34.40,36.51,38.61,40.72,42.82,44.93,47.03,49.14,51.24,53.35,55.45,57.56,59.66,61.77,41.77,165.000,0.9672,51.02,81.93,HOLD,0,36,1,0
156,10.40,21.78,23.89,25.99,28.10,30.20,32.31,34.41,36.52,38.62,40.73,42.83,44.94,47.04,49.15,51.25,53.36,55.46,57.57,59.68,61.78,41.78,165.000,0.9672,51.02,81.93,HOLD,0,36,1,0
157,10.47,21.79,23.90,26.00,28.11,30.21,32.32,34.42,36.53,38.63,40.74,42.84,44.95,47.05,49.16,51.27,53.37,55.48,57.58,59.69,61.79,41.79,165.000,0.9672,51.02,81.93,HOLD,0,36,1,0
158,10.53,21.80,23.91,26.01,28.12,30.22,32.33,34.43,36.54,38.64,40.75,42.85,44.96,47.07,49.17,51.28,53.38,55.49,57.59,59.70,61.80,41.80,165.000,0.9672,51.02,81.93,HOLD,0,36,1,0
159,10.60,21.81,23.92,26.02,28.13,30.23,32.34,34.44,36.55,38.66,40.76,42.87,44.97,47.08,49.18,51.29,53.39,55.50,57.60,59.71,61.81,41.81,165.000,0.9672,51.02,81.93,HOLD,0,36,1,0
160,10.67,21.82,23.93,26.03,28.14,30.25,32.35,34.46,36.56,38.67,40.77,42.88,44.98,47.09,49.19,51.30,53.40,55.51,57.61,59.72,61.82,41.82,165.000,0.9672,51.02,81.93,HOLD,0,36,1,0
161,10.73,21.83,23.94,26.05,28.15,30.26,32.36,34.47,36.57,38.68,40.78,42.89,44.99,47.10,49.20,51.31,53.41,55.52,57.62,59.73,61.83,41.83,165.000,0.9672,51.02,81.93,HOLD,0,36,1,0
162,10.80,21.85,23.95,26.06,28.16,30.27,32.37,34.48,36.58,38.69,40.79,42.90,45.00,47.11,49.21,51.32,53.42,55.53,57.64,59.74,61.85,41.85,165.000,0.9672,51.02,81.93,HOLD,0,36,1,0
163,10.87,21.86,23.96,26.07,28.17,30.28,32.38,34.49,36.59,38.70,40.80,42.91,45.01,47.12,49.23,51.33,53.44,55.54,57.65,59.75,61.86,41.86,165.000,0.9672,51.02,81.93,HOLD,0,36,1,0
164,10.93,21.87,23.97,26.08,28.18,30.29,32.39,34.50,36.60,38.71,40.81,42.92,45.03,47.13,49.24,51.34,53.45,55.55,57.66,59.76,61.87,41.87,165.000,0.9672,51.02,81.93,HOLD,0,36,1,0
165,11.00,21.88,23.98,26.09,28.19,30.30,32.40,34.51,36.62,38.72,40.83,42.93,45.04,47.14,49.25,51.35,53.46,55.56,57.67,59.77,61.88,41.88,165.000,0.9672,51.02,81.93,HOLD,0,36,1,0
166,11.07,21.89,23.99,26.10,28.21,30.31,32.42,34.52,36.63,38.73,40.84,42.94,45.05,47.15,49.26,51.36,53.47,55.57,57.68,59.78,61.89,41.89,165.000,0.9672,51.02,81.93,HOLD,0,36,1,0
167,11.13,21.90,24.01,26.11,28.22,30.32,32.43,34.53,36.64,38.74,40.85,42.95,45.06,47.16,49.27,51.37,53.48,55.58,57.69,59.80,61.90,41.90,165.000,0.9672,51.02,81.93,HOLD,0,36,1,0
168,11.20,21.91,24.02,26.12,28.23,30.33,32.44,34.54,36.65,38.75,40.86,42.96,45.07,47.17,49.28,51.38,53.49,55.60,57.70,59.81,61.91,41.91,165.000,0.9672,51.02,81.93,HOLD,0,36,1,0
169,11.27,21.92,24.03,26.13,28.24,30.34,32.45,34.55,36.66,38.76,40.87,42.97,45.08,47.19,49.29,51.40,53.50,55.61,57.71,59.82,61.92,41.92,165.000,0.9672,51.02,81.93,HOLD,0,36,1,0
170,11.33,21.93,24.04,26.14,28.25,30.35,32.46,34.56,36.67,38.78,40.88,42.99,45.09,47.20,49.30,51.41,53.51,55.62,57.72,59.83,61.93,41.93,165.000,0.9672,51.02,81.93,HOLD,0,36,1,0
171,11.40,21.94,24.05,26.15,28.26,30.36,32.47,34.58,36.68,38.79,40.89,43.00,45.10,47.21,49.31,51.42,53.52,55.63,57.73,59.84,61.94,41.94,165.000,0.9672,51.02,81.93,HOLD,0,36,1,0
172,11.47,21.95,24.06,26.17,28.27,30.38,32.48,34.59,36.69,38.80,40.90,43.01,45.11,47.22,49.32,51.43,53.53,55.64,57.74,59.85,61.95,41.95,165.000,0.9672,51.02,81.93,HOLD,0,36,1,0
173,11.53,21.97,24.07,26.18,28.28,30.39,32.49,34.60,36.70,38.81,40.91,43.02,45.12,47.23,49.33,51.44,53.54,55.65,57.76,59.86,61.97,41.97,165.000,0.9672,51.02,81.93,HOLD,0,36,1,0
174,11.60,21.98,24.08,26.19,28.29,30.40,32.50,34.61,36.71,38.82,40.92,43.03,45.13,47.24,49.34,51.45,53.56,55.66,57.77,59.87,61.98,41.98,165.000,0.9672,51.02,81.93,HOLD,0,36,1,0
175,11.67,21.99,24.09,26.20,28.30,30.41,32.51,34.62,36.72,38.83,40.93,43.04,45.15,47.25,49.36,51.46,53.57,55.67,57.78,59.88,61.99,41.99,165.000,0.9672,51.02,81.93,HOLD,0,36,1,0
176,11.73,22.00,24.10,26.21,28.31,30.42,32.52,34.63,36.74,38.84,40.95,43.05,45.16,47.26,49.37,51.47,53.58,55.68,57.79,59.89,62.00,42.00,165.000,0.9672,51.02,81.93,HOLD,0,36,1,0
177,11.80,22.01,24.11,26.22,28.32,30.43,32.54,34.64,36.75,38.85,40.96,43.06,45.17,47.27,49.38,51.48,53.59,55.69,57.80,59.90,62.01,42.01,165.000,0.9672,51.02,81.93,HOLD,0,36,1,0
178,11.87,22.02,24.13,26.23,28.34,30.44,32.55,34.65,36.76,38.86,40.97,43.07,45.18,47.28,49.39,51.49,53.60,55.70,57.81,59.91,62.02,42.02,165.000,0.9672,51.02,81.93,HOLD,0,36,1,0
179,11.93,22.03,24.14,26.24,28.35,30.45,32.56,34.66,36.77,38.87,40.98,43.08,45.19,47.29,49.40,51.50,53.61,55.72,57.82,59.93,62.03,42.03,165.000,0.9672,51.02,81.93,HOLD,0,36,1,0
180,12.00,22.04,24.15,26.25,28.36,30.46,32.57,34.67,36.78,38.88,40.99,43.09,45.20,47.30,49.41,51.52,53.62,55.73,57.83,59.94,62.04,42.04,165.000,0.9672,51.02,81.93,HOLD,0,36,1,0
181,12.07,22.05,24.16,26.26,28.37,30.47,32.58,34.68,36.79,38.89,41.00,43.11,45.21,47.32,49.42,51.53,53.63,55.74,57.84,59.95,62.05,42.05,165.000,0.9672,51.02,81.93,HOLD,0,36,1,0
182,12.13,22.06,24.17,26.27,28.38,30.48,32.59,34.70,36.80,38.91,41.01,43.12,45.22,47.33,49.43,51.54,53.64,55.75,57.85,59.96,62.06,42.06,165.000,0.9672,51.02,81.93,HOLD,0,36,1,0
183,12.20,22.07,24.18,26.29,28.39,30.50,32.60,34.71,36.81,38.92,41.02,43.13,45.23,47.34,49.44,51.55,53.65,55.76,57.86,59.97,62.07,42.07,165.000,0.9672,51.02,81.93,HOLD,0,36,1,0
184,12.27,22.09,24.19,26.30,28.40,30.51,32.61,34.72,36.82,38.93,41.03,43.14,45.24,47.35,49.45,51.56,53.66,55.77,57.87,59.98,62.09,42.09,165.000,0.9672,51.02,81.93,HOLD,0,36,1,0
185,12.33,22.10,24.20,26.31,28.41,30.52,32.62,34.73,36.83,38.94,41.04,43.15,45.25,47.36,49.46,51.57,53.68,55.78,57.89,59.99,62.10,42.10,165.000,0.9672,51.02,81.93,HOLD,0,36,1,0
186,12.40,22.11,24.21,26.32,28.42,30.53,32.63,34.74,36.84,38.95,41.05,43.16,45.27,47.37,49.48,51.58,53.69,55.79,57.90,60.00,62.11,42.11,165.000,0.9672,51.02,81.93,HOLD,0,36,1,0
187,12.47,22.12,24.22,26.33,28.43,30.54,32.64,34.75,36.85,38.96,41.07,43.17,45.28,47.38,49.49,51.59,53.70,55.80,57.91,60.01,62.12,42.12,165.000,0.9672,51.02,81.93,HOLD,0,36,1,0
188,12.53,22.13,24.23,26.34,28.44,30.55,32.66,34.76,36.87,38.97,41.08,43.18,45.29,47.39,49.50,51.60,53.71,55.81,57.92,60.02,62.13,42.13,165.000,0.9672,51.02,81.93,HOLD,0,36,1,0
189,12.60,22.14,24.25,26.35,28.46,30.56,32.67,34.77,36.88,38.98,41.09,43.19,45.30,47.40,49.51,51.61,53.72,55.82,57.93,60.03,62.14,42.14,165.000,0.9672,51.02,81.93,HOLD,0,36,1,0
190,12.67,22.15,24.26,26.36,28.47,30.57,32.68,34.78,36.89,38.99,41.10,43.20,45.31,47.41,49.52,51.62,53.73,55.83,57.94,60.05,62.15,42.15,165.000,0.9672,51.02,81.93,HOLD,0,36,1,0
191,12.73,22.16,24.27,26.37,28.48,30.58,32.69,34.79,36.90,39.00,41.11,43.21,45.32,47.42,49.53,51.64,53.74,55.85,57.95,60.06,62.16,42.16,165.000,0.9672,51.02,81.93,HOLD,0,36,1,0
192,12.80,22.17,24.28,26.38,28.49,30.59,32.70,34.80,36.91,39.01,41.12,43.23,45.33,47.44,49.54,51.65,53.75,55.86,57.96,60.07,62.17,42.17,165.000,0.9672,51.02,81.93,HOLD,0,36,1,0
193,12.87,22.18,24.29,26.39,28.50,30.60,32.71,34.81,36.92,39.03,41.13,43.24,45.34,47.45,49.55,51.66,53.76,55.87,57.97,60.08,62.18,42.18,165.000,0.9672,51.02,81.93,HOLD,0,36,1,0
194,12.93,22.19,24.30,26.40,28.51,30.62,32.72,34.83,36.93,39.04,41.14,43.25,45.35,47.46,49.56,51.67,53.77,55.88,57.98,60.09,62.19,42.19,165.000,0.9672,51.02,81.93,HOLD,0,36,1,0
195,13.00,22.21,24.31,26.42,28.52,30.63,32.73,34.84,36.94,39.05,41.15,43.26,45.36,47.47,49.57,51.68,53.78,55.89,57.99,60.10,62.21,42.21,165.000,0.9672,51.02,81.93,HOLD,0,36,1,0
196,13.07,22.22,24.32,26.43,28.53,30.64,32.74,34.85,36.95,39.06,41.16,43.27,45.37,47.48,49.58,51.69,53.80,55.90,58.01,60.11,62.22,42.22,165.000,0.9672,51.02,81.93,HOLD,0,36,1,0
197,13.13,22.23,24.33,26.44,28.54,30.65,32.75,34.86,36.96,39.07,41.17,43.28,45.38,47.49,49.60,51.70,53.81,55.91,58.02,60.12,62.23,42.23,165.000,0.9672,51.02,81.93,HOLD,0,36,1,0
198,13.20,22.24,24.34,26.45,28.55,30.66,32.76,34.87,36.97,39.08,41.19,43.29,45.40,47.50,49.61,51.71,53.82,55.92,58.03,60.13,62.24,42.24,165.000,0.9672,51.02,81.93,HOLD,0,36,1,0
199,13.27,22.25,24.35,26.46,28.56,30.67,32.78,34.88,36.99,39.09,41.20,43.30,45.41,47.51,49.62,51.72,53.83,55.93,58.04,60.14,62.25,42.25,165.000,0.9672,51.02,81.93,HOLD,0,36,1,0
200,13.33,22.26,24.36,26.47,28.58,30.68,32.79,34.89,37.00,39.10,41.21,43.31,45.42,47.52,49.63,51.73,53.84,55.94,58.05,60.15,62.26,42.26,165.000,0.9672,51.02,81.93,HOLD,0,36,1,0
201,13.40,22.27,24.38,26.48,28.59,30.69,32.80,34.90,37.01,39.11,41.22,43.32,45.43,47.53,49.64,51.74,53.85,55.95,58.06,60.17,62.27,42.27,165.000,0.9672,51.02,81.93,HOLD,0,36,1,0
202,13.47,22.28,24.39,26.49,28.60,30.70,32.81,34.91,37.02,39.12,41.23,43.33,45.44,47.54,49.65,51.76,53.86,55.97,58.07,60.18,62.28,42.28,165.000,0.9672,51.02,81.93,HOLD,0,36,1,0
203,13.53,22.29,24.40,26.50,28.61,30.71,32.82,34.92,37.03,39.13,41.24,43.34,45.45,47.56,49.66,51.77,53.87,55.98,58.08,60.19,62.29,42.29,165.000,0.9672,51.02,81.93,HOLD,0,36,1,0
204,13.60,22.30,24.41,26.51,28.62,30.72,32.83,34.93,37.04,39.15,41.25,43.36,45.46,47.57,49.67,51.78,53.88,55.99,58.09,60.20,62.30,42.30,165.000,0.9672,51.02,81.93,HOLD,0,36,1,0
205,13.67,22.31,24.42,26.52,28.63,30.74,32.84,34.95,37.05,39.16,41.26,43.37,45.47,47.58,49.68,51.79,53.89,56.00,58.10,60.21,62.31,42.31,165.000,0.9672,51.02,81.93,HOLD,0,36,1,0
206,13.73,22.32,24.43,26.54,28.64,30.75,32.85,34.96,37.06,39.17,41.27,43.38,45.48,47.59,49.69,51.80,53.90,56.01,58.11,60.22,62.32,42.32,165.000,0.9672,51.02,81.93,HOLD,0,36,1,0
207,13.80,22.34,24.44,26.55,28.65,30.76,32.86,34.97,37.07,39.18,41.28,43.39,45.49,47.60,49.70,51.81,53.91,56.02,58.13,60.23,62.34,42.34,165.000,0.9672,51.02,81.93,HOLD,0,36,1,0
208,13.87,22.35,24.45,26.56,28.66,30.77,32.87,34.98,37.08,39.19,41.29,43.40,45.50,47.61,49.72,51.82,53.93,56.03,58.14,60.24,62.35,42.35,165.000,0.9672,51.02,81.93,HOLD,0,36,1,0
209,13.93,22.36,24.46,26.57,28.67,30.78,32.88,34.99,37.09,39.20,41.30,43.41,45.52,47.62,49.73,51.83,53.94,56.04,58.15,60.25,62.36,42.36,165.000,0.9672,51.02,81.93,HOLD,0,36,1,0
210,14.00,22.37,24.47,26.58,28.68,30.79,32.89,35.00,37.11,39.21,41.32,43.42,45.53,47.63,49.74,51.84,53.95,56.05,58.16,60.26,62.37,42.37,165.000,0.9672,51.02,81.93,HOLD,0,36,1,0
211,14.07,22.38,24.48,26.59,28.70,30.80,32.91,35.01,37.12,39.22,41.33,43.43,45.54,47.64,49.75,51.85,53.96,56.06,58.17,60.27,62.38,42.38,165.000,0.9672,51.02,81.93,HOLD,0,36,1,0
212,14.13,22.39,24.50,26.60,28.71,30.81,32.92,35.02,37.13,39.23,41.34,43.44,45.55,47.65,49.76,51.86,53.97,56.07,58.18,60.29,62.39,42.39,165.000,0.9672,51.02,81.93,HOLD,0,36,1,0
213,14.20,22.40,24.51,26.61,28.72,30.82,32.93,35.03,37.14,39.24,41.35,43.45,45.56,47.66,49.77,51.87,53.98,56.09,58.19,60.30,62.40,42.40,165.000,0.9672,51.02,81.93,HOLD,0,36,1,0
214,14.27,22.41,24.52,26.62,28.73,30.83,32.94,35.04,37.15,39.25,41.36,43.46,45.57,47.68,49.78,51.89,53.99,56.10,58.20,60.31,62.41,42.41,165.000,0.9672,51.02,81.93,HOLD,0,36,1,0
215,14.33,22.42,24.53,26.63,28.74,30.84,32.95,35.05,37.16,39.27,41.37,43.48,45.58,47.69,49.79,51.90,54.00,56.11,58.21,60.32,62.42,42.42,165.000,0.9672,51.02,81.93,HOLD,0,36,1,0
216,14.40,22.43,24.54,26.64,28.75,30.85,32.96,35.07,37.17,39.28,41.38,43.49,45.59,47.70,49.80,51.91,54.01,56.12,58.22,60.33,62.43,42.43,165.000,0.9672,51.02,81.93,HOLD,0,36,1,0
217,14.47,22.44,24.55,26.66,28.76,30.87,32.97,35.08,37.18,39.29,41.39,43.50,45.60,47.71,49.81,51.92,54.02,56.13,58.23,60.34,62.44,42.44,165.000,0.9672,51.02,81.93,HOLD,0,36,1,0
218,14.53,22.46,24.56,26.67,28.77,30.88,32.98,35.09,37.19,39.30,41.40,43.51,45.61,47.72,49.82,51.93,54.03,56.14,58.25,60.35,62.46,42.46,165.000,0.9672,51.02,81.93,HOLD,0,36,1,0
219,14.60,22.47,24.57,26.68,28.78,30.89,32.99,35.10,37.20,39.31,41.41,43.52,45.62,47.73,49.83,51.94,54.05,56.15,58.26,60.36,62.47,42.47,165.000,0.9672,51.02,81.93,HOLD,0,36,1,0
220,14.67,22.48,24.58,26.69,28.79,30.90,33.00,35.11,37.21,39.32,41.42,43.53,45.64,47.74,49.85,51.95,54.06,56.16,58.27,60.37,62.48,42.48,165.000,0.9672,51.02,81.93,HOLD,0,36,1,0
221,14.73,22.49,24.59,26.70,28.80,30.91,33.01,35.12,37.23,39.33,41.44,43.54,45.65,47.75,49.86,51.96,54.07,56.17,58.28,60.38,62.49,42.49,165.000,0.9672,51.02,81.93,HOLD,0,36,1,0
222,14.80,22.50,24.60,26.71,28.81,30.92,33.03,35.13,37.24,39.34,41.45,43.55,45.66,47.76,49.87,51.97,54.08,56.18,58.29,60.39,62.50,42.50,165.000,0.9672,51.02,81.93,HOLD,0,36,1,0
223,14.87,22.51,24.62,26.72,28.83,30.93,33.04,35.14,37.25,39.35,41.46,43.56,45.67,47.77,49.88,51.98,54.09,56.19,58.30,60.40,62.51,42.51,165.000,0.9672,51.02,81.93,HOLD,0,36,1,0
224,14.93,22.52,24.63,26.73,28.84,30.94,33.05,35.15,37.26,39.36,41.47,43.57,45.68,47.78,49.89,51.99,54.10,56.21,58.31,60.42,62.52,42.52,165.000,0.9672,51.02,81.93,HOLD,0,36,1,0
225,15.00,22.53,24.64,26.74,28.85,30.95,33.06,35.16,37.27,39.37,41.48,43.58,45.69,47.79,49.90,52.01,54.11,56.22,58.32,60.43,62.53,42.53,165.000,0.9672,51.02,81.93,HOLD,0,36,1,0
226,15.07,22.54,24.65,26.75,28.86,30.96,33.07,35.17,37.28,39.38,41.49,43.60,45.70,47.81,49.91,52.02,54.12,56.23,58.33,60.44,62.54,42.54,165.000,0.9672,51.02,81.93,HOLD,0,36,1,0
227,15.13,22.55,24.66,26.76,28.87,30.97,33.08,35.19,37.29,39.40,41.50,43.61,45.71,47.82,49.92,52.03,54.13,56.24,58.34,60.45,62.55,42.55,165.000,0.9672,51.02,81.93,HOLD,0,36,1,0
228,15.20,22.56,24.67,26.78,28.88,30.99,33.09,35.20,37.30,39.41,41.51,43.62,45.72,47.83,49.93,52.04,54.14,56.25,58.35,60.46,62.56,42.56,165.000,0.9672,51.02,81.93,HOLD,0,36,1,0
229,15.27,22.58,24.68,26.79,28.89,31.00,33.10,35.21,37.31,39.42,41.52,43.63,45.73,47.84,49.94,52.05,54.15,56.26,58.36,60.47,62.58,42.58,165.000,0.9672,51.02,81.93,HOLD,0,36,1,0
230,15.33,22.59,24.69,26.80,28.90,31.01,33.11,35.22,37.32,39.43,41.53,43.64,45.74,47.85,49.95,52.06,54.17,56.27,58.38,60.48,62.59,42.59,165.000,0.9672,51.02,81.93,HOLD,0,36,1,0
231,15.40,22.60,24.70,26.81,28.91,31.02,33.12,35.23,37.33,39.44,41.54,43.65,45.76,47.86,49.97,52.07,54.18,56.28,58.39,60.49,62.60,42.60,165.000,0.9672,51.02,81.93,HOLD,0,36,1,0
232,15.47,22.61,24.71,26.82,28.92,31.03,33.13,35.24,37.34,39.45,41.56,43.66,45.77,47.87,49.98,52.08,54.19,56.29,58.40,60.50,62.61,42.61,165.000,0.9672,51.02,81.93,HOLD,0,36,1,0
233,15.53,22.62,24.72,26.83,28.93,31.04,33.15,35.25,37.36,39.46,41.57,43.67,45.78,47.88,49.99,52.09,54.20,56.30,58.41,60.51,62.62,42.62,165.000,0.9672,51.02,81.93,HOLD,0,36,1,0
234,15.60,22.63,24.74,26.84,28.95,31.05,33.16,35.26,37.37,39.47,41.58,43.68,45.79,47.89,50.00,52.10,54.21,56.31,58.42,60.52,62.63,42.63,165.000,0.9672,51.02,81.93,HOLD,0,36,1,0
235,15.67,22.64,24.75,26.85,28.96,31.06,33.17,35.27,37.38,39.48,41.59,43.69,45.80,47.90,50.01,52.11,54.22,56.32,58.43,60.54,62.64,42.64,165.000,0.9672,51.02,81.93,HOLD,0,36,1,0
236,15.73,22.65,24.76,26.86,28.97,31.07,33.18,35.28,37.39,39.49,41.60,43.70,45.81,47.91,50.02,52.13,54.23,56.34,58.44,60.55,62.65,42.65,165.000,0.9672,51.02,81.93,HOLD,0,36,1,0
237,15.80,22.66,24.77,26.87,28.98,31.08,33.19,35.29,37.40,39.50,41.61,43.72,45.82,47.93,50.03,52.14,54.24,56.35,58.45,60.56,62.66,42.66,165.000,0.9672,51.02,81.93,HOLD,0,36,1,0
238,15.87,22.67,24.78,26.88,28.99,31.09,33.20,35.30,37.41,39.52,41.62,43.73,45.83,47.94,50.04,52.15,54.25,56.36,58.46,60.57,62.67,42.67,165.000,0.9672,51.02,81.93,HOLD,0,36,1,0
239,15.93,22.68,24.79,26.89,29.00,31.11,33.21,35.32,37.42,39.53,41.63,43.74,45.84,47.95,50.05,52.16,54.26,56.37,58.47,60.58,62.68,42.68,165.000,0.9672,51.02,81.93,HOLD,0,36,1,0
240,16.00,22.70,24.80,26.91,29.01,31.12,33.22,35.33,37.43,39.54,41.64,43.75,45.85,47.96,50.06,52.17,54.27,56.38,58.48,60.59,62.70,42.70,165.000,0.9672,51.02,81.93,HOLD,0,36,1,0
241,16.07,22.71,24.81,26.92,29.02,31.13,33.23,35.34,37.44,39.55,41.65,43.76,45.86,47.97,50.07,52.18,54.29,56.39,58.50,60.60,62.71,42.71,165.000,0.9672,51.02,81.93,HOLD,0,36,1,0
242,16.13,22.72,24.82,26.93,29.03,31.14,33.24,35.35,37.45,39.56,41.66,43.77,45.87,47.98,50.09,52.19,54.30,56.40,58.51,60.61,62.72,42.72,165.000,0.9672,51.02,81.93,HOLD,0,36,1,0
243,16.20,22.73,24.83,26.94,29.04,31.15,33.25,35.36,37.46,39.57,41.68,43.78,45.89,47.99,50.10,52.20,54.31,56.41,58.52,60.62,62.73,42.73,165.000,0.9672,51.02,81.93,HOLD,0,36,1,0
244,16.27,22.74,24.84,26.95,29.05,31.16,33.27,35.37,37.48,39.58,41.69,43.79,45.90,48.00,50.11,52.21,54.32,56.42,58.53,60.63,62.74,42.74,165.000,0.9672,51.02,81.93,HOLD,0,36,1,0
245,16.33,22.75,24.85,26.96,29.07,31.17,33.28,35.38,37.49,39.59,41.70,43.80,45.91,48.01,50.12,52.22,54.33,56.43,58.54,60.64,62.75,42.75,165.000,0.9672,51.02,81.93,HOLD,0,36,1,0
246,16.40,22.76,24.87,26.97,29.08,31.18,33.29,35.39,37.50,39.60,41.71,43.81,45.92,48.02,50.13,52.23,54.34,56.44,58.55,60.66,62.76,42.76,165.000,0.9672,51.02,81.93,HOLD,0,36,1,0
247,16.47,22.77,24.88,26.98,29.09,31.19,33.30,35.40,37.51,39.61,41.72,43.82,45.93,48.03,50.14,52.25,54.35,56.46,58.56,60.67,62.77,42.77,165.000,0.9672,51.02,81.93,HOLD,0,36,1,0
248,16.53,22.78,24.89,26.99,29.10,31.20,33.31,35.41,37.52,39.62,41.73,43.83,45.94,48.05,50.15,52.26,54.36,56.47,58.57,60.68,62.78,42.78,165.000,0.9672,51.02,81.93,HOLD,0,36,1,0
249,16.60,22.79,24.90,27.00,29.11,31.21,33.32,35.42,37.53,39.64,41.74,43.85,45.95,48.06,50.16,52.27,54.37,56.48,58.58,60.69,62.79,42.79,165.000,0.9672,51.02,81.93,HOLD,0,36,1,0
250,16.67,22.80,24.91,27.01,29.12,31.23,33.33,35.44,37.54,39.65,41.75,43.86,45.96,48.07,50.17,52.28,54.38,56.49,58.59,60.70,62.80,42.80,165.000,0.9672,51.02,81.93,HOLD,0,36,1,0
251,16.73,22.81,24.92,27.03,29.13,31.24,33.34,35.45,37.55,39.66,41.76,43.87,45.97,48.08,50.18,52.29,54.39,56.50,58.60,60.71,62.81,42.81,165.000,0.9672,51.02,81.93,HOLD,0,36,1,0
252,16.80,22.83,24.93,27.04,29.14,31.25,33.35,35.46,37.56,39.67,41.77,43.88,45.98,48.09,50.19,52.30,54.40,56.51,58.62,60.72,62.83,42.83,165.000,0.9672,51.02,81.93,HOLD,0,36,1,0
253,16.87,22.84,24.94,27.05,29.15,31.26,33.36,35.47,37.57,39.68,41.78,43.89,45.99,48.10,50.21,52.31,54.42,56.52,58.63,60.73,62.84,42.84,165.000,0.9672,51.02,81.93,HOLD,0,36,1,0
254,16.93,22.85,24.95,27.06,29.16,31.27,33.37,35.48,37.58,39.69,41.79,43.90,46.01,48.11,50.22,52.32,54.43,56.53,58.64,60.74,62.85,42.85,165.000,0.9672,51.02,81.93,HOLD,0,36,1,0
255,17.00,22.86,24.96,27.07,29.17,31.28,33.38,35.49,37.60,39.70,41.81,43.91,46.02,48.12,50.23,52.33,54.44,56.54,58.65,60.75,62.86,42.86,165.000,0.9672,51.02,81.93,HOLD,0,36,1,0
256,17.07,22.87,24.97,27.08,29.19,31.29,33.40,35.50,37.61,39.71,41.82,43.92,46.03,48.13,50.24,52.34,54.45,56.55,58.66,60.76,62.87,42.87,165.000,0.9672,51.02,81.93,HOLD,0,36,1,0
257,17.13,22.88,24.99,27.09,29.20,31.30,33.41,35.51,37.62,39.72,41.83,43.93,46.04,48.14,50.25,52.35,54.46,56.56,58.67,60.78,62.88,42.88,165.000,0.9672,51.02,81.93,HOLD,0,36,1,0
258,17.20,22.89,25.00,27.10,29.21,31.31,33.42,35.52,37.63,39.73,41.84,43.94,46.05,48.15,50.26,52.36,54.47,56.58,58.68,60.79,62.89,42.89,165.000,0.9672,51.02,81.93,HOLD,0,36,1,0
259,17.27,22.90,25.01,27.11,29.22,31.32,33.43,35.53,37.64,39.74,41.85,43.95,46.06,48.17,50.27,52.38,54.48,56.59,58.69,60.80,62.90,42.90,165.000,0.9672,51.02,81.93,HOLD,0,36,1,0
260,17.33,22.91,25.02,27.12,29.23,31.33,33.44,35.54,37.65,39.76,41.86,43.97,46.07,48.18,50.28,52.39,54.49,56.60,58.70,60.81,62.91,42.91,165.000,0.9672,51.02,81.93,HOLD,0,36,1,0
261,17.40,22.92,25.03,27.13,29.24,31.34,33.45,35.56,37.66,39.77,41.87,43.98,46.08,48.19,50.29,52.40,54.50,56.61,58.71,60.82,62.92,42.92,165.000,0.9672,51.02,81.93,HOLD,0,36,1,0
262,17.47,22.93,25.04,27.15,29.25,31.36,33.46,35.57,37.67,39.78,41.88,43.99,46.09,48.20,50.30,52.41,54.51,56.62,58.72,60.83,62.93,42.93,165.000,0.9672,51.02,81.93,HOLD,0,36,1,0
263,17.53,22.95,25.05,27.16,29.26,31.37,33.47,35.58,37.68,39.79,41.89,44.00,46.10,48.21,50.31,52.42,54.52,56.63,58.74,60.84,62.95,42.95,165.000,0.9672,51.02,81.93,HOLD,0,36,1,0
264,17.60,22.96,25.06,27.17,29.27,31.38,33.48,35.59,37.69,39.80,41.90,44.01,46.11,48.22,50.32,52.43,54.54,56.64,58.75,60.85,62.96,42.96,165.000,0.9672,51.02,81.93,HOLD,0,36,1,0
265,17.67,22.97,25.07,27.18,29.28,31.39,33.49,35.60,37.70,39.81,41.91,44.02,46.13,48.23,50.34,52.44,54.55,56.65,58.76,60.86,62.97,42.97,165.000,0.9672,51.02,81.93,HOLD,0,36,1,0
266,17.73,22.98,25.08,27.19,29.29,31.40,33.50,35.61,37.72,39.82,41.93,44.03,46.14,48.24,50.35,52.45,54.56,56.66,58.77,60.87,62.98,42.98,165.000,0.9672,51.02,81.93,HOLD,0,36,1,0
267,17.80,22.99,25.09,27.20,29.30,31.41,33.52,35.62,37.73,39.83,41.94,44.04,46.15,48.25,50.36,52.46,54.57,56.67,58.78,60.88,62.99,42.99,165.000,0.9672,51.02,81.93,HOLD,0,36,1,0
268,17.87,23.00,25.11,27.21,29.32,31.42,33.53,35.63,37.74,39.84,41.95,44.05,46.16,48.26,50.37,52.47,54.58,56.68,58.79,60.89,63.00,43.00,165.000,0.9672,51.02,81.93,HOLD,0,36,1,0
269,17.93,23.01,25.12,27.22,29.33,31.43,33.54,35.64,37.75,39.85,41.96,44.06,46.17,48.27,50.38,52.48,54.59,56.70,58.80,60.91,63.01,43.01,165.000,0.9672,51.02,81.93,HOLD,0,36,1,0
270,18.00,23.02,25.13,27.23,29.34,31.44,33.55,35.65,37.76,39.86,41.97,44.07,46.18,48.28,50.39,52.50,54.60,56.71,58.81,60.92,63.02,43.02,165.000,0.9672,51.02,81.93,HOLD,0,36,1,0
271,18.07,23.03,25.14,27.24,29.35,31.45,33.56,35.66,37.77,39.87,41.98,44.09,46.19,48.30,50.40,52.51,54.61,56.72,58.82,60.93,63.03,43.03,165.000,0.9672,51.02,81.93,HOLD,0,36,1,0
272,18.13,23.04,25.15,27.25,29.36,31.46,33.57,35.68,37.78,39.89,41.99,44.10,46.20,48.31,50.41,52.52,54.62,56.73,58.83,60.94,63.04,43.04,165.000,0.9672,51.02,81.93,HOLD,0,36,1,0
273,18.20,23.05,25.16,27.27,29.37,31.48,33.58,35.69,37.79,39.90,42.00,44.11,46.21,48.32,50.42,52.53,54.63,56.74,58.84,60.95,63.05,43.05,165.000,0.9672,51.02,81.93,HOLD,0,36,1,0
274,18.27,23.07,25.17,27.28,29.38,31.49,33.59,35.70,37.80,39.91,42.01,44.12,46.22,48.33,50.43,52.54,54.64,56.75,58.85,60.96,63.07,43.07,165.000,0.9672,51.02,81.93,HOLD,0,36,1,0
275,18.33,23.08,25.18,27.29,29.39,31.50,33.60,35.71,37.81,39.92,42.02,44.13,46.23,48.34,50.44,52.55,54.66,56.76,58.87,60.97,63.08,43.08,165.000,0.9672,51.02,81.93,HOLD,0,36,1,0
276,18.40,23.09,25.19,27.30,29.40,31.51,33.61,35.72,37.82,39.93,42.03,44.14,46.25,48.35,50.46,52.56,54.67,56.77,58.88,60.98,63.09,43.09,165.000,0.9672,51.02,81.93,HOLD,0,36,1,0
277,18.47,23.10,25.20,27.31,29.41,31.52,33.62,35.73,37.83,39.94,42.05,44.15,46.26,48.36,50.47,52.57,54.68,56.78,58.89,60.99,63.10,43.10,165.000,0.9672,51.02,81.93,HOLD,0,36,1,0
278,18.53,23.11,25.21,27.32,29.42,31.53,33.64,35.74,37.85,39.95,42.06,44.16,46.27,48.37,50.48,52.58,54.69,56.79,58.90,61.00,63.11,43.11,165.000,0.9672,51.02,81.93,HOLD,0,36,1,0
279,18.60,23.12,25.23,27.33,29.44,31.54,33.65,35.75,37.86,39.96,42.07,44.17,46.28,48.38,50.49,52.59,54.70,56.80,58.91,61.01,63.12,43.12,165.000,0.9672,51.02,81.93,HOLD,0,36,1,0
280,18.67,23.13,25.24,27.34,29.45,31.55,33.66,35.76,37.87,39.97,42.08,44.18,46.29,48.39,50.50,52.60,54.71,56.81,58.92,61.03,63.13,43.13,165.000,0.9672,51.02,81.93,HOLD,0,36,1,0
281,18.73,23.14,25.25,27.35,29.46,31.56,33.67,35.77,37.88,39.98,42.09,44.19,46.30,48.40,50.51,52.62,54.72,56.83,58.93,61.04,63.14,43.14,165.000,0.9672,51.02,81.93,HOLD,0,36,1,0
282,18.80,23.15,25.26,27.36,29.47,31.57,33.68,35.78,37.89,39.99,42.10,44.21,46.31,48.42,50.52,52.63,54.73,56.84,58.94,61.05,63.15,43.15,165.000,0.9672,51.02,81.93,HOLD,0,36,1,0
283,18.87,23.16,25.27,27.37,29.48,31.58,33.69,35.79,37.90,40.01,42.11,44.22,46.32,48.43,50.53,52.64,54.74,56.85,58.95,61.06,63.16,43.16,165.000,0.9672,51.02,81.93,HOLD,0,36,1,0
284,18.93,23.17,25.28,27.38,29.49,31.60,33.70,35.81,37.91,40.02,42.12,44.23,46.33,48.44,50.54,52.65,54.75,56.86,58.96,61.07,63.17,43.17,165.000,0.9672,51.02,81.93,HOLD,0,36,1,0
285,19.00,23.19,25.29,27.40,29.50,31.61,33.71,35.82,37.92,40.03,42.13,44.24,46.34,48.45,50.55,52.66,54.76,56.87,58.97,61.08,63.19,43.19,165.000,0.9672,51.02,81.93,HOLD,0,36,1,0
286,19.07,23.20,25.30,27.41,29.51,31.62,33.72,35.83,37.93,40.04,42.14,44.25,46.35,48.46,50.56,52.67,54.78,56.88,58.99,61.09,63.20,43.20,165.000,0.9672,51.02,81.93,HOLD,0,36,1,0
287,19.13,23.21,25.31,27.42,29.52,31.63,33.73,35.84,37.94,40.05,42.15,44.26,46.36,48.47,50.58,52.68,54.79,56.89,59.00,61.10,63.21,43.21,165.000,0.9672,51.02,81.93,HOLD,0,36,1,0
288,19.20,23.22,25.32,27.43,29.53,31.64,33.74,35.85,37.95,40.06,42.17,44.27,46.38,48.48,50.59,52.69,54.80,56.90,59.01,61.11,63.22,43.22,165.000,0.9672,51.02,81.93,HOLD,0,36,1,0
289,19.27,23.23,25.33,27.44,29.54,31.65,33.76,35.86,37.97,40.07,42.18,44.28,46.39,48.49,50.60,52.70,54.81,56.91,59.02,61.12,63.23,43.23,165.000,0.9672,51.02,81.93,HOLD,0,36,1,0
290,19.33,23.24,25.34,27.45,29.56,31.66,33.77,35.87,37.98,40.08,42.19,44.29,46.40,48.50,50.61,52.71,54.82,56.92,59.03,61.13,63.24,43.24,165.000,0.9672,51.02,81.93,HOLD,0,36,1,0
291,19.40,23.25,25.36,27.46,29.57,31.67,33.78,35.88,37.99,40.09,42.20,44.30,46.41,48.51,50.62,52.72,54.83,56.93,59.04,61.15,63.25,43.25,165.000,0.9672,51.02,81.93,HOLD,0,36,1,0
292,19.47,23.26,25.37,27.47,29.58,31.68,33.79,35.89,38.00,40.10,42.21,44.31,46.42,48.52,50.63,52.74,54.84,56.95,59.05,61.16,63.26,43.26,165.000,0.9672,51.02,81.93,HOLD,0,36,1,0
293,19.53,23.27,25.38,27.48,29.59,31.69,33.80,35.90,38.01,40.11,42.22,44.32,46.43,48.54,50.64,52.75,54.85,56.96,59.06,61.17,63.27,43.27,165.000,0.9672,51.02,81.93,HOLD,0,36,1,0
294,19.60,23.28,25.39,27.49,29.60,31.70,33.81,35.91,38.02,40.13,42.23,44.34,46.44,48.55,50.65,52.76,54.86,56.97,59.07,61.18,63.28,43.28,165.000,0.9672,51.02,81.93,HOLD,0,36,1,0
295,19.67,23.29,25.40,27.50,29.61,31.72,33.82,35.93,38.03,40.14,42.24,44.35,46.45,48.56,50.66,52.77,54.87,56.98,59.08,61.19,63.29,43.29,165.000,0.9672,51.02,81.93,HOLD,0,36,1,0
296,19.73,23.30,25.41,27.52,29.62,31.73,33.83,35.94,38.04,40.15,42.25,44.36,46.46,48.57,50.67,52.78,54.88,56.99,59.09,61.20,63.30,43.30,165.000,0.9672,51.02,81.93,HOLD,0,36,1,0
297,19.80,23.32,25.42,27.53,29.63,31.74,33.84,35.95,38.05,40.16,42.26,44.37,46.47,48.58,50.68,52.79,54.89,57.00,59.11,61.21,63.32,43.32,165.000,0.9672,51.02,81.93,HOLD,0,36,1,0
298,19.87,23.33,25.43,27.54,29.64,31.75,33.85,35.96,38.06,40.17,42.27,44.38,46.48,48.59,50.70,52.80,54.91,57.01,59.12,61.22,63.33,43.33,165.000,0.9672,51.02,81.93,HOLD,0,36,1,0
299,19.93,23.34,25.44,27.55,29.65,31.76,33.86,35.97,38.07,40.18,42.28,44.39,46.50,48.60,50.71,52.81,54.92,57.02,59.13,61.23,63.34,43.34,165.000,0.9672,51.02,81.93,HOLD,0,36,1,0
300,20.00,23.35,25.45,27.56,29.66,31.77,33.87,35.98,38.09,40.19,42.30,44.40,46.51,48.61,50.72,52.82,54.93,57.03,59.14,61.24,63.35,43.35,165.000,0.9672,51.02,81.93,HOLD,0,36,1,0
301,20.07,23.36,25.46,27.57,29.68,31.78,33.89,35.99,38.10,40.20,42.31,44.41,46.52,48.62,50.73,52.83,54.94,57.04,59.15,61.25,63.36,43.36,165.000,0.9672,51.02,81.93,HOLD,0,36,1,0
302,20.13,23.37,25.48,27.58,29.69,31.79,33.90,36.00,38.11,40.21,42.32,44.42,46.53,48.63,50.74,52.84,54.95,57.05,59.16,61.27,63.37,43.37,165.000,0.9672,51.02,81.93,HOLD,0,36,1,0
303,20.20,23.38,25.49,27.59,29.70,31.80,33.91,36.01,38.12,40.22,42.33,44.43,46.54,48.64,50.75,52.85,54.96,57.07,59.17,61.28,63.38,43.38,165.000,0.9672,51.02,81.93,HOLD,0,36,1,0
304,20.27,23.39,25.50,27.60,29.71,31.81,33.92,36.02,38.13,40.23,42.34,44.44,46.55,48.66,50.76,52.87,54.97,57.08,59.18,61.29,63.39,43.39,165.000,0.9672,51.02,81.93,HOLD,0,36,1,0
305,20.33,23.40,25.51,27.61,29.72,31.82,33.93,36.03,38.14,40.25,42.35,44.46,46.56,48.67,50.77,52.88,54.98,57.09,59.19,61.30,63.40,43.40,165.000,0.9672,51.02,81.93,HOLD,0,36,1,0
306,20.40,23.41,25.52,27.62,29.73,31.83,33.94,36.05,38.15,40.26,42.36,44.47,46.57,48.68,50.78,52.89,54.99,57.10,59.20,61.31,63.41,43.41,165.000,0.9672,51.02,81.93,HOLD,0,36,1,0
307,20.47,23.42,25.53,27.64,29.74,31.85,33.95,36.06,38.16,40.27,42.37,44.48,46.58,48.69,50.79,52.90,55.00,57.11,59.21,61.32,63.42,43.42,165.000,0.9672,51.02,81.93,HOLD,0,36,1,0
308,20.53,23.44,25.54,27.65,29.75,31.86,33.96,36.07,38.17,40.28,42.38,44.49,46.59,48.70,50.80,52.91,55.01,57.12,59.23,61.33,63.44,43.44,165.000,0.9672,51.02,81.93,HOLD,0,36,1,0
309,20.60,23.45,25.55,27.66,29.76,31.87,33.97,36.08,38.18,40.29,42.39,44.50,46.60,48.71,50.81,52.92,55.03,57.13,59.24,61.34,63.45,43.45,165.000,0.9672,51.02,81.93,HOLD,0,36,1,0
310,20.67,23.46,25.56,27.67,29.77,31.88,33.98,36.09,38.19,40.30,42.40,44.51,46.62,48.72,50.83,52.93,55.04,57.14,59.25,61.35,63.46,43.46,165.000,0.9672,51.02,81.93,HOLD,0,36,1,0
311,20.73,23.47,25.57,27.68,29.78,31.89,33.99,36.10,38.21,40.31,42.42,44.52,46.63,48.73,50.84,52.94,55.05,57.15,59.26,61.36,63.47,43.47,165.000,0.9672,51.02,81.93,HOLD,0,36,1,0
312,20.80,23.48,25.58,27.69,29.79,31.90,34.01,36.11,38.22,40.32,42.43,44.53,46.64,48.74,50.85,52.95,55.06,57.16,59.27,61.37,63.48,43.48,165.000,0.9672,51.02,81.93,HOLD,0,36,1,0
313,20.87,23.49,25.60,27.70,29.81,31.91,34.02,36.12,38.23,40.33,42.44,44.54,46.65,48.75,50.86,52.96,55.07,57.17,59.28,61.38,63.49,43.49,165.000,0.9672,51.02,81.93,HOLD,0,36,1,0
314,20.93,23.50,25.61,27.71,29.82,31.92,34.03,36.13,38.24,40.34,42.45,44.55,46.66,48.76,50.87,52.97,55.08,57.19,59.29,61.40,63.50,43.50,165.000,0.9672,51.02,81.93,HOLD,0,36,1,0
315,21.00,23.51,25.62,27.72,29.83,31.93,34.04,36.14,38.25,40.35,42.46,44.56,46.67,48.77,50.88,52.99,55.09,57.20,59.30,61.41,63.51,43.51,165.000,0.9672,51.02,81.93,HOLD,0,36,1,0
316,21.07,23.52,25.63,27.73,29.84,31.94,34.05,36.15,38.26,40.36,42.47,44.58,46.68,48.79,50.89,53.00,55.10,57.21,59.31,61.42,63.52,43.52,165.000,0.9672,51.02,81.93,HOLD,0,36,1,0
317,21.13,23.53,25.64,27.74,29.85,31.95,34.06,36.17,38.27,40.38,42.48,44.59,46.69,48.80,50.90,53.01,55.11,57.22,59.32,61.43,63.53,43.53,165.000,0.9672,51.02,81.93,HOLD,0,36,1,0
318,21.20,23.54,25.65,27.76,29.86,31.97,34.07,36.18,38.28,40.39,42.49,44.60,46.70,48.81,50.91,53.02,55.12,57.23,59.33,61.44,63.54,43.54,165.000,0.9672,51.02,81.93,HOLD,0,36,1,0
319,21.27,23.56,25.66,27.77,29.87,31.98,34.08,36.19,38.29,40.40,42.50,44.61,46.71,48.82,50.92,53.03,55.13,57.24,59.34,61.45,63.56,43.56,165.000,0.9672,51.02,81.93,HOLD,0,36,1,0
320,21.33,23.57,25.67,27.78,29.88,31.99,34.09,36.20,38.30,40.41,42.51,44.62,46.72,48.83,50.93,53.04,55.15,57.25,59.36,61.46,63.57,43.57,165.000,0.9672,51.02,81.93,HOLD,0,36,1,0
321,21.40,23.58,25.68,27.79,29.89,32.00,34.10,36.21,38.31,40.42,42.52,44.63,46.74,48.84,50.95,53.05,55.16,57.26,59.37,61.47,63.58,43.58,165.000,0.9672,51.02,81.93,HOLD,0,36,1,0
322,21.47,23.59,25.69,27.80,29.90,32.01,34.11,36.22,38.32,40.43,42.54,44.64,46.75,48.85,50.96,53.06,55.17,57.27,59.38,61.48,63.59,43.59,165.000,0.9672,51.02,81.93,HOLD,0,36,1,0
323,21.53,23.60,25.70,27.81,29.91,32.02,34.13,36.23,38.34,40.44,42.55,44.65,46.76,48.86,50.97,53.07,55.18,57.28,59.39,61.49,63.60,43.60,165.000,0.9672,51.02,81.93,HOLD,0,36,1,0
324,21.60,23.61,25.72,27.82,29.93,32.03,34.14,36.24,38.35,40.45,42.56,44.66,46.77,48.87,50.98,53.08,55.19,57.29,59.40,61.50,63.61,43.61,165.000,0.9672,51.02,81.93,HOLD,0,36,1,0
325,21.67,23.62,25.73,27.83,29.94,32.04,34.15,36.25,38.36,40.46,42.57,44.67,46.78,48.88,50.99,53.09,55.20,57.30,59.41,61.52,63.62,43.62,165.000,0.9672,51.02,81.93,HOLD,0,36,1,0
326,21.73,23.63,25.74,27.84,29.95,32.05,34.16,36.26,38.37,40.47,42.58,44.68,46.79,48.89,51.00,53.11,55.21,57.32,59.42,61.53,63.63,43.63,165.000,0.9672,51.02,81.93,HOLD,0,36,1,0
327,21.80,23.64,25.75,27.85,29.96,32.06,34.17,36.27,38.38,40.48,42.59,44.70,46.80,48.91,51.01,53.12,55.22,57.33,59.43,61.54,63.64,43.64,165.000,0.9672,51.02,81.93,HOLD,0,36,1,0
328,21.87,23.65,25.76,27.86,29.97,32.07,34.18,36.28,38.39,40.50,42.60,44.71,46.81,48.92,51.02,53.13,55.23,57.34,59.44,61.55,63.65,43.65,165.000,0.9672,51.02,81.93,HOLD,0,36,1,0
329,21.93,23.66,25.77,27.87,29.98,32.09,34.19,36.30,38.40,40.51,42.61,44.72,46.82,48.93,51.03,53.14,55.24,57.35,59.45,61.56,63.66,43.66,165.000,0.9672,51.02,81.93,HOLD,0,36,1,0
330,22.00,23.68,25.78,27.89,29.99,32.10,34.20,36.31,38.41,40.52,42.62,44.73,46.83,48.94,51.04,53.15,55.25,57.36,59.46,61.57,63.68,43.68,165.000,0.9672,51.02,81.93,HOLD,0,36,1,0
331,22.07,23.69,25.79,27.90,30.00,32.11,34.21,36.32,38.42,40.53,42.63,44.74,46.84,48.95,51.05,53.16,55.27,57.37,59.48,61.58,63.69,43.69,165.000,0.9672,51.02,81.93,HOLD,0,36,1,0
332,22.13,23.70,25.80,27.91,30.01,32.12,34.22,36.33,38.43,40.54,42.64,44.75,46.85,48.96,51.07,53.17,55.28,57.38,59.49,61.59,63.70,43.70,165.000,0.9672,51.02,81.93,HOLD,0,36,1,0
333,22.20,23.71,25.81,27.92,30.02,32.13,34.23,36.34,38.44,40.55,42.66,44.76,46.87,48.97,51.08,53.18,55.29,57.39,59.50,61.60,63.71,43.71,165.000,0.9672,51.02,81.93,HOLD,0,36,1,0
334,22.27,23.72,25.82,27.93,30.03,32.14,34.25,36.35,38.46,40.56,42.67,44.77,46.88,48.98,51.09,53.19,55.30,57.40,59.51,61.61,63.72,43.72,165.000,0.9672,51.02,81.93,HOLD,0,36,1,0
335,22.33,23.73,25.83,27.94,30.05,32.15,34.26,36.36,38.47,40.57,42.68,44.78,46.89,48.99,51.10,53.20,55.31,57.41,59.52,61.62,63.73,43.73,165.000,0.9672,51.02,81.93,HOLD,0,36,1,0
336,22.40,23.74,25.85,27.95,30.06,32.16,34.27,36.37,38.48,40.58,42.69,44.79,46.90,49.00,51.11,53.21,55.32,57.42,59.53,61.64,63.74,43.74,165.000,0.9672,51.02,81.93,HOLD,0,36,1,0
337,22.47,23.75,25.86,27.96,30.07,32.17,34.28,36.38,38.49,40.59,42.70,44.80,46.91,49.01,51.12,53.23,55.33,57.44,59.54,61.65,63.75,43.75,165.000,0.9672,51.02,81.93,HOLD,0,36,1,0
338,22.53,23.76,25.87,27.97,30.08,32.18,34.29,36.39,38.50,40.60,42.71,44.81,46.92,49.03,51.13,53.24,55.34,57.45,59.55,61.66,63.76,43.76,165.000,0.9672,51.02,81.93,HOLD,0,36,1,0
339,22.60,23.77,25.88,27.98,30.09,32.19,34.30,36.40,38.51,40.62,42.72,44.83,46.93,49.04,51.14,53.25,55.35,57.46,59.56,61.67,63.77,43.77,165.000,0.9672,51.02,81.93,HOLD,0,36,1,0
340,22.67,23.78,25.89,27.99,30.10,32.21,34.31,36.42,38.52,40.63,42.73,44.84,46.94,49.05,51.15,53.26,55.36,57.47,59.57,61.68,63.78,43.78,165.000,0.9672,51.02,81.93,HOLD,0,36,1,0
341,22.73,23.79,25.90,28.01,30.11,32.22,34.32,36.43,38.53,40.64,42.74,44.85,46.95,49.06,51.16,53.27,55.37,57.48,59.58,61.69,63.79,43.79,165.000,0.9672,51.02,81.93,HOLD,0,36,1,0
342,22.80,23.81,25.91,28.02,30.12,32.23,34.33,36.44,38.54,40.65,42.75,44.86,46.96,49.07,51.17,53.28,55.38,57.49,59.60,61.70,63.81,43.81,165.000,0.9672,51.02,81.93,HOLD,0,36,1,0
343,22.87,23.82,25.92,28.03,30.13,32.24,34.34,36.45,38.55,40.66,42.76,44.87,46.97,49.08,51.19,53.29,55.40,57.50,59.61,61.71,63.82,43.82,165.000,0.9672,51.02,81.93,HOLD,0,36,1,0
344,22.93,23.83,25.93,28.04,30.14,32.25,34.35,36.46,38.56,40.67,42.77,44.88,46.99,49.09,51.20,53.30,55.41,57.51,59.62,61.72,63.83,43.83,165.000,0.9672,51.02,81.93,HOLD,0,36,1,0
345,23.00,23.84,25.94,28.05,30.15,32.26,34.36,36.47,38.58,40.68,42.79,44.89,47.00,49.10,51.21,53.31,55.42,57.52,59.63,61.73,63.84,43.84,165.000,0.9672,51.02,81.93,HOLD,0,36,1,0
346,23.07,23.85,25.95,28.06,30.17,32.27,34.38,36.48,38.59,40.69,42.80,44.90,47.01,49.11,51.22,53.32,55.43,57.53,59.64,61.74,63.85,43.85,165.000,0.9672,51.02,81.93,HOLD,0,36,1,0
347,23.13,23.86,25.97,28.07,30.18,32.28,34.39,36.49,38.60,40.70,42.81,44.91,47.02,49.12,51.23,53.33,55.44,57.54,59.65,61.76,63.86,43.86,165.000,0.9672,51.02,81.93,HOLD,0,36,1,0
348,23.20,23.87,25.98,28.08,30.19,32.29,34.40,36.50,38.61,40.71,42.82,44.92,47.03,49.13,51.24,53.34,55.45,57.56,59.66,61.77,63.87,43.87,165.000,0.9672,51.02,81.93,HOLD,0,36,1,0
349,23.27,23.88,25.99,28.09,30.20,32.30,34.41,36.51,38.62,40.72,42.83,44.93,47.04,49.15,51.25,53.36,55.46,57.57,59.67,61.78,63.88,43.88,165.000,0.9672,51.02,81.93,HOLD,0,36,1,0
350,23.33,23.89,26.00,28.10,30.21,32.31,34.42,36.52,38.63,40.74,42.84,44.95,47.05,49.16,51.26,53.37,55.47,57.58,59.68,61.79,63.89,43.89,165.000,0.9672,51.02,81.93,HOLD,0,36,1,0
351,23.40,23.90,26.01,28.11,30.22,32.32,34.43,36.54,38.64,40.75,42.85,44.96,47.06,49.17,51.27,53.38,55.48,57.59,59.69,61.80,63.90,43.90,165.000,0.9672,51.02,81.93,HOLD,0,36,1,0
352,23.47,23.91,26.02,28.13,30.23,32.34,34.44,36.55,38.65,40.76,42.86,44.97,47.07,49.18,51.28,53.39,55.49,57.60,59.70,61.81,63.91,43.91,165.000,0.9672,51.02,81.93,HOLD,0,36,1,0
353,23.53,23.93,26.03,28.14,30.24,32.35,34.45,36.56,38.66,40.77,42.87,44.98,47.08,49.19,51.29,53.40,55.50,57.61,59.72,61.82,63.93,43.93,165.000,0.9672,51.02,81.93,HOLD,0,36,1,0
354,23.60,23.94,26.04,28.15,30.25,32.36,34.46,36.57,38.67,40.78,42.88,44.99,47.09,49.20,51.30,53.41,55.52,57.62,59.73,61.83,63.94,43.94,165.000,0.9672,51.02,81.93,HOLD,0,36,1,0
355,23.67,23.95,26.05,28.16,30.26,32.37,34.47,36.58,38.68,40.79,42.89,45.00,47.11,49.21,51.32,53.42,55.53,57.63,59.74,61.84,63.95,43.95,165.000,0.9672,51.02,81.93,HOLD,0,36,1,0
356,23.73,23.96,26.06,28.17,30.27,32.38,34.48,36.59,38.70,40.80,42.91,45.01,47.12,49.22,51.33,53.43,55.54,57.64,59.75,61.85,63.96,43.96,165.000,0.9672,51.02,81.93,HOLD,0,36,1,0
357,23.80,23.97,26.07,28.18,30.28,32.39,34.50,36.60,38.71,40.81,42.92,45.02,47.13,49.23,51.34,53.44,55.55,57.65,59.76,61.86,63.97,43.97,165.000,0.9672,51.02,81.93,HOLD,0,36,1,0
358,23.87,23.98,26.09,28.19,30.30,32.40,34.51,36.61,38.72,40.82,42.93,45.03,47.14,49.24,51.35,53.45,55.56,57.66,59.77,61.87,63.98,43.98,165.000,0.9672,51.02,81.93,HOLD,0,36,1,0
359,23.93,23.99,26.10,28.20,30.31,32.41,34.52,36.62,38.73,40.83,42.94,45.04,47.15,49.25,51.36,53.46,55.57,57.68,59.78,61.89,63.99,43.99,165.000,0.9672,51.02,81.93,HOLD,0,36,1,0
360,24.00,24.00,26.11,28.21,30.32,32.42,34.53,36.63,38.74,40.84,42.95,45.05,47.16,49.26,51.37,53.48,55.58,57.69,59.79,61.90,64.00,44.00,165.000,0.9672,51.02,81.93,HOLD,0,36,1,0
361,24.07,24.01,26.12,28.22,30.33,32.43,34.54,36.64,38.75,40.85,42.96,45.07,47.17,49.28,51.38,53.49,55.59,57.70,59.80,61.91,64.01,44.01,165.000,0.9672,51.02,81.93,HOLD,0,36,1,0
362,24.13,24.02,26.13,28.23,30.34,32.44,34.55,36.66,38.76,40.87,42.97,45.08,47.18,49.29,51.39,53.50,55.60,57.71,59.81,61.92,64.02,44.02,165.000,0.9672,51.02,81.93,HOLD,0,36,1,0
363,24.20,24.03,26.14,28.25,30.35,32.46,34.56,36.67,38.77,40.88,42.98,45.09,47.19,49.30,51.40,53.51,55.61,57.72,59.82,61.93,64.03,44.03,165.000,0.9672,51.02,81.93,HOLD,0,36,1,0
364,24.27,24.05,26.15,28.26,30.36,32.47,34.57,36.68,38.78,40.89,42.99,45.10,47.20,49.31,51.41,53.52,55.62,57.73,59.83,61.94,64.05,44.05,165.000,0.9672,51.02,81.93,HOLD,0,36,1,0
365,24.33,24.06,26.16,28.27,30.37,32.48,34.58,36.69,38.79,40.90,43.00,45.11,47.21,49.32,51.42,53.53,55.64,57.74,59.85,61.95,64.06,44.06,165.000,0.9672,51.02,81.93,HOLD,0,36,1,0
366,24.40,24.07,26.17,28.28,30.38,32.49,34.59,36.70,38.80,40.91,43.01,45.12,47.23,49.33,51.44,53.54,55.65,57.75,59.86,61.96,64.07,44.07,165.000,0.9672,51.02,81.93,HOLD,0,36,1,0
367,24.47,24.08,26.18,28.29,30.39,32.50,34.60,36.71,38.81,40.92,43.03,45.13,47.24,49.34,51.45,53.55,55.66,57.76,59.87,61.97,64.08,44.08,165.000,0.9672,51.02,81.93,HOLD,0,36,1,0
368,24.53,24.09,26.19,28.30,30.40,32.51,34.62,36.72,38.83,40.93,43.04,45.14,47.25,49.35,51.46,53.56,55.67,57.77,59.88,61.98,64.09,44.09,165.000,0.9672,51.02,81.93,HOLD,0,36,1,0
369,24.60,24.10,26.21,28.31,30.42,32.52,34.63,36.73,38.84,40.94,43.05,45.15,47.26,49.36,51.47,53.57,55.68,57.78,59.89,61.99,64.10,44.10,165.000,0.9672,51.02,81.93,HOLD,0,36,1,0
370,24.67,24.11,26.22,28.32,30.43,32.53,34.64,36.74,38.85,40.95,43.06,45.16,47.27,49.37,51.48,53.58,55.69,57.79,59.90,62.01,64.11,44.11,165.000,0.9672,51.02,81.93,HOLD,0,36,1,0
371,24.73,24.12,26.23,28.33,30.44,32.54,34.65,36.75,38.86,40.96,43.07,45.17,47.28,49.38,51.49,53.60,55.70,57.81,59.91,62.02,64.12,44.12,165.000,0.9672,51.02,81.93,HOLD,0,36,1,0
372,24.80,24.13,26.24,28.34,30.45,32.55,34.66,36.76,38.87,40.97,43.08,45.19,47.29,49.40,51.50,53.61,55.71,57.82,59.92,62.03,64.13,44.13,165.000,0.9672,51.02,81.93,HOLD,0,36,1,0
373,24.87,24.14,26.25,28.35,30.46,32.56,34.67,36.77,38.88,40.99,43.09,45.20,47.30,49.41,51.51,53.62,55.72,57.83,59.93,62.04,64.14,44.14,165.000,0.9672,51.02,81.93,HOLD,0,36,1,0
374,24.93,24.15,26.26,28.36,30.47,32.58,34.68,36.79,38.89,41.00,43.10,45.21,47.31,49.42,51.52,53.63,55.73,57.84,59.94,62.05,64.15,44.15,165.000,0.9672,51.02,81.93,HOLD,0,36,1,0
375,25.00,24.17,26.27,28.38,30.48,32.59,34.69,36.80,38.90,41.01,43.11,45.22,47.32,49.43,51.53,53.64,55.74,57.85,59.95,62.06,64.17,44.17,165.000,0.9672,51.02,81.93,HOLD,0,36,1,0
376,25.07,24.18,26.28,28.39,30.49,32.60,34.70,36.81,38.91,41.02,43.12,45.23,47.33,49.44,51.54,53.65,55.76,57.86,59.97,62.07,64.18,44.18,165.000,0.9672,51.02,81.93,HOLD,0,36,1,0
377,25.13,24.19,26.29,28.40,30.50,32.61,34.71,36.82,38.92,41.03,43.13,45.24,47.34,49.45,51.56,53.66,55.77,57.87,59.98,62.08,64.19,44.19,165.000,0.9672,51.02,81.93,HOLD,0,36,1,0
378,25.20,24.20,26.30,28.41,30.51,32.62,34.72,36.83,38.93,41.04,43.15,45.25,47.36,49.46,51.57,53.67,55.78,57.88,59.99,62.09,64.20,44.20,165.000,0.9672,51.02,81.93,HOLD,0,36,1,0
379,25.27,24.21,26.31,28.42,30.52,32.63,34.74,36.84,38.95,41.05,43.16,45.26,47.37,49.47,51.58,53.68,55.79,57.89,60.00,62.10,64.21,44.21,165.000,0.9672,51.02,81.93,HOLD,0,36,1,0
380,25.33,24.22,26.32,28.43,30.54,32.64,34.75,36.85,38.96,41.06,43.17,45.27,47.38,49.48,51.59,53.69,55.80,57.90,60.01,62.11,64.22,44.22,165.000,0.9672,51.02,81.93,HOLD,0,36,1,0
381,25.40,24.23,26.34,28.44,30.55,32.65,34.76,36.86,38.97,41.07,43.18,45.28,47.39,49.49,51.60,53.70,55.81,57.91,60.02,62.13,64.23,44.23,165.000,0.9672,51.02,81.93,HOLD,0,36,1,0
382,25.47,24.24,26.35,28.45,30.56,32.66,34.77,36.87,38.98,41.08,43.19,45.29,47.40,49.50,51.61,53.72,55.82,57.93,60.03,62.14,64.24,44.24,165.000,0.9672,51.02,81.93,HOLD,0,36,1,0
383,25.53,24.25,26.36,28.46,30.57,32.67,34.78,36.88,38.99,41.09,43.20,45.30,47.41,49.52,51.62,53.73,55.83,57.94,60.04,62.15,64.25,44.25,165.000,0.9672,51.02,81.93,HOLD,0,36,1,0
384,25.60,24.26,26.37,28.47,30.58,32.68,34.79,36.89,39.00,41.11,43.21,45.32,47.42,49.53,51.63,53.74,55.84,57.95,60.05,62.16,64.26,44.26,165.000,0.9672,51.02,81.93,HOLD,0,36,1,0
385,25.67,24.27,26.38,28.48,30.59,32.70,34.80,36.91,39.01,41.12,43.22,45.33,47.43,49.54,51.64,53.75,55.85,57.96,60.06,62.17,64.27,44.27,165.000,0.9672,51.02,81.93,HOLD,0,36,1,0
386,25.73,24.28,26.39,28.50,30.60,32.71,34.81,36.92,39.02,41.13,43.23,45.34,47.44,49.55,51.65,53.76,55.86,57.97,60.07,62.18,64.28,44.28,165.000,0.9672,51.02,81.93,HOLD,0,36,1,0
387,25.80,24.30,26.40,28.51,30.61,32.72,34.82,36.93,39.03,41.14,43.24,45.35,47.45,49.56,51.66,53.77,55.87,57.98,60.09,62.19,64.30,44.30,165.000,0.9672,51.02,81.93,HOLD,0,36,1,0
388,25.87,24.31,26.41,28.52,30.62,32.73,34.83,36.94,39.04,41.15,43.25,45.36,47.46,49.57,51.68,53.78,55.89,57.99,60.10,62.20,64.31,44.31,165.000,0.9672,51.02,81.93,HOLD,0,36,1,0
389,25.93,24.32,26.42,28.53,30.63,32.74,34.84,36.95,39.05,41.16,43.26,45.37,47.48,49.58,51.69,53.79,55.90,58.00,60.11,62.21,64.32,44.32,165.000,0.9672,51.02,81.93,HOLD,0,36,1,0
390,26.00,24.33,26.43,28.54,30.64,32.75,34.85,36.96,39.07,41.17,43.28,45.38,47.49,49.59,51.70,53.80,55.91,58.01,60.12,62.22,64.33,44.33,165.000,0.9672,51.02,81.93,HOLD,0,36,1,0
391,26.07,24.34,26.44,28.55,30.66,32.76,34.87,36.97,39.08,41.18,43.29,45.39,47.50,49.60,51.71,53.81,55.92,58.02,60.13,62.23,64.34,44.34,165.000,0.9672,51.02,81.93,HOLD,0,36,1,0
392,26.13,24.35,26.46,28.56,30.67,32.77,34.88,36.98,39.09,41.19,43.30,45.40,47.51,49.61,51.72,53.82,55.93,58.03,60.14,62.25,64.35,44.35,165.000,0.9672,51.02,81.93,HOLD,0,36,1,0
393,26.20,24.36,26.47,28.57,30.68,32.78,34.89,36.99,39.10,41.20,43.31,45.41,47.52,49.62,51.73,53.83,55.94,58.05,60.15,62.26,64.36,44.36,165.000,0.9672,51.02,81.93,HOLD,0,36,1,0
394,26.27,24.37,26.48,28.58,30.69,32.79,34.90,37.00,39.11,41.21,43.32,45.42,47.53,49.64,51.74,53.85,55.95,58.06,60.16,62.27,64.37,44.37,165.000,0.9672,51.02,81.93,HOLD,0,36,1,0
395,26.33,24.38,26.49,28.59,30.70,32.80,34.91,37.01,39.12,41.23,43.33,45.44,47.54,49.65,51.75,53.86,55.96,58.07,60.17,62.28,64.38,44.38,165.000,0.9672,51.02,81.93,HOLD,0,36,1,0
396,26.40,24.39,26.50,28.60,30.71,32.81,34.92,37.03,39.13,41.24,43.34,45.45,47.55,49.66,51.76,53.87,55.97,58.08,60.18,62.29,64.39,44.39,165.000,0.9672,51.02,81.93,HOLD,0,36,1,0
397,26.47,24.40,26.51,28.62,30.72,32.83,34.93,37.04,39.14,41.25,43.35,45.46,47.56,49.67,51.77,53.88,55.98,58.09,60.19,62.30,64.40,44.40,165.000,0.9672,51.02,81.93,HOLD,0,36,1,0
398,26.53,24.42,26.52,28.63,30.73,32.84,34.94,37.05,39.15,41.26,43.36,45.47,47.57,49.68,51.78,53.89,55.99,58.10,60.21,62.31,64.42,44.42,165.000,0.9672,51.02,81.93,HOLD,0,36,1,0
399,26.60,24.43,26.53,28.64,30.74,32.85,34.95,37.06,39.16,41.27,43.37,45.48,47.58,49.69,51.79,53.90,56.01,58.11,60.22,62.32,64.43,44.43,165.000,0.9672,51.02,81.93,HOLD,0,36,1,0
400,26.67,24.44,26.54,28.65,30.75,32.86,34.96,37.07,39.17,41.28,43.38,45.49,47.60,49.70,51.81,53.91,56.02,58.12,60.23,62.33,64.44,44.44,165.000,0.9672,51.02,81.93,HOLD,0,36,1,0
401,26.73,24.45,26.55,28.66,30.76,32.87,34.97,37.08,39.19,41.29,43.40,45.50,47.61,49.71,51.82,53.92,56.03,58.13,60.24,62.34,64.45,44.45,165.000,0.9672,51.02,81.93,HOLD,0,36,1,0
402,26.80,24.46,26.56,28.67,30.77,32.88,34.99,37.09,39.20,41.30,43.41,45.51,47.62,49.72,51.83,53.93,56.04,58.14,60.25,62.35,64.46,44.46,165.000,0.9672,51.02,81.93,HOLD,0,36,1,0
403,26.87,24.47,26.58,28.68,30.79,32.89,35.00,37.10,39.21,41.31,43.42,45.52,47.63,49.73,51.84,53.94,56.05,58.15,60.26,62.36,64.47,44.47,165.000,0.9672,51.02,81.93,HOLD,0,36,1,0
404,26.93,24.48,26.59,28.69,30.80,32.90,35.01,37.11,39.22,41.32,43.43,45.53,47.64,49.74,51.85,53.95,56.06,58.17,60.27,62.38,64.48,44.48,165.000,0.9672,51.02,81.93,HOLD,0,36,1,0
405,27.00,24.49,26.60,28.70,30.81,32.91,35.02,37.12,39.23,41.33,43.44,45.54,47.65,49.75,51.86,53.97,56.07,58.18,60.28,62.39,64.49,44.49,165.000,0.9672,51.02,81.93,HOLD,0,36,1,0
406,27.07,24.50,26.61,28.71,30.82,32.92,35.03,37.13,39.24,41.34,43.45,45.56,47.66,49.77,51.87,53.98,56.08,58.19,60.29,62.40,64.50,44.50,165.000,0.9672,51.02,81.93,HOLD,0,36,1,0
407,27.13,24.51,26.62,28.72,30.83,32.93,35.04,37.15,39.25,41.36,43.46,45.57,47.67,49.78,51.88,53.99,56.09,58.20,60.30,62.41,64.51,44.51,165.000,0.9672,51.02,81.93,HOLD,0,36,1,0
408,27.20,24.52,26.63,28.74,30.84,32.95,35.05,37.16,39.26,41.37,43.47,45.58,47.68,49.79,51.89,54.00,56.10,58.21,60.31,62.42,64.52,44.52,165.000,0.9672,51.02,81.93,HOLD,0,36,1,0
409,27.27,24.54,26.64,28.75,30.85,32.96,35.06,37.17,39.27,41.38,43.48,45.59,47.69,49.80,51.90,54.01,56.11,58.22,60.32,62.43,64.54,44.54,165.000,0.9672,51.02,81.93,HOLD,0,36,1,0
410,27.33,24.55,26.65,28.76,30.86,32.97,35.07,37.18,39.28,41.39,43.49,45.60,47.70,49.81,51.91,54.02,56.13,58.23,60.34,62.44,64.55,44.55,165.000,0.9672,51.02,81.93,HOLD,0,36,1,0
411,27.40,24.56,26.66,28.77,30.87,32.98,35.08,37.19,39.29,41.40,43.50,45.61,47.72,49.82,51.93,54.03,56.14,58.24,60.35,62.45,64.56,44.56,165.000,0.9672,51.02,81.93,HOLD,0,36,1,0
412,27.47,24.57,26.67,28.78,30.88,32.99,35.09,37.20,39.30,41.41,43.52,45.62,47.73,49.83,51.94,54.04,56.15,58.25,60.36,62.46,64.57,44.57,165.000,0.9672,51.02,81.93,HOLD,0,36,1,0
413,27.53,24.58,26.68,28.79,30.89,33.00,35.11,37.21,39.32,41.42,43.53,45.63,47.74,49.84,51.95,54.05,56.16,58.26,60.37,62.47,64.58,44.58,165.000,0.9672,51.02,81.93,HOLD,0,36,1,0
414,27.60,24.59,26.70,28.80,30.91,33.01,35.12,37.22,39.33,41.43,43.54,45.64,47.75,49.85,51.96,54.06,56.17,58.27,60.38,62.48,64.59,44.59,165.000,0.9672,51.02,81.93,HOLD,0,36,1,0
415,27.67,24.60,26.71,28.81,30.92,33.02,35.13,37.23,39.34,41.44,43.55,45.65,47.76,49.86,51.97,54.07,56.18,58.28,60.39,62.50,64.60,44.60,165.000,0.9672,51.02,81.93,HOLD,0,36,1,0
416,27.73,24.61,26.72,28.82,30.93,33.03,35.14,37.24,39.35,41.45,43.56,45.66,47.77,49.87,51.98,54.09,56.19,58.30,60.40,62.51,64.61,44.61,165.000,0.9672,51.02,81.93,HOLD,0,36,1,0
417,27.80,24.62,26.73,28.83,30.94,33.04,35.15,37.25,39.36,41.46,43.57,45.68,47.78,49.89,51.99,54.10,56.20,58.31,60.41,62.52,64.62,44.62,165.000,0.9672,51.02,81.93,HOLD,0,36,1,0
418,27.87,24.63,26.74,28.84,30.95,33.05,35.16,37.26,39.37,41.48,43.58,45.69,47.79,49.90,52.00,54.11,56.21,58.32,60.42,62.53,64.63,44.63,165.000,0.9672,51.02,81.93,HOLD,0,36,1,0
419,27.93,24.64,26.75,28.85,30.96,33.07,35.17,37.28,39.38,41.49,43.59,45.70,47.80,49.91,52.01,54.12,56.22,58.33,60.43,62.54,64.64,44.64,165.000,0.9672,51.02,81.93,HOLD,0,36,1,0
420,28.00,24.66,26.76,28.87,30.97,33.08,35.18,37.29,39.39,41.50,43.60,45.71,47.81,49.92,52.02,54.13,56.23,58.34,60.44,62.55,64.66,44.66,165.000,0.9672,51.02,81.93,HOLD,0,36,1,0
421,28.07,24.67,26.77,28.88,30.98,33.09,35.19,37.30,39.40,41.51,43.61,45.72,47.82,49.93,52.03,54.14,56.25,58.35,60.46,62.56,64.67,44.67,165.000,0.9672,51.02,81.93,HOLD,0,36,1,0
422,28.13,24.68,26.78,28.89,30.99,33.10,35.20,37.31,39.41,41.52,43.62,45.73,47.83,49.94,52.05,54.15,56.26,58.36,60.47,62.57,64.68,44.68,165.000,0.9672,51.02,81.93,HOLD,0,36,1,0
423,28.20,24.69,26.79,28.90,31.00,33.11,35.21,37.32,39.42,41.53,43.64,45.74,47.85,49.95,52.06,54.16,56.27,58.37,60.48,62.58,64.69,44.69,165.000,0.9672,51.02,81.93,HOLD,0,36,1,0
424,28.27,24.70,26.80,28.91,31.01,33.12,35.23,37.33,39.44,41.54,43.65,45.75,47.86,49.96,52.07,54.17,56.28,58.38,60.49,62.59,64.70,44.70,165.000,0.9672,51.02,81.93,HOLD,0,36,1,0
425,28.33,24.71,26.81,28.92,31.03,33.13,35.24,37.34,39.45,41.55,43.66,45.76,47.87,49.97,52.08,54.18,56.29,58.39,60.50,62.60,64.71,44.71,165.000,0.9672,51.02,81.93,HOLD,0,36,1,0
426,28.40,24.72,26.83,28.93,31.04,33.14,35.25,37.35,39.46,41.56,43.67,45.77,47.88,49.98,52.09,54.19,56.30,58.40,60.51,62.62,64.72,44.72,165.000,0.9672,51.02,81.93,HOLD,0,36,1,0
427,28.47,24.73,26.84,28.94,31.05,33.15,35.26,37.36,39.47,41.57,43.68,45.78,47.89,49.99,52.10,54.21,56.31,58.42,60.52,62.63,64.73,44.73,165.000,0.9672,51.02,81.93,HOLD,0,36,1,0
428,28.53,24.74,26.85,28.95,31.06,33.16,35.27,37.37,39.48,41.58,43.69,45.79,47.90,50.01,52.11,54.22,56.32,58.43,60.53,62.64,64.74,44.74,165.000,0.9672,51.02,81.93,HOLD,0,36,1,0
429,28.60,24.75,26.86,28.96,31.07,33.17,35.28,37.38,39.49,41.60,43.70,45.81,47.91,50.02,52.12,54.23,56.33,58.44,60.54,62.65,64.75,44.75,165.000,0.9672,51.02,81.93,HOLD,0,36,1,0
430,28.67,24.76,26.87,28.97,31.08,33.19,35.29,37.40,39.50,41.61,43.71,45.82,47.92,50.03,52.13,54.24,56.34,58.45,60.55,62.66,64.76,44.76,165.000,0.9672,51.02,81.93,HOLD,0,36,1,0
431,28.73,24.77,26.88,28.99,31.09,33.20,35.30,37.41,39.51,41.62,43.72,45.83,47.93,50.04,52.14,54.25,56.35,58.46,60.56,62.67,64.77,44.77,165.000,0.9672,51.02,81.93,HOLD,0,36,1,0
432,28.80,24.79,26.89,29.00,31.10,33.21,35.31,37.42,39.52,41.63,43.73,45.84,47.94,50.05,52.15,54.26,56.36,58.47,60.58,62.68,64.79,44.79,165.000,0.9672,51.02,81.93,HOLD,0,36,1,0
433,28.87,24.80,26.90,29.01,31.11,33.22,35.32,37.43,39.53,41.64,43.74,45.85,47.95,50.06,52.17,54.27,56.38,58.48,60.59,62.69,64.80,44.80,165.000,0.9672,51.02,81.93,HOLD,0,36,1,0
434,28.93,24.81,26.91,29.02,31.12,33.23,35.33,37.44,39.54,41.65,43.75,45.86,47.97,50.07,52.18,54.28,56.39,58.49,60.60,62.70,64.81,44.81,165.000,0.9672,51.02,81.93,HOLD,0,36,1,0
435,29.00,24.82,26.92,29.03,31.13,33.24,35.34,37.45,39.56,41.66,43.77,45.87,47.98,50.08,52.19,54.29,56.40,58.50,60.61,62.71,64.82,44.82,165.000,0.9672,51.02,81.93,HOLD,0,36,1,0
436,29.07,24.83,26.93,29.04,31.15,33.25,35.36,37.46,39.57,41.67,43.78,45.88,47.99,50.09,52.20,54.30,56.41,58.51,60.62,62.72,64.83,44.83,165.000,0.9672,51.02,81.93,HOLD,0,36,1,0
437,29.13,24.84,26.95,29.05,31.16,33.26,35.37,37.47,39.58,41.68,43.79,45.89,48.00,50.10,52.21,54.31,56.42,58.52,60.63,62.74,64.84,44.84,165.000,0.9672,51.02,81.93,HOLD,0,36,1,0
438,29.20,24.85,26.96,29.06,31.17,33.27,35.38,37.48,39.59,41.69,43.80,45.90,48.01,50.11,52.22,54.32,56.43,58.54,60.64,62.75,64.85,44.85,165.000,0.9672,51.02,81.93,HOLD,0,36,1,0
439,29.27,24.86,26.97,29.07,31.18,33.28,35.39,37.49,39.60,41.70,43.81,45.91,48.02,50.13,52.23,54.34,56.44,58.55,60.65,62.76,64.86,44.86,165.000,0.9672,51.02,81.93,HOLD,0,36,1,0
440,29.33,24.87,26.98,29.08,31.19,33.29,35.40,37.50,39.61,41.72,43.82,45.93,48.03,50.14,52.24,54.35,56.45,58.56,60.66,62.77,64.87,44.87,165.000,0.9672,51.02,81.93,HOLD,0,36,1,0
441,29.40,24.88,26.99,29.09,31.20,33.30,35.41,37.52,39.62,41.73,43.83,45.94,48.04,50.15,52.25,54.36,56.46,58.57,60.67,62.78,64.88,44.88,165.000,0.9672,51.02,81.93,HOLD,0,36,1,0
442,29.47,24.89,27.00,29.11,31.21,33.32,35.42,37.53,39.63,41.74,43.84,45.95,48.05,50.16,52.26,54.37,56.47,58.58,60.68,62.79,64.89,44.89,165.000,0.9672,51.02,81.93,HOLD,0,36,1,0
443,29.53,24.91,27.01,29.12,31.22,33.33,35.43,37.54,39.64,41.75,43.85,45.96,48.06,50.17,52.27,54.38,56.48,58.59,60.70,62.80,64.91,44.91,165.000,0.9672,51.02,81.93,HOLD,0,36,1,0
444,29.60,24.92,27.02,29.13,31.23,33.34,35.44,37.55,39.65,41.76,43.86,45.97,48.07,50.18,52.28,54.39,56.50,58.60,60.71,62.81,64.92,44.92,165.000,0.9672,51.02,81.93,HOLD,0,36,1,0
445,29.67,24.93,27.03,29.14,31.24,33.35,35.45,37.56,39.66,41.77,43.87,45.98,48.09,50.19,52.30,54.40,56.51,58.61,60.72,62.82,64.93,44.93,165.000,0.9672,51.02,81.93,HOLD,0,36,1,0
446,29.73,24.94,27.04,29.15,31.25,33.36,35.46,37.57,39.68,41.78,43.89,45.99,48.10,50.20,52.31,54.41,56.52,58.62,60.73,62.83,64.94,44.94,165.000,0.9672,51.02,81.93,HOLD,0,36,1,0
447,29.80,24.95,27.05,29.16,31.26,33.37,35.48,37.58,39.69,41.79,43.90,46.00,48.11,50.21,52.32,54.42,56.53,58.63,60.74,62.84,64.95,44.95,165.000,0.9672,51.02,81.93,HOLD,0,36,1,0
448,29.87,24.96,27.07,29.17,31.28,33.38,35.49,37.59,39.70,41.80,43.91,46.01,48.12,50.22,52.33,54.43,56.54,58.64,60.75,62.85,64.96,44.96,165.000,0.9672,51.02,81.93,HOLD,0,36,1,0
449,29.93,24.97,27.08,29.18,31.29,33.39,35.50,37.60,39.71,41.81,43.92,46.02,48.13,50.23,52.34,54.44,56.55,58.66,60.76,62.87,64.97,44.97,165.000,0.9672,51.02,81.93,HOLD,0,36,1,0
450,30.00,24.98,27.09,29.19,31.30,33.40,35.51,37.61,39.72,41.82,43.93,46.03,48.14,50.24,52.35,54.46,56.56,58.67,60.77,62.88,64.98,44.98,165.000,0.9672,51.02,81.93,HOLD,0,36,1,0
451,30.07,24.99,27.10,29.20,31.31,33.41,35.52,37.62,39.73,41.83,43.94,46.05,48.15,50.26,52.36,54.47,56.57,58.68,60.78,62.89,64.99,44.99,165.000,0.9672,51.02,81.93,HOLD,0,36,1,0
452,30.13,25.00,27.11,29.21,31.32,33.42,35.53,37.64,39.74,41.85,43.95,46.06,48.16,50.27,52.37,54.48,56.58,58.69,60.79,62.90,65.00,45.00,165.000,0.9672,51.02,81.93,HOLD,0,36,1,0
453,30.20,25.01,27.12,29.23,31.33,33.44,35.54,37.65,39.75,41.86,43.96,46.07,48.17,50.28,52.38,54.49,56.59,58.70,60.80,62.91,65.01,45.01,165.000,0.9672,51.02,81.93,HOLD,0,36,1,0
454,30.27,25.03,27.13,29.24,31.34,33.45,35.55,37.66,39.76,41.87,43.97,46.08,48.18,50.29,52.39,54.50,56.60,58.71,60.81,62.92,65.03,45.03,165.000,0.9672,51.02,81.93,HOLD,0,36,1,0
455,30.33,25.04,27.14,29.25,31.35,33.46,35.56,37.67,39.77,41.88,43.98,46.09,48.19,50.30,52.40,54.51,56.62,58.72,60.83,62.93,65.04,45.04,165.000,0.9672,51.02,81.93,HOLD,0,36,1,0
456,30.40,25.05,27.15,29.26,31.36,33.47,35.57,37.68,39.78,41.89,43.99,46.10,48.21,50.31,52.42,54.52,56.63,58.73,60.84,62.94,65.05,45.05,165.000,0.9672,51.02,81.93,HOLD,0,36,1,0
457,30.47,25.06,27.16,29.27,31.37,33.48,35.58,37.69,39.79,41.90,44.01,46.11,48.22,50.32,52.43,54.53,56.64,58.74,60.85,62.95,65.06,45.06,165.000,0.9672,51.02,81.93,HOLD,0,36,1,0
458,30.53,25.07,27.17,29.28,31.38,33.49,35.60,37.70,39.81,41.91,44.02,46.12,48.23,50.33,52.44,54.54,56.65,58.75,60.86,62.96,65.07,45.07,165.000,0.9672,51.02,81.93,HOLD,0,36,1,0
459,30.60,25.08,27.19,29.29,31.40,33.50,35.61,37.71,39.82,41.92,44.03,46.13,48.24,50.34,52.45,54.55,56.66,58.76,60.87,62.97,65.08,45.08,165.000,0.9672,51.02,81.93,HOLD,0,36,1,0
460,30.67,25.09,27.20,29.30,31.41,33.51,35.62,37.72,39.83,41.93,44.04,46.14,48.25,50.35,52.46,54.56,56.67,58.77,60.88,62.99,65.09,45.09,165.000,0.9672,51.02,81.93,HOLD,0,36,1,0
461,30.73,25.10,27.21,29.31,31.42,33.52,35.63,37.73,39.84,41.94,44.05,46.15,48.26,50.36,52.47,54.58,56.68,58.79,60.89,63.00,65.10,45.10,165.000,0.9672,51.02,81.93,HOLD,0,36,1,0
462,30.80,25.11,27.22,29.32,31.43,33.53,35.64,37.74,39.85,41.95,44.06,46.17,48.27,50.38,52.48,54.59,56.69,58.80,60.90,63.01,65.11,45.11,165.000,0.9672,51.02,81.93,HOLD,0,36,1,0
463,30.87,25.12,27.23,29.33,31.44,33.54,35.65,37.75,39.86,41.97,44.07,46.18,48.28,50.39,52.49,54.60,56.70,58.81,60.91,63.02,65.12,45.12,165.000,0.9672,51.02,81.93,HOLD,0,36,1,0
464,30.93,25.13,27.24,29.34,31.45,33.56,35.66,37.77,39.87,41.98,44.08,46.19,48.29,50.40,52.50,54.61,56.71,58.82,60.92,63.03,65.13,45.13,165.000,0.9672,51.02,81.93,HOLD,0,36,1,0
465,31.00,25.15,27.25,29.36,31.46,33.57,35.67,37.78,39.88,41.99,44.09,46.20,48.30,50.41,52.51,54.62,56.72,58.83,60.93,63.04,65.15,45.15,165.000,0.9672,51.02,81.93,HOLD,0,36,1,0
466,31.07,25.16,27.26,29.37,31.47,33.58,35.68,37.79,39.89,42.00,44.10,46.21,48.31,50.42,52.52,54.63,56.74,58.84,60.95,63.05,65.16,45.16,165.000,0.9672,51.02,81.93,HOLD,0,36,1,0
467,31.13,25.17,27.27,29.38,31.48,33.59,35.69,37.80,39.90,42.01,44.11,46.22,48.32,50.43,52.54,54.64,56.75,58.85,60.96,63.06,65.17,45.17,165.000,0.9672,51.02,81.93,HOLD,0,36,1,0
468,31.20,25.18,27.28,29.39,31.49,33.60,35.70,37.81,39.91,42.02,44.13,46.23,48.34,50.44,52.55,54.65,56.76,58.86,60.97,63.07,65.18,45.18,165.000,0.9672,51.02,81.93,HOLD,0,36,1,0
469,31.27,25.19,27.29,29.40,31.50,33.61,35.72,37.82,39.93,42.03,44.14,46.24,48.35,50.45,52.56,54.66,56.77,58.87,60.98,63.08,65.19,45.19,165.000,0.9672,51.02,81.93,HOLD,0,36,1,0
470,31.33,25.20,27.30,29.41,31.52,33.62,35.73,37.83,39.94,42.04,44.15,46.25,48.36,50.46,52.57,54.67,56.78,58.88,60.99,63.09,65.20,45.20,165.000,0.9672,51.02,81.93,HOLD,0,36,1,0
471,31.40,25.21,27.32,29.42,31.53,33.63,35.74,37.84,39.95,42.05,44.16,46.26,48.37,50.47,52.58,54.68,56.79,58.89,61.00,63.11,65.21,45.21,165.000,0.9672,51.02,81.93,HOLD,0,36,1,0
472,31.47,25.22,27.33,29.43,31.54,33.64,35.75,37.85,39.96,42.06,44.17,46.27,48.38,50.48,52.59,54.70,56.80,58.91,61.01,63.12,65.22,45.22,165.000,0.9672,51.02,81.93,HOLD,0,36,1,0
473,31.53,25.23,27.34,29.44,31.55,33.65,35.76,37.86,39.97,42.07,44.18,46.28,48.39,50.50,52.60,54.71,56.81,58.92,61.02,63.13,65.23,45.23,165.000,0.9672,51.02,81.93,HOLD,0,36,1,0
474,31.60,25.24,27.35,29.45,31.56,33.66,35.77,37.87,39.98,42.09,44.19,46.30,48.40,50.51,52.61,54.72,56.82,58.93,61.03,63.14,65.24,45.24,165.000,0.9672,51.02,81.93,HOLD,0,36,1,0
475,31.67,25.25,27.36,29.46,31.57,33.68,35.78,37.89,39.99,42.10,44.20,46.31,48.41,50.52,52.62,54.73,56.83,58.94,61.04,63.15,65.25,45.25,165.000,0.9672,51.02,81.93,HOLD,0,36,1,0
476,31.73,25.26,27.37,29.48,31.58,33.69,35.79,37.90,40.00,42.11,44.21,46.32,48.42,50.53,52.63,54.74,56.84,58.95,61.05,63.16,65.26,45.26,165.000,0.9672,51.02,81.93,HOLD,0,36,1,0
477,31.80,25.28,27.38,29.49,31.59,33.70,35.80,37.91,40.01,42.12,44.22,46.33,48.43,50.54,52.64,54.75,56.85,58.96,61.07,63.17,65.28,45.28,165.000,0.9672,51.02,81.93,HOLD,0,36,1,0
478,31.87,25.29,27.39,29.50,31.60,33.71,35.81,37.92,40.02,42.13,44.23,46.34,48.44,50.55,52.66,54.76,56.87,58.97,61.08,63.18,65.29,45.29,165.000,0.9672,51.02,81.93,HOLD,0,36,1,0
479,31.93,25.30,27.40,29.51,31.61,33.72,35.82,37.93,40.03,42.14,44.24,46.35,48.46,50.56,52.67,54.77,56.88,58.98,61.09,63.19,65.30,45.30,165.000,0.9672,51.02,81.93,HOLD,0,36,1,0
480,32.00,25.31,27.41,29.52,31.62,33.73,35.83,37.94,40.05,42.15,44.26,46.36,48.47,50.57,52.68,54.78,56.89,58.99,61.10,63.20,65.31,45.31,165.000,0.9672,51.02,81.93,HOLD,0,36,1,0
481,32.07,25.32,27.42,29.53,31.64,33.74,35.85,37.95,40.06,42.16,44.27,46.37,48.48,50.58,52.69,54.79,56.90,59.00,61.11,63.21,65.32,45.32,165.000,0.9672,51.02,81.93,HOLD,0,36,1,0
482,32.13,25.33,27.44,29.54,31.65,33.75,35.86,37.96,40.07,42.17,44.28,46.38,48.49,50.59,52.70,54.80,56.91,59.01,61.12,63.23,65.33,45.33,165.000,0.9672,51.02,81.93,HOLD,0,36,1,0
483,32.20,25.34,27.45,29.55,31.66,33.76,35.87,37.97,40.08,42.18,44.29,46.39,48.50,50.60,52.71,54.81,56.92,59.03,61.13,63.24,65.34,45.34,165.000,0.9672,51.02,81.93,HOLD,0,36,1,0
484,32.27,25.35,27.46,29.56,31.67,33.77,35.88,37.98,40.09,42.19,44.30,46.40,48.51,50.62,52.72,54.83,56.93,59.04,61.14,63.25,65.35,45.35,165.000,0.9672,51.02,81.93,HOLD,0,36,1,0
485,32.33,25.36,27.47,29.57,31.68,33.78,35.89,37.99,40.10,42.21,44.31,46.42,48.52,50.63,52.73,54.84,56.94,59.05,61.15,63.26,65.36,45.36,165.000,0.9672,51.02,81.93,HOLD,0,36,1,0
486,32.40,25.37,27.48,29.58,31.69,33.79,35.90,38.01,40.11,42.22,44.32,46.43,48.53,50.64,52.74,54.85,56.95,59.06,61.16,63.27,65.37,45.37,165.000,0.9672,51.02,81.93,HOLD,0,36,1,0
487,32.47,25.38,27.49,29.60,31.70,33.81,35.91,38.02,40.12,42.23,44.33,46.44,48.54,50.65,52.75,54.86,56.96,59.07,61.17,63.28,65.38,45.38,165.000,0.9672,51.02,81.93,HOLD,0,36,1,0
488,32.53,25.40,27.50,29.61,31.71,33.82,35.92,38.03,40.13,42.24,44.34,46.45,48.55,50.66,52.76,54.87,56.97,59.08,61.19,63.29,65.40,45.40,165.000,0.9672,51.02,81.93,HOLD,0,36,1,0
489,32.60,25.41,27.51,29.62,31.72,33.83,35.93,38.04,40.14,42.25,44.35,46.46,48.56,50.67,52.77,54.88,56.99,59.09,61.20,63.30,65.41,45.41,165.000,0.9672,51.02,81.93,HOLD,0,36,1,0
490,32.67,25.42,27.52,29.63,31.73,33.84,35.94,38.05,40.15,42.26,44.36,46.47,48.58,50.68,52.79,54.89,57.00,59.10,61.21,63.31,65.42,45.42,165.000,0.9672,51.02,81.93,HOLD,0,36,1,0
491,32.73,25.43,27.53,29.64,31.74,33.85,35.95,38.06,40.17,42.27,44.38,46.48,48.59,50.69,52.80,54.90,57.01,59.11,61.22,63.32,65.43,45.43,165.000,0.9672,51.02,81.93,HOLD,0,36,1,0
492,32.80,25.44,27.54,29.65,31.75,33.86,35.97,38.07,40.18,42.28,44.39,46.49,48.60,50.70,52.81,54.91,57.02,59.12,61.23,63.33,65.44,45.44,165.000,0.9672,51.02,81.93,HOLD,0,36,1,0
493,32.87,25.45,27.56,29.66,31.77,33.87,35.98,38.08,40.19,42.29,44.40,46.50,48.61,50.71,52.82,54.92,57.03,59.13,61.24,63.34,65.45,45.45,165.000,0.9672,51.02,81.93,HOLD,0,36,1,0
494,32.93,25.46,27.57,29.67,31.78,33.88,35.99,38.09,40.20,42.30,44.41,46.51,48.62,50.72,52.83,54.93,57.04,59.15,61.25,63.36,65.46,45.46,165.000,0.9672,51.02,81.93,HOLD,0,36,1,0
495,33.00,25.47,27.58,29.68,31.79,33.89,36.00,38.10,40.21,42.31,44.42,46.52,48.63,50.73,52.84,54.95,57.05,59.16,61.26,63.37,65.47,45.47,165.000,0.9672,51.02,81.93,HOLD,0,36,1,0
496,33.07,25.48,27.59,29.69,31.80,33.90,36.01,38.11,40.22,42.32,44.43,46.54,48.64,50.75,52.85,54.96,57.06,59.17,61.27,63.38,65.48,45.48,165.000,0.9672,51.02,81.93,HOLD,0,36,1,0
497,33.13,25.49,27.60,29.70,31.81,33.91,36.02,38.13,40.23,42.34,44.44,46.55,48.65,50.76,52.86,54.97,57.07,59.18,61.28,63.39,65.49,45.49,165.000,0.9672,51.02,81.93,HOLD,0,36,1,0
498,33.20,25.50,27.61,29.72,31.82,33.93,36.03,38.14,40.24,42.35,44.45,46.56,48.66,50.77,52.87,54.98,57.08,59.19,61.29,63.40,65.50,45.50,165.000,0.9672,51.02,81.93,HOLD,0,36,1,0
499,33.27,25.52,27.62,29.73,31.83,33.94,36.04,38.15,40.25,42.36,44.46,46.57,48.67,50.78,52.88,54.99,57.09,59.20,61.30,63.41,65.52,45.52,165.000,0.9672,51.02,81.93,HOLD,0,36,1,0
500,33.33,25.53,27.63,29.74,31.84,33.95,36.05,38.16,40.26,42.37,44.47,46.58,48.68,50.79,52.89,55.00,57.11,59.21,61.32,63.42,65.53,45.53,165.000,0.9672,51.02,81.93,HOLD,0,36,1,0
501,33.40,25.54,27.64,29.75,31.85,33.96,36.06,38.17,40.27,42.38,44.48,46.59,48.70,50.80,52.91,55.01,57.12,59.22,61.33,63.43,65.54,45.54,165.000,0.9672,51.02,81.93,HOLD,0,36,1,0
502,33.47,25.55,27.65,29.76,31.86,33.97,36.07,38.18,40.28,42.39,44.50,46.60,48.71,50.81,52.92,55.02,57.13,59.23,61.34,63.44,65.55,45.55,165.000,0.9672,51.02,81.93,HOLD,0,36,1,0
503,33.53,25.56,27.66,29.77,31.87,33.98,36.09,38.19,40.30,42.40,44.51,46.61,48.72,50.82,52.93,55.03,57.14,59.24,61.35,63.45,65.56,45.56,165.000,0.9672,51.02,81.93,HOLD,0,36,1,0
504,33.60,25.57,27.68,29.78,31.89,33.99,36.10,38.20,40.31,42.41,44.52,46.62,48.73,50.83,52.94,55.04,57.15,59.25,61.36,63.46,65.57,45.57,165.000,0.9672,51.02,81.93,HOLD,0,36,1,0
505,33.67,25.58,27.69,29.79,31.90,34.00,36.11,38.21,40.32,42.42,44.53,46.63,48.74,50.84,52.95,55.05,57.16,59.26,61.37,63.48,65.58,45.58,165.000,0.9672,51.02,81.93,HOLD,0,36,1,0
506,33.73,25.59,27.70,29.80,31.91,34.01,36.12,38.22,40.33,42.43,44.54,46.64,48.75,50.85,52.96,55.07,57.17,59.28,61.38,63.49,65.59,45.59,165.000,0.9672,51.02,81.93,HOLD,0,36,1,0
507,33.80,25.60,27.71,29.81,31.92,34.02,36.13,38.23,40.34,42.44,44.55,46.66,48.76,50.87,52.97,55.08,57.18,59.29,61.39,63.50,65.60,45.60,165.000,0.9672,51.02,81.93,HOLD,0,36,1,0
508,33.87,25.61,27.72,29.82,31.93,34.03,36.14,38.24,40.35,42.46,44.56,46.67,48.77,50.88,52.98,55.09,57.19,59.30,61.40,63.51,65.61,45.61,165.000,0.9672,51.02,81.93,HOLD,0,36,1,0
509,33.93,25.62,27.73,29.83,31.94,34.05,36.15,38.26,40.36,42.47,44.57,46.68,48.78,50.89,52.99,55.10,57.20,59.31,61.41,63.52,65.62,45.62,165.000,0.9672,51.02,81.93,HOLD,0,36,1,0
510,34.00,25.64,27.74,29.85,31.95,34.06,36.16,38.27,40.37,42.48,44.58,46.69,48.79,50.90,53.00,55.11,57.21,59.32,61.42,63.53,65.64,45.64,165.000,0.9672,51.02,81.93,HOLD,0,36,1,0
511,34.07,25.65,27.75,29.86,31.96,34.07,36.17,38.28,40.38,42.49,44.59,46.70,48.80,50.91,53.01,55.12,57.23,59.33,61.44,63.54,65.65,45.65,165.000,0.9672,51.02,81.93,HOLD,0,36,1,0
512,34.13,25.66,27.76,29.87,31.97,34.08,36.18,38.29,40.39,42.50,44.60,46.71,48.81,50.92,53.03,55.13,57.24,59.34,61.45,63.55,65.66,45.66,165.000,0.9672,51.02,81.93,HOLD,0,36,1,0
513,34.20,25.67,27.77,29.88,31.98,34.09,36.19,38.30,40.40,42.51,44.62,46.72,48.83,50.93,53.04,55.14,57.25,59.35,61.46,63.56,65.67,45.67,165.000,0.9672,51.02,81.93,HOLD,0,36,1,0
514,34.27,25.68,27.78,29.89,31.99,34.10,36.21,38.31,40.42,42.52,44.63,46.73,48.84,50.94,53.05,55.15,57.26,59.36,61.47,63.57,65.68,45.68,165.000,0.9672,51.02,81.93,HOLD,0,36,1,0
515,34.33,25.69,27.79,29.90,32.01,34.11,36.22,38.32,40.43,42.53,44.64,46.74,48.85,50.95,53.06,55.16,57.27,59.37,61.48,63.58,65.69,45.69,165.000,0.9672,51.02,81.93,HOLD,0,36,1,0
516,34.40,25.70,27.81,29.91,32.02,34.12,36.23,38.33,40.44,42.54,44.65,46.75,48.86,50.96,53.07,55.17,57.28,59.38,61.49,63.60,65.70,45.70,165.000,0.9672,51.02,81.93,HOLD,0,36,1,0
517,34.47,25.71,27.82,29.92,32.03,34.13,36.24,38.34,40.45,42.55,44.66,46.76,48.87,50.97,53.08,55.19,57.29,59.40,61.50,63.61,65.71,45.71,165.000,0.9672,51.02,81.93,HOLD,0,36,1,0
518,34.53,25.72,27.83,29.93,32.04,34.14,36.25,38.35,40.46,42.56,44.67,46.77,48.88,50.99,53.09,55.20,57.30,59.41,61.51,63.62,65.72,45.72,165.000,0.9672,51.02,81.93,HOLD,0,36,1,0
519,34.60,25.73,27.84,29.94,32.05,34.15,36.26,38.36,40.47,42.58,44.68,46.79,48.89,51.00,53.10,55.21,57.31,59.42,61.52,63.63,65.73,45.73,165.000,0.9672,51.02,81.93,HOLD,0,36,1,0
520,34.67,25.74,27.85,29.95,32.06,34.17,36.27,38.38,40.48,42.59,44.69,46.80,48.90,51.01,53.11,55.22,57.32,59.43,61.53,63.64,65.74,45.74,165.000,0.9672,51.02,81.93,HOLD,0,36,1,0
521,34.73,25.75,27.86,29.97,32.07,34.18,36.28,38.39,40.49,42.60,44.70,46.81,48.91,51.02,53.12,55.23,57.33,59.44,61.54,63.65,65.75,45.75,165.000,0.9672,51.02,81.93,HOLD,0,36,1,0
522,34.80,25.77,27.87,29.98,32.08,34.19,36.29,38.40,40.50,42.61,44.71,46.82,48.92,51.03,53.13,55.24,57.34,59.45,61.56,63.66,65.77,45.77,165.000,0.9672,51.02,81.93,HOLD,0,36,1,0
523,34.87,25.78,27.88,29.99,32.09,34.20,36.30,38.41,40.51,42.62,44.72,46.83,48.93,51.04,53.15,55.25,57.36,59.46,61.57,63.67,65.78,45.78,165.000,0.9672,51.02,81.93,HOLD,0,36,1,0
524,34.93,25.79,27.89,30.00,32.10,34.21,36.31,38.42,40.52,42.63,44.73,46.84,48.95,51.05,53.16,55.26,57.37,59.47,61.58,63.68,65.79,45.79,165.000,0.9672,51.02,81.93,HOLD,0,36,1,0
525,35.00,25.80,27.90,30.01,32.11,34.22,36.32,38.43,40.54,42.64,44.75,46.85,48.96,51.06,53.17,55.27,57.38,59.48,61.59,63.69,65.80,45.80,165.000,0.9672,51.02,81.93,HOLD,0,36,1,0
526,35.07,25.81,27.91,30.02,32.13,34.23,36.34,38.44,40.55,42.65,44.76,46.86,48.97,51.07,53.18,55.28,57.39,59.49,61.60,63.70,65.81,45.81,165.000,0.9672,51.02,81.93,HOLD,0,36,1,0
527,35.13,25.82,27.93,30.03,32.14,34.24,36.35,38.45,40.56,42.66,44.77,46.87,48.98,51.08,53.19,55.29,57.40,59.50,61.61,63.72,65.82,45.82,165.000,0.9672,51.02,81.93,HOLD,0,36,1,0
528,35.20,25.83,27.94,30.04,32.15,34.25,36.36,38.46,40.57,42.67,44.78,46.88,48.99,51.09,53.20,55.30,57.41,59.52,61.62,63.73,65.83,45.83,165.000,0.9672,51.02,81.93,HOLD,0,36,1,0
529,35.27,25.84,27.95,30.05,32.16,34.26,36.37,38.47,40.58,42.68,44.79,46.89,49.00,51.11,53.21,55.32,57.42,59.53,61.63,63.74,65.84,45.84,165.000,0.9672,51.02,81.93,HOLD,0,36,1,0
530,35.33,25.85,27.96,30.06,32.17,34.27,36.38,38.48,40.59,42.70,44.80,46.91,49.01,51.12,53.22,55.33,57.43,59.54,61.64,63.75,65.85,45.85,165.000,0.9672,51.02,81.93,HOLD,0,36,1,0
531,35.40,25.86,27.97,30.07,32.18,34.28,36.39,38.50,40.60,42.71,44.81,46.92,49.02,51.13,53.23,55.34,57.44,59.55,61.65,63.76,65.86,45.86,165.000,0.9672,51.02,81.93,HOLD,0,36,1,0
532,35.47,25.87,27.98,30.09,32.19,34.30,36.40,38.51,40.61,42.72,44.82,46.93,49.03,51.14,53.24,55.35,57.45,59.56,61.66,63.77,65.87,45.87,165.000,0.9672,51.02,81.93,HOLD,0,36,1,0
533,35.53,25.89,27.99,30.10,32.20,34.31,36.41,38.52,40.62,42.73,44.83,46.94,49.04,51.15,53.25,55.36,57.46,59.57,61.68,63.78,65.89,45.89,165.000,0.9672,51.02,81.93,HOLD,0,36,1,0
534,35.60,25.90,28.00,30.11,32.21,34.32,36.42,38.53,40.63,42.74,44.84,46.95,49.05,51.16,53.26,55.37,57.48,59.58,61.69,63.79,65.90,45.90,165.000,0.9672,51.02,81.93,HOLD,0,36,1,0
535,35.67,25.91,28.01,30.12,32.22,34.33,36.43,38.54,40.64,42.75,44.85,46.96,49.07,51.17,53.28,55.38,57.49,59.59,61.70,63.80,65.91,45.91,165.000,0.9672,51.02,81.93,HOLD,0,36,1,0
536,35.73,25.92,28.02,30.13,32.23,34.34,36.44,38.55,40.66,42.76,44.87,46.97,49.08,51.18,53.29,55.39,57.50,59.60,61.71,63.81,65.92,45.92,165.000,0.9672,51.02,81.93,HOLD,0,36,1,0
537,35.80,25.93,28.03,30.14,32.24,34.35,36.46,38.56,40.67,42.77,44.88,46.98,49.09,51.19,53.30,55.40,57.51,59.61,61.72,63.82,65.93,45.93,165.000,0.9672,51.02,81.93,HOLD,0,36,1,0
538,35.87,25.94,28.05,30.15,32.26,34.36,36.47,38.57,40.68,42.78,44.89,46.99,49.10,51.20,53.31,55.41,57.52,59.62,61.73,63.83,65.94,45.94,165.000,0.9672,51.02,81.93,HOLD,0,36,1,0
539,35.93,25.95,28.06,30.16,32.27,34.37,36.48,38.58,40.69,42.79,44.90,47.00,49.11,51.21,53.32,55.42,57.53,59.64,61.74,63.85,65.95,45.95,165.000,0.9672,51.02,81.93,HOLD,0,36,1,0
540,36.00,25.96,28.07,30.17,32.28,34.38,36.49,38.59,40.70,42.80,44.91,47.01,49.12,51.22,53.33,55.44,57.54,59.65,61.75,63.86,65.96,45.96,165.000,0.9672,51.02,81.93,HOLD,0,36,1,0
541,36.07,25.97,28.08,30.18,32.29,34.39,36.50,38.60,40.71,42.81,44.92,47.03,49.13,51.24,53.34,55.45,57.55,59.66,61.76,63.87,65.97,45.97,165.000,0.9672,51.02,81.93,HOLD,0,36,1,0
542,36.13,25.98,28.09,30.19,32.30,34.40,36.51,38.62,40.72,42.83,44.93,47.04,49.14,51.25,53.35,55.46,57.56,59.67,61.77,63.88,65.98,45.98,165.000,0.9672,51.02,81.93,HOLD,0,36,1,0
543,36.20,25.99,28.10,30.21,32.31,34.42,36.52,38.63,40.73,42.84,44.94,47.05,49.15,51.26,53.36,55.47,57.57,59.68,61.78,63.89,65.99,45.99,165.000,0.9672,51.02,81.93,HOLD,0,36,1,0
544,36.27,26.01,28.11,30.22,32.32,34.43,36.53,38.64,40.74,42.85,44.95,47.06,49.16,51.27,53.37,55.48,57.58,59.69,61.79,63.90,66.01,46.01,165.000,0.9672,51.02,81.93,HOLD,0,36,1,0
545,36.33,26.02,28.12,30.23,32.33,34.44,36.54,38.65,40.75,42.86,44.96,47.07,49.17,51.28,53.38,55.49,57.60,59.70,61.81,63.91,66.02,46.02,165.000,0.9672,51.02,81.93,HOLD,0,36,1,0
546,36.40,26.03,28.13,30.24,32.34,34.45,36.55,38.66,40.76,42.87,44.97,47.08,49.19,51.29,53.40,55.50,57.61,59.71,61.82,63.92,66.03,46.03,165.000,0.9672,51.02,81.93,HOLD,0,36,1,0
547,36.47,26.04,28.14,30.25,32.35,34.46,36.56,38.67,40.77,42.88,44.99,47.09,49.20,51.30,53.41,55.51,57.62,59.72,61.83,63.93,66.04,46.04,165.000,0.9672,51.02,81.93,HOLD,0,36,1,0
548,36.53,26.05,28.15,30.26,32.36,34.47,36.58,38.68,40.79,42.89,45.00,47.10,49.21,51.31,53.42,55.52,57.63,59.73,61.84,63.94,66.05,46.05,165.000,0.9672,51.02,81.93,HOLD,0,36,1,0
549,36.60,26.06,28.17,30.27,32.38,34.48,36.59,38.69,40.80,42.90,45.01,47.11,49.22,51.32,53.43,55.53,57.64,59.74,61.85,63.95,66.06,46.06,165.000,0.9672,51.02,81.93,HOLD,0,36,1,0
550,36.67,26.07,28.18,30.28,32.39,34.49,36.60,38.70,40.81,42.91,45.02,47.12,49.23,51.33,53.44,55.54,57.65,59.75,61.86,63.97,66.07,46.07,165.000,0.9672,51.02,81.93,HOLD,0,36,1,0
551,36.73,26.08,28.19,30.29,32.40,34.50,36.61,38.71,40.82,42.92,45.03,47.13,49.24,51.34,53.45,55.56,57.66,59.77,61.87,63.98,66.08,46.08,165.000,0.9672,51.02,81.93,HOLD,0,36,1,0
552,36.80,26.09,28.20,30.30,32.41,34.51,36.62,38.72,40.83,42.93,45.04,47.15,49.25,51.36,53.46,55.57,57.67,59.78,61.88,63.99,66.09,46.09,165.000,0.9672,51.02,81.93,HOLD,0,36,1,0
553,36.87,26.10,28.21,30.31,32.42,34.52,36.63,38.73,40.84,42.95,45.05,47.16,49.26,51.37,53.47,55.58,57.68,59.79,61.89,64.00,66.10,46.10,165.000,0.9672,51.02,81.93,HOLD,0,36,1,0
554,36.93,26.11,28.22,30.32,32.43,34.54,36.64,38.75,40.85,42.96,45.06,47.17,49.27,51.38,53.48,55.59,57.69,59.80,61.90,64.01,66.11,46.11,165.000,0.9672,51.02,81.93,HOLD,0,36,1,0
555,37.00,26.13,28.23,30.34,32.44,34.55,36.65,38.76,40.86,42.97,45.07,47.18,49.28,51.39,53.49,55.60,57.70,59.81,61.91,64.02,66.13,46.13,165.000,0.9672,51.02,81.93,HOLD,0,36,1,0
556,37.07,26.14,28.24,30.35,32.45,34.56,36.66,38.77,40.87,42.98,45.08,47.19,49.29,51.40,53.50,55.61,57.72,59.82,61.93,64.03,66.14,46.14,165.000,0.9672,51.02,81.93,HOLD,0,36,1,0
557,37.13,26.15,28.25,30.36,32.46,34.57,36.67,38.78,40.88,42.99,45.09,47.20,49.30,51.41,53.52,55.62,57.73,59.83,61.94,64.04,66.15,46.15,165.000,0.9672,51.02,81.93,HOLD,0,36,1,0
558,37.20,26.16,28.26,30.37,32.47,34.58,36.68,38.79,40.89,43.00,45.11,47.21,49.32,51.42,53.53,55.63,57.74,59.84,61.95,64.05,66.16,46.16,165.000,0.9672,51.02,81.93,HOLD,0,36,1,0
559,37.27,26.17,28.27,30.38,32.48,34.59,36.70,38.80,40.91,43.01,45.12,47.22,49.33,51.43,53.54,55.64,57.75,59.85,61.96,64.06,66.17,46.17,165.000,0.9672,51.02,81.93,HOLD,0,36,1,0
560,37.33,26.18,28.28,30.39,32.50,34.60,36.71,38.81,40.92,43.02,45.13,47.23,49.34,51.44,53.55,55.65,57.76,59.86,61.97,64.07,66.18,46.18,165.000,0.9672,51.02,81.93,HOLD,0,36,1,0
561,37.40,26.19,28.30,30.40,32.51,34.61,36.72,38.82,40.93,43.03,45.14,47.24,49.35,51.45,53.56,55.66,57.77,59.87,61.98,64.09,66.19,46.19,165.000,0.9672,51.02,81.93,HOLD,0,36,1,0
562,37.47,26.20,28.31,30.41,32.52,34.62,36.73,38.83,40.94,43.04,45.15,47.25,49.36,51.46,53.57,55.68,57.78,59.89,61.99,64.10,66.20,46.20,165.000,0.9672,51.02,81.93,HOLD,0,36,1,0
563,37.53,26.21,28.32,30.42,32.53,34.63,36.74,38.84,40.95,43.05,45.16,47.26,49.37,51.48,53.58,55.69,57.79,59.90,62.00,64.11,66.21,46.21,165.000,0.9672,51.02,81.93,HOLD,0,36,1,0
564,37.60,26.22,28.33,30.43,32.54,34.64,36.75,38.85,40.96,43.07,45.17,47.28,49.38,51.49,53.59,55.70,57.80,59.91,62.01,64.12,66.22,46.22,165.000,0.9672,51.02,81.93,HOLD,0,36,1,0
565,37.67,26.23,28.34,30.44,32.55,34.66,36.76,38.87,40.97,43.08,45.18,47.29,49.39,51.50,53.60,55.71,57.81,59.92,62.02,64.13,66.23,46.23,165.000,0.9672,51.02,81.93,HOLD,0,36,1,0
566,37.73,26.24,28.35,30.46,32.56,34.67,36.77,38.88,40.98,43.09,45.19,47.30,49.40,51.51,53.61,55.72,57.82,59.93,62.03,64.14,66.24,46.24,165.000,0.9672,51.02,81.93,HOLD,0,36,1,0
567,37.80,26.26,28.36,30.47,32.57,34.68,36.78,38.89,40.99,43.10,45.20,47.31,49.41,51.52,53.62,55.73,57.83,59.94,62.05,64.15,66.26,46.26,165.000,0.9672,51.02,81.93,HOLD,0,36,1,0
568,37.87,26.27,28.37,30.48,32.58,34.69,36.79,38.90,41.00,43.11,45.21,47.32,49.42,51.53,53.64,55.74,57.85,59.95,62.06,64.16,66.27,46.27,165.000,0.9672,51.02,81.93,HOLD,0,36,1,0
569,37.93,26.28,28.38,30.49,32.59,34.70,36.80,38.91,41.01,43.12,45.22,47.33,49.44,51.54,53.65,55.75,57.86,59.96,62.07,64.17,66.28,46.28,165.000,0.9672,51.02,81.93,HOLD,0,36,1,0
570,38.00,26.29,28.39,30.50,32.60,34.71,36.81,38.92,41.03,43.13,45.24,47.34,49.45,51.55,53.66,55.76,57.87,59.97,62.08,64.18,66.29,46.29,165.000,0.9672,51.02,81.93,HOLD,0,36,1,0
571,38.07,26.30,28.40,30.51,32.62,34.72,36.83,38.93,41.04,43.14,45.25,47.35,49.46,51.56,53.67,55.77,57.88,59.98,62.09,64.19,66.30,46.30,165.000,0.9672,51.02,81.93,HOLD,0,36,1,0
572,38.13,26.31,28.42,30.52,32.63,34.73,36.84,38.94,41.05,43.15,45.26,47.36,49.47,51.57,53.68,55.78,57.89,59.99,62.10,64.21,66.31,46.31,165.000,0.9672,51.02,81.93,HOLD,0,36,1,0
573,38.20,26.32,28.43,30.53,32.64,34.74,36.85,38.95,41.06,43.16,45.27,47.37,49.48,51.58,53.69,55.79,57.90,60.01,62.11,64.22,66.32,46.32,165.000,0.9672,51.02,81.93,HOLD,0,36,1,0
574,38.27,26.33,28.44,30.54,32.65,34.75,36.86,38.96,41.07,43.17,45.28,47.38,49.49,51.60,53.70,55.81,57.91,60.02,62.12,64.23,66.33,46.33,165.000,0.9672,51.02,81.93,HOLD,0,36,1,0
575,38.33,26.34,28.45,30.55,32.66,34.76,36.87,38.97,41.08,43.19,45.29,47.40,49.50,51.61,53.71,55.82,57.92,60.03,62.13,64.24,66.34,46.34,165.000,0.9672,51.02,81.93,HOLD,0,36,1,0
576,38.40,26.35,28.46,30.56,32.67,34.77,36.88,38.99,41.09,43.20,45.30,47.41,49.51,51.62,53.72,55.83,57.93,60.04,62.14,64.25,66.35,46.35,165.000,0.9672,51.02,81.93,HOLD,0,36,1,0
577,38.47,26.36,28.47,30.58,32.68,34.79,36.89,39.00,41.10,43.21,45.31,47.42,49.52,51.63,53.73,55.84,57.94,60.05,62.15,64.26,66.36,46.36,165.000,0.9672,51.02,81.93,HOLD,0,36,1,0
578,38.53,26.38,28.48,30.59,32.69,34.80,36.90,39.01,41.11,43.22,45.32,47.43,49.53,51.64,53.74,55.85,57.95,60.06,62.17,64.27,66.38,46.38,165.000,0.9672,51.02,81.93,HOLD,0,36,1,0
579,38.60,26.39,28.49,30.60,32.70,34.81,36.91,39.02,41.12,43.23,45.33,47.44,49.54,51.65,53.75,55.86,57.97,60.07,62.18,64.28,66.39,46.39,165.000,0.9672,51.02,81.93,HOLD,0,36,1,0
580,38.67,26.40,28.50,30.61,32.71,34.82,36.92,39.03,41.13,43.24,45.34,47.45,49.56,51.66,53.77,55.87,57.98,60.08,62.19,64.29,66.40,46.40,165.000,0.9672,51.02,81.93,HOLD,0,36,1,0
581,38.73,26.41,28.51,30.62,32.72,34.83,36.93,39.04,41.15,43.25,45.36,47.46,49.57,51.67,53.78,55.88,57.99,60.09,62.20,64.30,66.41,46.41,165.000,0.9672,51.02,81.93,HOLD,0,36,1,0
582,38.80,26.42,28.52,30.63,32.73,34.84,36.95,39.05,41.16,43.26,45.37,47.47,49.58,51.68,53.79,55.89,58.00,60.10,62.21,64.31,66.42,46.42,165.000,0.9672,51.02,81.93,HOLD,0,36,1,0
583,38.87,26.43,28.54,30.64,32.75,34.85,36.96,39.06,41.17,43.27,45.38,47.48,49.59,51.69,53.80,55.90,58.01,60.11,62.22,64.32,66.43,46.43,165.000,0.9672,51.02,81.93,HOLD,0,36,1,0
584,38.93,26.44,28.55,30.65,32.76,34.86,36.97,39.07,41.18,43.28,45.39,47.49,49.60,51.70,53.81,55.91,58.02,60.13,62.23,64.34,66.44,46.44,165.000,0.9672,51.02,81.93,HOLD,0,36,1,0
585,39.00,26.45,28.56,30.66,32.77,34.87,36.98,39.08,41.19,43.29,45.40,47.50,49.61,51.71,53.82,55.93,58.03,60.14,62.24,64.35,66.45,46.45,165.000,0.9672,51.02,81.93,HOLD,0,36,1,0
586,39.07,26.46,28.57,30.67,32.78,34.88,36.99,39.09,41.20,43.30,45.41,47.52,49.62,51.73,53.83,55.94,58.04,60.15,62.25,64.36,66.46,46.46,165.000,0.9672,51.02,81.93,HOLD,0,36,1,0
587,39.13,26.47,28.58,30.68,32.79,34.89,37.00,39.11,41.21,43.32,45.42,47.53,49.63,51.74,53.84,55.95,58.05,60.16,62.26,64.37,66.47,46.47,165.000,0.9672,51.02,81.93,HOLD,0,36,1,0
588,39.20,26.48,28.59,30.70,32.80,34.91,37.01,39.12,41.22,43.33,45.43,47.54,49.64,51.75,53.85,55.96,58.06,60.17,62.27,64.38,66.48,46.48,165.000,0.9672,51.02,81.93,HOLD,0,36,1,0
589,39.27,26.50,28.60,30.71,32.81,34.92,37.02,39.13,41.23,43.34,45.44,47.55,49.65,51.76,53.86,55.97,58.07,60.18,62.28,64.39,66.50,46.50,165.000,0.9672,51.02,81.93,HOLD,0,36,1,0
590,39.33,26.51,28.61,30.72,32.82,34.93,37.03,39.14,41.24,43.35,45.45,47.56,49.66,51.77,53.87,55.98,58.09,60.19,62.30,64.40,66.51,46.51,165.000,0.9672,51.02,81.93,HOLD,0,36,1,0
591,39.40,26.52,28.62,30.73,32.83,34.94,37.04,39.15,41.25,43.36,45.46,47.57,49.68,51.78,53.89,55.99,58.10,60.20,62.31,64.41,66.52,46.52,165.000,0.9672,51.02,81.93,HOLD,0,36,1,0
592,39.47,26.53,28.63,30.74,32.84,34.95,37.05,39.16,41.26,43.37,45.48,47.58,49.69,51.79,53.90,56.00,58.11,60.21,62.32,64.42,66.53,46.53,165.000,0.9672,51.02,81.93,HOLD,0,36,1,0
593,39.53,26.54,28.64,30.75,32.85,34.96,37.07,39.17,41.28,43.38,45.49,47.59,49.70,51.80,53.91,56.01,58.12,60.22,62.33,64.43,66.54,46.54,165.000,0.9672,51.02,81.93,HOLD,0,36,1,0
594,39.60,26.55,28.66,30.76,32.87,34.97,37.08,39.18,41.29,43.39,45.50,47.60,49.71,51.81,53.92,56.02,58.13,60.23,62.34,64.44,66.55,46.55,165.000,0.9672,51.02,81.93,HOLD,0,36,1,0
595,39.67,26.56,28.67,30.77,32.88,34.98,37.09,39.19,41.30,43.40,45.51,47.61,49.72,51.82,53.93,56.03,58.14,60.24,62.35,64.46,66.56,46.56,165.000,0.9672,51.02,81.93,HOLD,0,36,1,0
596,39.73,26.57,28.68,30.78,32.89,34.99,37.10,39.20,41.31,43.41,45.52,47.62,49.73,51.83,53.94,56.05,58.15,60.26,62.36,64.47,66.57,46.57,165.000,0.9672,51.02,81.93,HOLD,0,36,1,0
597,39.80,26.58,28.69,30.79,32.90,35.00,37.11,39.21,41.32,43.42,45.53,47.64,49.74,51.85,53.95,56.06,58.16,60.27,62.37,64.48,66.58,46.58,165.000,0.9672,51.02,81.93,HOLD,0,36,1,0
598,39.87,26.59,28.70,30.80,32.91,35.01,37.12,39.22,41.33,43.44,45.54,47.65,49.75,51.86,53.96,56.07,58.17,60.28,62.38,64.49,66.59,46.59,165.000,0.9672,51.02,81.93,HOLD,0,36,1,0
599,39.93,26.60,28.71,30.81,32.92,35.03,37.13,39.24,41.34,43.45,45.55,47.66,49.76,51.87,53.97,56.08,58.18,60.29,62.39,64.50,66.60,46.60,165.000,0.9672,51.02,81.93,HOLD,0,36,1,0
600,40.00,26.62,28.72,30.83,32.93,35.04,37.14,39.25,41.35,43.46,45.56,47.67,49.77,51.88,53.98,56.09,58.19,60.30,62.40,64.51,66.62,46.62,165.000,0.9672,51.02,81.93,HOLD,0,36,1,0
601,40.07,26.63,28.73,30.84,32.94,35.05,37.15,39.26,41.36,43.47,45.57,47.68,49.78,51.89,53.99,56.10,58.21,60.31,62.42,64.52,66.63,46.63,165.000,0.9672,51.02,81.93,HOLD,0,36,1,0
602,40.13,26.64,28.74,30.85,32.95,35.06,37.16,39.27,41.37,43.48,45.58,47.69,49.79,51.90,54.01,56.11,58.22,60.32,62.43,64.53,66.64,46.64,165.000,0.9672,51.02,81.93,HOLD,0,36,1,0
603,40.20,26.65,28.75,30.86,32.96,35.07,37.17,39.28,41.38,43.49,45.60,47.70,49.81,51.91,54.02,56.12,58.23,60.33,62.44,64.54,66.65,46.65,165.000,0.9672,51.02,81.93,HOLD,0,36,1,0
604,40.27,26.66,28.76,30.87,32.97,35.08,37.19,39.29,41.40,43.50,45.61,47.71,49.82,51.92,54.03,56.13,58.24,60.34,62.45,64.55,66.66,46.66,165.000,0.9672,51.02,81.93,HOLD,0,36,1,0
605,40.33,26.67,28.77,30.88,32.99,35.09,37.20,39.30,41.41,43.51,45.62,47.72,49.83,51.93,54.04,56.14,58.25,60.35,62.46,64.56,66.67,46.67,165.000,0.9672,51.02,81.93,HOLD,0,36,1,0
606,40.40,26.68,28.79,30.89,33.00,35.10,37.21,39.31,41.42,43.52,45.63,47.73,49.84,51.94,54.05,56.15,58.26,60.36,62.47,64.58,66.68,46.68,165.000,0.9672,51.02,81.93,HOLD,0,36,1,0
607,40.47,26.69,28.80,30.90,33.01,35.11,37.22,39.32,41.43,43.53,45.64,47.74,49.85,51.95,54.06,56.17,58.27,60.38,62.48,64.59,66.69,46.69,165.000,0.9672,51.02,81.93,HOLD,0,36,1,0
608,40.53,26.70,28.81,30.91,33.02,35.12,37.23,39.33,41.44,43.54,45.65,47.75,49.86,51.97,54.07,56.18,58.28,60.39,62.49,64.60,66.70,46.70,165.000,0.9672,51.02,81.93,HOLD,0,36,1,0
609,40.60,26.71,28.82,30.92,33.03,35.13,37.24,39.34,41.45,43.56,45.66,47.77,49.87,51.98,54.08,56.19,58.29,60.40,62.50,64.61,66.71,46.71,165.000,0.9672,51.02,81.93,HOLD,0,36,1,0
610,40.67,26.72,28.83,30.93,33.04,35.15,37.25,39.36,41.46,43.57,45.67,47.78,49.88,51.99,54.09,56.20,58.30,60.41,62.51,64.62,66.72,46.72,165.000,0.9672,51.02,81.93,HOLD,0,36,1,0
611,40.73,26.73,28.84,30.95,33.05,35.16,37.26,39.37,41.47,43.58,45.68,47.79,49.89,52.00,54.10,56.21,58.31,60.42,62.52,64.63,66.73,46.73,165.000,0.9672,51.02,81.93,HOLD,0,36,1,0
612,40.80,26.75,28.85,30.96,33.06,35.17,37.27,39.38,41.48,43.59,45.69,47.80,49.90,52.01,54.11,56.22,58.32,60.43,62.54,64.64,66.75,46.75,165.000,0.9672,51.02,81.93,HOLD,0,36,1,0
613,40.87,26.76,28.86,30.97,33.07,35.18,37.28,39.39,41.49,43.60,45.70,47.81,49.91,52.02,54.13,56.23,58.34,60.44,62.55,64.65,66.76,46.76,165.000,0.9672,51.02,81.93,HOLD,0,36,1,0
614,40.93,26.77,28.87,30.98,33.08,35.19,37.29,39.40,41.50,43.61,45.71,47.82,49.93,52.03,54.14,56.24,58.35,60.45,62.56,64.66,66.77,46.77,165.000,0.9672,51.02,81.93,HOLD,0,36,1,0
615,41.00,26.78,28.88,30.99,33.09,35.20,37.30,39.41,41.52,43.62,45.73,47.83,49.94,52.04,54.15,56.25,58.36,60.46,62.57,64.67,66.78,46.78,165.000,0.9672,51.02,81.93,HOLD,0,36,1,0
616,41.07,26.79,28.89,31.00,33.11,35.21,37.32,39.42,41.53,43.63,45.74,47.84,49.95,52.05,54.16,56.26,58.37,60.47,62.58,64.68,66.79,46.79,165.000,0.9672,51.02,81.93,HOLD,0,36,1,0
617,41.13,26.80,28.91,31.01,33.12,35.22,37.33,39.43,41.54,43.64,45.75,47.85,49.96,52.06,54.17,56.27,58.38,60.48,62.59,64.70,66.80,46.80,165.000,0.9672,51.02,81.93,HOLD,0,36,1,0
618,41.20,26.81,28.92,31.02,33.13,35.23,37.34,39.44,41.55,43.65,45.76,47.86,49.97,52.07,54.18,56.28,58.39,60.50,62.60,64.71,66.81,46.81,165.000,0.9672,51.02,81.93,HOLD,0,36,1,0
619,41.27,26.82,28.93,31.03,33.14,35.24,37.35,39.45,41.56,43.66,45.77,47.87,49.98,52.09,54.19,56.30,58.40,60.51,62.61,64.72,66.82,46.82,165.000,0.9672,51.02,81.93,HOLD,0,36,1,0
620,41.33,26.83,28.94,31.04,33.15,35.25,37.36,39.46,41.57,43.68,45.78,47.89,49.99,52.10,54.20,56.31,58.41,60.52,62.62,64.73,66.83,46.83,165.000,0.9672,51.02,81.93,HOLD,0,36,1,0
621,41.40,26.84,28.95,31.05,33.16,35.26,37.37,39.48,41.58,43.69,45.79,47.90,50.00,52.11,54.21,56.32,58.42,60.53,62.63,64.74,66.84,46.84,165.000,0.9672,51.02,81.93,HOLD,0,36,1,0
622,41.47,26.85,28.96,31.07,33.17,35.28,37.38,39.49,41.59,43.70,45.80,47.91,50.01,52.12,54.22,56.33,58.43,60.54,62.64,64.75,66.85,46.85,165.000,0.9672,51.02,81.93,HOLD,0,36,1,0
623,41.53,26.87,28.97,31.08,33.18,35.29,37.39,39.50,41.60,43.71,45.81,47.92,50.02,52.13,54.23,56.34,58.44,60.55,62.66,64.76,66.87,46.87,165.000,0.9672,51.02,81.93,HOLD,0,36,1,0
624,41.60,26.88,28.98,31.09,33.19,35.30,37.40,39.51,41.61,43.72,45.82,47.93,50.03,52.14,54.24,56.35,58.46,60.56,62.67,64.77,66.88,46.88,165.000,0.9672,51.02,81.93,HOLD,0,36,1,0
625,41.67,26.89,28.99,31.10,33.20,35.31,37.41,39.52,41.62,43.73,45.83,47.94,50.05,52.15,54.26,56.36,58.47,60.57,62.68,64.78,66.89,46.89,165.000,0.9672,51.02,81.93,HOLD,0,36,1,0
626,41.73,26.90,29.00,31.11,33.21,35.32,37.42,39.53,41.64,43.74,45.85,47.95,50.06,52.16,54.27,56.37,58.48,60.58,62.69,64.79,66.90,46.90,165.000,0.9672,51.02,81.93,HOLD,0,36,1,0
627,41.80,26.91,29.01,31.12,33.22,35.33,37.44,39.54,41.65,43.75,45.86,47.96,50.07,52.17,54.28,56.38,58.49,60.59,62.70,64.80,66.91,46.91,165.000,0.9672,51.02,81.93,HOLD,0,36,1,0
628,41.87,26.92,29.03,31.13,33.24,35.34,37.45,39.55,41.66,43.76,45.87,47.97,50.08,52.18,54.29,56.39,58.50,60.60,62.71,64.81,66.92,46.92,165.000,0.9672,51.02,81.93,HOLD,0,36,1,0
629,41.93,26.93,29.04,31.14,33.25,35.35,37.46,39.56,41.67,43.77,45.88,47.98,50.09,52.19,54.30,56.40,58.51,60.62,62.72,64.83,66.93,46.93,165.000,0.9672,51.02,81.93,HOLD,0,36,1,0
630,42.00,26.94,29.05,31.15,33.26,35.36,37.47,39.57,41.68,43.78,45.89,47.99,50.10,52.20,54.31,56.42,58.52,60.63,62.73,64.84,66.94,46.94,165.000,0.9672,51.02,81.93,HOLD,0,36,1,0
631,42.07,26.95,29.06,31.16,33.27,35.37,37.48,39.58,41.69,43.79,45.90,48.01,50.11,52.22,54.32,56.43,58.53,60.64,62.74,64.85,66.95,46.95,165.000,0.9672,51.02,81.93,HOLD,0,36,1,0
632,42.13,26.96,29.07,31.17,33.28,35.38,37.49,39.60,41.70,43.81,45.91,48.02,50.12,52.23,54.33,56.44,58.54,60.65,62.75,64.86,66.96,46.96,165.000,0.9672,51.02,81.93,HOLD,0,36,1,0
633,42.20,26.97,29.08,31.19,33.29,35.40,37.50,39.61,41.71,43.82,45.92,48.03,50.13,52.24,54.34,56.45,58.55,60.66,62.76,64.87,66.97,46.97,165.000,0.9672,51.02,81.93,HOLD,0,36,1,0
634,42.27,26.99,29.09,31.20,33.30,35.41,37.51,39.62,41.72,43.83,45.93,48.04,50.14,52.25,54.35,56.46,58.56,60.67,62.77,64.88,66.99,46.99,165.000,0.9672,51.02,81.93,HOLD,0,36,1,0
635,42.33,27.00,29.10,31.21,33.31,35.42,37.52,39.63,41.73,43.84,45.94,48.05,50.15,52.26,54.36,56.47,58.58,60.68,62.79,64.89,67.00,47.00,165.000,0.9672,51.02,81.93,HOLD,0,36,1,0
636,42.40,27.01,29.11,31.22,33.32,35.43,37.53,39.64,41.74,43.85,45.95,48.06,50.17,52.27,54.38,56.48,58.59,60.69,62.80,64.90,67.01,47.01,165.000,0.9672,51.02,81.93,HOLD,0,36,1,0
637,42.47,27.02,29.12,31.23,33.33,35.44,37.54,39.65,41.75,43.86,45.97,48.07,50.18,52.28,54.39,56.49,58.60,60.70,62.81,64.91,67.02,47.02,165.000,0.9672,51.02,81.93,HOLD,0,36,1,0
638,42.53,27.03,29.13,31.24,33.34,35.45,37.56,39.66,41.77,43.87,45.98,48.08,50.19,52.29,54.40,56.50,58.61,60.71,62.82,64.92,67.03,47.03,165.000,0.9672,51.02,81.93,HOLD,0,36,1,0
639,42.60,27.04,29.15,31.25,33.36,35.46,37.57,39.67,41.78,43.88,45.99,48.09,50.20,52.30,54.41,56.51,58.62,60.72,62.83,64.93,67.04,47.04,165.000,0.9672,51.02,81.93,HOLD,0,36,1,0
640,42.67,27.05,29.16,31.26,33.37,35.47,37.58,39.68,41.79,43.89,46.00,48.10,50.21,52.31,54.42,56.52,58.63,60.73,62.84,64.95,67.05,47.05,165.000,0.9672,51.02,81.93,HOLD,0,36,1,0
641,42.73,27.06,29.17,31.27,33.38,35.48,37.59,39.69,41.80,43.90,46.01,48.11,50.22,52.32,54.43,56.54,58.64,60.75,62.85,64.96,67.06,47.06,165.000,0.9672,51.02,81.93,HOLD,0,36,1,0
642,42.80,27.07,29.18,31.28,33.39,35.49,37.60,39.70,41.81,43.91,46.02,48.13,50.23,52.34,54.44,56.55,58.65,60.76,62.86,64.97,67.07,47.07,165.000,0.9672,51.02,81.93,HOLD,0,36,1,0
643,42.87,27.08,29.19,31.29,33.40,35.50,37.61,39.71,41.82,43.93,46.03,48.14,50.24,52.35,54.45,56.56,58.66,60.77,62.87,64.98,67.08,47.08,165.000,0.9672,51.02,81.93,HOLD,0,36,1,0
644,42.93,27.09,29.20,31.30,33.41,35.52,37.62,39.73,41.83,43.94,46.04,48.15,50.25,52.36,54.46,56.57,58.67,60.78,62.88,64.99,67.09,47.09,165.000,0.9672,51.02,81.93,HOLD,0,36,1,0
645,43.00,27.11,29.21,31.32,33.42,35.53,37.63,39.74,41.84,43.95,46.05,48.16,50.26,52.37,54.47,56.58,58.68,60.79,62.89,65.00,67.11,47.11,165.000,0.9672,51.02,81.93,HOLD,0,36,1,0
646,43.07,27.12,29.22,31.33,33.43,35.54,37.64,39.75,41.85,43.96,46.06,48.17,50.27,52.38,54.48,56.59,58.70,60.80,62.91,65.01,67.12,47.12,165.000,0.9672,51.02,81.93,HOLD,0,36,1,0
647,43.13,27.13,29.23,31.34,33.44,35.55,37.65,39.76,41.86,43.97,46.07,48.18,50.28,52.39,54.50,56.60,58.71,60.81,62.92,65.02,67.13,47.13,165.000,0.9672,51.02,81.93,HOLD,0,36,1,0
648,43.20,27.14,29.24,31.35,33.45,35.56,37.66,39.77,41.87,43.98,46.09,48.19,50.30,52.40,54.51,56.61,58.72,60.82,62.93,65.03,67.14,47.14,165.000,0.9672,51.02,81.93,HOLD,0,36,1,0
649,43.27,27.15,29.25,31.36,33.46,35.57,37.68,39.78,41.89,43.99,46.10,48.20,50.31,52.41,54.52,56.62,58.73,60.83,62.94,65.04,67.15,47.15,165.000,0.9672,51.02,81.93,HOLD,0,36,1,0
650,43.33,27.16,29.26,31.37,33.48,35.58,37.69,39.79,41.90,44.00,46.11,48.21,50.32,52.42,54.53,56.63,58.74,60.84,62.95,65.05,67.16,47.16,165.000,0.9672,51.02,81.93,HOLD,0,36,1,0
651,43.40,27.17,29.28,31.38,33.49,35.59,37.70,39.80,41.91,44.01,46.12,48.22,50.33,52.43,54.54,56.64,58.75,60.85,62.96,65.07,67.17,47.17,165.000,0.9672,51.02,81.93,HOLD,0,36,1,0
652,43.47,27.18,29.29,31.39,33.50,35.60,37.71,39.81,41.92,44.02,46.13,48.23,50.34,52.44,54.55,56.66,58.76,60.87,62.97,65.08,67.18,47.18,165.000,0.9672,51.02,81.93,HOLD,0,36,1,0
653,43.53,27.19,29.30,31.40,33.51,35.61,37.72,39.82,41.93,44.03,46.14,48.24,50.35,52.46,54.56,56.67,58.77,60.88,62.98,65.09,67.19,47.19,165.000,0.9672,51.02,81.93,HOLD,0,36,1,0
654,43.60,27.20,29.31,31.41,33.52,35.62,37.73,39.83,41.94,44.05,46.15,48.26,50.36,52.47,54.57,56.68,58.78,60.89,62.99,65.10,67.20,47.20,165.000,0.9672,51.02,81.93,HOLD,0,36,1,0
655,43.67,27.21,29.32,31.42,33.53,35.64,37.74,39.85,41.95,44.06,46.16,48.27,50.37,52.48,54.58,56.69,58.79,60.90,63.00,65.11,67.21,47.21,165.000,0.9672,51.02,81.93,HOLD,0,36,1,0
656,43.73,27.22,29.33,31.44,33.54,35.65,37.75,39.86,41.96,44.07,46.17,48.28,50.38,52.49,54.59,56.70,58.80,60.91,63.01,65.12,67.22,47.22,165.000,0.9672,51.02,81.93,HOLD,0,36,1,0
657,43.80,27.24,29.34,31.45,33.55,35.66,37.76,39.87,41.97,44.08,46.18,48.29,50.39,52.50,54.60,56.71,58.81,60.92,63.03,65.13,67.24,47.24,165.000,0.9672,51.02,81.93,HOLD,0,36,1,0
658,43.87,27.25,29.35,31.46,33.56,35.67,37.77,39.88,41.98,44.09,46.19,48.30,50.40,52.51,54.62,56.72,58.83,60.93,63.04,65.14,67.25,47.25,165.000,0.9672,51.02,81.93,HOLD,0,36,1,0
659,43.93,27.26,29.36,31.47,33.57,35.68,37.78,39.89,41.99,44.10,46.20,48.31,50.42,52.52,54.63,56.73,58.84,60.94,63.05,65.15,67.26,47.26,165.000,0.9672,51.02,81.93,HOLD,0,36,1,0
660,44.00,27.27,29.37,31.48,33.58,35.69,37.79,39.90,42.01,44.11,46.22,48.32,50.43,52.53,54.64,56.74,58.85,60.95,63.06,65.16,67.27,47.27,165.000,0.9672,51.02,81.93,HOLD,0,36,1,0
661,44.07,27.28,29.38,31.49,33.60,35.70,37.81,39.91,42.02,44.12,46.23,48.33,50.44,52.54,54.65,56.75,58.86,60.96,63.07,65.17,67.28,47.28,165.000,0.9672,51.02,81.93,HOLD,0,36,1,0
662,44.13,27.29,29.40,31.50,33.61,35.71,37.82,39.92,42.03,44.13,46.24,48.34,50.45,52.55,54.66,56.76,58.87,60.97,63.08,65.19,67.29,47.29,165.000,0.9672,51.02,81.93,HOLD,0,36,1,0
663,44.20,27.30,29.41,31.51,33.62,35.72,37.83,39.93,42.04,44.14,46.25,48.35,50.46,52.56,54.67,56.77,58.88,60.99,63.09,65.20,67.30,47.30,165.000,0.9672,51.02,81.93,HOLD,0,36,1,0
664,44.27,27.31,29.42,31.52,33.63,35.73,37.84,39.94,42.05,44.15,46.26,48.36,50.47,52.58,54.68,56.79,58.89,61.00,63.10,65.21,67.31,47.31,165.000,0.9672,51.02,81.93,HOLD,0,36,1,0
665,44.33,27.32,29.43,31.53,33.64,35.74,37.85,39.95,42.06,44.17,46.27,48.38,50.48,52.59,54.69,56.80,58.90,61.01,63.11,65.22,67.32,47.32,165.000,0.9672,51.02,81.93,HOLD,0,36,1,0
666,44.40,27.33,29.44,31.54,33.65,35.75,37.86,39.97,42.07,44.18,46.28,48.39,50.49,52.60,54.70,56.81,58.91,61.02,63.12,65.23,67.33,47.33,165.000,0.9672,51.02,81.93,HOLD,0,36,1,0
667,44.47,27.34,29.45,31.56,33.66,35.77,37.87,39.98,42.08,44.19,46.29,48.40,50.50,52.61,54.71,56.82,58.92,61.03,63.13,65.24,67.34,47.34,165.000,0.9672,51.02,81.93,HOLD,0,36,1,0
668,44.53,27.36,29.46,31.57,33.67,35.78,37.88,39.99,42.09,44.20,46.30,48.41,50.51,52.62,54.72,56.83,58.93,61.04,63.15,65.25,67.36,47.36,165.000,0.9672,51.02,81.93,HOLD,0,36,1,0
669,44.60,27.37,29.47,31.58,33.68,35.79,37.89,40.00,42.10,44.21,46.31,48.42,50.52,52.63,54.73,56.84,58.95,61.05,63.16,65.26,67.37,47.37,165.000,0.9672,51.02,81.93,HOLD,0,36,1,0
670,44.67,27.38,29.48,31.59,33.69,35.80,37.90,40.01,42.11,44.22,46.32,48.43,50.54,52.64,54.75,56.85,58.96,61.06,63.17,65.27,67.38,47.38,165.000,0.9672,51.02,81.93,HOLD,0,36,1,0
671,44.73,27.39,29.49,31.60,33.70,35.81,37.91,40.02,42.13,44.23,46.34,48.44,50.55,52.65,54.76,56.86,58.97,61.07,63.18,65.28,67.39,47.39,165.000,0.9672,51.02,81.93,HOLD,0,36,1,0
672,44.80,27.40,29.50,31.61,33.71,35.82,37.93,40.03,42.14,44.24,46.35,48.45,50.56,52.66,54.77,56.87,58.98,61.08,63.19,65.29,67.40,47.40,165.000,0.9672,51.02,81.93,HOLD,0,36,1,0
673,44.87,27.41,29.52,31.62,33.73,35.83,37.94,40.04,42.15,44.25,46.36,48.46,50.57,52.67,54.78,56.88,58.99,61.09,63.20,65.30,67.41,47.41,165.000,0.9672,51.02,81.93,HOLD,0,36,1,0
674,44.93,27.42,29.53,31.63,33.74,35.84,37.95,40.05,42.16,44.26,46.37,48.47,50.58,52.68,54.79,56.89,59.00,61.11,63.21,65.32,67.42,47.42,165.000,0.9672,51.02,81.93,HOLD,0,36,1,0
675,45.00,27.43,29.54,31.64,33.75,35.85,37.96,40.06,42.17,44.27,46.38,48.48,50.59,52.69,54.80,56.91,59.01,61.12,63.22,65.33,67.43,47.43,165.000,0.9672,51.02,81.93,HOLD,0,36,1,0
676,45.07,27.44,29.55,31.65,33.76,35.86,37.97,40.07,42.18,44.28,46.39,48.50,50.60,52.71,54.81,56.92,59.02,61.13,63.23,65.34,67.44,47.44,165.000,0.9672,51.02,81.93,HOLD,0,36,1,0
677,45.13,27.45,29.56,31.66,33.77,35.87,37.98,40.09,42.19,44.30,46.40,48.51,50.61,52.72,54.82,56.93,59.03,61.14,63.24,65.35,67.45,47.45,165.000,0.9672,51.02,81.93,HOLD,0,36,1,0
678,45.20,27.46,29.57,31.68,33.78,35.89,37.99,40.10,42.20,44.31,46.41,48.52,50.62,52.73,54.83,56.94,59.04,61.15,63.25,65.36,67.46,47.46,165.000,0.9672,51.02,81.93,HOLD,0,36,1,0
679,45.27,27.48,29.58,31.69,33.79,35.90,38.00,40.11,42.21,44.32,46.42,48.53,50.63,52.74,54.84,56.95,59.05,61.16,63.26,65.37,67.48,47.48,165.000,0.9672,51.02,81.93,HOLD,0,36,1,0
680,45.33,27.49,29.59,31.70,33.80,35.91,38.01,40.12,42.22,44.33,46.43,48.54,50.64,52.75,54.85,56.96,59.07,61.17,63.28,65.38,67.49,47.49,165.000,0.9672,51.02,81.93,HOLD,0,36,1,0
681,45.40,27.50,29.60,31.71,33.81,35.92,38.02,40.13,42.23,44.34,46.44,48.55,50.66,52.76,54.87,56.97,59.08,61.18,63.29,65.39,67.50,47.50,165.000,0.9672,51.02,81.93,HOLD,0,36,1,0
682,45.47,27.51,29.61,31.72,33.82,35.93,38.03,40.14,42.24,44.35,46.46,48.56,50.67,52.77,54.88,56.98,59.09,61.19,63.30,65.40,67.51,47.51,165.000,0.9672,51.02,81.93,HOLD,0,36,1,0
683,45.53,27.52,29.62,31.73,33.83,35.94,38.05,40.15,42.26,44.36,46.47,48.57,50.68,52.78,54.89,56.99,59.10,61.20,63.31,65.41,67.52,47.52,165.000,0.9672,51.02,81.93,HOLD,0,36,1,0
684,45.60,27.53,29.64,31.74,33.85,35.95,38.06,40.16,42.27,44.37,46.48,48.58,50.69,52.79,54.90,57.00,59.11,61.21,63.32,65.42,67.53,47.53,165.000,0.9672,51.02,81.93,HOLD,0,36,1,0
685,45.67,27.54,29.65,31.75,33.86,35.96,38.07,40.17,42.28,44.38,46.49,48.59,50.70,52.80,54.91,57.01,59.12,61.22,63.33,65.44,67.54,47.54,165.000,0.9672,51.02,81.93,HOLD,0,36,1,0
686,45.73,27.55,29.66,31.76,33.87,35.97,38.08,40.18,42.29,44.39,46.50,48.60,50.71,52.81,54.92,57.03,59.13,61.24,63.34,65.45,67.55,47.55,165.000,0.9672,51.02,81.93,HOLD,0,36,1,0
687,45.80,27.56,29.67,31.77,33.88,35.98,38.09,40.19,42.30,44.40,46.51,48.62,50.72,52.83,54.93,57.04,59.14,61.25,63.35,65.46,67.56,47.56,165.000,0.9672,51.02,81.93,HOLD,0,36,1,0
688,45.87,27.57,29.68,31.78,33.89,35.99,38.10,40.20,42.31,44.42,46.52,48.63,50.73,52.84,54.94,57.05,59.15,61.26,63.36,65.47,67.57,47.57,165.000,0.9672,51.02,81.93,HOLD,0,36,1,0
689,45.93,27.58,29.69,31.79,33.90,36.01,38.11,40.22,42.32,44.43,46.53,48.64,50.74,52.85,54.95,57.06,59.16,61.27,63.37,65.48,67.58,47.58,165.000,0.9672,51.02,81.93,HOLD,0,36,1,0
690,46.00,27.60,29.70,31.81,33.91,36.02,38.12,40.23,42.33,44.44,46.54,48.65,50.75,52.86,54.96,57.07,59.17,61.28,63.38,65.49,67.60,47.60,165.000,0.9672,51.02,81.93,HOLD,0,36,1,0
691,46.07,27.61,29.71,31.82,33.92,36.03,38.13,40.24,42.34,44.45,46.55,48.66,50.76,52.87,54.97,57.08,59.19,61.29,63.40,65.50,67.61,47.61,165.000,0.9672,51.02,81.93,HOLD,0,36,1,0
692,46.13,27.62,29.72,31.83,33.93,36.04,38.14,40.25,42.35,44.46,46.56,48.67,50.77,52.88,54.99,57.09,59.20,61.30,63.41,65.51,67.62,47.62,165.000,0.9672,51.02,81.93,HOLD,0,36,1,0
693,46.20,27.63,29.73,31.84,33.94,36.05,38.15,40.26,42.36,44.47,46.58,48.68,50.79,52.89,55.00,57.10,59.21,61.31,63.42,65.52,67.63,47.63,165.000,0.9672,51.02,81.93,HOLD,0,36,1,0
694,46.27,27.64,29.74,31.85,33.95,36.06,38.17,40.27,42.38,44.48,46.59,48.69,50.80,52.90,55.01,57.11,59.22,61.32,63.43,65.53,67.64,47.64,165.000,0.9672,51.02,81.93,HOLD,0,36,1,0
695,46.33,27.65,29.75,31.86,33.97,36.07,38.18,40.28,42.39,44.49,46.60,48.70,50.81,52.91,55.02,57.12,59.23,61.33,63.44,65.54,67.65,47.65,165.000,0.9672,51.02,81.93,HOLD,0,36,1,0
696,46.40,27.66,29.77,31.87,33.98,36.08,38.19,40.29,42.40,44.50,46.61,48.71,50.82,52.92,55.03,57.13,59.24,61.34,63.45,65.56,67.66,47.66,165.000,0.9672,51.02,81.93,HOLD,0,36,1,0
697,46.47,27.67,29.78,31.88,33.99,36.09,38.20,40.30,42.41,44.51,46.62,48.72,50.83,52.93,55.04,57.15,59.25,61.36,63.46,65.57,67.67,47.67,165.000,0.9672,51.02,81.93,HOLD,0,36,1,0
698,46.53,27.68,29.79,31.89,34.00,36.10,38.21,40.31,42.42,44.52,46.63,48.73,50.84,52.95,55.05,57.16,59.26,61.37,63.47,65.58,67.68,47.68,165.000,0.9672,51.02,81.93,HOLD,0,36,1,0
699,46.60,27.69,29.80,31.90,34.01,36.11,38.22,40.32,42.43,44.54,46.64,48.75,50.85,52.96,55.06,57.17,59.27,61.38,63.48,65.59,67.69,47.69,165.000,0.9672,51.02,81.93,HOLD,0,36,1,0
700,46.67,27.70,29.81,31.91,34.02,36.13,38.23,40.34,42.44,44.55,46.65,48.76,50.86,52.97,55.07,57.18,59.28,61.39,63.49,65.60,67.70,47.70,165.000,0.9672,51.02,81.93,HOLD,0,36,1,0
701,46.73,27.71,29.82,31.93,34.03,36.14,38.24,40.35,42.45,44.56,46.66,48.77,50.87,52.98,55.08,57.19,59.29,61.40,63.50,65.61,67.71,47.71,165.000,0.9672,51.02,81.93,HOLD,0,36,1,0
702,46.80,27.73,29.83,31.94,34.04,36.15,38.25,40.36,42.46,44.57,46.67,48.78,50.88,52.99,55.09,57.20,59.30,61.41,63.52,65.62,67.73,47.73,165.000,0.9672,51.02,81.93,HOLD,0,36,1,0
703,46.87,27.74,29.84,31.95,34.05,36.16,38.26,40.37,42.47,44.58,46.68,48.79,50.89,53.00,55.11,57.21,59.32,61.42,63.53,65.63,67.74,47.74,165.000,0.9672,51.02,81.93,HOLD,0,36,1,0
704,46.93,27.75,29.85,31.96,34.06,36.17,38.27,40.38,42.48,44.59,46.69,48.80,50.91,53.01,55.12,57.22,59.33,61.43,63.54,65.64,67.75,47.75,165.000,0.9672,51.02,81.93,HOLD,0,36,1,0
705,47.00,27.76,29.86,31.97,34.07,36.18,38.28,40.39,42.50,44.60,46.71,48.81,50.92,53.02,55.13,57.23,59.34,61.44,63.55,65.65,67.76,47.76,165.000,0.9672,51.02,81.93,HOLD,0,36,1,0
706,47.07,27.77,29.87,31.98,34.09,36.19,38.30,40.40,42.51,44.61,46.72,48.82,50.93,53.03,55.14,57.24,59.35,61.45,63.56,65.66,67.77,47.77,165.000,0.9672,51.02,81.93,HOLD,0,36,1,0
707,47.13,27.78,29.89,31.99,34.10,36.20,38.31,40.41,42.52,44.62,46.73,48.83,50.94,53.04,55.15,57.25,59.36,61.46,63.57,65.68,67.78,47.78,165.000,0.9672,51.02,81.93,HOLD,0,36,1,0
708,47.20,27.79,29.90,32.00,34.11,36.21,38.32,40.42,42.53,44.63,46.74,48.84,50.95,53.05,55.16,57.26,59.37,61.48,63.58,65.69,67.79,47.79,165.000,0.9672,51.02,81.93,HOLD,0,36,1,0
709,47.27,27.80,29.91,32.01,34.12,36.22,38.33,40.43,42.54,44.64,46.75,48.85,50.96,53.07,55.17,57.28,59.38,61.49,63.59,65.70,67.80,47.80,165.000,0.9672,51.02,81.93,HOLD,0,36,1,0
710,47.33,27.81,29.92,32.02,34.13,36.23,38.34,40.44,42.55,44.66,46.76,48.87,50.97,53.08,55.18,57.29,59.39,61.50,63.60,65.71,67.81,47.81,165.000,0.9672,51.02,81.93,HOLD,0,36,1,0
711,47.40,27.82,29.93,32.03,34.14,36.24,38.35,40.46,42.56,44.67,46.77,48.88,50.98,53.09,55.19,57.30,59.40,61.51,63.61,65.72,67.82,47.82,165.000,0.9672,51.02,81.93,HOLD,0,36,1,0
712,47.47,27.83,29.94,32.05,34.15,36.26,38.36,40.47,42.57,44.68,46.78,48.89,50.99,53.10,55.20,57.31,59.41,61.52,63.62,65.73,67.83,47.83,165.000,0.9672,51.02,81.93,HOLD,0,36,1,0
713,47.53,27.85,29.95,32.06,34.16,36.27,38.37,40.48,42.58,44.69,46.79,48.90,51.00,53.11,55.21,57.32,59.42,61.53,63.64,65.74,67.85,47.85,165.000,0.9672,51.02,81.93,HOLD,0,36,1,0
714,47.60,27.86,29.96,32.07,34.17,36.28,38.38,40.49,42.59,44.70,46.80,48.91,51.01,53.12,55.22,57.33,59.44,61.54,63.65,65.75,67.86,47.86,165.000,0.9672,51.02,81.93,HOLD,0,36,1,0
715,47.67,27.87,29.97,32.08,34.18,36.29,38.39,40.50,42.60,44.71,46.81,48.92,51.03,53.13,55.24,57.34,59.45,61.55,63.66,65.76,67.87,47.87,165.000,0.9672,51.02,81.93,HOLD,0,36,1,0
716,47.73,27.88,29.98,32.09,34.19,36.30,38.40,40.51,42.62,44.72,46.83,48.93,51.04,53.14,55.25,57.35,59.46,61.56,63.67,65.77,67.88,47.88,165.000,0.9672,51.02,81.93,HOLD,0,36,1,0
717,47.80,27.89,29.99,32.10,34.20,36.31,38.42,40.52,42.63,44.73,46.84,48.94,51.05,53.15,55.26,57.36,59.47,61.57,63.68,65.78,67.89,47.89,165.000,0.9672,51.02,81.93,HOLD,0,36,1,0
718,47.87,27.90,30.01,32.11,34.22,36.32,38.43,40.53,42.64,44.74,46.85,48.95,51.06,53.16,55.27,57.37,59.48,61.58,63.69,65.79,67.90,47.90,165.000,0.9672,51.02,81.93,HOLD,0,36,1,0
719,47.93,27.91,30.02,32.12,34.23,36.33,38.44,40.54,42.65,44.75,46.86,48.96,51.07,53.17,55.28,57.38,59.49,61.60,63.70,65.81,67.91,47.91,165.000,0.9672,51.02,81.93,HOLD,0,36,1,0
720,48.00,27.92,30.03,32.13,34.24,36.34,38.45,40.55,42.66,44.76,46.87,48.97,51.08,53.18,55.29,57.40,59.50,61.61,63.71,65.82,67.92,47.92,165.000,0.9672,51.02,81.93,HOLD,0,36,1,0
721,48.07,27.93,30.04,32.14,34.25,36.35,38.46,40.56,42.67,44.77,46.88,48.99,51.09,53.20,55.30,57.41,59.51,61.62,63.72,65.83,67.93,47.93,165.000,0.9672,51.02,81.93,HOLD,0,36,1,0
722,48.13,27.94,30.05,32.15,34.26,36.36,38.47,40.58,42.68,44.79,46.89,49.00,51.10,53.21,55.31,57.42,59.52,61.63,63.73,65.84,67.94,47.94,165.000,0.9672,51.02,81.93,HOLD,0,36,1,0
723,48.20,27.95,30.06,32.17,34.27,36.38,38.48,40.59,42.69,44.80,46.90,49.01,51.11,53.22,55.32,57.43,59.53,61.64,63.74,65.85,67.95,47.95,165.000,0.9672,51.02,81.93,HOLD,0,36,1,0
724,48.27,27.97,30.07,32.18,34.28,36.39,38.49,40.60,42.70,44.81,46.91,49.02,51.12,53.23,55.33,57.44,59.54,61.65,63.75,65.86,67.97,47.97,165.000,0.9672,51.02,81.93,HOLD,0,36,1,0
725,48.33,27.98,30.08,32.19,34.29,36.40,38.50,40.61,42.71,44.82,46.92,49.03,51.13,53.24,55.34,57.45,59.56,61.66,63.77,65.87,67.98,47.98,165.000,0.9672,51.02,81.93,HOLD,0,36,1,0
726,48.40,27.99,30.09,32.20,34.30,36.41,38.51,40.62,42.72,44.83,46.93,49.04,51.15,53.25,55.36,57.46,59.57,61.67,63.78,65.88,67.99,47.99,165.000,0.9672,51.02,81.93,HOLD,0,36,1,0
727,48.47,28.00,30.10,32.21,34.31,36.42,38.52,40.63,42.73,44.84,46.95,49.05,51.16,53.26,55.37,57.47,59.58,61.68,63.79,65.89,68.00,48.00,165.000,0.9672,51.02,81.93,HOLD,0,36,1,0
728,48.53,28.01,30.11,32.22,34.32,36.43,38.54,40.64,42.75,44.85,46.96,49.06,51.17,53.27,55.38,57.48,59.59,61.69,63.80,65.90,68.01,48.01,165.000,0.9672,51.02,81.93,HOLD,0,36,1,0
729,48.60,28.02,30.13,32.23,34.34,36.44,38.55,40.65,42.76,44.86,46.97,49.07,51.18,53.28,55.39,57.49,59.60,61.70,63.81,65.91,68.02,48.02,165.000,0.9672,51.02,81.93,HOLD,0,36,1,0
730,48.67,28.03,30.14,32.24,34.35,36.45,38.56,40.66,42.77,44.87,46.98,49.08,51.19,53.29,55.40,57.50,59.61,61.71,63.82,65.93,68.03,48.03,165.000,0.9672,51.02,81.93,HOLD,0,36,1,0
731,48.73,28.04,30.15,32.25,34.36,36.46,38.57,40.67,42.78,44.88,46.99,49.09,51.20,53.30,55.41,57.52,59.62,61.73,63.83,65.94,68.04,48.04,165.000,0.9672,51.02,81.93,HOLD,0,36,1,0
732,48.80,28.05,30.16,32.26,34.37,36.47,38.58,40.68,42.79,44.89,47.00,49.11,51.21,53.32,55.42,57.53,59.63,61.74,63.84,65.95,68.05,48.05,165.000,0.9672,51.02,81.93,HOLD,0,36,1,0
733,48.87,28.06,30.17,32.27,34.38,36.48,38.59,40.69,42.80,44.91,47.01,49.12,51.22,53.33,55.43,57.54,59.64,61.75,63.85,65.96,68.06,48.06,165.000,0.9672,51.02,81.93,HOLD,0,36,1,0
734,48.93,28.07,30.18,32.28,34.39,36.50,38.60,40.71,42.81,44.92,47.02,49.13,51.23,53.34,55.44,57.55,59.65,61.76,63.86,65.97,68.07,48.07,165.000,0.9672,51.02,81.93,HOLD,0,36,1,0
735,49.00,28.09,30.19,32.30,34.40,36.51,38.61,40.72,42.82,44.93,47.03,49.14,51.24,53.35,55.45,57.56,59.66,61.77,63.87,65.98,68.09,48.09,165.000,0.9672,51.02,81.93,HOLD,0,36,1,0
736,49.07,28.10,30.20,32.31,34.41,36.52,38.62,40.73,42.83,44.94,47.04,49.15,51.25,53.36,55.46,57.57,59.68,61.78,63.89,65.99,68.10,48.10,165.000,0.9672,51.02,81.93,HOLD,0,36,1,0
737,49.13,28.11,30.21,32.32,34.42,36.53,38.63,40.74,42.84,44.95,47.05,49.16,51.26,53.37,55.48,57.58,59.69,61.79,63.90,66.00,68.11,48.11,165.000,0.9672,51.02,81.93,HOLD,0,36,1,0
738,49.20,28.12,30.22,32.33,34.43,36.54,38.64,40.75,42.85,44.96,47.07,49.17,51.28,53.38,55.49,57.59,59.70,61.80,63.91,66.01,68.12,48.12,165.000,0.9672,51.02,81.93,HOLD,0,36,1,0
739,49.27,28.13,30.23,32.34,34.44,36.55,38.66,40.76,42.87,44.97,47.08,49.18,51.29,53.39,55.50,57.60,59.71,61.81,63.92,66.02,68.13,48.13,165.000,0.9672,51.02,81.93,HOLD,0,36,1,0
740,49.33,28.14,30.24,32.35,34.46,36.56,38.67,40.77,42.88,44.98,47.09,49.19,51.30,53.40,55.51,57.61,59.72,61.82,63.93,66.03,68.14,48.14,165.000,0.9672,51.02,81.93,HOLD,0,36,1,0
741,49.40,28.15,30.26,32.36,34.47,36.57,38.68,40.78,42.89,44.99,47.10,49.20,51.31,53.41,55.52,57.62,59.73,61.83,63.94,66.05,68.15,48.15,165.000,0.9672,51.02,81.93,HOLD,0,36,1,0
742,49.47,28.16,30.27,32.37,34.48,36.58,38.69,40.79,42.90,45.00,47.11,49.21,51.32,53.42,55.53,57.64,59.74,61.85,63.95,66.06,68.16,48.16,165.000,0.9672,51.02,81.93,HOLD,0,36,1,0
743,49.53,28.17,30.28,32.38,34.49,36.59,38.70,40.80,42.91,45.01,47.12,49.22,51.33,53.44,55.54,57.65,59.75,61.86,63.96,66.07,68.17,48.17,165.000,0.9672,51.02,81.93,HOLD,0,36,1,0
744,49.60,28.18,30.29,32.39,34.50,36.60,38.71,40.81,42.92,45.03,47.13,49.24,51.34,53.45,55.55,57.66,59.76,61.87,63.97,66.08,68.18,48.18,165.000,0.9672,51.02,81.93,HOLD,0,36,1,0
745,49.67,28.19,30.30,32.40,34.51,36.62,38.72,40.83,42.93,45.04,47.14,49.25,51.35,53.46,55.56,57.67,59.77,61.88,63.98,66.09,68.19,48.19,165.000,0.9672,51.02,81.93,HOLD,0,36,1,0
746,49.73,28.20,30.31,32.42,34.52,36.63,38.73,40.84,42.94,45.05,47.15,49.26,51.36,53.47,55.57,57.68,59.78,61.89,63.99,66.10,68.20,48.20,165.000,0.9672,51.02,81.93,HOLD,0,36,1,0
747,49.80,28.22,30.32,32.43,34.53,36.64,38.74,40.85,42.95,45.06,47.16,49.27,51.37,53.48,55.58,57.69,59.79,61.90,64.01,66.11,68.22,48.22,165.000,0.9672,51.02,81.93,HOLD,0,36,1,0
748,49.87,28.23,30.33,32.44,34.54,36.65,38.75,40.86,42.96,45.07,47.17,49.28,51.38,53.49,55.60,57.70,59.81,61.91,64.02,66.12,68.23,48.23,165.000,0.9672,51.02,81.93,HOLD,0,36,1,0
749,49.93,28.24,30.34,32.45,34.55,36.66,38.76,40.87,42.97,45.08,47.18,49.29,51.40,53.50,55.61,57.71,59.82,61.92,64.03,66.13,68.24,48.24,165.000,0.9672,51.02,81.93,HOLD,0,36,1,0
750,50.00,28.25,30.35,32.46,34.56,36.67,38.77,40.88,42.99,45.09,47.20,49.30,51.41,53.51,55.62,57.72,59.83,61.93,64.04,66.14,68.25,48.25,165.000,0.9672,51.02,81.93,HOLD,0,36,1,0
751,50.07,28.26,30.36,32.47,34.58,36.68,38.79,40.89,43.00,45.10,47.21,49.31,51.42,53.52,55.63,57.73,59.84,61.94,64.05,66.15,68.26,48.26,165.000,0.9672,51.02,81.93,HOLD,0,36,1,0
752,50.13,28.27,30.38,32.48,34.59,36.69,38.80,40.90,43.01,45.11,47.22,49.32,51.43,53.53,55.64,57.74,59.85,61.95,64.06,66.17,68.27,48.27,165.000,0.9672,51.02,81.93,HOLD,0,36,1,0
753,50.20,28.28,30.39,32.49,34.60,36.70,38.81,40.91,43.02,45.12,47.23,49.33,51.44,53.54,55.65,57.75,59.86,61.97,64.07,66.18,68.28,48.28,165.000,0.9672,51.02,81.93,HOLD,0,36,1,0
754,50.27,28.29,30.40,32.50,34.61,36.71,38.82,40.92,43.03,45.13,47.24,49.34,51.45,53.56,55.66,57.77,59.87,61.98,64.08,66.19,68.29,48.29,165.000,0.9672,51.02,81.93,HOLD,0,36,1,0
755,50.33,28.30,30.41,32.51,34.62,36.72,38.83,40.93,43.04,45.15,47.25,49.36,51.46,53.57,55.67,57.78,59.88,61.99,64.09,66.20,68.30,48.30,165.000,0.9672,51.02,81.93,HOLD,0,36,1,0
756,50.40,28.31,30.42,32.52,34.63,36.73,38.84,40.95,43.05,45.16,47.26,49.37,51.47,53.58,55.68,57.79,59.89,62.00,64.10,66.21,68.31,48.31,165.000,0.9672,51.02,81.93,HOLD,0,36,1,0
757,50.47,28.32,30.43,32.54,34.64,36.75,38.85,40.96,43.06,45.17,47.27,49.38,51.48,53.59,55.69,57.80,59.90,62.01,64.11,66.22,68.32,48.32,165.000,0.9672,51.02,81.93,HOLD,0,36,1,0
758,50.53,28.34,30.44,32.55,34.65,36.76,38.86,40.97,43.07,45.18,47.28,49.39,51.49,53.60,55.70,57.81,59.91,62.02,64.13,66.23,68.34,48.34,165.000,0.9672,51.02,81.93,HOLD,0,36,1,0
759,50.60,28.35,30.45,32.56,34.66,36.77,38.87,40.98,43.08,45.19,47.29,49.40,51.50,53.61,55.71,57.82,59.93,62.03,64.14,66.24,68.35,48.35,165.000,0.9672,51.02,81.93,HOLD,0,36,1,0
760,50.67,28.36,30.46,32.57,34.67,36.78,38.88,40.99,43.09,45.20,47.30,49.41,51.52,53.62,55.73,57.83,59.94,62.04,64.15,66.25,68.36,48.36,165.000,0.9672,51.02,81.93,HOLD,0,36,1,0
761,50.73,28.37,30.47,32.58,34.68,36.79,38.89,41.00,43.11,45.21,47.32,49.42,51.53,53.63,55.74,57.84,59.95,62.05,64.16,66.26,68.37,48.37,165.000,0.9672,51.02,81.93,HOLD,0,36,1,0
762,50.80,28.38,30.48,32.59,34.69,36.80,38.91,41.01,43.12,45.22,47.33,49.43,51.54,53.64,55.75,57.85,59.96,62.06,64.17,66.27,68.38,48.38,165.000,0.9672,51.02,81.93,HOLD,0,36,1,0
763,50.87,28.39,30.50,32.60,34.71,36.81,38.92,41.02,43.13,45.23,47.34,49.44,51.55,53.65,55.76,57.86,59.97,62.07,64.18,66.28,68.39,48.39,165.000,0.9672,51.02,81.93,HOLD,0,36,1,0
764,50.93,28.40,30.51,32.61,34.72,36.82,38.93,41.03,43.14,45.24,47.35,49.45,51.56,53.66,55.77,57.87,59.98,62.09,64.19,66.30,68.40,48.40,165.000,0.9672,51.02,81.93,HOLD,0,36,1,0
765,51.00,28.41,30.52,32.62,34.73,36.83,38.94,41.04,43.15,45.25,47.36,49.46,51.57,53.67,55.78,57.89,59.99,62.10,64.20,66.31,68.41,48.41,165.000,0.9672,51.02,81.93,HOLD,0,36,1,0
766,51.07,28.42,30.53,32.63,34.74,36.84,38.95,41.05,43.16,45.26,47.37,49.48,51.58,53.69,55.79,57.90,60.00,62.11,64.21,66.32,68.42,48.42,165.000,0.9672,51.02,81.93,HOLD,0,36,1,0
767,51.13,28.43,30.54,32.64,34.75,36.85,38.96,41.07,43.17,45.28,47.38,49.49,51.59,53.70,55.80,57.91,60.01,62.12,64.22,66.33,68.43,48.43,165.000,0.9672,51.02,81.93,HOLD,0,36,1,0
768,51.20,28.44,30.55,32.66,34.76,36.87,38.97,41.08,43.18,45.29,47.39,49.50,51.60,53.71,55.81,57.92,60.02,62.13,64.23,66.34,68.44,48.44,165.000,0.9672,51.02,81.93,HOLD,0,36,1,0
769,51.27,28.46,30.56,32.67,34.77,36.88,38.98,41.09,43.19,45.30,47.40,49.51,51.61,53.72,55.82,57.93,60.03,62.14,64.24,66.35,68.46,48.46,165.000,0.9672,51.02,81.93,HOLD,0,36,1,0
770,51.33,28.47,30.57,32.68,34.78,36.89,38.99,41.10,43.20,45.31,47.41,49.52,51.62,53.73,55.83,57.94,60.05,62.15,64.26,66.36,68.47,48.47,165.000,0.9672,51.02,81.93,HOLD,0,36,1,0
771,51.40,28.48,30.58,32.69,34.79,36.90,39.00,41.11,43.21,45.32,47.42,49.53,51.64,53.74,55.85,57.95,60.06,62.16,64.27,66.37,68.48,48.48,165.000,0.9672,51.02,81.93,HOLD,0,36,1,0
772,51.47,28.49,30.59,32.70,34.80,36.91,39.01,41.12,43.22,45.33,47.44,49.54,51.65,53.75,55.86,57.96,60.07,62.17,64.28,66.38,68.49,48.49,165.000,0.9672,51.02,81.93,HOLD,0,36,1,0
773,51.53,28.50,30.60,32.71,34.81,36.92,39.03,41.13,43.24,45.34,47.45,49.55,51.66,53.76,55.87,57.97,60.08,62.18,64.29,66.39,68.50,48.50,165.000,0.9672,51.02,81.93,HOLD,0,36,1,0
774,51.60,28.51,30.62,32.72,34.83,36.93,39.04,41.14,43.25,45.35,47.46,49.56,51.67,53.77,55.88,57.98,60.09,62.19,64.30,66.40,68.51,48.51,165.000,0.9672,51.02,81.93,HOLD,0,36,1,0
775,51.67,28.52,30.63,32.73,34.84,36.94,39.05,41.15,43.26,45.36,47.47,49.57,51.68,53.78,55.89,57.99,60.10,62.20,64.31,66.42,68.52,48.52,165.000,0.9672,51.02,81.93,HOLD,0,36,1,0
776,51.73,28.53,30.64,32.74,34.85,36.95,39.06,41.16,43.27,45.37,47.48,49.58,51.69,53.79,55.90,58.01,60.11,62.22,64.32,66.43,68.53,48.53,165.000,0.9672,51.02,81.93,HOLD,0,36,1,0
777,51.80,28.54,30.65,32.75,34.86,36.96,39.07,41.17,43.28,45.38,47.49,49.60,51.70,53.81,55.91,58.02,60.12,62.23,64.33,66.44,68.54,48.54,165.000,0.9672,51.02,81.93,HOLD,0,36,1,0
778,51.87,28.55,30.66,32.76,34.87,36.97,39.08,41.18,43.29,45.40,47.50,49.61,51.71,53.82,55.92,58.03,60.13,62.24,64.34,66.45,68.55,48.55,165.000,0.9672,51.02,81.93,HOLD,0,36,1,0
779,51.93,28.56,30.67,32.77,34.88,36.99,39.09,41.20,43.30,45.41,47.51,49.62,51.72,53.83,55.93,58.04,60.14,62.25,64.35,66.46,68.56,48.56,165.000,0.9672,51.02,81.93,HOLD,0,36,1,0
780,52.00,28.58,30.68,32.79,34.89,37.00,39.10,41.21,43.31,45.42,47.52,49.63,51.73,53.84,55.94,58.05,60.15,62.26,64.36,66.47,68.58,48.58,165.000,0.9672,51.02,81.93,HOLD,0,36,1,0
781,52.07,28.59,30.69,32.80,34.90,37.01,39.11,41.22,43.32,45.43,47.53,49.64,51.74,53.85,55.95,58.06,60.17,62.27,64.38,66.48,68.59,48.59,165.000,0.9672,51.02,81.93,HOLD,0,36,1,0
782,52.13,28.60,30.70,32.81,34.91,37.02,39.12,41.23,43.33,45.44,47.54,49.65,51.75,53.86,55.97,58.07,60.18,62.28,64.39,66.49,68.60,48.60,165.000,0.9672,51.02,81.93,HOLD,0,36,1,0
783,52.20,28.61,30.71,32.82,34.92,37.03,39.13,41.24,43.34,45.45,47.56,49.66,51.77,53.87,55.98,58.08,60.19,62.29,64.40,66.50,68.61,48.61,165.000,0.9672,51.02,81.93,HOLD,0,36,1,0
784,52.27,28.62,30.72,32.83,34.93,37.04,39.15,41.25,43.36,45.46,47.57,49.67,51.78,53.88,55.99,58.09,60.20,62.30,64.41,66.51,68.62,48.62,165.000,0.9672,51.02,81.93,HOLD,0,36,1,0
785,52.33,28.63,30.73,32.84,34.95,37.05,39.16,41.26,43.37,45.47,47.58,49.68,51.79,53.89,56.00,58.10,60.21,62.31,64.42,66.52,68.63,48.63,165.000,0.9672,51.02,81.93,HOLD,0,36,1,0
786,52.40,28.64,30.75,32.85,34.96,37.06,39.17,41.27,43.38,45.48,47.59,49.69,51.80,53.90,56.01,58.11,60.22,62.32,64.43,66.54,68.64,48.64,165.000,0.9672,51.02,81.93,HOLD,0,36,1,0
787,52.47,28.65,30.76,32.86,34.97,37.07,39.18,41.28,43.39,45.49,47.60,49.70,51.81,53.91,56.02,58.13,60.23,62.34,64.44,66.55,68.65,48.65,165.000,0.9672,51.02,81.93,HOLD,0,36,1,0
788,52.53,28.66,30.77,32.87,34.98,37.08,39.19,41.29,43.40,45.50,47.61,49.71,51.82,53.93,56.03,58.14,60.24,62.35,64.45,66.56,68.66,48.66,165.000,0.9672,51.02,81.93,HOLD,0,36,1,0
789,52.60,28.67,30.78,32.88,34.99,37.09,39.20,41.30,43.41,45.52,47.62,49.73,51.83,53.94,56.04,58.15,60.25,62.36,64.46,66.57,68.67,48.67,165.000,0.9672,51.02,81.93,HOLD,0,36,1,0
790,52.67,28.68,30.79,32.89,35.00,37.11,39.21,41.32,43.42,45.53,47.63,49.74,51.84,53.95,56.05,58.16,60.26,62.37,64.47,66.58,68.68,48.68,165.000,0.9672,51.02,81.93,HOLD,0,36,1,0
791,52.73,28.69,30.80,32.91,35.01,37.12,39.22,41.33,43.43,45.54,47.64,49.75,51.85,53.96,56.06,58.17,60.27,62.38,64.48,66.59,68.69,48.69,165.000,0.9672,51.02,81.93,HOLD,0,36,1,0
792,52.80,28.71,30.81,32.92,35.02,37.13,39.23,41.34,43.44,45.55,47.65,49.76,51.86,53.97,56.07,58.18,60.28,62.39,64.50,66.60,68.71,48.71,165.000,0.9672,51.02,81.93,HOLD,0,36,1,0
793,52.87,28.72,30.82,32.93,35.03,37.14,39.24,41.35,43.45,45.56,47.66,49.77,51.87,53.98,56.09,58.19,60.30,62.40,64.51,66.61,68.72,48.72,165.000,0.9672,51.02,81.93,HOLD,0,36,1,0
794,52.93,28.73,30.83,32.94,35.04,37.15,39.25,41.36,43.46,45.57,47.67,49.78,51.89,53.99,56.10,58.20,60.31,62.41,64.52,66.62,68.73,48.73,165.000,0.9672,51.02,81.93,HOLD,0,36,1,0
795,53.00,28.74,30.84,32.95,35.05,37.16,39.26,41.37,43.48,45.58,47.69,49.79,51.90,54.00,56.11,58.21,60.32,62.42,64.53,66.63,68.74,48.74,165.000,0.9672,51.02,81.93,HOLD,0,36,1,0
796,53.07,28.75,30.85,32.96,35.07,37.17,39.28,41.38,43.49,45.59,47.70,49.80,51.91,54.01,56.12,58.22,60.33,62.43,64.54,66.64,68.75,48.75,165.000,0.9672,51.02,81.93,HOLD,0,36,1,0
797,53.13,28.76,30.87,32.97,35.08,37.18,39.29,41.39,43.50,45.60,47.71,49.81,51.92,54.02,56.13,58.23,60.34,62.44,64.55,66.66,68.76,48.76,165.000,0.9672,51.02,81.93,HOLD,0,36,1,0
798,53.20,28.77,30.88,32.98,35.09,37.19,39.30,41.40,43.51,45.61,47.72,49.82,51.93,54.03,56.14,58.24,60.35,62.46,64.56,66.67,68.77,48.77,165.000,0.9672,51.02,81.93,HOLD,0,36,1,0
799,53.27,28.78,30.89,32.99,35.10,37.20,39.31,41.41,43.52,45.62,47.73,49.83,51.94,54.05,56.15,58.26,60.36,62.47,64.57,66.68,68.78,48.78,165.000,0.9672,51.02,81.93,HOLD,0,36,1,0
800,53.33,28.79,30.90,33.00,35.11,37.21,39.32,41.42,43.53,45.64,47.74,49.85,51.95,54.06,56.16,58.27,60.37,62.48,64.58,66.69,68.79,48.79,165.000,0.9672,51.02,81.93,HOLD,0,36,1,0
801,53.40,28.80,30.91,33.01,35.12,37.22,39.33,41.44,43.54,45.65,47.75,49.86,51.96,54.07,56.17,58.28,60.38,62.49,64.59,66.70,68.80,48.80,165.000,0.9672,51.02,81.93,HOLD,0,36,1,0
802,53.47,28.81,30.92,33.03,35.13,37.24,39.34,41.45,43.55,45.66,47.76,49.87,51.97,54.08,56.18,58.29,60.39,62.50,64.60,66.71,68.81,48.81,165.000,0.9672,51.02,81.93,HOLD,0,36,1,0
803,53.53,28.83,30.93,33.04,35.14,37.25,39.35,41.46,43.56,45.67,47.77,49.88,51.98,54.09,56.19,58.30,60.40,62.51,64.62,66.72,68.83,48.83,165.000,0.9672,51.02,81.93,HOLD,0,36,1,0
804,53.60,28.84,30.94,33.05,35.15,37.26,39.36,41.47,43.57,45.68,47.78,49.89,51.99,54.10,56.20,58.31,60.42,62.52,64.63,66.73,68.84,48.84,165.000,0.9672,51.02,81.93,HOLD,0,36,1,0
805,53.67,28.85,30.95,33.06,35.16,37.27,39.37,41.48,43.58,45.69,47.79,49.90,52.01,54.11,56.22,58.32,60.43,62.53,64.64,66.74,68.85,48.85,165.000,0.9672,51.02,81.93,HOLD,0,36,1,0
806,53.73,28.86,30.96,33.07,35.17,37.28,39.38,41.49,43.60,45.70,47.81,49.91,52.02,54.12,56.23,58.33,60.44,62.54,64.65,66.75,68.86,48.86,165.000,0.9672,51.02,81.93,HOLD,0,36,1,0
807,53.80,28.87,30.97,33.08,35.18,37.29,39.40,41.50,43.61,45.71,47.82,49.92,52.03,54.13,56.24,58.34,60.45,62.55,64.66,66.76,68.87,48.87,165.000,0.9672,51.02,81.93,HOLD,0,36,1,0
808,53.87,28.88,30.99,33.09,35.20,37.30,39.41,41.51,43.62,45.72,47.83,49.93,52.04,54.14,56.25,58.35,60.46,62.56,64.67,66.77,68.88,48.88,165.000,0.9672,51.02,81.93,HOLD,0,36,1,0
809,53.93,28.89,31.00,33.10,35.21,37.31,39.42,41.52,43.63,45.73,47.84,49.94,52.05,54.15,56.26,58.36,60.47,62.58,64.68,66.79,68.89,48.89,165.000,0.9672,51.02,81.93,HOLD,0,36,1,0
810,54.00,28.90,31.01,33.11,35.22,37.32,39.43,41.53,43.64,45.74,47.85,49.95,52.06,54.16,56.27,58.38,60.48,62.59,64.69,66.80,68.90,48.90,165.000,0.9672,51.02,81.93,HOLD,0,36,1,0
811,54.07,28.91,31.02,33.12,35.23,37.33,39.44,41.54,43.65,45.75,47.86,49.97,52.07,54.18,56.28,58.39,60.49,62.60,64.70,66.81,68.91,48.91,165.000,0.9672,51.02,81.93,HOLD,0,36,1,0
812,54.13,28.92,31.03,33.13,35.24,37.34,39.45,41.56,43.66,45.77,47.87,49.98,52.08,54.19,56.29,58.40,60.50,62.61,64.71,66.82,68.92,48.92,165.000,0.9672,51.02,81.93,HOLD,0,36,1,0
813,54.20,28.93,31.04,33.15,35.25,37.36,39.46,41.57,43.67,45.78,47.88,49.99,52.09,54.20,56.30,58.41,60.51,62.62,64.72,66.83,68.93,48.93,165.000,0.9672,51.02,81.93,HOLD,0,36,1,0
814,54.27,28.95,31.05,33.16,35.26,37.37,39.47,41.58,43.68,45.79,47.89,50.00,52.10,54.21,56.31,58.42,60.52,62.63,64.73,66.84,68.95,48.95,165.000,0.9672,51.02,81.93,HOLD,0,36,1,0
815,54.33,28.96,31.06,33.17,35.27,37.38,39.48,41.59,43.69,45.80,47.90,50.01,52.11,54.22,56.32,58.43,60.54,62.64,64.75,66.85,68.96,48.96,165.000,0.9672,51.02,81.93,HOLD,0,36,1,0
816,54.40,28.97,31.07,33.18,35.28,37.39,39.49,41.60,43.70,45.81,47.91,50.02,52.13,54.23,56.34,58.44,60.55,62.65,64.76,66.86,68.97,48.97,165.000,0.9672,51.02,81.93,HOLD,0,36,1,0
817,54.47,28.98,31.08,33.19,35.29,37.40,39.50,41.61,43.71,45.82,47.93,50.03,52.14,54.24,56.35,58.45,60.56,62.66,64.77,66.87,68.98,48.98,165.000,0.9672,51.02,81.93,HOLD,0,36,1,0
818,54.53,28.99,31.09,33.20,35.30,37.41,39.52,41.62,43.73,45.83,47.94,50.04,52.15,54.25,56.36,58.46,60.57,62.67,64.78,66.88,68.99,48.99,165.000,0.9672,51.02,81.93,HOLD,0,36,1,0
819,54.60,29.00,31.11,33.21,35.32,37.42,39.53,41.63,43.74,45.84,47.95,50.05,52.16,54.26,56.37,58.47,60.58,62.68,64.79,66.89,69.00,49.00,165.000,0.9672,51.02,81.93,HOLD,0,36,1,0
820,54.67,29.01,31.12,33.22,35.33,37.43,39.54,41.64,43.75,45.85,47.96,50.06,52.17,54.27,56.38,58.48,60.59,62.69,64.80,66.91,69.01,49.01,165.000,0.9672,51.02,81.93,HOLD,0,36,1,0
821,54.73,29.02,31.13,33.23,35.34,37.44,39.55,41.65,43.76,45.86,47.97,50.07,52.18,54.28,56.39,58.50,60.60,62.71,64.81,66.92,69.02,49.02,165.000,0.9672,51.02,81.93,HOLD,0,36,1,0
822,54.80,29.03,31.14,33.24,35.35,37.45,39.56,41.66,43.77,45.87,47.98,50.09,52.19,54.30,56.40,58.51,60.61,62.72,64.82,66.93,69.03,49.03,165.000,0.9672,51.02,81.93,HOLD,0,36,1,0
823,54.87,29.04,31.15,33.25,35.36,37.46,39.57,41.67,43.78,45.89,47.99,50.10,52.20,54.31,56.41,58.52,60.62,62.73,64.83,66.94,69.04,49.04,165.000,0.9672,51.02,81.93,HOLD,0,36,1,0
824,54.93,29.05,31.16,33.26,35.37,37.48,39.58,41.69,43.79,45.90,48.00,50.11,52.21,54.32,56.42,58.53,60.63,62.74,64.84,66.95,69.05,49.05,165.000,0.9672,51.02,81.93,HOLD,0,36,1,0
825,55.00,29.07,31.17,33.28,35.38,37.49,39.59,41.70,43.80,45.91,48.01,50.12,52.22,54.33,56.43,58.54,60.64,62.75,64.85,66.96,69.07,49.07,165.000,0.9672,51.02,81.93,HOLD,0,36,1,0
826,55.07,29.08,31.18,33.29,35.39,37.50,39.60,41.71,43.81,45.92,48.02,50.13,52.23,54.34,56.44,58.55,60.66,62.76,64.87,66.97,69.08,49.08,165.000,0.9672,51.02,81.93,HOLD,0,36,1,0
827,55.13,29.09,31.19,33.30,35.40,37.51,39.61,41.72,43.82,45.93,48.03,50.14,52.24,54.35,56.46,58.56,60.67,62.77,64.88,66.98,69.09,49.09,165.000,0.9672,51.02,81.93,HOLD,0,36,1,0
828,55.20,29.10,31.20,33.31,35.41,37.52,39.62,41.73,43.83,45.94,48.05,50.15,52.26,54.36,56.47,58.57,60.68,62.78,64.89,66.99,69.10,49.10,165.000,0.9672,51.02,81.93,HOLD,0,36,1,0
829,55.27,29.11,31.21,33.32,35.42,37.53,39.64,41.74,43.85,45.95,48.06,50.16,52.27,54.37,56.48,58.58,60.69,62.79,64.90,67.00,69.11,49.11,165.000,0.9672,51.02,81.93,HOLD,0,36,1,0
830,55.33,29.12,31.22,33.33,35.44,37.54,39.65,41.75,43.86,45.96,48.07,50.17,52.28,54.38,56.49,58.59,60.70,62.80,64.91,67.01,69.12,49.12,165.000,0.9672,51.02,81.93,HOLD,0,36,1,0
831,55.40,29.13,31.24,33.34,35.45,37.55,39.66,41.76,43.87,45.97,48.08,50.18,52.29,54.39,56.50,58.60,60.71,62.81,64.92,67.03,69.13,49.13,165.000,0.9672,51.02,81.93,HOLD,0,36,1,0
832,55.47,29.14,31.25,33.35,35.46,37.56,39.67,41.77,43.88,45.98,48.09,50.19,52.30,54.40,56.51,58.62,60.72,62.83,64.93,67.04,69.14,49.14,165.000,0.9672,51.02,81.93,HOLD,0,36,1,0
833,55.53,29.15,31.26,33.36,35.47,37.57,39.68,41.78,43.89,45.99,48.10,50.20,52.31,54.42,56.52,58.63,60.73,62.84,64.94,67.05,69.15,49.15,165.000,0.9672,51.02,81.93,HOLD,0,36,1,0
834,55.60,29.16,31.27,33.37,35.48,37.58,39.69,41.79,43.90,46.01,48.11,50.22,52.32,54.43,56.53,58.64,60.74,62.85,64.95,67.06,69.16,49.16,165.000,0.9672,51.02,81.93,HOLD,0,36,1,0
835,55.67,29.17,31.28,33.38,35.49,37.60,39.70,41.81,43.91,46.02,48.12,50.23,52.33,54.44,56.54,58.65,60.75,62.86,64.96,67.07,69.17,49.17,165.000,0.9672,51.02,81.93,HOLD,0,36,1,0
836,55.73,29.18,31.29,33.40,35.50,37.61,39.71,41.82,43.92,46.03,48.13,50.24,52.34,54.45,56.55,58.66,60.76,62.87,64.97,67.08,69.18,49.18,165.000,0.9672,51.02,81.93,HOLD,0,36,1,0
837,55.80,29.20,31.30,33.41,35.51,37.62,39.72,41.83,43.93,46.04,48.14,50.25,52.35,54.46,56.56,58.67,60.77,62.88,64.99,67.09,69.20,49.20,165.000,0.9672,51.02,81.93,HOLD,0,36,1,0
838,55.87,29.21,31.31,33.42,35.52,37.63,39.73,41.84,43.94,46.05,48.15,50.26,52.36,54.47,56.58,58.68,60.79,62.89,65.00,67.10,69.21,49.21,165.000,0.9672,51.02,81.93,HOLD,0,36,1,0
839,55.93,29.22,31.32,33.43,35.53,37.64,39.74,41.85,43.95,46.06,48.16,50.27,52.38,54.48,56.59,58.69,60.80,62.90,65.01,67.11,69.22,49.22,165.000,0.9672,51.02,81.93,HOLD,0,36,1,0
840,56.00,29.23,31.33,33.44,35.54,37.65,39.75,41.86,43.97,46.07,48.18,50.28,52.39,54.49,56.60,58.70,60.81,62.91,65.02,67.12,69.23,49.23,165.000,0.9672,51.02,81.93,HOLD,0,36,1,0
841,56.07,29.24,31.34,33.45,35.56,37.66,39.77,41.87,43.98,46.08,48.19,50.29,52.40,54.50,56.61,58.71,60.82,62.92,65.03,67.13,69.24,49.24,165.000,0.9672,51.02,81.93,HOLD,0,36,1,0
842,56.13,29.25,31.36,33.46,35.57,37.67,39.78,41.88,43.99,46.09,48.20,50.30,52.41,54.51,56.62,58.72,60.83,62.93,65.04,67.15,69.25,49.25,165.000,0.9672,51.02,81.93,HOLD,0,36,1,0
843,56.20,29.26,31.37,33.47,35.58,37.68,39.79,41.89,44.00,46.10,48.21,50.31,52.42,54.52,56.63,58.73,60.84,62.95,65.05,67.16,69.26,49.26,165.000,0.9672,51.02,81.93,HOLD,0,36,1,0
844,56.27,29.27,31.38,33.48,35.59,37.69,39.80,41.90,44.01,46.11,48.22,50.32,52.43,54.54,56.64,58.75,60.85,62.96,65.06,67.17,69.27,49.27,165.000,0.9672,51.02,81.93,HOLD,0,36,1,0
845,56.33,29.28,31.39,33.49,35.60,37.70,39.81,41.91,44.02,46.13,48.23,50.34,52.44,54.55,56.65,58.76,60.86,62.97,65.07,67.18,69.28,49.28,165.000,0.9672,51.02,81.93,HOLD,0,36,1,0
846,56.40,29.29,31.40,33.50,35.61,37.71,39.82,41.93,44.03,46.14,48.24,50.35,52.45,54.56,56.66,58.77,60.87,62.98,65.08,67.19,69.29,49.29,165.000,0.9672,51.02,81.93,HOLD,0,36,1,0
847,56.47,29.30,31.41,33.52,35.62,37.73,39.83,41.94,44.04,46.15,48.25,50.36,52.46,54.57,56.67,58.78,60.88,62.99,65.09,67.20,69.30,49.30,165.000,0.9672,51.02,81.93,HOLD,0,36,1,0
848,56.53,29.32,31.42,33.53,35.63,37.74,39.84,41.95,44.05,46.16,48.26,50.37,52.47,54.58,56.68,58.79,60.89,63.00,65.11,67.21,69.32,49.32,165.000,0.9672,51.02,81.93,HOLD,0,36,1,0
849,56.60,29.33,31.43,33.54,35.64,37.75,39.85,41.96,44.06,46.17,48.27,50.38,52.48,54.59,56.69,58.80,60.91,63.01,65.12,67.22,69.33,49.33,165.000,0.9672,51.02,81.93,HOLD,0,36,1,0
850,56.67,29.34,31.44,33.55,35.65,37.76,39.86,41.97,44.07,46.18,48.28,50.39,52.50,54.60,56.71,58.81,60.92,63.02,65.13,67.23,69.34,49.34,165.000,0.9672,51.02,81.93,HOLD,0,36,1,0
851,56.73,29.35,31.45,33.56,35.66,37.77,39.87,41.98,44.09,46.19,48.30,50.40,52.51,54.61,56.72,58.82,60.93,63.03,65.14,67.24,69.35,49.35,165.000,0.9672,51.02,81.93,HOLD,0,36,1,0
852,56.80,29.36,31.46,33.57,35.67,37.78,39.89,41.99,44.10,46.20,48.31,50.41,52.52,54.62,56.73,58.83,60.94,63.04,65.15,67.25,69.36,49.36,165.000,0.9672,51.02,81.93,HOLD,0,36,1,0
853,56.87,29.37,31.48,33.58,35.69,37.79,39.90,42.00,44.11,46.21,48.32,50.42,52.53,54.63,56.74,58.84,60.95,63.05,65.16,67.26,69.37,49.37,165.000,0.9672,51.02,81.93,HOLD,0,36,1,0
854,56.93,29.38,31.49,33.59,35.70,37.80,39.91,42.01,44.12,46.22,48.33,50.43,52.54,54.64,56.75,58.85,60.96,63.07,65.17,67.28,69.38,49.38,165.000,0.9672,51.02,81.93,HOLD,0,36,1,0
855,57.00,29.39,31.50,33.60,35.71,37.81,39.92,42.02,44.13,46.23,48.34,50.44,52.55,54.65,56.76,58.87,60.97,63.08,65.18,67.29,69.39,49.39,165.000,0.9672,51.02,81.93,HOLD,0,36,1,0
856,57.07,29.40,31.51,33.61,35.72,37.82,39.93,42.03,44.14,46.24,48.35,50.46,52.56,54.67,56.77,58.88,60.98,63.09,65.19,67.30,69.40,49.40,165.000,0.9672,51.02,81.93,HOLD,0,36,1,0
857,57.13,29.41,31.52,33.62,35.73,37.83,39.94,42.05,44.15,46.26,48.36,50.47,52.57,54.68,56.78,58.89,60.99,63.10,65.20,67.31,69.41,49.41,165.000,0.9672,51.02,81.93,HOLD,0,36,1,0
858,57.20,29.42,31.53,33.64,35.74,37.85,39.95,42.06,44.16,46.27,48.37,50.48,52.58,54.69,56.79,58.90,61.00,63.11,65.21,67.32,69.42,49.42,165.000,0.9672,51.02,81.93,HOLD,0,36,1,0
859,57.27,29.44,31.54,33.65,35.75,37.86,39.96,42.07,44.17,46.28,48.38,50.49,52.59,54.70,56.80,58.91,61.01,63.12,65.22,67.33,69.44,49.44,165.000,0.9672,51.02,81.93,HOLD,0,36,1,0
860,57.33,29.45,31.55,33.66,35.76,37.87,39.97,42.08,44.18,46.29,48.39,50.50,52.60,54.71,56.81,58.92,61.03,63.13,65.24,67.34,69.45,49.45,165.000,0.9672,51.02,81.93,HOLD,0,36,1,0
861,57.40,29.46,31.56,33.67,35.77,37.88,39.98,42.09,44.19,46.30,48.40,50.51,52.62,54.72,56.83,58.93,61.04,63.14,65.25,67.35,69.46,49.46,165.000,0.9672,51.02,81.93,HOLD,0,36,1,0
862,57.47,29.47,31.57,33.68,35.78,37.89,39.99,42.10,44.20,46.31,48.42,50.52,52.63,54.73,56.84,58.94,61.05,63.15,65.26,67.36,69.47,49.47,165.000,0.9672,51.02,81.93,HOLD,0,36,1,0
863,57.53,29.48,31.58,33.69,35.79,37.90,40.01,42.11,44.22,46.32,48.43,50.53,52.64,54.74,56.85,58.95,61.06,63.16,65.27,67.37,69.48,49.48,165.000,0.9672,51.02,81.93,HOLD,0,36,1,0
864,57.60,29.49,31.60,33.70,35.81,37.91,40.02,42.12,44.23,46.33,48.44,50.54,52.65,54.75,56.86,58.96,61.07,63.17,65.28,67.38,69.49,49.49,165.000,0.9672,51.02,81.93,HOLD,0,36,1,0
865,57.67,29.50,31.61,33.71,35.82,37.92,40.03,42.13,44.24,46.34,48.45,50.55,52.66,54.76,56.87,58.97,61.08,63.18,65.29,67.40,69.50,49.50,165.000,0.9672,51.02,81.93,HOLD,0,36,1,0
866,57.73,29.51,31.62,33.72,35.83,37.93,40.04,42.14,44.25,46.35,48.46,50.56,52.67,54.77,56.88,58.99,61.09,63.20,65.30,67.41,69.51,49.51,165.000,0.9672,51.02,81.93,HOLD,0,36,1,0
867,57.80,29.52,31.63,33.73,35.84,37.94,40.05,42.15,44.26,46.36,48.47,50.58,52.68,54.79,56.89,59.00,61.10,63.21,65.31,67.42,69.52,49.52,165.000,0.9672,51.02,81.93,HOLD,0,36,1,0
868,57.87,29.53,31.64,33.74,35.85,37.95,40.06,42.16,44.27,46.38,48.48,50.59,52.69,54.80,56.90,59.01,61.11,63.22,65.32,67.43,69.53,49.53,165.000,0.9672,51.02,81.93,HOLD,0,36,1,0
869,57.93,29.54,31.65,33.75,35.86,37.97,40.07,42.18,44.28,46.39,48.49,50.60,52.70,54.81,56.91,59.02,61.12,63.23,65.33,67.44,69.54,49.54,165.000,0.9672,51.02,81.93,HOLD,0,36,1,0
870,58.00,29.56,31.66,33.77,35.87,37.98,40.08,42.19,44.29,46.40,48.50,50.61,52.71,54.82,56.92,59.03,61.13,63.24,65.34,67.45,69.56,49.56,165.000,0.9672,51.02,81.93,HOLD,0,36,1,0
871,58.07,29.57,31.67,33.78,35.88,37.99,40.09,42.20,44.30,46.41,48.51,50.62,52.72,54.83,56.93,59.04,61.15,63.25,65.36,67.46,69.57,49.57,165.000,0.9672,51.02,81.93,HOLD,0,36,1,0
872,58.13,29.58,31.68,33.79,35.89,38.00,40.10,42.21,44.31,46.42,48.52,50.63,52.73,54.84,56.95,59.05,61.16,63.26,65.37,67.47,69.58,49.58,165.000,0.9672,51.02,81.93,HOLD,0,36,1,0
873,58.20,29.59,31.69,33.80,35.90,38.01,40.11,42.22,44.32,46.43,48.54,50.64,52.75,54.85,56.96,59.06,61.17,63.27,65.38,67.48,69.59,49.59,165.000,0.9672,51.02,81.93,HOLD,0,36,1,0
874,58.27,29.60,31.70,33.81,35.91,38.02,40.13,42.23,44.34,46.44,48.55,50.65,52.76,54.86,56.97,59.07,61.18,63.28,65.39,67.49,69.60,49.60,165.000,0.9672,51.02,81.93,HOLD,0,36,1,0
875,58.33,29.61,31.71,33.82,35.93,38.03,40.14,42.24,44.35,46.45,48.56,50.66,52.77,54.87,56.98,59.08,61.19,63.29,65.40,67.50,69.61,49.61,165.000,0.9672,51.02,81.93,HOLD,0,36,1,0
876,58.40,29.62,31.73,33.83,35.94,38.04,40.15,42.25,44.36,46.46,48.57,50.67,52.78,54.88,56.99,59.09,61.20,63.30,65.41,67.52,69.62,49.62,165.000,0.9672,51.02,81.93,HOLD,0,36,1,0
877,58.47,29.63,31.74,33.84,35.95,38.05,40.16,42.26,44.37,46.47,48.58,50.68,52.79,54.89,57.00,59.11,61.21,63.32,65.42,67.53,69.63,49.63,165.000,0.9672,51.02,81.93,HOLD,0,36,1,0
878,58.53,29.64,31.75,33.85,35.96,38.06,40.17,42.27,44.38,46.48,48.59,50.69,52.80,54.91,57.01,59.12,61.22,63.33,65.43,67.54,69.64,49.64,165.000,0.9672,51.02,81.93,HOLD,0,36,1,0
879,58.60,29.65,31.76,33.86,35.97,38.07,40.18,42.28,44.39,46.50,48.60,50.71,52.81,54.92,57.02,59.13,61.23,63.34,65.44,67.55,69.65,49.65,165.000,0.9672,51.02,81.93,HOLD,0,36,1,0
880,58.67,29.66,31.77,33.87,35.98,38.09,40.19,42.30,44.40,46.51,48.61,50.72,52.82,54.93,57.03,59.14,61.24,63.35,65.45,67.56,69.66,49.66,165.000,0.9672,51.02,81.93,HOLD,0,36,1,0
881,58.73,29.67,31.78,33.89,35.99,38.10,40.20,42.31,44.41,46.52,48.62,50.73,52.83,54.94,57.04,59.15,61.25,63.36,65.46,67.57,69.67,49.67,165.000,0.9672,51.02,81.93,HOLD,0,36,1,0
882,58.80,29.69,31.79,33.90,36.00,38.11,40.21,42.32,44.42,46.53,48.63,50.74,52.84,54.95,57.05,59.16,61.26,63.37,65.48,67.58,69.69,49.69,165.000,0.9672,51.02,81.93,HOLD,0,36,1,0
883,58.87,29.70,31.80,33.91,36.01,38.12,40.22,42.33,44.43,46.54,48.64,50.75,52.85,54.96,57.07,59.17,61.28,63.38,65.49,67.59,69.70,49.70,165.000,0.9672,51.02,81.93,HOLD,0,36,1,0
884,58.93,29.71,31.81,33.92,36.02,38.13,40.23,42.34,44.44,46.55,48.65,50.76,52.87,54.97,57.08,59.18,61.29,63.39,65.50,67.60,69.71,49.71,165.000,0.9672,51.02,81.93,HOLD,0,36,1,0
885,59.00,29.72,31.82,33.93,36.03,38.14,40.24,42.35,44.46,46.56,48.67,50.77,52.88,54.98,57.09,59.19,61.30,63.40,65.51,67.61,69.72,49.72,165.000,0.9672,51.02,81.93,HOLD,0,36,1,0
886,59.07,29.73,31.83,33.94,36.05,38.15,40.26,42.36,44.47,46.57,48.68,50.78,52.89,54.99,57.10,59.20,61.31,63.41,65.52,67.62,69.73,49.73,165.000,0.9672,51.02,81.93,HOLD,0,36,1,0
887,59.13,29.74,31.85,33.95,36.06,38.16,40.27,42.37,44.48,46.58,48.69,50.79,52.90,55.00,57.11,59.21,61.32,63.42,65.53,67.64,69.74,49.74,165.000,0.9672,51.02,81.93,HOLD,0,36,1,0
888,59.20,29.75,31.86,33.96,36.07,38.17,40.28,42.38,44.49,46.59,48.70,50.80,52.91,55.01,57.12,59.22,61.33,63.44,65.54,67.65,69.75,49.75,165.000,0.9672,51.02,81.93,HOLD,0,36,1,0
889,59.27,29.76,31.87,33.97,36.08,38.18,40.29,42.39,44.50,46.60,48.71,50.81,52.92,55.03,57.13,59.24,61.34,63.45,65.55,67.66,69.76,49.76,165.000,0.9672,51.02,81.93,HOLD,0,36,1,0
890,59.33,29.77,31.88,33.98,36.09,38.19,40.30,42.40,44.51,46.62,48.72,50.83,52.93,55.04,57.14,59.25,61.35,63.46,65.56,67.67,69.77,49.77,165.000,0.9672,51.02,81.93,HOLD,0,36,1,0
891,59.40,29.78,31.89,33.99,36.10,38.20,40.31,42.42,44.52,46.63,48.73,50.84,52.94,55.05,57.15,59.26,61.36,63.47,65.57,67.68,69.78,49.78,165.000,0.9672,51.02,81.93,HOLD,0,36,1,0
892,59.47,29.79,31.90,34.01,36.11,38.22,40.32,42.43,44.53,46.64,48.74,50.85,52.95,55.06,57.16,59.27,61.37,63.48,65.58,67.69,69.79,49.79,165.000,0.9672,51.02,81.93,HOLD,0,36,1,0
893,59.53,29.81,31.91,34.02,36.12,38.23,40.33,42.44,44.54,46.65,48.75,50.86,52.96,55.07,57.17,59.28,61.38,63.49,65.60,67.70,69.81,49.81,165.000,0.9672,51.02,81.93,HOLD,0,36,1,0
894,59.60,29.82,31.92,34.03,36.13,38.24,40.34,42.45,44.55,46.66,48.76,50.87,52.97,55.08,57.18,59.29,61.40,63.50,65.61,67.71,69.82,49.82,165.000,0.9672,51.02,81.93,HOLD,0,36,1,0
895,59.67,29.83,31.93,34.04,36.14,38.25,40.35,42.46,44.56,46.67,48.77,50.88,52.99,55.09,57.20,59.30,61.41,63.51,65.62,67.72,69.83,49.83,165.000,0.9672,51.02,81.93,HOLD,0,36,1,0
896,59.73,29.84,31.94,34.05,36.15,38.26,40.36,42.47,44.58,46.68,48.79,50.89,53.00,55.10,57.21,59.31,61.42,63.52,65.63,67.73,69.84,49.84,165.000,0.9672,51.02,81.93,HOLD,0,36,1,0
897,59.80,29.85,31.95,34.06,36.16,38.27,40.38,42.48,44.59,46.69,48.80,50.90,53.01,55.11,57.22,59.32,61.43,63.53,65.64,67.74,69.85,49.85,165.000,0.9672,51.02,81.93,HOLD,0,36,1,0
898,59.87,29.86,31.97,34.07,36.18,38.28,40.39,42.49,44.60,46.70,48.81,50.91,53.02,55.12,57.23,59.33,61.44,63.54,65.65,67.75,69.86,49.86,165.000,0.9672,51.02,81.93,HOLD,0,36,1,0
899,59.93,29.87,31.98,34.08,36.19,38.29,40.40,42.50,44.61,46.71,48.82,50.92,53.03,55.13,57.24,59.34,61.45,63.56,65.66,67.77,69.87,49.87,165.000,0.9672,51.02,81.93,HOLD,0,36,1,0
900,60.00,29.88,31.99,34.09,36.20,38.30,40.41,42.51,44.62,46.72,48.83,50.93,53.04,55.14,57.25,59.36,61.46,63.57,65.67,67.78,69.88,49.88,165.000,0.9672,51.02,81.93,HOLD,0,36,1,0
901,60.07,29.89,32.00,34.10,36.21,38.31,40.42,42.52,44.63,46.73,48.84,50.95,53.05,55.16,57.26,59.37,61.47,63.58,65.68,67.79,69.89,49.89,165.000,0.9672,51.02,81.93,HOLD,0,36,1,0
902,60.13,29.90,32.01,34.11,36.22,38.32,40.43,42.54,44.64,46.75,48.85,50.96,53.06,55.17,57.27,59.38,61.48,63.59,65.69,67.80,69.90,49.90,165.000,0.9672,51.02,81.93,HOLD,0,36,1,0
903,60.20,29.91,32.02,34.13,36.23,38.34,40.44,42.55,44.65,46.76,48.86,50.97,53.07,55.18,57.28,59.39,61.49,63.60,65.70,67.81,69.91,49.91,165.000,0.9672,51.02,81.93,HOLD,0,36,1,0
904,60.27,29.93,32.03,34.14,36.24,38.35,40.45,42.56,44.66,46.77,48.87,50.98,53.08,55.19,57.29,59.40,61.50,63.61,65.71,67.82,69.93,49.93,165.000,0.9672,51.02,81.93,HOLD,0,36,1,0
905,60.33,29.94,32.04,34.15,36.25,38.36,40.46,42.57,44.67,46.78,48.88,50.99,53.09,55.20,57.30,59.41,61.52,63.62,65.73,67.83,69.94,49.94,165.000,0.9672,51.02,81.93,HOLD,0,36,1,0
906,60.40,29.95,32.05,34.16,36.26,38.37,40.47,42.58,44.68,46.79,48.89,51.00,53.11,55.21,57.32,59.42,61.53,63.63,65.74,67.84,69.95,49.95,165.000,0.9672,51.02,81.93,HOLD,0,36,1,0
907,60.47,29.96,32.06,34.17,36.27,38.38,40.48,42.59,44.69,46.80,48.91,51.01,53.12,55.22,57.33,59.43,61.54,63.64,65.75,67.85,69.96,49.96,165.000,0.9672,51.02,81.93,HOLD,0,36,1,0
908,60.53,29.97,32.07,34.18,36.28,38.39,40.50,42.60,44.71,46.81,48.92,51.02,53.13,55.23,57.34,59.44,61.55,63.65,65.76,67.86,69.97,49.97,165.000,0.9672,51.02,81.93,HOLD,0,36,1,0
909,60.60,29.98,32.09,34.19,36.30,38.40,40.51,42.61,44.72,46.82,48.93,51.03,53.14,55.24,57.35,59.45,61.56,63.66,65.77,67.87,69.98,49.98,165.000,0.9672,51.02,81.93,HOLD,0,36,1,0
910,60.67,29.99,32.10,34.20,36.31,38.41,40.52,42.62,44.73,46.83,48.94,51.04,53.15,55.25,57.36,59.46,61.57,63.67,65.78,67.89,69.99,49.99,165.000,0.9672,51.02,81.93,HOLD,0,36,1,0
911,60.73,30.00,32.11,34.21,36.32,38.42,40.53,42.63,44.74,46.84,48.95,51.05,53.16,55.26,57.37,59.48,61.58,63.69,65.79,67.90,70.00,50.00,165.000,0.9672,51.02,81.93,HOLD,0,36,1,0
912,60.80,30.01,32.12,34.22,36.33,38.43,40.54,42.64,44.75,46.85,48.96,51.07,53.17,55.28,57.38,59.49,61.59,63.70,65.80,67.91,70.01,50.01,165.000,0.9672,51.02,81.93,HOLD,0,36,1,0
913,60.87,30.02,32.13,34.23,36.34,38.44,40.55,42.65,44.76,46.87,48.97,51.08,53.18,55.29,57.39,59.50,61.60,63.71,65.81,67.92,70.02,50.02,165.000,0.9672,51.02,81.93,HOLD,0,36,1,0
914,60.93,30.03,32.14,34.24,36.35,38.46,40.56,42.67,44.77,46.88,48.98,51.09,53.19,55.30,57.40,59.51,61.61,63.72,65.82,67.93,70.03,50.03,165.000,0.9672,51.02,81.93,HOLD,0,36,1,0
915,61.00,30.05,32.15,34.26,36.36,38.47,40.57,42.68,44.78,46.89,48.99,51.10,53.20,55.31,57.41,59.52,61.62,63.73,65.83,67.94,70.05,50.05,165.000,0.9672,51.02,81.93,HOLD,0,36,1,0
916,61.07,30.06,32.16,34.27,36.37,38.48,40.58,42.69,44.79,46.90,49.00,51.11,53.21,55.32,57.42,59.53,61.64,63.74,65.85,67.95,70.06,50.06,165.000,0.9672,51.02,81.93,HOLD,0,36,1,0
917,61.13,30.07,32.17,34.28,36.38,38.49,40.59,42.70,44.80,46.91,49.01,51.12,53.22,55.33,57.44,59.54,61.65,63.75,65.86,67.96,70.07,50.07,165.000,0.9672,51.02,81.93,HOLD,0,36,1,0
918,61.20,30.08,32.18,34.29,36.39,38.50,40.60,42.71,44.81,46.92,49.03,51.13,53.24,55.34,57.45,59.55,61.66,63.76,65.87,67.97,70.08,50.08,165.000,0.9672,51.02,81.93,HOLD,0,36,1,0
919,61.27,30.09,32.19,34.30,36.40,38.51,40.62,42.72,44.83,46.93,49.04,51.14,53.25,55.35,57.46,59.56,61.67,63.77,65.88,67.98,70.09,50.09,165.000,0.9672,51.02,81.93,HOLD,0,36,1,0
920,61.33,30.10,32.20,34.31,36.42,38.52,40.63,42.73,44.84,46.94,49.05,51.15,53.26,55.36,57.47,59.57,61.68,63.78,65.89,67.99,70.10,50.10,165.000,0.9672,51.02,81.93,HOLD,0,36,1,0
921,61.40,30.11,32.22,34.32,36.43,38.53,40.64,42.74,44.85,46.95,49.06,51.16,53.27,55.37,57.48,59.58,61.69,63.79,65.90,68.01,70.11,50.11,165.000,0.9672,51.02,81.93,HOLD,0,36,1,0
922,61.47,30.12,32.23,34.33,36.44,38.54,40.65,42.75,44.86,46.96,49.07,51.17,53.28,55.38,57.49,59.60,61.70,63.81,65.91,68.02,70.12,50.12,165.000,0.9672,51.02,81.93,HOLD,0,36,1,0
923,61.53,30.13,32.24,34.34,36.45,38.55,40.66,42.76,44.87,46.97,49.08,51.18,53.29,55.40,57.50,59.61,61.71,63.82,65.92,68.03,70.13,50.13,165.000,0.9672,51.02,81.93,HOLD,0,36,1,0
924,61.60,30.14,32.25,34.35,36.46,38.56,40.67,42.77,44.88,46.99,49.09,51.20,53.30,55.41,57.51,59.62,61.72,63.83,65.93,68.04,70.14,50.14,165.000,0.9672,51.02,81.93,HOLD,0,36,1,0
925,61.67,30.15,32.26,34.36,36.47,38.58,40.68,42.79,44.89,47.00,49.10,51.21,53.31,55.42,57.52,59.63,61.73,63.84,65.94,68.05,70.15,50.15,165.000,0.9672,51.02,81.93,HOLD,0,36,1,0
926,61.73,30.16,32.27,34.38,36.48,38.59,40.69,42.80,44.90,47.01,49.11,51.22,53.32,55.43,57.53,59.64,61.74,63.85,65.95,68.06,70.16,50.16,165.000,0.9672,51.02,81.93,HOLD,0,36,1,0
927,61.80,30.18,32.28,34.39,36.49,38.60,40.70,42.81,44.91,47.02,49.12,51.23,53.33,55.44,57.54,59.65,61.75,63.86,65.97,68.07,70.18,50.18,165.000,0.9672,51.02,81.93,HOLD,0,36,1,0
928,61.87,30.19,32.29,34.40,36.50,38.61,40.71,42.82,44.92,47.03,49.13,51.24,53.34,55.45,57.56,59.66,61.77,63.87,65.98,68.08,70.19,50.19,165.000,0.9672,51.02,81.93,HOLD,0,36,1,0
929,61.93,30.20,32.30,34.41,36.51,38.62,40.72,42.83,44.93,47.04,49.14,51.25,53.36,55.46,57.57,59.67,61.78,63.88,65.99,68.09,70.20,50.20,165.000,0.9672,51.02,81.93,HOLD,0,36,1,0
930,62.00,30.21,32.31,34.42,36.52,38.63,40.73,42.84,44.95,47.05,49.16,51.26,53.37,55.47,57.58,59.68,61.79,63.89,66.00,68.10,70.21,50.21,165.000,0.9672,51.02,81.93,HOLD,0,36,1,0
931,62.07,30.22,32.32,34.43,36.54,38.64,40.75,42.85,44.96,47.06,49.17,51.27,53.38,55.48,57.59,59.69,61.80,63.90,66.01,68.11,70.22,50.22,165.000,0.9672,51.02,81.93,HOLD,0,36,1,0
932,62.13,30.23,32.34,34.44,36.55,38.65,40.76,42.86,44.97,47.07,49.18,51.28,53.39,55.49,57.60,59.70,61.81,63.91,66.02,68.13,70.23,50.23,165.000,0.9672,51.02,81.93,HOLD,0,36,1,0
933,62.20,30.24,32.35,34.45,36.56,38.66,40.77,42.87,44.98,47.08,49.19,51.29,53.40,55.50,57.61,59.71,61.82,63.93,66.03,68.14,70.24,50.24,165.000,0.9672,51.02,81.93,HOLD,0,36,1,0
934,62.27,30.25,32.36,34.46,36.57,38.67,40.78,42.88,44.99,47.09,49.20,51.30,53.41,55.52,57.62,59.73,61.83,63.94,66.04,68.15,70.25,50.25,165.000,0.9672,51.02,81.93,HOLD,0,36,1,0
935,62.33,30.26,32.37,34.47,36.58,38.68,40.79,42.89,45.00,47.11,49.21,51.32,53.42,55.53,57.63,59.74,61.84,63.95,66.05,68.16,70.26,50.26,165.000,0.9672,51.02,81.93,HOLD,0,36,1,0
936,62.40,30.27,32.38,34.48,36.59,38.69,40.80,42.91,45.01,47.12,49.22,51.33,53.43,55.54,57.64,59.75,61.85,63.96,66.06,68.17,70.27,50.27,165.000,0.9672,51.02,81.93,HOLD,0,36,1,0
937,62.47,30.28,32.39,34.50,36.60,38.71,40.81,42.92,45.02,47.13,49.23,51.34,53.44,55.55,57.65,59.76,61.86,63.97,66.07,68.18,70.28,50.28,165.000,0.9672,51.02,81.93,HOLD,0,36,1,0
938,62.53,30.30,32.40,34.51,36.61,38.72,40.82,42.93,45.03,47.14,49.24,51.35,53.45,55.56,57.66,59.77,61.87,63.98,66.09,68.19,70.30,50.30,165.000,0.9672,51.02,81.93,HOLD,0,36,1,0
939,62.60,30.31,32.41,34.52,36.62,38.73,40.83,42.94,45.04,47.15,49.25,51.36,53.46,55.57,57.67,59.78,61.89,63.99,66.10,68.20,70.31,50.31,165.000,0.9672,51.02,81.93,HOLD,0,36,1,0
940,62.67,30.32,32.42,34.53,36.63,38.74,40.84,42.95,45.05,47.16,49.26,51.37,53.48,55.58,57.69,59.79,61.90,64.00,66.11,68.21,70.32,50.32,165.000,0.9672,51.02,81.93,HOLD,0,36,1,0
941,62.73,30.33,32.43,34.54,36.64,38.75,40.85,42.96,45.07,47.17,49.28,51.38,53.49,55.59,57.70,59.80,61.91,64.01,66.12,68.22,70.33,50.33,165.000,0.9672,51.02,81.93,HOLD,0,36,1,0
942,62.80,30.34,32.44,34.55,36.65,38.76,40.87,42.97,45.08,47.18,49.29,51.39,53.50,55.60,57.71,59.81,61.92,64.02,66.13,68.23,70.34,50.34,165.000,0.9672,51.02,81.93,HOLD,0,36,1,0
943,62.87,30.35,32.46,34.56,36.67,38.77,40.88,42.98,45.09,47.19,49.30,51.40,53.51,55.61,57.72,59.82,61.93,64.03,66.14,68.24,70.35,50.35,165.000,0.9672,51.02,81.93,HOLD,0,36,1,0
944,62.93,30.36,32.47,34.57,36.68,38.78,40.89,42.99,45.10,47.20,49.31,51.41,53.52,55.62,57.73,59.83,61.94,64.05,66.15,68.26,70.36,50.36,165.000,0.9672,51.02,81.93,HOLD,0,36,1,0
945,63.00,30.37,32.48,34.58,36.69,38.79,40.90,43.00,45.11,47.21,49.32,51.42,53.53,55.64,57.74,59.85,61.95,64.06,66.16,68.27,70.37,50.37,165.000,0.9672,51.02,81.93,HOLD,0,36,1,0
946,63.07,30.38,32.49,34.59,36.70,38.80,40.91,43.01,45.12,47.22,49.33,51.44,53.54,55.65,57.75,59.86,61.96,64.07,66.17,68.28,70.38,50.38,165.000,0.9672,51.02,81.93,HOLD,0,36,1,0
947,63.13,30.39,32.50,34.60,36.71,38.81,40.92,43.03,45.13,47.24,49.34,51.45,53.55,55.66,57.76,59.87,61.97,64.08,66.18,68.29,70.39,50.39,165.000,0.9672,51.02,81.93,HOLD,0,36,1,0
948,63.20,30.40,32.51,34.62,36.72,38.83,40.93,43.04,45.14,47.25,49.35,51.46,53.56,55.67,57.77,59.88,61.98,64.09,66.19,68.30,70.40,50.40,165.000,0.9672,51.02,81.93,HOLD,0,36,1,0
949,63.27,30.42,32.52,34.63,36.73,38.84,40.94,43.05,45.15,47.26,49.36,51.47,53.57,55.68,57.78,59.89,61.99,64.10,66.20,68.31,70.42,50.42,165.000,0.9672,51.02,81.93,HOLD,0,36,1,0
950,63.33,30.43,32.53,34.64,36.74,38.85,40.95,43.06,45.16,47.27,49.37,51.48,53.58,55.69,57.79,59.90,62.01,64.11,66.22,68.32,70.43,50.43,165.000,0.9672,51.02,81.93,HOLD,0,36,1,0
951,63.40,30.44,32.54,34.65,36.75,38.86,40.96,43.07,45.17,47.28,49.38,51.49,53.60,55.70,57.81,59.91,62.02,64.12,66.23,68.33,70.44,50.44,165.000,0.9672,51.02,81.93,HOLD,0,36,1,0
952,63.47,30.45,32.55,34.66,36.76,38.87,40.97,43.08,45.18,47.29,49.40,51.50,53.61,55.71,57.82,59.92,62.03,64.13,66.24,68.34,70.45,50.45,165.000,0.9672,51.02,81.93,HOLD,0,36,1,0
953,63.53,30.46,32.56,34.67,36.77,38.88,40.99,43.09,45.20,47.30,49.41,51.51,53.62,55.72,57.83,59.93,62.04,64.14,66.25,68.35,70.46,50.46,165.000,0.9672,51.02,81.93,HOLD,0,36,1,0
954,63.60,30.47,32.58,34.68,36.79,38.89,41.00,43.10,45.21,47.31,49.42,51.52,53.63,55.73,57.84,59.94,62.05,64.15,66.26,68.36,70.47,50.47,165.000,0.9672,51.02,81.93,HOLD,0,36,1,0
955,63.67,30.48,32.59,34.69,36.80,38.90,41.01,43.11,45.22,47.32,49.43,51.53,53.64,55.74,57.85,59.95,62.06,64.16,66.27,68.38,70.48,50.48,165.000,0.9672,51.02,81.93,HOLD,0,36,1,0
956,63.73,30.49,32.60,34.70,36.81,38.91,41.02,43.12,45.23,47.33,49.44,51.54,53.65,55.75,57.86,59.97,62.07,64.18,66.28,68.39,70.49,50.49,165.000,0.9672,51.02,81.93,HOLD,0,36,1,0
957,63.80,30.50,32.61,34.71,36.82,38.92,41.03,43.13,45.24,47.34,49.45,51.56,53.66,55.77,57.87,59.98,62.08,64.19,66.29,68.40,70.50,50.50,165.000,0.9672,51.02,81.93,HOLD,0,36,1,0
958,63.87,30.51,32.62,34.72,36.83,38.93,41.04,43.14,45.25,47.36,49.46,51.57,53.67,55.78,57.88,59.99,62.09,64.20,66.30,68.41,70.51,50.51,165.000,0.9672,51.02,81.93,HOLD,0,36,1,0
959,63.93,30.52,32.63,34.73,36.84,38.95,41.05,43.16,45.26,47.37,49.47,51.58,53.68,55.79,57.89,60.00,62.10,64.21,66.31,68.42,70.52,50.52,165.000,0.9672,51.02,81.93,HOLD,0,36,1,0
960,64.00,30.54,32.64,34.75,36.85,38.96,41.06,43.17,45.27,47.38,49.48,51.59,53.69,55.80,57.90,60.01,62.11,64.22,66.32,68.43,70.54,50.54,165.000,0.9672,51.02,81.93,HOLD,0,36,1,0
961,64.07,30.55,32.65,34.76,36.86,38.97,41.07,43.18,45.28,47.39,49.49,51.60,53.70,55.81,57.91,60.02,62.13,64.23,66.34,68.44,70.55,50.55,165.000,0.9672,51.02,81.93,HOLD,0,36,1,0
962,64.13,30.56,32.66,34.77,36.87,38.98,41.08,43.19,45.29,47.40,49.50,51.61,53.71,55.82,57.93,60.03,62.14,64.24,66.35,68.45,70.56,50.56,165.000,0.9672,51.02,81.93,HOLD,0,36,1,0
963,64.20,30.57,32.67,34.78,36.88,38.99,41.09,43.20,45.30,47.41,49.52,51.62,53.73,55.83,57.94,60.04,62.15,64.25,66.36,68.46,70.57,50.57,165.000,0.9672,51.02,81.93,HOLD,0,36,1,0
964,64.27,30.58,32.68,34.79,36.89,39.00,41.11,43.21,45.32,47.42,49.53,51.63,53.74,55.84,57.95,60.05,62.16,64.26,66.37,68.47,70.58,50.58,165.000,0.9672,51.02,81.93,HOLD,0,36,1,0
965,64.33,30.59,32.69,34.80,36.91,39.01,41.12,43.22,45.33,47.43,49.54,51.64,53.75,55.85,57.96,60.06,62.17,64.27,66.38,68.48,70.59,50.59,165.000,0.9672,51.02,81.93,HOLD,0,36,1,0
966,64.40,30.60,32.71,34.81,36.92,39.02,41.13,43.23,45.34,47.44,49.55,51.65,53.76,55.86,57.97,60.07,62.18,64.28,66.39,68.50,70.60,50.60,165.000,0.9672,51.02,81.93,HOLD,0,36,1,0
967,64.47,30.61,32.72,34.82,36.93,39.03,41.14,43.24,45.35,47.45,49.56,51.66,53.77,55.87,57.98,60.09,62.19,64.30,66.40,68.51,70.61,50.61,165.000,0.9672,51.02,81.93,HOLD,0,36,1,0
968,64.53,30.62,32.73,34.83,36.94,39.04,41.15,43.25,45.36,47.46,49.57,51.67,53.78,55.89,57.99,60.10,62.20,64.31,66.41,68.52,70.62,50.62,165.000,0.9672,51.02,81.93,HOLD,0,36,1,0
969,64.60,30.63,32.74,34.84,36.95,39.05,41.16,43.26,45.37,47.48,49.58,51.69,53.79,55.90,58.00,60.11,62.21,64.32,66.42,68.53,70.63,50.63,165.000,0.9672,51.02,81.93,HOLD,0,36,1,0
970,64.67,30.64,32.75,34.85,36.96,39.07,41.17,43.28,45.38,47.49,49.59,51.70,53.80,55.91,58.01,60.12,62.22,64.33,66.43,68.54,70.64,50.64,165.000,0.9672,51.02,81.93,HOLD,0,36,1,0
971,64.73,30.65,32.76,34.87,36.97,39.08,41.18,43.29,45.39,47.50,49.60,51.71,53.81,55.92,58.02,60.13,62.23,64.34,66.44,68.55,70.65,50.65,165.000,0.9672,51.02,81.93,HOLD,0,36,1,0
972,64.80,30.67,32.77,34.88,36.98,39.09,41.19,43.30,45.40,47.51,49.61,51.72,53.82,55.93,58.03,60.14,62.24,64.35,66.46,68.56,70.67,50.67,165.000,0.9672,51.02,81.93,HOLD,0,36,1,0
973,64.87,30.68,32.78,34.89,36.99,39.10,41.20,43.31,45.41,47.52,49.62,51.73,53.83,55.94,58.05,60.15,62.26,64.36,66.47,68.57,70.68,50.68,165.000,0.9672,51.02,81.93,HOLD,0,36,1,0
974,64.93,30.69,32.79,34.90,37.00,39.11,41.21,43.32,45.42,47.53,49.63,51.74,53.85,55.95,58.06,60.16,62.27,64.37,66.48,68.58,70.69,50.69,165.000,0.9672,51.02,81.93,HOLD,0,36,1,0
975,65.00,30.70,32.80,34.91,37.01,39.12,41.22,43.33,45.44,47.54,49.65,51.75,53.86,55.96,58.07,60.17,62.28,64.38,66.49,68.59,70.70,50.70,165.000,0.9672,51.02,81.93,HOLD,0,36,1,0
976,65.07,30.71,32.81,34.92,37.03,39.13,41.24,43.34,45.45,47.55,49.66,51.76,53.87,55.97,58.08,60.18,62.29,64.39,66.50,68.60,70.71,50.71,165.000,0.9672,51.02,81.93,HOLD,0,36,1,0
977,65.13,30.72,32.83,34.93,37.04,39.14,41.25,43.35,45.46,47.56,49.67,51.77,53.88,55.98,58.09,60.19,62.30,64.40,66.51,68.62,70.72,50.72,165.000,0.9672,51.02,81.93,HOLD,0,36,1,0
978,65.20,30.73,32.84,34.94,37.05,39.15,41.26,43.36,45.47,47.57,49.68,51.78,53.89,55.99,58.10,60.20,62.31,64.42,66.52,68.63,70.73,50.73,165.000,0.9672,51.02,81.93,HOLD,0,36,1,0
979,65.27,30.74,32.85,34.95,37.06,39.16,41.27,43.37,45.48,47.58,49.69,51.79,53.90,56.01,58.11,60.22,62.32,64.43,66.53,68.64,70.74,50.74,165.000,0.9672,51.02,81.93,HOLD,0,36,1,0
980,65.33,30.75,32.86,34.96,37.07,39.17,41.28,43.38,45.49,47.60,49.70,51.81,53.91,56.02,58.12,60.23,62.33,64.44,66.54,68.65,70.75,50.75,165.000,0.9672,51.02,81.93,HOLD,0,36,1,0
981,65.40,30.76,32.87,34.97,37.08,39.18,41.29,43.40,45.50,47.61,49.71,51.82,53.92,56.03,58.13,60.24,62.34,64.45,66.55,68.66,70.76,50.76,165.000,0.9672,51.02,81.93,HOLD,0,36,1,0
982,65.47,30.77,32.88,34.99,37.09,39.20,41.30,43.41,45.51,47.62,49.72,51.83,53.93,56.04,58.14,60.25,62.35,64.46,66.56,68.67,70.77,50.77,165.000,0.9672,51.02,81.93,HOLD,0,36,1,0
983,65.53,30.79,32.89,35.00,37.10,39.21,41.31,43.42,45.52,47.63,49.73,51.84,53.94,56.05,58.15,60.26,62.36,64.47,66.58,68.68,70.79,50.79,165.000,0.9672,51.02,81.93,HOLD,0,36,1,0
984,65.60,30.80,32.90,35.01,37.11,39.22,41.32,43.43,45.53,47.64,49.74,51.85,53.95,56.06,58.16,60.27,62.38,64.48,66.59,68.69,70.80,50.80,165.000,0.9672,51.02,81.93,HOLD,0,36,1,0
985,65.67,30.81,32.91,35.02,37.12,39.23,41.33,43.44,45.54,47.65,49.75,51.86,53.97,56.07,58.18,60.28,62.39,64.49,66.60,68.70,70.81,50.81,165.000,0.9672,51.02,81.93,HOLD,0,36,1,0
986,65.73,30.82,32.92,35.03,37.13,39.24,41.34,43.45,45.56,47.66,49.77,51.87,53.98,56.08,58.19,60.29,62.40,64.50,66.61,68.71,70.82,50.82,165.000,0.9672,51.02,81.93,HOLD,0,36,1,0
987,65.80,30.83,32.93,35.04,37.14,39.25,41.36,43.46,45.57,47.67,49.78,51.88,53.99,56.09,58.20,60.30,62.41,64.51,66.62,68.72,70.83,50.83,165.000,0.9672,51.02,81.93,HOLD,0,36,1,0
988,65.87,30.84,32.95,35.05,37.16,39.26,41.37,43.47,45.58,47.68,49.79,51.89,54.00,56.10,58.21,60.31,62.42,64.52,66.63,68.73,70.84,50.84,165.000,0.9672,51.02,81.93,HOLD,0,36,1,0
989,65.93,30.85,32.96,35.06,37.17,39.27,41.38,43.48,45.59,47.69,49.80,51.90,54.01,56.11,58.22,60.32,62.43,64.54,66.64,68.75,70.85,50.85,165.000,0.9672,51.02,81.93,HOLD,0,36,1,0
990,66.00,30.86,32.97,35.07,37.18,39.28,41.39,43.49,45.60,47.70,49.81,51.91,54.02,56.13,58.23,60.34,62.44,64.55,66.65,68.76,70.86,50.86,165.000,0.9672,51.02,81.93,HOLD,0,36,1,0
991,66.07,30.87,32.98,35.08,37.19,39.29,41.40,43.50,45.61,47.71,49.82,51.93,54.03,56.14,58.24,60.35,62.45,64.56,66.66,68.77,70.87,50.87,165.000,0.9672,51.02,81.93,HOLD,0,36,1,0
992,66.13,30.88,32.99,35.09,37.20,39.30,41.41,43.52,45.62,47.73,49.83,51.94,54.04,56.15,58.25,60.36,62.46,64.57,66.67,68.78,70.88,50.88,165.000,0.9672,51.02,81.93,HOLD,0,36,1,0
993,66.20,30.89,33.00,35.11,37.21,39.32,41.42,43.53,45.63,47.74,49.84,51.95,54.05,56.16,58.26,60.37,62.47,64.58,66.68,68.79,70.89,50.89,165.000,0.9672,51.02,81.93,HOLD,0,36,1,0
994,66.27,30.91,33.01,35.12,37.22,39.33,41.43,43.54,45.64,47.75,49.85,51.96,54.06,56.17,58.27,60.38,62.48,64.59,66.69,68.80,70.91,50.91,165.000,0.9672,51.02,81.93,HOLD,0,36,1,0
995,66.33,30.92,33.02,35.13,37.23,39.34,41.44,43.55,45.65,47.76,49.86,51.97,54.07,56.18,58.28,60.39,62.50,64.60,66.71,68.81,70.92,50.92,165.000,0.9672,51.02,81.93,HOLD,0,36,1,0
996,66.40,30.93,33.03,35.14,37.24,39.35,41.45,43.56,45.66,47.77,49.87,51.98,54.09,56.19,58.30,60.40,62.51,64.61,66.72,68.82,70.93,50.93,165.000,0.9672,51.02,81.93,HOLD,0,36,1,0
997,66.47,30.94,33.04,35.15,37.25,39.36,41.46,43.57,45.67,47.78,49.89,51.99,54.10,56.20,58.31,60.41,62.52,64.62,66.73,68.83,70.94,50.94,165.000,0.9672,51.02,81.93,HOLD,0,36,1,0
998,66.53,30.95,33.05,35.16,37.26,39.37,41.48,43.58,45.69,47.79,49.90,52.00,54.11,56.21,58.32,60.42,62.53,64.63,66.74,68.84,70.95,50.95,165.000,0.9672,51.02,81.93,HOLD,0,36,1,0
999,66.60,30.96,33.07,35.17,37.28,39.38,41.49,43.59,45.70,47.80,49.91,52.01,54.12,56.22,58.33,60.43,62.54,64.64,66.75,68.85,70.96,50.96,165.000,0.9672,51.02,81.93,HOLD,0,36,1,0
1000,66.67,30.97,33.08,35.18,37.29,39.39,41.50,43.60,45.71,47.81,49.92,52.02,54.13,56.23,58.34,60.44,62.55,64.65,66.76,68.87,70.97,50.97,165.000,0.9672,51.02,81.93,HOLD,0,36,1,0
1001,66.73,30.98,33.09,35.19,37.30,39.40,41.51,43.61,45.72,47.82,49.93,52.03,54.14,56.24,58.35,60.46,62.56,64.67,66.77,68.88,70.98,50.98,165.000,0.9672,51.02,81.93,HOLD,0,36,1,0
1002,66.80,30.99,33.10,35.20,37.31,39.41,41.52,43.62,45.73,47.83,49.94,52.05,54.15,56.26,58.36,60.47,62.57,64.68,66.78,68.89,70.99,50.99,165.000,0.9672,51.02,81.93,HOLD,0,36,1,0
1003,66.87,31.00,33.11,35.21,37.32,39.42,41.53,43.63,45.74,47.85,49.95,52.06,54.16,56.27,58.37,60.48,62.58,64.69,66.79,68.90,71.00,51.00,165.000,0.9672,51.02,81.93,HOLD,0,36,1,0
1004,66.93,31.01,33.12,35.22,37.33,39.44,41.54,43.65,45.75,47.86,49.96,52.07,54.17,56.28,58.38,60.49,62.59,64.70,66.80,68.91,71.01,51.01,165.000,0.9672,51.02,81.93,HOLD,0,36,1,0
1005,67.00,31.03,33.13,35.24,37.34,39.45,41.55,43.66,45.76,47.87,49.97,52.08,54.18,56.29,58.39,60.50,62.60,64.71,66.81,68.92,71.03,51.03,165.000,0.9672,51.02,81.93,HOLD,0,36,1,0
1006,67.07,31.04,33.14,35.25,37.35,39.46,41.56,43.67,45.77,47.88,49.98,52.09,54.19,56.30,58.40,60.51,62.62,64.72,66.83,68.93,71.04,51.04,165.000,0.9672,51.02,81.93,HOLD,0,36,1,0
1007,67.13,31.05,33.15,35.26,37.36,39.47,41.57,43.68,45.78,47.89,49.99,52.10,54.20,56.31,58.42,60.52,62.63,64.73,66.84,68.94,71.05,51.05,165.000,0.9672,51.02,81.93,HOLD,0,36,1,0
1008,67.20,31.06,33.16,35.27,37.37,39.48,41.58,43.69,45.79,47.90,50.01,52.11,54.22,56.32,58.43,60.53,62.64,64.74,66.85,68.95,71.06,51.06,165.000,0.9672,51.02,81.93,HOLD,0,36,1,0
1009,67.27,31.07,33.17,35.28,37.38,39.49,41.60,43.70,45.81,47.91,50.02,52.12,54.23,56.33,58.44,60.54,62.65,64.75,66.86,68.96,71.07,51.07,165.000,0.9672,51.02,81.93,HOLD,0,36,1,0
1010,67.33,31.08,33.18,35.29,37.40,39.50,41.61,43.71,45.82,47.92,50.03,52.13,54.24,56.34,58.45,60.55,62.66,64.76,66.87,68.97,71.08,51.08,165.000,0.9672,51.02,81.93,HOLD,0,36,1,0
1011,67.40,31.09,33.20,35.30,37.41,39.51,41.62,43.72,45.83,47.93,50.04,52.14,54.25,56.35,58.46,60.56,62.67,64.77,66.88,68.99,71.09,51.09,165.000,0.9672,51.02,81.93,HOLD,0,36,1,0
1012,67.47,31.10,33.21,35.31,37.42,39.52,41.63,43.73,45.84,47.94,50.05,52.15,54.26,56.36,58.47,60.58,62.68,64.79,66.89,69.00,71.10,51.10,165.000,0.9672,51.02,81.93,HOLD,0,36,1,0
1013,67.53,31.11,33.22,35.32,37.43,39.53,41.64,43.74,45.85,47.95,50.06,52.16,54.27,56.38,58.48,60.59,62.69,64.80,66.90,69.01,71.11,51.11,165.000,0.9672,51.02,81.93,HOLD,0,36,1,0
1014,67.60,31.12,33.23,35.33,37.44,39.54,41.65,43.75,45.86,47.97,50.07,52.18,54.28,56.39,58.49,60.60,62.70,64.81,66.91,69.02,71.12,51.12,165.000,0.9672,51.02,81.93,HOLD,0,36,1,0
1015,67.67,31.13,33.24,35.34,37.45,39.56,41.66,43.77,45.87,47.98,50.08,52.19,54.29,56.40,58.50,60.61,62.71,64.82,66.92,69.03,71.13,51.13,165.000,0.9672,51.02,81.93,HOLD,0,36,1,0
1016,67.73,31.14,33.25,35.36,37.46,39.57,41.67,43.78,45.88,47.99,50.09,52.20,54.30,56.41,58.51,60.62,62.72,64.83,66.93,69.04,71.14,51.14,165.000,0.9672,51.02,81.93,HOLD,0,36,1,0
1017,67.80,31.16,33.26,35.37,37.47,39.58,41.68,43.79,45.89,48.00,50.10,52.21,54.31,56.42,58.52,60.63,62.73,64.84,66.95,69.05,71.16,51.16,165.000,0.9672,51.02,81.93,HOLD,0,36,1,0
1018,67.87,31.17,33.27,35.38,37.48,39.59,41.69,43.80,45.90,48.01,50.11,52.22,54.32,56.43,58.54,60.64,62.75,64.85,66.96,69.06,71.17,51.17,165.000,0.9672,51.02,81.93,HOLD,0,36,1,0
1019,67.93,31.18,33.28,35.39,37.49,39.60,41.70,43.81,45.91,48.02,50.12,52.23,54.34,56.44,58.55,60.65,62.76,64.86,66.97,69.07,71.18,51.18,165.000,0.9672,51.02,81.93,HOLD,0,36,1,0
1020,68.00,31.19,33.29,35.40,37.50,39.61,41.71,43.82,45.93,48.03,50.14,52.24,54.35,56.45,58.56,60.66,62.77,64.87,66.98,69.08,71.19,51.19,165.000,0.9672,51.02,81.93,HOLD,0,36,1,0
1021,68.07,31.20,33.30,35.41,37.52,39.62,41.73,43.83,45.94,48.04,50.15,52.25,54.36,56.46,58.57,60.67,62.78,64.88,66.99,69.09,71.20,51.20,165.000,0.9672,51.02,81.93,HOLD,0,36,1,0
1022,68.13,31.21,33.32,35.42,37.53,39.63,41.74,43.84,45.95,48.05,50.16,52.26,54.37,56.47,58.58,60.68,62.79,64.89,67.00,69.11,71.21,51.21,165.000,0.9672,51.02,81.93,HOLD,0,36,1,0
1023,68.20,31.22,33.33,35.43,37.54,39.64,41.75,43.85,45.96,48.06,50.17,52.27,54.38,56.48,58.59,60.69,62.80,64.91,67.01,69.12,71.22,51.22,165.000,0.9672,51.02,81.93,HOLD,0,36,1,0
1024,68.27,31.23,33.34,35.44,37.55,39.65,41.76,43.86,45.97,48.07,50.18,52.28,54.39,56.50,58.60,60.71,62.81,64.92,67.02,69.13,71.23,51.23,165.000,0.9672,51.02,81.93,HOLD,0,36,1,0
1025,68.33,31.24,33.35,35.45,37.56,39.66,41.77,43.87,45.98,48.09,50.19,52.30,54.40,56.51,58.61,60.72,62.82,64.93,67.03,69.14,71.24,51.24,165.000,0.9672,51.02,81.93,HOLD,0,36,1,0
1026,68.40,31.25,33.36,35.46,37.57,39.67,41.78,43.89,45.99,48.10,50.20,52.31,54.41,56.52,58.62,60.73,62.83,64.94,67.04,69.15,71.25,51.25,165.000,0.9672,51.02,81.93,HOLD,0,36,1,0
1027,68.47,31.26,33.37,35.48,37.58,39.69,41.79,43.90,46.00,48.11,50.21,52.32,54.42,56.53,58.63,60.74,62.84,64.95,67.05,69.16,71.26,51.26,165.000,0.9672,51.02,81.93,HOLD,0,36,1,0
1028,68.53,31.28,33.38,35.49,37.59,39.70,41.80,43.91,46.01,48.12,50.22,52.33,54.43,56.54,58.64,60.75,62.85,64.96,67.07,69.17,71.28,51.28,165.000,0.9672,51.02,81.93,HOLD,0,36,1,0
1029,68.60,31.29,33.39,35.50,37.60,39.71,41.81,43.92,46.02,48.13,50.23,52.34,54.44,56.55,58.65,60.76,62.87,64.97,67.08,69.18,71.29,51.29,165.000,0.9672,51.02,81.93,HOLD,0,36,1,0
1030,68.67,31.30,33.40,35.51,37.61,39.72,41.82,43.93,46.03,48.14,50.24,52.35,54.46,56.56,58.67,60.77,62.88,64.98,67.09,69.19,71.30,51.30,165.000,0.9672,51.02,81.93,HOLD,0,36,1,0
1031,68.73,31.31,33.41,35.52,37.62,39.73,41.83,43.94,46.05,48.15,50.26,52.36,54.47,56.57,58.68,60.78,62.89,64.99,67.10,69.20,71.31,51.31,165.000,0.9672,51.02,81.93,HOLD,0,36,1,0
1032,68.80,31.32,33.42,35.53,37.63,39.74,41.85,43.95,46.06,48.16,50.27,52.37,54.48,56.58,58.69,60.79,62.90,65.00,67.11,69.21,71.32,51.32,165.000,0.9672,51.02,81.93,HOLD,0,36,1,0
1033,68.87,31.33,33.44,35.54,37.65,39.75,41.86,43.96,46.07,48.17,50.28,52.38,54.49,56.59,58.70,60.80,62.91,65.01,67.12,69.22,71.33,51.33,165.000,0.9672,51.02,81.93,HOLD,0,36,1,0
1034,68.93,31.34,33.45,35.55,37.66,39.76,41.87,43.97,46.08,48.18,50.29,52.39,54.50,56.60,58.71,60.81,62.92,65.03,67.13,69.24,71.34,51.34,165.000,0.9672,51.02,81.93,HOLD,0,36,1,0
1035,69.00,31.35,33.46,35.56,37.67,39.77,41.88,43.98,46.09,48.19,50.30,52.40,54.51,56.62,58.72,60.83,62.93,65.04,67.14,69.25,71.35,51.35,165.000,0.9672,51.02,81.93,HOLD,0,36,1,0
1036,69.07,31.36,33.47,35.57,37.68,39.78,41.89,43.99,46.10,48.20,50.31,52.42,54.52,56.63,58.73,60.84,62.94,65.05,67.15,69.26,71.36,51.36,165.000,0.9672,51.02,81.93,HOLD,0,36,1,0
1037,69.13,31.37,33.48,35.58,37.69,39.79,41.90,44.01,46.11,48.22,50.32,52.43,54.53,56.64,58.74,60.85,62.95,65.06,67.16,69.27,71.37,51.37,165.000,0.9672,51.02,81.93,HOLD,0,36,1,0
1038,69.20,31.38,33.49,35.60,37.70,39.81,41.91,44.02,46.12,48.23,50.33,52.44,54.54,56.65,58.75,60.86,62.96,65.07,67.17,69.28,71.38,51.38,165.000,0.9672,51.02,81.93,HOLD,0,36,1,0
1039,69.27,31.40,33.50,35.61,37.71,39.82,41.92,44.03,46.13,48.24,50.34,52.45,54.55,56.66,58.76,60.87,62.97,65.08,67.18,69.29,71.40,51.40,165.000,0.9672,51.02,81.93,HOLD,0,36,1,0
1040,69.33,31.41,33.51,35.62,37.72,39.83,41.93,44.04,46.14,48.25,50.35,52.46,54.56,56.67,58.77,60.88,62.99,65.09,67.20,69.30,71.41,51.41,165.000,0.9672,51.02,81.93,HOLD,0,36,1,0
1041,69.40,31.42,33.52,35.63,37.73,39.84,41.94,44.05,46.15,48.26,50.36,52.47,54.58,56.68,58.79,60.89,63.00,65.10,67.21,69.31,71.42,51.42,165.000,0.9672,51.02,81.93,HOLD,0,36,1,0
1042,69.47,31.43,33.53,35.64,37.74,39.85,41.95,44.06,46.16,48.27,50.38,52.48,54.59,56.69,58.80,60.90,63.01,65.11,67.22,69.32,71.43,51.43,165.000,0.9672,51.02,81.93,HOLD,0,36,1,0
1043,69.53,31.44,33.54,35.65,37.75,39.86,41.97,44.07,46.18,48.28,50.39,52.49,54.60,56.70,58.81,60.91,63.02,65.12,67.23,69.33,71.44,51.44,165.000,0.9672,51.02,81.93,HOLD,0,36,1,0
1044,69.60,31.45,33.56,35.66,37.77,39.87,41.98,44.08,46.19,48.29,50.40,52.50,54.61,56.71,58.82,60.92,63.03,65.13,67.24,69.34,71.45,51.45,165.000,0.9672,51.02,81.93,HOLD,0,36,1,0
1045,69.67,31.46,33.57,35.67,37.78,39.88,41.99,44.09,46.20,48.30,50.41,52.51,54.62,56.72,58.83,60.93,63.04,65.14,67.25,69.36,71.46,51.46,165.000,0.9672,51.02,81.93,HOLD,0,36,1,0
1046,69.73,31.47,33.58,35.68,37.79,39.89,42.00,44.10,46.21,48.31,50.42,52.52,54.63,56.73,58.84,60.95,63.05,65.16,67.26,69.37,71.47,51.47,165.000,0.9672,51.02,81.93,HOLD,0,36,1,0
1047,69.80,31.48,33.59,35.69,37.80,39.90,42.01,44.11,46.22,48.32,50.43,52.54,54.64,56.75,58.85,60.96,63.06,65.17,67.27,69.38,71.48,51.48,165.000,0.9672,51.02,81.93,HOLD,0,36,1,0
1048,69.87,31.49,33.60,35.70,37.81,39.91,42.02,44.12,46.23,48.34,50.44,52.55,54.65,56.76,58.86,60.97,63.07,65.18,67.28,69.39,71.49,51.49,165.000,0.9672,51.02,81.93,HOLD,0,36,1,0
1049,69.93,31.50,33.61,35.71,37.82,39.93,42.03,44.14,46.24,48.35,50.45,52.56,54.66,56.77,58.87,60.98,63.08,65.19,67.29,69.40,71.50,51.50,165.000,0.9672,51.02,81.93,HOLD,0,36,1,0
1050,70.00,31.52,33.62,35.73,37.83,39.94,42.04,44.15,46.25,48.36,50.46,52.57,54.67,56.78,58.88,60.99,63.09,65.20,67.30,69.41,71.52,51.52,165.000,0.9672,51.02,81.93,HOLD,0,36,1,0
1051,70.07,31.53,33.63,35.74,37.84,39.95,42.05,44.16,46.26,48.37,50.47,52.58,54.68,56.79,58.89,61.00,63.11,65.21,67.32,69.42,71.53,51.53,165.000,0.9672,51.02,81.93,HOLD,0,36,1,0
1052,70.13,31.54,33.64,35.75,37.85,39.96,42.06,44.17,46.27,48.38,50.48,52.59,54.69,56.80,58.91,61.01,63.12,65.22,67.33,69.43,71.54,51.54,165.000,0.9672,51.02,81.93,HOLD,0,36,1,0
1053,70.20,31.55,33.65,35.76,37.86,39.97,42.07,44.18,46.28,48.39,50.50,52.60,54.71,56.81,58.92,61.02,63.13,65.23,67.34,69.44,71.55,51.55,165.000,0.9672,51.02,81.93,HOLD,0,36,1,0
1054,70.27,31.56,33.66,35.77,37.87,39.98,42.09,44.19,46.30,48.40,50.51,52.61,54.72,56.82,58.93,61.03,63.14,65.24,67.35,69.45,71.56,51.56,165.000,0.9672,51.02,81.93,HOLD,0,36,1,0
1055,70.33,31.57,33.67,35.78,37.89,39.99,42.10,44.20,46.31,48.41,50.52,52.62,54.73,56.83,58.94,61.04,63.15,65.25,67.36,69.46,71.57,51.57,165.000,0.9672,51.02,81.93,HOLD,0,36,1,0
1056,70.40,31.58,33.69,35.79,37.90,40.00,42.11,44.21,46.32,48.42,50.53,52.63,54.74,56.84,58.95,61.05,63.16,65.26,67.37,69.48,71.58,51.58,165.000,0.9672,51.02,81.93,HOLD,0,36,1,0
1057,70.47,31.59,33.70,35.80,37.91,40.01,42.12,44.22,46.33,48.43,50.54,52.64,54.75,56.85,58.96,61.07,63.17,65.28,67.38,69.49,71.59,51.59,165.000,0.9672,51.02,81.93,HOLD,0,36,1,0
1058,70.53,31.60,33.71,35.81,37.92,40.02,42.13,44.23,46.34,48.44,50.55,52.65,54.76,56.87,58.97,61.08,63.18,65.29,67.39,69.50,71.60,51.60,165.000,0.9672,51.02,81.93,HOLD,0,36,1,0
1059,70.60,31.61,33.72,35.82,37.93,40.03,42.14,44.24,46.35,48.46,50.56,52.67,54.77,56.88,58.98,61.09,63.19,65.30,67.40,69.51,71.61,51.61,165.000,0.9672,51.02,81.93,HOLD,0,36,1,0
1060,70.67,31.62,33.73,35.83,37.94,40.05,42.15,44.26,46.36,48.47,50.57,52.68,54.78,56.89,58.99,61.10,63.20,65.31,67.41,69.52,71.62,51.62,165.000,0.9672,51.02,81.93,HOLD,0,36,1,0
1061,70.73,31.63,33.74,35.85,37.95,40.06,42.16,44.27,46.37,48.48,50.58,52.69,54.79,56.90,59.00,61.11,63.21,65.32,67.42,69.53,71.63,51.63,165.000,0.9672,51.02,81.93,HOLD,0,36,1,0
1062,70.80,31.65,33.75,35.86,37.96,40.07,42.17,44.28,46.38,48.49,50.59,52.70,54.80,56.91,59.01,61.12,63.22,65.33,67.44,69.54,71.65,51.65,165.000,0.9672,51.02,81.93,HOLD,0,36,1,0
1063,70.87,31.66,33.76,35.87,37.97,40.08,42.18,44.29,46.39,48.50,50.60,52.71,54.81,56.92,59.03,61.13,63.24,65.34,67.45,69.55,71.66,51.66,165.000,0.9672,51.02,81.93,HOLD,0,36,1,0
1064,70.93,31.67,33.77,35.88,37.98,40.09,42.19,44.30,46.40,48.51,50.61,52.72,54.83,56.93,59.04,61.14,63.25,65.35,67.46,69.56,71.67,51.67,165.000,0.9672,51.02,81.93,HOLD,0,36,1,0
1065,71.00,31.68,33.78,35.89,37.99,40.10,42.20,44.31,46.42,48.52,50.63,52.73,54.84,56.94,59.05,61.15,63.26,65.36,67.47,69.57,71.68,51.68,165.000,0.9672,51.02,81.93,HOLD,0,36,1,0
1066,71.07,31.69,33.79,35.90,38.01,40.11,42.22,44.32,46.43,48.53,50.64,52.74,54.85,56.95,59.06,61.16,63.27,65.37,67.48,69.58,71.69,51.69,165.000,0.9672,51.02,81.93,HOLD,0,36,1,0
1067,71.13,31.70,33.81,35.91,38.02,40.12,42.23,44.33,46.44,48.54,50.65,52.75,54.86,56.96,59.07,61.17,63.28,65.38,67.49,69.60,71.70,51.70,165.000,0.9672,51.02,81.93,HOLD,0,36,1,0
1068,71.20,31.71,33.82,35.92,38.03,40.13,42.24,44.34,46.45,48.55,50.66,52.76,54.87,56.97,59.08,61.18,63.29,65.40,67.50,69.61,71.71,51.71,165.000,0.9672,51.02,81.93,HOLD,0,36,1,0
1069,71.27,31.72,33.83,35.93,38.04,40.14,42.25,44.35,46.46,48.56,50.67,52.77,54.88,56.99,59.09,61.20,63.30,65.41,67.51,69.62,71.72,51.72,165.000,0.9672,51.02,81.93,HOLD,0,36,1,0
1070,71.33,31.73,33.84,35.94,38.05,40.15,42.26,44.36,46.47,48.58,50.68,52.79,54.89,57.00,59.10,61.21,63.31,65.42,67.52,69.63,71.73,51.73,165.000,0.9672,51.02,81.93,HOLD,0,36,1,0
1071,71.40,31.74,33.85,35.95,38.06,40.16,42.27,44.38,46.48,48.59,50.69,52.80,54.90,57.01,59.11,61.22,63.32,65.43,67.53,69.64,71.74,51.74,165.000,0.9672,51.02,81.93,HOLD,0,36,1,0
1072,71.47,31.75,33.86,35.97,38.07,40.18,42.28,44.39,46.49,48.60,50.70,52.81,54.91,57.02,59.12,61.23,63.33,65.44,67.54,69.65,71.75,51.75,165.000,0.9672,51.02,81.93,HOLD,0,36,1,0
1073,71.53,31.77,33.87,35.98,38.08,40.19,42.29,44.40,46.50,48.61,50.71,52.82,54.92,57.03,59.13,61.24,63.34,65.45,67.56,69.66,71.77,51.77,165.000,0.9672,51.02,81.93,HOLD,0,36,1,0
1074,71.60,31.78,33.88,35.99,38.09,40.20,42.30,44.41,46.51,48.62,50.72,52.83,54.93,57.04,59.14,61.25,63.36,65.46,67.57,69.67,71.78,51.78,165.000,0.9672,51.02,81.93,HOLD,0,36,1,0
1075,71.67,31.79,33.89,36.00,38.10,40.21,42.31,44.42,46.52,48.63,50.73,52.84,54.95,57.05,59.16,61.26,63.37,65.47,67.58,69.68,71.79,51.79,165.000,0.9672,51.02,81.93,HOLD,0,36,1,0
1076,71.73,31.80,33.90,36.01,38.11,40.22,42.32,44.43,46.54,48.64,50.75,52.85,54.96,57.06,59.17,61.27,63.38,65.48,67.59,69.69,71.80,51.80,165.000,0.9672,51.02,81.93,HOLD,0,36,1,0
1077,71.80,31.81,33.91,36.02,38.12,40.23,42.34,44.44,46.55,48.65,50.76,52.86,54.97,57.07,59.18,61.28,63.39,65.49,67.60,69.70,71.81,51.81,165.000,0.9672,51.02,81.93,HOLD,0,36,1,0
1078,71.87,31.82,33.93,36.03,38.14,40.24,42.35,44.45,46.56,48.66,50.77,52.87,54.98,57.08,59.19,61.29,63.40,65.50,67.61,69.71,71.82,51.82,165.000,0.9672,51.02,81.93,HOLD,0,36,1,0
1079,71.93,31.83,33.94,36.04,38.15,40.25,42.36,44.46,46.57,48.67,50.78,52.88,54.99,57.09,59.20,61.30,63.41,65.52,67.62,69.73,71.83,51.83,165.000,0.9672,51.02,81.93,HOLD,0,36,1,0
1080,72.00,31.84,33.95,36.05,38.16,40.26,42.37,44.47,46.58,48.68,50.79,52.89,55.00,57.11,59.21,61.32,63.42,65.53,67.63,69.74,71.84,51.84,165.000,0.9672,51.02,81.93,HOLD,0,36,1,0
1081,72.07,31.85,33.96,36.06,38.17,40.27,42.38,44.48,46.59,48.69,50.80,52.91,55.01,57.12,59.22,61.33,63.43,65.54,67.64,69.75,71.85,51.85,165.000,0.9672,51.02,81.93,HOLD,0,36,1,0
1082,72.13,31.86,33.97,36.07,38.18,40.28,42.39,44.50,46.60,48.71,50.81,52.92,55.02,57.13,59.23,61.34,63.44,65.55,67.65,69.76,71.86,51.86,165.000,0.9672,51.02,81.93,HOLD,0,36,1,0
1083,72.20,31.87,33.98,36.09,38.19,40.30,42.40,44.51,46.61,48.72,50.82,52.93,55.03,57.14,59.24,61.35,63.45,65.56,67.66,69.77,71.87,51.87,165.000,0.9672,51.02,81.93,HOLD,0,36,1,0
1084,72.27,31.89,33.99,36.10,38.20,40.31,42.41,44.52,46.62,48.73,50.83,52.94,55.04,57.15,59.25,61.36,63.46,65.57,67.67,69.78,71.89,51.89,165.000,0.9672,51.02,81.93,HOLD,0,36,1,0
1085,72.33,31.90,34.00,36.11,38.21,40.32,42.42,44.53,46.63,48.74,50.84,52.95,55.05,57.16,59.26,61.37,63.48,65.58,67.69,69.79,71.90,51.90,165.000,0.9672,51.02,81.93,HOLD,0,36,1,0
1086,72.40,31.91,34.01,36.12,38.22,40.33,42.43,44.54,46.64,48.75,50.85,52.96,55.07,57.17,59.28,61.38,63.49,65.59,67.70,69.80,71.91,51.91,165.000,0.9672,51.02,81.93,HOLD,0,36,1,0
1087,72.47,31.92,34.02,36.13,38.23,40.34,42.44,44.55,46.65,48.76,50.87,52.97,55.08,57.18,59.29,61.39,63.50,65.60,67.71,69.81,71.92,51.92,165.000,0.9672,51.02,81.93,HOLD,0,36,1,0
1088,72.53,31.93,34.03,36.14,38.24,40.35,42.46,44.56,46.67,48.77,50.88,52.98,55.09,57.19,59.30,61.40,63.51,65.61,67.72,69.82,71.93,51.93,165.000,0.9672,51.02,81.93,HOLD,0,36,1,0
1089,72.60,31.94,34.05,36.15,38.26,40.36,42.47,44.57,46.68,48.78,50.89,52.99,55.10,57.20,59.31,61.41,63.52,65.62,67.73,69.83,71.94,51.94,165.000,0.9672,51.02,81.93,HOLD,0,36,1,0
1090,72.67,31.95,34.06,36.16,38.27,40.37,42.48,44.58,46.69,48.79,50.90,53.00,55.11,57.21,59.32,61.42,63.53,65.63,67.74,69.85,71.95,51.95,165.000,0.9672,51.02,81.93,HOLD,0,36,1,0
1091,72.73,31.96,34.07,36.17,38.28,40.38,42.49,44.59,46.70,48.80,50.91,53.01,55.12,57.22,59.33,61.44,63.54,65.65,67.75,69.86,71.96,51.96,165.000,0.9672,51.02,81.93,HOLD,0,36,1,0
1092,72.80,31.97,34.08,36.18,38.29,40.39,42.50,44.60,46.71,48.81,50.92,53.03,55.13,57.24,59.34,61.45,63.55,65.66,67.76,69.87,71.97,51.97,165.000,0.9672,51.02,81.93,HOLD,0,36,1,0
1093,72.87,31.98,34.09,36.19,38.30,40.40,42.51,44.61,46.72,48.83,50.93,53.04,55.14,57.25,59.35,61.46,63.56,65.67,67.77,69.88,71.98,51.98,165.000,0.9672,51.02,81.93,HOLD,0,36,1,0
1094,72.93,31.99,34.10,36.20,38.31,40.42,42.52,44.63,46.73,48.84,50.94,53.05,55.15,57.26,59.36,61.47,63.57,65.68,67.78,69.89,71.99,51.99,165.000,0.9672,51.02,81.93,HOLD,0,36,1,0
1095,73.00,32.01,34.11,36.22,38.32,40.43,42.53,44.64,46.74,48.85,50.95,53.06,55.16,57.27,59.37,61.48,63.58,65.69,67.79,69.90,72.01,52.01,165.000,0.9672,51.02,81.93,HOLD,0,36,1,0
1096,73.07,32.02,34.12,36.23,38.33,40.44,42.54,44.65,46.75,48.86,50.96,53.07,55.17,57.28,59.38,61.49,63.60,65.70,67.81,69.91,72.02,52.02,165.000,0.9672,51.02,81.93,HOLD,0,36,1,0
1097,73.13,32.03,34.13,36.24,38.34,40.45,42.55,44.66,46.76,48.87,50.97,53.08,55.18,57.29,59.40,61.50,63.61,65.71,67.82,69.92,72.03,52.03,165.000,0.9672,51.02,81.93,HOLD,0,36,1,0
1098,73.20,32.04,34.14,36.25,38.35,40.46,42.56,44.67,46.77,48.88,50.99,53.09,55.20,57.30,59.41,61.51,63.62,65.72,67.83,69.93,72.04,52.04,165.000,0.9672,51.02,81.93,HOLD,0,36,1,0
1099,73.27,32.05,34.15,36.26,38.36,40.47,42.58,44.68,46.79,48.89,51.00,53.10,55.21,57.31,59.42,61.52,63.63,65.73,67.84,69.94,72.05,52.05,165.000,0.9672,51.02,81.93,HOLD,0,36,1,0
1100,73.33,32.06,34.16,36.27,38.38,40.48,42.59,44.69,46.80,48.90,51.01,53.11,55.22,57.32,59.43,61.53,63.64,65.74,67.85,69.95,72.06,52.06,165.000,0.9672,51.02,81.93,HOLD,0,36,1,0
1101,73.40,32.07,34.18,36.28,38.39,40.49,42.60,44.70,46.81,48.91,51.02,53.12,55.23,57.33,59.44,61.54,63.65,65.75,67.86,69.97,72.07,52.07,165.000,0.9672,51.02,81.93,HOLD,0,36,1,0
1102,73.47,32.08,34.19,36.29,38.40,40.50,42.61,44.71,46.82,48.92,51.03,53.13,55.24,57.34,59.45,61.56,63.66,65.77,67.87,69.98,72.08,52.08,165.000,0.9672,51.02,81.93,HOLD,0,36,1,0
1103,73.53,32.09,34.20,36.30,38.41,40.51,42.62,44.72,46.83,48.93,51.04,53.14,55.25,57.36,59.46,61.57,63.67,65.78,67.88,69.99,72.09,52.09,165.000,0.9672,51.02,81.93,HOLD,0,36,1,0
1104,73.60,32.10,34.21,36.31,38.42,40.52,42.63,44.73,46.84,48.95,51.05,53.16,55.26,57.37,59.47,61.58,63.68,65.79,67.89,70.00,72.10,52.10,165.000,0.9672,51.02,81.93,HOLD,0,36,1,0
1105,73.67,32.11,34.22,36.32,38.43,40.54,42.64,44.75,46.85,48.96,51.06,53.17,55.27,57.38,59.48,61.59,63.69,65.80,67.90,70.01,72.11,52.11,165.000,0.9672,51.02,81.93,HOLD,0,36,1,0
1106,73.73,32.12,34.23,36.34,38.44,40.55,42.65,44.76,46.86,48.97,51.07,53.18,55.28,57.39,59.49,61.60,63.70,65.81,67.91,70.02,72.12,52.12,165.000,0.9672,51.02,81.93,HOLD,0,36,1,0
1107,73.80,32.14,34.24,36.35,38.45,40.56,42.66,44.77,46.87,48.98,51.08,53.19,55.29,57.40,59.50,61.61,63.71,65.82,67.93,70.03,72.14,52.14,165.000,0.9672,51.02,81.93,HOLD,0,36,1,0
1108,73.87,32.15,34.25,36.36,38.46,40.57,42.67,44.78,46.88,48.99,51.09,53.20,55.30,57.41,59.52,61.62,63.73,65.83,67.94,70.04,72.15,52.15,165.000,0.9672,51.02,81.93,HOLD,0,36,1,0
1109,73.93,32.16,34.26,36.37,38.47,40.58,42.68,44.79,46.89,49.00,51.10,53.21,55.32,57.42,59.53,61.63,63.74,65.84,67.95,70.05,72.16,52.16,165.000,0.9672,51.02,81.93,HOLD,0,36,1,0
1110,74.00,32.17,34.27,36.38,38.48,40.59,42.69,44.80,46.91,49.01,51.12,53.22,55.33,57.43,59.54,61.64,63.75,65.85,67.96,70.06,72.17,52.17,165.000,0.9672,51.02,81.93,HOLD,0,36,1,0
1111,74.07,32.18,34.28,36.39,38.50,40.60,42.71,44.81,46.92,49.02,51.13,53.23,55.34,57.44,59.55,61.65,63.76,65.86,67.97,70.07,72.18,52.18,165.000,0.9672,51.02,81.93,HOLD,0,36,1,0
1112,74.13,32.19,34.30,36.40,38.51,40.61,42.72,44.82,46.93,49.03,51.14,53.24,55.35,57.45,59.56,61.66,63.77,65.87,67.98,70.09,72.19,52.19,165.000,0.9672,51.02,81.93,HOLD,0,36,1,0
1113,74.20,32.20,34.31,36.41,38.52,40.62,42.73,44.83,46.94,49.04,51.15,53.25,55.36,57.46,59.57,61.67,63.78,65.89,67.99,70.10,72.20,52.20,165.000,0.9672,51.02,81.93,HOLD,0,36,1,0
1114,74.27,32.21,34.32,36.42,38.53,40.63,42.74,44.84,46.95,49.05,51.16,53.26,55.37,57.48,59.58,61.69,63.79,65.90,68.00,70.11,72.21,52.21,165.000,0.9672,51.02,81.93,HOLD,0,36,1,0
1115,74.33,32.22,34.33,36.43,38.54,40.64,42.75,44.85,46.96,49.07,51.17,53.28,55.38,57.49,59.59,61.70,63.80,65.91,68.01,70.12,72.22,52.22,165.000,0.9672,51.02,81.93,HOLD,0,36,1,0
1116,74.40,32.23,34.34,36.44,38.55,40.65,42.76,44.87,46.97,49.08,51.18,53.29,55.39,57.50,59.60,61.71,63.81,65.92,68.02,70.13,72.23,52.23,165.000,0.9672,51.02,81.93,HOLD,0,36,1,0
1117,74.47,32.24,34.35,36.46,38.56,40.67,42.77,44.88,46.98,49.09,51.19,53.30,55.40,57.51,59.61,61.72,63.82,65.93,68.03,70.14,72.24,52.24,165.000,0.9672,51.02,81.93,HOLD,0,36,1,0
1118,74.53,32.26,34.36,36.47,38.57,40.68,42.78,44.89,46.99,49.10,51.20,53.31,55.41,57.52,59.62,61.73,63.83,65.94,68.05,70.15,72.26,52.26,165.000,0.9672,51.02,81.93,HOLD,0,36,1,0
1119,74.60,32.27,34.37,36.48,38.58,40.69,42.79,44.90,47.00,49.11,51.21,53.32,55.42,57.53,59.63,61.74,63.85,65.95,68.06,70.16,72.27,52.27,165.000,0.9672,51.02,81.93,HOLD,0,36,1,0
1120,74.67,32.28,34.38,36.49,38.59,40.70,42.80,44.91,47.01,49.12,51.22,53.33,55.44,57.54,59.65,61.75,63.86,65.96,68.07,70.17,72.28,52.28,165.000,0.9672,51.02,81.93,HOLD,0,36,1,0
1121,74.73,32.29,34.39,36.50,38.60,40.71,42.81,44.92,47.03,49.13,51.24,53.34,55.45,57.55,59.66,61.76,63.87,65.97,68.08,70.18,72.29,52.29,165.000,0.9672,51.02,81.93,HOLD,0,36,1,0
1122,74.80,32.30,34.40,36.51,38.61,40.72,42.83,44.93,47.04,49.14,51.25,53.35,55.46,57.56,59.67,61.77,63.88,65.98,68.09,70.19,72.30,52.30,165.000,0.9672,51.02,81.93,HOLD,0,36,1,0
1123,74.87,32.31,34.42,36.52,38.63,40.73,42.84,44.94,47.05,49.15,51.26,53.36,55.47,57.57,59.68,61.78,63.89,65.99,68.10,70.20,72.31,52.31,165.000,0.9672,51.02,81.93,HOLD,0,36,1,0
1124,74.93,32.32,34.43,36.53,38.64,40.74,42.85,44.95,47.06,49.16,51.27,53.37,55.48,57.58,59.69,61.79,63.90,66.01,68.11,70.22,72.32,52.32,165.000,0.9672,51.02,81.93,HOLD,0,36,1,0
1125,75.00,32.33,34.44,36.54,38.65,40.75,42.86,44.96,47.07,49.17,51.28,53.38,55.49,57.60,59.70,61.81,63.91,66.02,68.12,70.23,72.33,52.33,165.000,0.9672,51.02,81.93,HOLD,0,36,1,0
1126,75.07,32.34,34.45,36.55,38.66,40.76,42.87,44.97,47.08,49.18,51.29,53.40,55.50,57.61,59.71,61.82,63.92,66.03,68.13,70.24,72.34,52.34,165.000,0.9672,51.02,81.93,HOLD,0,36,1,0
1127,75.13,32.35,34.46,36.56,38.67,40.77,42.88,44.99,47.09,49.20,51.30,53.41,55.51,57.62,59.72,61.83,63.93,66.04,68.14,70.25,72.35,52.35,165.000,0.9672,51.02,81.93,HOLD,0,36,1,0
1128,75.20,32.36,34.47,36.58,38.68,40.79,42.89,45.00,47.10,49.21,51.31,53.42,55.52,57.63,59.73,61.84,63.94,66.05,68.15,70.26,72.36,52.36,165.000,0.9672,51.02,81.93,HOLD,0,36,1,0
1129,75.27,32.38,34.48,36.59,38.69,40.80,42.90,45.01,47.11,49.22,51.32,53.43,55.53,57.64,59.74,61.85,63.95,66.06,68.16,70.27,72.38,52.38,165.000,0.9672,51.02,81.93,HOLD,0,36,1,0
1130,75.33,32.39,34.49,36.60,38.70,40.81,42.91,45.02,47.12,49.23,51.33,53.44,55.54,57.65,59.75,61.86,63.97,66.07,68.18,70.28,72.39,52.39,165.000,0.9672,51.02,81.93,HOLD,0,36,1,0
1131,75.40,32.40,34.50,36.61,38.71,40.82,42.92,45.03,47.13,49.24,51.34,53.45,55.56,57.66,59.77,61.87,63.98,66.08,68.19,70.29,72.40,52.40,165.000,0.9672,51.02,81.93,HOLD,0,36,1,0
1132,75.47,32.41,34.51,36.62,38.72,40.83,42.93,45.04,47.14,49.25,51.36,53.46,55.57,57.67,59.78,61.88,63.99,66.09,68.20,70.30,72.41,52.41,165.000,0.9672,51.02,81.93,HOLD,0,36,1,0
1133,75.53,32.42,34.52,36.63,38.73,40.84,42.95,45.05,47.16,49.26,51.37,53.47,55.58,57.68,59.79,61.89,64.00,66.10,68.21,70.31,72.42,52.42,165.000,0.9672,51.02,81.93,HOLD,0,36,1,0
1134,75.60,32.43,34.54,36.64,38.75,40.85,42.96,45.06,47.17,49.27,51.38,53.48,55.59,57.69,59.80,61.90,64.01,66.11,68.22,70.32,72.43,52.43,165.000,0.9672,51.02,81.93,HOLD,0,36,1,0
1135,75.67,32.44,34.55,36.65,38.76,40.86,42.97,45.07,47.18,49.28,51.39,53.49,55.60,57.70,59.81,61.91,64.02,66.12,68.23,70.34,72.44,52.44,165.000,0.9672,51.02,81.93,HOLD,0,36,1,0
1136,75.73,32.45,34.56,36.66,38.77,40.87,42.98,45.08,47.19,49.29,51.40,53.50,55.61,57.71,59.82,61.93,64.03,66.14,68.24,70.35,72.45,52.45,165.000,0.9672,51.02,81.93,HOLD,0,36,1,0
1137,75.80,32.46,34.57,36.67,38.78,40.88,42.99,45.09,47.20,49.30,51.41,53.52,55.62,57.73,59.83,61.94,64.04,66.15,68.25,70.36,72.46,52.46,165.000,0.9672,51.02,81.93,HOLD,0,36,1,0
1138,75.87,32.47,34.58,36.68,38.79,40.89,43.00,45.10,47.21,49.32,51.42,53.53,55.63,57.74,59.84,61.95,64.05,66.16,68.26,70.37,72.47,52.47,165.000,0.9672,51.02,81.93,HOLD,0,36,1,0
1139,75.93,32.48,34.59,36.69,38.80,40.91,43.01,45.12,47.22,49.33,51.43,53.54,55.64,57.75,59.85,61.96,64.06,66.17,68.27,70.38,72.48,52.48,165.000,0.9672,51.02,81.93,HOLD,0,36,1,0
1140,76.00,32.50,34.60,36.71,38.81,40.92,43.02,45.13,47.23,49.34,51.44,53.55,55.65,57.76,59.86,61.97,64.07,66.18,68.28,70.39,72.50,52.50,165.000,0.9672,51.02,81.93,HOLD,0,36,1,0
1141,76.07,32.51,34.61,36.72,38.82,40.93,43.03,45.14,47.24,49.35,51.45,53.56,55.66,57.77,59.87,61.98,64.09,66.19,68.30,70.40,72.51,52.51,165.000,0.9672,51.02,81.93,HOLD,0,36,1,0
1142,76.13,32.52,34.62,36.73,38.83,40.94,43.04,45.15,47.25,49.36,51.46,53.57,55.67,57.78,59.89,61.99,64.10,66.20,68.31,70.41,72.52,52.52,165.000,0.9672,51.02,81.93,HOLD,0,36,1,0
1143,76.20,32.53,34.63,36.74,38.84,40.95,43.05,45.16,47.26,49.37,51.48,53.58,55.69,57.79,59.90,62.00,64.11,66.21,68.32,70.42,72.53,52.53,165.000,0.9672,51.02,81.93,HOLD,0,36,1,0
1144,76.27,32.54,34.64,36.75,38.85,40.96,43.07,45.17,47.28,49.38,51.49,53.59,55.70,57.80,59.91,62.01,64.12,66.22,68.33,70.43,72.54,52.54,165.000,0.9672,51.02,81.93,HOLD,0,36,1,0
1145,76.33,32.55,34.65,36.76,38.87,40.97,43.08,45.18,47.29,49.39,51.50,53.60,55.71,57.81,59.92,62.02,64.13,66.23,68.34,70.44,72.55,52.55,165.000,0.9672,51.02,81.93,HOLD,0,36,1,0
1146,76.40,32.56,34.67,36.77,38.88,40.98,43.09,45.19,47.30,49.40,51.51,53.61,55.72,57.82,59.93,62.03,64.14,66.24,68.35,70.46,72.56,52.56,165.000,0.9672,51.02,81.93,HOLD,0,36,1,0
1147,76.47,32.57,34.68,36.78,38.89,40.99,43.10,45.20,47.31,49.41,51.52,53.62,55.73,57.83,59.94,62.05,64.15,66.26,68.36,70.47,72.57,52.57,165.000,0.9672,51.02,81.93,HOLD,0,36,1,0
1148,76.53,32.58,34.69,36.79,38.90,41.00,43.11,45.21,47.32,49.42,51.53,53.63,55.74,57.85,59.95,62.06,64.16,66.27,68.37,70.48,72.58,52.58,165.000,0.9672,51.02,81.93,HOLD,0,36,1,0
1149,76.60,32.59,34.70,36.80,38.91,41.01,43.12,45.22,47.33,49.44,51.54,53.65,55.75,57.86,59.96,62.07,64.17,66.28,68.38,70.49,72.59,52.59,165.000,0.9672,51.02,81.93,HOLD,0,36,1,0
1150,76.67,32.60,34.71,36.81,38.92,41.03,43.13,45.24,47.34,49.45,51.55,53.66,55.76,57.87,59.97,62.08,64.18,66.29,68.39,70.50,72.60,52.60,165.000,0.9672,51.02,81.93,HOLD,0,36,1,0
1151,76.73,32.61,34.72,36.83,38.93,41.04,43.14,45.25,47.35,49.46,51.56,53.67,55.77,57.88,59.98,62.09,64.19,66.30,68.40,70.51,72.61,52.61,165.000,0.9672,51.02,81.93,HOLD,0,36,1,0
1152,76.80,32.63,34.73,36.84,38.94,41.05,43.15,45.26,47.36,49.47,51.57,53.68,55.78,57.89,59.99,62.10,64.20,66.31,68.42,70.52,72.63,52.63,165.000,0.9672,51.02,81.93,HOLD,0,36,1,0
1153,76.87,32.64,34.74,36.85,38.95,41.06,43.16,45.27,47.37,49.48,51.58,53.69,55.79,57.90,60.01,62.11,64.22,66.32,68.43,70.53,72.64,52.64,165.000,0.9672,51.02,81.93,HOLD,0,36,1,0
1154,76.93,32.65,34.75,36.86,38.96,41.07,43.17,45.28,47.38,49.49,51.59,53.70,55.81,57.91,60.02,62.12,64.23,66.33,68.44,70.54,72.65,52.65,165.000,0.9672,51.02,81.93,HOLD,0,36,1,0
1155,77.00,32.66,34.76,36.87,38.97,41.08,43.18,45.29,47.40,49.50,51.61,53.71,55.82,57.92,60.03,62.13,64.24,66.34,68.45,70.55,72.66,52.66,165.000,0.9672,51.02,81.93,HOLD,0,36,1,0
1156,77.07,32.67,34.77,36.88,38.99,41.09,43.20,45.30,47.41,49.51,51.62,53.72,55.83,57.93,60.04,62.14,64.25,66.35,68.46,70.56,72.67,52.67,165.000,0.9672,51.02,81.93,HOLD,0,36,1,0
1157,77.13,32.68,34.79,36.89,39.00,41.10,43.21,45.31,47.42,49.52,51.63,53.73,55.84,57.94,60.05,62.15,64.26,66.36,68.47,70.58,72.68,52.68,165.000,0.9672,51.02,81.93,HOLD,0,36,1,0
1158,77.20,32.69,34.80,36.90,39.01,41.11,43.22,45.32,47.43,49.53,51.64,53.74,55.85,57.95,60.06,62.16,64.27,66.38,68.48,70.59,72.69,52.69,165.000,0.9672,51.02,81.93,HOLD,0,36,1,0
1159,77.27,32.70,34.81,36.91,39.02,41.12,43.23,45.33,47.44,49.54,51.65,53.75,55.86,57.97,60.07,62.18,64.28,66.39,68.49,70.60,72.70,52.70,165.000,0.9672,51.02,81.93,HOLD,0,36,1,0
1160,77.33,32.71,34.82,36.92,39.03,41.13,43.24,45.34,47.45,49.56,51.66,53.77,55.87,57.98,60.08,62.19,64.29,66.40,68.50,70.61,72.71,52.71,165.000,0.9672,51.02,81.93,HOLD,0,36,1,0
1161,77.40,32.72,34.83,36.93,39.04,41.14,43.25,45.36,47.46,49.57,51.67,53.78,55.88,57.99,60.09,62.20,64.30,66.41,68.51,70.62,72.72,52.72,165.000,0.9672,51.02,81.93,HOLD,0,36,1,0
1162,77.47,32.73,34.84,36.95,39.05,41.16,43.26,45.37,47.47,49.58,51.68,53.79,55.89,58.00,60.10,62.21,64.31,66.42,68.52,70.63,72.73,52.73,165.000,0.9672,51.02,81.93,HOLD,0,36,1,0
1163,77.53,32.75,34.85,36.96,39.06,41.17,43.27,45.38,47.48,49.59,51.69,53.80,55.90,58.01,60.11,62.22,64.32,66.43,68.54,70.64,72.75,52.75,165.000,0.9672,51.02,81.93,HOLD,0,36,1,0
1164,77.60,32.76,34.86,36.97,39.07,41.18,43.28,45.39,47.49,49.60,51.70,53.81,55.91,58.02,60.12,62.23,64.34,66.44,68.55,70.65,72.76,52.76,165.000,0.9672,51.02,81.93,HOLD,0,36,1,0
1165,77.67,32.77,34.87,36.98,39.08,41.19,43.29,45.40,47.50,49.61,51.71,53.82,55.93,58.03,60.14,62.24,64.35,66.45,68.56,70.66,72.77,52.77,165.000,0.9672,51.02,81.93,HOLD,0,36,1,0
1166,77.73,32.78,34.88,36.99,39.09,41.20,43.30,45.41,47.52,49.62,51.73,53.83,55.94,58.04,60.15,62.25,64.36,66.46,68.57,70.67,72.78,52.78,165.000,0.9672,51.02,81.93,HOLD,0,36,1,0
1167,77.80,32.79,34.89,37.00,39.10,41.21,43.32,45.42,47.53,49.63,51.74,53.84,55.95,58.05,60.16,62.26,64.37,66.47,68.58,70.68,72.79,52.79,165.000,0.9672,51.02,81.93,HOLD,0,36,1,0
1168,77.87,32.80,34.91,37.01,39.12,41.22,43.33,45.43,47.54,49.64,51.75,53.85,55.96,58.06,60.17,62.27,64.38,66.48,68.59,70.69,72.80,52.80,165.000,0.9672,51.02,81.93,HOLD,0,36,1,0
1169,77.93,32.81,34.92,37.02,39.13,41.23,43.34,45.44,47.55,49.65,51.76,53.86,55.97,58.07,60.18,62.28,64.39,66.50,68.60,70.71,72.81,52.81,165.000,0.9672,51.02,81.93,HOLD,0,36,1,0
1170,78.00,32.82,34.93,37.03,39.14,41.24,43.35,45.45,47.56,49.66,51.77,53.87,55.98,58.09,60.19,62.30,64.40,66.51,68.61,70.72,72.82,52.82,165.000,0.9672,51.02,81.93,HOLD,0,36,1,0
1171,78.07,32.83,34.94,37.04,39.15,41.25,43.36,45.46,47.57,49.67,51.78,53.89,55.99,58.10,60.20,62.31,64.41,66.52,68.62,70.73,72.83,52.83,165.000,0.9672,51.02,81.93,HOLD,0,36,1,0
1172,78.13,32.84,34.95,37.05,39.16,41.26,43.37,45.48,47.58,49.69,51.79,53.90,56.00,58.11,60.21,62.32,64.42,66.53,68.63,70.74,72.84,52.84,165.000,0.9672,51.02,81.93,HOLD,0,36,1,0
1173,78.20,32.85,34.96,37.07,39.17,41.28,43.38,45.49,47.59,49.70,51.80,53.91,56.01,58.12,60.22,62.33,64.43,66.54,68.64,70.75,72.85,52.85,165.000,0.9672,51.02,81.93,HOLD,0,36,1,0
1174,78.27,32.87,34.97,37.08,39.18,41.29,43.39,45.50,47.60,49.71,51.81,53.92,56.02,58.13,60.23,62.34,64.44,66.55,68.65,70.76,72.87,52.87,165.000,0.9672,51.02,81.93,HOLD,0,36,1,0
1175,78.33,32.88,34.98,37.09,39.19,41.30,43.40,45.51,47.61,49.72,51.82,53.93,56.03,58.14,60.24,62.35,64.46,66.56,68.67,70.77,72.88,52.88,165.000,0.9672,51.02,81.93,HOLD,0,36,1,0
1176,78.40,32.89,34.99,37.10,39.20,41.31,43.41,45.52,47.62,49.73,51.83,53.94,56.05,58.15,60.26,62.36,64.47,66.57,68.68,70.78,72.89,52.89,165.000,0.9672,51.02,81.93,HOLD,0,36,1,0
1177,78.47,32.90,35.00,37.11,39.21,41.32,43.42,45.53,47.63,49.74,51.85,53.95,56.06,58.16,60.27,62.37,64.48,66.58,68.69,70.79,72.90,52.90,165.000,0.9672,51.02,81.93,HOLD,0,36,1,0
1178,78.53,32.91,35.01,37.12,39.22,41.33,43.44,45.54,47.65,49.75,51.86,53.96,56.07,58.17,60.28,62.38,64.49,66.59,68.70,70.80,72.91,52.91,165.000,0.9672,51.02,81.93,HOLD,0,36,1,0
1179,78.60,32.92,35.03,37.13,39.24,41.34,43.45,45.55,47.66,49.76,51.87,53.97,56.08,58.18,60.29,62.39,64.50,66.60,68.71,70.81,72.92,52.92,165.000,0.9672,51.02,81.93,HOLD,0,36,1,0
1180,78.67,32.93,35.04,37.14,39.25,41.35,43.46,45.56,47.67,49.77,51.88,53.98,56.09,58.19,60.30,62.40,64.51,66.61,68.72,70.83,72.93,52.93,165.000,0.9672,51.02,81.93,HOLD,0,36,1,0
1181,78.73,32.94,35.05,37.15,39.26,41.36,43.47,45.57,47.68,49.78,51.89,53.99,56.10,58.20,60.31,62.42,64.52,66.63,68.73,70.84,72.94,52.94,165.000,0.9672,51.02,81.93,HOLD,0,36,1,0
1182,78.80,32.95,35.06,37.16,39.27,41.37,43.48,45.58,47.69,49.79,51.90,54.01,56.11,58.22,60.32,62.43,64.53,66.64,68.74,70.85,72.95,52.95,165.000,0.9672,51.02,81.93,HOLD,0,36,1,0
1183,78.87,32.96,35.07,37.17,39.28,41.38,43.49,45.59,47.70,49.81,51.91,54.02,56.12,58.23,60.33,62.44,64.54,66.65,68.75,70.86,72.96,52.96,165.000,0.9672,51.02,81.93,HOLD,0,36,1,0
1184,78.93,32.97,35.08,37.18,39.29,41.40,43.50,45.61,47.71,49.82,51.92,54.03,56.13,58.24,60.34,62.45,64.55,66.66,68.76,70.87,72.97,52.97,165.000,0.9672,51.02,81.93,HOLD,0,36,1,0
1185,79.00,32.99,35.09,37.20,39.30,41.41,43.51,45.62,47.72,49.83,51.93,54.04,56.14,58.25,60.35,62.46,64.56,66.67,68.77,70.88,72.99,52.99,165.000,0.9672,51.02,81.93,HOLD,0,36,1,0
1186,79.07,33.00,35.10,37.21,39.31,41.42,43.52,45.63,47.73,49.84,51.94,54.05,56.15,58.26,60.36,62.47,64.58,66.68,68.79,70.89,73.00,53.00,165.000,0.9672,51.02,81.93,HOLD,0,36,1,0
1187,79.13,33.01,35.11,37.22,39.32,41.43,43.53,45.64,47.74,49.85,51.95,54.06,56.16,58.27,60.38,62.48,64.59,66.69,68.80,70.90,73.01,53.01,165.000,0.9672,51.02,81.93,HOLD,0,36,1,0
1188,79.20,33.02,35.12,37.23,39.33,41.44,43.54,45.65,47.75,49.86,51.97,54.07,56.18,58.28,60.39,62.49,64.60,66.70,68.81,70.91,73.02,53.02,165.000,0.9672,51.02,81.93,HOLD,0,36,1,0
1189,79.27,33.03,35.13,37.24,39.34,41.45,43.56,45.66,47.77,49.87,51.98,54.08,56.19,58.29,60.40,62.50,64.61,66.71,68.82,70.92,73.03,53.03,165.000,0.9672,51.02,81.93,HOLD,0,36,1,0
1190,79.33,33.04,35.14,37.25,39.36,41.46,43.57,45.67,47.78,49.88,51.99,54.09,56.20,58.30,60.41,62.51,64.62,66.72,68.83,70.93,73.04,53.04,165.000,0.9672,51.02,81.93,HOLD,0,36,1,0
1191,79.40,33.05,35.16,37.26,39.37,41.47,43.58,45.68,47.79,49.89,52.00,54.10,56.21,58.31,60.42,62.52,64.63,66.73,68.84,70.95,73.05,53.05,165.000,0.9672,51.02,81.93,HOLD,0,36,1,0
1192,79.47,33.06,35.17,37.27,39.38,41.48,43.59,45.69,47.80,49.90,52.01,54.11,56.22,58.32,60.43,62.54,64.64,66.75,68.85,70.96,73.06,53.06,165.000,0.9672,51.02,81.93,HOLD,0,36,1,0
1193,79.53,33.07,35.18,37.28,39.39,41.49,43.60,45.70,47.81,49.91,52.02,54.12,56.23,58.34,60.44,62.55,64.65,66.76,68.86,70.97,73.07,53.07,165.000,0.9672,51.02,81.93,HOLD,0,36,1,0
1194,79.60,33.08,35.19,37.29,39.40,41.50,43.61,45.71,47.82,49.93,52.03,54.14,56.24,58.35,60.45,62.56,64.66,66.77,68.87,70.98,73.08,53.08,165.000,0.9672,51.02,81.93,HOLD,0,36,1,0
1195,79.67,33.09,35.20,37.30,39.41,41.52,43.62,45.73,47.83,49.94,52.04,54.15,56.25,58.36,60.46,62.57,64.67,66.78,68.88,70.99,73.09,53.09,165.000,0.9672,51.02,81.93,HOLD,0,36,1,0
1196,79.73,33.10,35.21,37.32,39.42,41.53,43.63,45.74,47.84,49.95,52.05,54.16,56.26,58.37,60.47,62.58,64.68,66.79,68.89,71.00,73.10,53.10,165.000,0.9672,51.02,81.93,HOLD,0,36,1,0
1197,79.80,33.12,35.22,37.33,39.43,41.54,43.64,45.75,47.85,49.96,52.06,54.17,56.27,58.38,60.48,62.59,64.69,66.80,68.91,71.01,73.12,53.12,165.000,0.9672,51.02,81.93,HOLD,0,36,1,0
1198,79.87,33.13,35.23,37.34,39.44,41.55,43.65,45.76,47.86,49.97,52.07,54.18,56.28,58.39,60.50,62.60,64.71,66.81,68.92,71.02,73.13,53.13,165.000,0.9672,51.02,81.93,HOLD,0,36,1,0
1199,79.93,33.14,35.24,37.35,39.45,41.56,43.66,45.77,47.87,49.98,52.08,54.19,56.30,58.40,60.51,62.61,64.72,66.82,68.93,71.03,73.14,53.14,165.000,0.9672,51.02,81.93,HOLD,0,36,1,0
1200,80.00,33.15,35.25,37.36,39.46,41.57,43.67,45.78,47.89,49.99,52.10,54.20,56.31,58.41,60.52,62.62,64.73,66.83,68.94,71.04,73.15,53.15,165.000,0.9672,51.02,81.93,HOLD,0,36,1,0
1201,80.07,33.16,35.26,37.37,39.48,41.58,43.69,45.79,47.90,50.00,52.11,54.21,56.32,58.42,60.53,62.63,64.74,66.84,68.95,71.05,73.16,53.16,165.000,0.9672,51.02,81.93,HOLD,0,36,1,0
1202,80.13,33.17,35.28,37.38,39.49,41.59,43.70,45.80,47.91,50.01,52.12,54.22,56.33,58.43,60.54,62.64,64.75,66.85,68.96,71.07,73.17,53.17,165.000,0.9672,51.02,81.93,HOLD,0,36,1,0
1203,80.20,33.18,35.29,37.39,39.50,41.60,43.71,45.81,47.92,50.02,52.13,54.23,56.34,58.44,60.55,62.65,64.76,66.87,68.97,71.08,73.18,53.18,165.000,0.9672,51.02,81.93,HOLD,0,36,1,0
1204,80.27,33.19,35.30,37.40,39.51,41.61,43.72,45.82,47.93,50.03,52.14,54.24,56.35,58.46,60.56,62.67,64.77,66.88,68.98,71.09,73.19,53.19,165.000,0.9672,51.02,81.93,HOLD,0,36,1,0
1205,80.33,33.20,35.31,37.41,39.52,41.62,43.73,45.83,47.94,50.05,52.15,54.26,56.36,58.47,60.57,62.68,64.78,66.89,68.99,71.10,73.20,53.20,165.000,0.9672,51.02,81.93,HOLD,0,36,1,0
1206,80.40,33.21,35.32,37.42,39.53,41.63,43.74,45.85,47.95,50.06,52.16,54.27,56.37,58.48,60.58,62.69,64.79,66.90,69.00,71.11,73.21,53.21,165.000,0.9672,51.02,81.93,HOLD,0,36,1,0
1207,80.47,33.22,35.33,37.44,39.54,41.65,43.75,45.86,47.96,50.07,52.17,54.28,56.38,58.49,60.59,62.70,64.80,66.91,69.01,71.12,73.22,53.22,165.000,0.9672,51.02,81.93,HOLD,0,36,1,0
1208,80.53,33.24,35.34,37.45,39.55,41.66,43.76,45.87,47.97,50.08,52.18,54.29,56.39,58.50,60.60,62.71,64.81,66.92,69.03,71.13,73.24,53.24,165.000,0.9672,51.02,81.93,HOLD,0,36,1,0
1209,80.60,33.25,35.35,37.46,39.56,41.67,43.77,45.88,47.98,50.09,52.19,54.30,56.40,58.51,60.61,62.72,64.83,66.93,69.04,71.14,73.25,53.25,165.000,0.9672,51.02,81.93,HOLD,0,36,1,0
1210,80.67,33.26,35.36,37.47,39.57,41.68,43.78,45.89,47.99,50.10,52.20,54.31,56.42,58.52,60.63,62.73,64.84,66.94,69.05,71.15,73.26,53.26,165.000,0.9672,51.02,81.93,HOLD,0,36,1,0
1211,80.73,33.27,35.37,37.48,39.58,41.69,43.79,45.90,48.01,50.11,52.22,54.32,56.43,58.53,60.64,62.74,64.85,66.95,69.06,71.16,73.27,53.27,165.000,0.9672,51.02,81.93,HOLD,0,36,1,0
1212,80.80,33.28,35.38,37.49,39.59,41.70,43.81,45.91,48.02,50.12,52.23,54.33,56.44,58.54,60.65,62.75,64.86,66.96,69.07,71.17,73.28,53.28,165.000,0.9672,51.02,81.93,HOLD,0,36,1,0
1213,80.87,33.29,35.40,37.50,39.61,41.71,43.82,45.92,48.03,50.13,52.24,54.34,56.45,58.55,60.66,62.76,64.87,66.97,69.08,71.18,73.29,53.29,165.000,0.9672,51.02,81.93,HOLD,0,36,1,0
1214,80.93,33.30,35.41,37.51,39.62,41.72,43.83,45.93,48.04,50.14,52.25,54.35,56.46,58.56,60.67,62.77,64.88,66.99,69.09,71.20,73.30,53.30,165.000,0.9672,51.02,81.93,HOLD,0,36,1,0
1215,81.00,33.31,35.42,37.52,39.63,41.73,43.84,45.94,48.05,50.15,52.26,54.36,56.47,58.58,60.68,62.79,64.89,67.00,69.10,71.21,73.31,53.31,165.000,0.9672,51.02,81.93,HOLD,0,36,1,0
1216,81.07,33.32,35.43,37.53,39.64,41.74,43.85,45.95,48.06,50.16,52.27,54.38,56.48,58.59,60.69,62.80,64.90,67.01,69.11,71.22,73.32,53.32,165.000,0.9672,51.02,81.93,HOLD,0,36,1,0
1217,81.13,33.33,35.44,37.54,39.65,41.75,43.86,45.97,48.07,50.18,52.28,54.39,56.49,58.60,60.70,62.81,64.91,67.02,69.12,71.23,73.33,53.33,165.000,0.9672,51.02,81.93,HOLD,0,36,1,0
1218,81.20,33.34,35.45,37.56,39.66,41.77,43.87,45.98,48.08,50.19,52.29,54.40,56.50,58.61,60.71,62.82,64.92,67.03,69.13,71.24,73.34,53.34,165.000,0.9672,51.02,81.93,HOLD,0,36,1,0
1219,81.27,33.36,35.46,37.57,39.67,41.78,43.88,45.99,48.09,50.20,52.30,54.41,56.51,58.62,60.72,62.83,64.93,67.04,69.14,71.25,73.36,53.36,165.000,0.9672,51.02,81.93,HOLD,0,36,1,0
1220,81.33,33.37,35.47,37.58,39.68,41.79,43.89,46.00,48.10,50.21,52.31,54.42,56.52,58.63,60.73,62.84,64.95,67.05,69.16,71.26,73.37,53.37,165.000,0.9672,51.02,81.93,HOLD,0,36,1,0
1221,81.40,33.38,35.48,37.59,39.69,41.80,43.90,46.01,48.11,50.22,52.32,54.43,56.54,58.64,60.75,62.85,64.96,67.06,69.17,71.27,73.38,53.38,165.000,0.9672,51.02,81.93,HOLD,0,36,1,0
1222,81.47,33.39,35.49,37.60,39.70,41.81,43.91,46.02,48.12,50.23,52.34,54.44,56.55,58.65,60.76,62.86,64.97,67.07,69.18,71.28,73.39,53.39,165.000,0.9672,51.02,81.93,HOLD,0,36,1,0
1223,81.53,33.40,35.50,37.61,39.71,41.82,43.93,46.03,48.14,50.24,52.35,54.45,56.56,58.66,60.77,62.87,64.98,67.08,69.19,71.29,73.40,53.40,165.000,0.9672,51.02,81.93,HOLD,0,36,1,0
1224,81.60,33.41,35.52,37.62,39.73,41.83,43.94,46.04,48.15,50.25,52.36,54.46,56.57,58.67,60.78,62.88,64.99,67.09,69.20,71.30,73.41,53.41,165.000,0.9672,51.02,81.93,HOLD,0,36,1,0
1225,81.67,33.42,35.53,37.63,39.74,41.84,43.95,46.05,48.16,50.26,52.37,54.47,56.58,58.68,60.79,62.89,65.00,67.10,69.21,71.32,73.42,53.42,165.000,0.9672,51.02,81.93,HOLD,0,36,1,0
1226,81.73,33.43,35.54,37.64,39.75,41.85,43.96,46.06,48.17,50.27,52.38,54.48,56.59,58.69,60.80,62.91,65.01,67.12,69.22,71.33,73.43,53.43,165.000,0.9672,51.02,81.93,HOLD,0,36,1,0
1227,81.80,33.44,35.55,37.65,39.76,41.86,43.97,46.07,48.18,50.28,52.39,54.50,56.60,58.71,60.81,62.92,65.02,67.13,69.23,71.34,73.44,53.44,165.000,0.9672,51.02,81.93,HOLD,0,36,1,0
1228,81.87,33.45,35.56,37.66,39.77,41.87,43.98,46.08,48.19,50.30,52.40,54.51,56.61,58.72,60.82,62.93,65.03,67.14,69.24,71.35,73.45,53.45,165.000,0.9672,51.02,81.93,HOLD,0,36,1,0
1229,81.93,33.46,35.57,37.67,39.78,41.89,43.99,46.10,48.20,50.31,52.41,54.52,56.62,58.73,60.83,62.94,65.04,67.15,69.25,71.36,73.46,53.46,165.000,0.9672,51.02,81.93,HOLD,0,36,1,0
1230,82.00,33.48,35.58,37.69,39.79,41.90,44.00,46.11,48.21,50.32,52.42,54.53,56.63,58.74,60.84,62.95,65.05,67.16,69.26,71.37,73.48,53.48,165.000,0.9672,51.02,81.93,HOLD,0,36,1,0
1231,82.07,33.49,35.59,37.70,39.80,41.91,44.01,46.12,48.22,50.33,52.43,54.54,56.64,58.75,60.85,62.96,65.07,67.17,69.28,71.38,73.49,53.49,165.000,0.9672,51.02,81.93,HOLD,0,36,1,0
1232,82.13,33.50,35.60,37.71,39.81,41.92,44.02,46.13,48.23,50.34,52.44,54.55,56.65,58.76,60.87,62.97,65.08,67.18,69.29,71.39,73.50,53.50,165.000,0.9672,51.02,81.93,HOLD,0,36,1,0
1233,82.20,33.51,35.61,37.72,39.82,41.93,44.03,46.14,48.24,50.35,52.46,54.56,56.67,58.77,60.88,62.98,65.09,67.19,69.30,71.40,73.51,53.51,165.000,0.9672,51.02,81.93,HOLD,0,36,1,0
1234,82.27,33.52,35.62,37.73,39.83,41.94,44.05,46.15,48.26,50.36,52.47,54.57,56.68,58.78,60.89,62.99,65.10,67.20,69.31,71.41,73.52,53.52,165.000,0.9672,51.02,81.93,HOLD,0,36,1,0
1235,82.33,33.53,35.63,37.74,39.85,41.95,44.06,46.16,48.27,50.37,52.48,54.58,56.69,58.79,60.90,63.00,65.11,67.21,69.32,71.42,73.53,53.53,165.000,0.9672,51.02,81.93,HOLD,0,36,1,0
1236,82.40,33.54,35.65,37.75,39.86,41.96,44.07,46.17,48.28,50.38,52.49,54.59,56.70,58.80,60.91,63.01,65.12,67.22,69.33,71.44,73.54,53.54,165.000,0.9672,51.02,81.93,HOLD,0,36,1,0
1237,82.47,33.55,35.66,37.76,39.87,41.97,44.08,46.18,48.29,50.39,52.50,54.60,56.71,58.81,60.92,63.03,65.13,67.24,69.34,71.45,73.55,53.55,165.000,0.9672,51.02,81.93,HOLD,0,36,1,0
1238,82.53,33.56,35.67,37.77,39.88,41.98,44.09,46.19,48.30,50.40,52.51,54.61,56.72,58.83,60.93,63.04,65.14,67.25,69.35,71.46,73.56,53.56,165.000,0.9672,51.02,81.93,HOLD,0,36,1,0
1239,82.60,33.57,35.68,37.78,39.89,41.99,44.10,46.20,48.31,50.42,52.52,54.63,56.73,58.84,60.94,63.05,65.15,67.26,69.36,71.47,73.57,53.57,165.000,0.9672,51.02,81.93,HOLD,0,36,1,0
1240,82.67,33.58,35.69,37.79,39.90,42.01,44.11,46.22,48.32,50.43,52.53,54.64,56.74,58.85,60.95,63.06,65.16,67.27,69.37,71.48,73.58,53.58,165.000,0.9672,51.02,81.93,HOLD,0,36,1,0
1241,82.73,33.59,35.70,37.81,39.91,42.02,44.12,46.23,48.33,50.44,52.54,54.65,56.75,58.86,60.96,63.07,65.17,67.28,69.38,71.49,73.59,53.59,165.000,0.9672,51.02,81.93,HOLD,0,36,1,0
1242,82.80,33.61,35.71,37.82,39.92,42.03,44.13,46.24,48.34,50.45,52.55,54.66,56.76,58.87,60.97,63.08,65.18,67.29,69.40,71.50,73.61,53.61,165.000,0.9672,51.02,81.93,HOLD,0,36,1,0
1243,82.87,33.62,35.72,37.83,39.93,42.04,44.14,46.25,48.35,50.46,52.56,54.67,56.77,58.88,60.99,63.09,65.20,67.30,69.41,71.51,73.62,53.62,165.000,0.9672,51.02,81.93,HOLD,0,36,1,0
1244,82.93,33.63,35.73,37.84,39.94,42.05,44.15,46.26,48.36,50.47,52.57,54.68,56.79,58.89,61.00,63.10,65.21,67.31,69.42,71.52,73.63,53.63,165.000,0.9672,51.02,81.93,HOLD,0,36,1,0
1245,83.00,33.64,35.74,37.85,39.95,42.06,44.16,46.27,48.38,50.48,52.59,54.69,56.80,58.90,61.01,63.11,65.22,67.32,69.43,71.53,73.64,53.64,165.000,0.9672,51.02,81.93,HOLD,0,36,1,0
1246,83.07,33.65,35.75,37.86,39.97,42.07,44.18,46.28,48.39,50.49,52.60,54.70,56.81,58.91,61.02,63.12,65.23,67.33,69.44,71.54,73.65,53.65,165.000,0.9672,51.02,81.93,HOLD,0,36,1,0
1247,83.13,33.66,35.77,37.87,39.98,42.08,44.19,46.29,48.40,50.50,52.61,54.71,56.82,58.92,61.03,63.13,65.24,67.34,69.45,71.56,73.66,53.66,165.000,0.9672,51.02,81.93,HOLD,0,36,1,0
1248,83.20,33.67,35.78,37.88,39.99,42.09,44.20,46.30,48.41,50.51,52.62,54.72,56.83,58.93,61.04,63.14,65.25,67.36,69.46,71.57,73.67,53.67,165.000,0.9672,51.02,81.93,HOLD,0,36,1,0
1249,83.27,33.68,35.79,37.89,40.00,42.10,44.21,46.31,48.42,50.52,52.63,54.73,56.84,58.95,61.05,63.16,65.26,67.37,69.47,71.58,73.68,53.68,165.000,0.9672,51.02,81.93,HOLD,0,36,1,0
1250,83.33,33.69,35.80,37.90,40.01,42.11,44.22,46.32,48.43,50.54,52.64,54.75,56.85,58.96,61.06,63.17,65.27,67.38,69.48,71.59,73.69,53.69,165.000,0.9672,51.02,81.93,HOLD,0,36,1,0
1251,83.40,33.70,35.81,37.91,40.02,42.12,44.23,46.34,48.44,50.55,52.65,54.76,56.86,58.97,61.07,63.18,65.28,67.39,69.49,71.60,73.70,53.70,165.000,0.9672,51.02,81.93,HOLD,0,36,1,0
1252,83.47,33.71,35.82,37.93,40.03,42.14,44.24,46.35,48.45,50.56,52.66,54.77,56.87,58.98,61.08,63.19,65.29,67.40,69.50,71.61,73.71,53.71,165.000,0.9672,51.02,81.93,HOLD,0,36,1,0
1253,83.53,33.73,35.83,37.94,40.04,42.15,44.25,46.36,48.46,50.57,52.67,54.78,56.88,58.99,61.09,63.20,65.30,67.41,69.52,71.62,73.73,53.73,165.000,0.9672,51.02,81.93,HOLD,0,36,1,0
1254,83.60,33.74,35.84,37.95,40.05,42.16,44.26,46.37,48.47,50.58,52.68,54.79,56.89,59.00,61.10,63.21,65.32,67.42,69.53,71.63,73.74,53.74,165.000,0.9672,51.02,81.93,HOLD,0,36,1,0
1255,83.67,33.75,35.85,37.96,40.06,42.17,44.27,46.38,48.48,50.59,52.69,54.80,56.91,59.01,61.12,63.22,65.33,67.43,69.54,71.64,73.75,53.75,165.000,0.9672,51.02,81.93,HOLD,0,36,1,0
1256,83.73,33.76,35.86,37.97,40.07,42.18,44.28,46.39,48.50,50.60,52.71,54.81,56.92,59.02,61.13,63.23,65.34,67.44,69.55,71.65,73.76,53.76,165.000,0.9672,51.02,81.93,HOLD,0,36,1,0
1257,83.80,33.77,35.87,37.98,40.08,42.19,44.30,46.40,48.51,50.61,52.72,54.82,56.93,59.03,61.14,63.24,65.35,67.45,69.56,71.66,73.77,53.77,165.000,0.9672,51.02,81.93,HOLD,0,36,1,0
1258,83.87,33.78,35.89,37.99,40.10,42.20,44.31,46.41,48.52,50.62,52.73,54.83,56.94,59.04,61.15,63.25,65.36,67.46,69.57,71.67,73.78,53.78,165.000,0.9672,51.02,81.93,HOLD,0,36,1,0
1259,83.93,33.79,35.90,38.00,40.11,42.21,44.32,46.42,48.53,50.63,52.74,54.84,56.95,59.05,61.16,63.26,65.37,67.48,69.58,71.69,73.79,53.79,165.000,0.9672,51.02,81.93,HOLD,0,36,1,0
1260,84.00,33.80,35.91,38.01,40.12,42.22,44.33,46.43,48.54,50.64,52.75,54.85,56.96,59.07,61.17,63.28,65.38,67.49,69.59,71.70,73.80,53.80,165.000,0.9672,51.02,81.93,HOLD,0,36,1,0
1261,84.07,33.81,35.92,38.02,40.13,42.23,44.34,46.44,48.55,50.65,52.76,54.87,56.97,59.08,61.18,63.29,65.39,67.50,69.60,71.71,73.81,53.81,165.000,0.9672,51.02,81.93,HOLD,0,36,1,0
1262,84.13,33.82,35.93,38.03,40.14,42.24,44.35,46.46,48.56,50.67,52.77,54.88,56.98,59.09,61.19,63.30,65.40,67.51,69.61,71.72,73.82,53.82,165.000,0.9672,51.02,81.93,HOLD,0,36,1,0
1263,84.20,33.83,35.94,38.05,40.15,42.26,44.36,46.47,48.57,50.68,52.78,54.89,56.99,59.10,61.20,63.31,65.41,67.52,69.62,71.73,73.83,53.83,165.000,0.9672,51.02,81.93,HOLD,0,36,1,0
1264,84.27,33.85,35.95,38.06,40.16,42.27,44.37,46.48,48.58,50.69,52.79,54.90,57.00,59.11,61.21,63.32,65.42,67.53,69.63,71.74,73.85,53.85,165.000,0.9672,51.02,81.93,HOLD,0,36,1,0
1265,84.33,33.86,35.96,38.07,40.17,42.28,44.38,46.49,48.59,50.70,52.80,54.91,57.01,59.12,61.22,63.33,65.44,67.54,69.65,71.75,73.86,53.86,165.000,0.9672,51.02,81.93,HOLD,0,36,1,0
1266,84.40,33.87,35.97,38.08,40.18,42.29,44.39,46.50,48.60,50.71,52.81,54.92,57.03,59.13,61.24,63.34,65.45,67.55,69.66,71.76,73.87,53.87,165.000,0.9672,51.02,81.93,HOLD,0,36,1,0
1267,84.47,33.88,35.98,38.09,40.19,42.30,44.40,46.51,48.61,50.72,52.83,54.93,57.04,59.14,61.25,63.35,65.46,67.56,69.67,71.77,73.88,53.88,165.000,0.9672,51.02,81.93,HOLD,0,36,1,0
1268,84.53,33.89,35.99,38.10,40.20,42.31,44.42,46.52,48.63,50.73,52.84,54.94,57.05,59.15,61.26,63.36,65.47,67.57,69.68,71.78,73.89,53.89,165.000,0.9672,51.02,81.93,HOLD,0,36,1,0
1269,84.60,33.90,36.01,38.11,40.22,42.32,44.43,46.53,48.64,50.74,52.85,54.95,57.06,59.16,61.27,63.37,65.48,67.58,69.69,71.79,73.90,53.90,165.000,0.9672,51.02,81.93,HOLD,0,36,1,0
1270,84.67,33.91,36.02,38.12,40.23,42.33,44.44,46.54,48.65,50.75,52.86,54.96,57.07,59.17,61.28,63.38,65.49,67.59,69.70,71.81,73.91,53.91,165.000,0.9672,51.02,81.93,HOLD,0,36,1,0
1271,84.73,33.92,36.03,38.13,40.24,42.34,44.45,46.55,48.66,50.76,52.87,54.97,57.08,59.18,61.29,63.40,65.50,67.61,69.71,71.82,73.92,53.92,165.000,0.9672,51.02,81.93,HOLD,0,36,1,0
1272,84.80,33.93,36.04,38.14,40.25,42.35,44.46,46.56,48.67,50.77,52.88,54.99,57.09,59.20,61.30,63.41,65.51,67.62,69.72,71.83,73.93,53.93,165.000,0.9672,51.02,81.93,HOLD,0,36,1,0
1273,84.87,33.94,36.05,38.15,40.26,42.36,44.47,46.57,48.68,50.79,52.89,55.00,57.10,59.21,61.31,63.42,65.52,67.63,69.73,71.84,73.94,53.94,165.000,0.9672,51.02,81.93,HOLD,0,36,1,0
1274,84.93,33.95,36.06,38.16,40.27,42.38,44.48,46.59,48.69,50.80,52.90,55.01,57.11,59.22,61.32,63.43,65.53,67.64,69.74,71.85,73.95,53.95,165.000,0.9672,51.02,81.93,HOLD,0,36,1,0
1275,85.00,33.97,36.07,38.18,40.28,42.39,44.49,46.60,48.70,50.81,52.91,55.02,57.12,59.23,61.33,63.44,65.54,67.65,69.75,71.86,73.97,53.97,165.000,0.9672,51.02,81.93,HOLD,0,36,1,0
1276,85.07,33.98,36.08,38.19,40.29,42.40,44.50,46.61,48.71,50.82,52.92,55.03,57.13,59.24,61.34,63.45,65.56,67.66,69.77,71.87,73.98,53.98,165.000,0.9672,51.02,81.93,HOLD,0,36,1,0
1277,85.13,33.99,36.09,38.20,40.30,42.41,44.51,46.62,48.72,50.83,52.93,55.04,57.14,59.25,61.36,63.46,65.57,67.67,69.78,71.88,73.99,53.99,165.000,0.9672,51.02,81.93,HOLD,0,36,1,0
1278,85.20,34.00,36.10,38.21,40.31,42.42,44.52,46.63,48.73,50.84,52.95,55.05,57.16,59.26,61.37,63.47,65.58,67.68,69.79,71.89,74.00,54.00,165.000,0.9672,51.02,81.93,HOLD,0,36,1,0
1279,85.27,34.01,36.11,38.22,40.32,42.43,44.54,46.64,48.75,50.85,52.96,55.06,57.17,59.27,61.38,63.48,65.59,67.69,69.80,71.90,74.01,54.01,165.000,0.9672,51.02,81.93,HOLD,0,36,1,0
1280,85.33,34.02,36.12,38.23,40.34,42.44,44.55,46.65,48.76,50.86,52.97,55.07,57.18,59.28,61.39,63.49,65.60,67.70,69.81,71.91,74.02,54.02,165.000,0.9672,51.02,81.93,HOLD,0,36,1,0
1281,85.40,34.03,36.14,38.24,40.35,42.45,44.56,46.66,48.77,50.87,52.98,55.08,57.19,59.29,61.40,63.50,65.61,67.71,69.82,71.93,74.03,54.03,165.000,0.9672,51.02,81.93,HOLD,0,36,1,0
1282,85.47,34.04,36.15,38.25,40.36,42.46,44.57,46.67,48.78,50.88,52.99,55.09,57.20,59.30,61.41,63.52,65.62,67.73,69.83,71.94,74.04,54.04,165.000,0.9672,51.02,81.93,HOLD,0,36,1,0
1283,85.53,34.05,36.16,38.26,40.37,42.47,44.58,46.68,48.79,50.89,53.00,55.10,57.21,59.32,61.42,63.53,65.63,67.74,69.84,71.95,74.05,54.05,165.000,0.9672,51.02,81.93,HOLD,0,36,1,0
1284,85.60,34.06,36.17,38.27,40.38,42.48,44.59,46.69,48.80,50.91,53.01,55.12,57.22,59.33,61.43,63.54,65.64,67.75,69.85,71.96,74.06,54.06,165.000,0.9672,51.02,81.93,HOLD,0,36,1,0
1285,85.67,34.07,36.18,38.28,40.39,42.50,44.60,46.71,48.81,50.92,53.02,55.13,57.23,59.34,61.44,63.55,65.65,67.76,69.86,71.97,74.07,54.07,165.000,0.9672,51.02,81.93,HOLD,0,36,1,0
1286,85.73,34.08,36.19,38.30,40.40,42.51,44.61,46.72,48.82,50.93,53.03,55.14,57.24,59.35,61.45,63.56,65.66,67.77,69.87,71.98,74.08,54.08,165.000,0.9672,51.02,81.93,HOLD,0,36,1,0
1287,85.80,34.10,36.20,38.31,40.41,42.52,44.62,46.73,48.83,50.94,53.04,55.15,57.25,59.36,61.46,63.57,65.67,67.78,69.89,71.99,74.10,54.10,165.000,0.9672,51.02,81.93,HOLD,0,36,1,0
1288,85.87,34.11,36.21,38.32,40.42,42.53,44.63,46.74,48.84,50.95,53.05,55.16,57.26,59.37,61.48,63.58,65.69,67.79,69.90,72.00,74.11,54.11,165.000,0.9672,51.02,81.93,HOLD,0,36,1,0
1289,85.93,34.12,36.22,38.33,40.43,42.54,44.64,46.75,48.85,50.96,53.06,55.17,57.28,59.38,61.49,63.59,65.70,67.80,69.91,72.01,74.12,54.12,165.000,0.9672,51.02,81.93,HOLD,0,36,1,0
1290,86.00,34.13,36.23,38.34,40.44,42.55,44.65,46.76,48.87,50.97,53.08,55.18,57.29,59.39,61.50,63.60,65.71,67.81,69.92,72.02,74.13,54.13,165.000,0.9672,51.02,81.93,HOLD,0,36,1,0
1291,86.07,34.14,36.24,38.35,40.46,42.56,44.67,46.77,48.88,50.98,53.09,55.19,57.30,59.40,61.51,63.61,65.72,67.82,69.93,72.03,74.14,54.14,165.000,0.9672,51.02,81.93,HOLD,0,36,1,0
1292,86.13,34.15,36.26,38.36,40.47,42.57,44.68,46.78,48.89,50.99,53.10,55.20,57.31,59.41,61.52,63.62,65.73,67.83,69.94,72.05,74.15,54.15,165.000,0.9672,51.02,81.93,HOLD,0,36,1,0
1293,86.20,34.16,36.27,38.37,40.48,42.58,44.69,46.79,48.90,51.00,53.11,55.21,57.32,59.42,61.53,63.63,65.74,67.85,69.95,72.06,74.16,54.16,165.000,0.9672,51.02,81.93,HOLD,0,36,1,0
1294,86.27,34.17,36.28,38.38,40.49,42.59,44.70,46.80,48.91,51.01,53.12,55.22,57.33,59.44,61.54,63.65,65.75,67.86,69.96,72.07,74.17,54.17,165.000,0.9672,51.02,81.93,HOLD,0,36,1,0
1295,86.33,34.18,36.29,38.39,40.50,42.60,44.71,46.81,48.92,51.03,53.13,55.24,57.34,59.45,61.55,63.66,65.76,67.87,69.97,72.08,74.18,54.18,165.000,0.9672,51.02,81.93,HOLD,0,36,1,0
1296,86.40,34.19,36.30,38.40,40.51,42.61,44.72,46.83,48.93,51.04,53.14,55.25,57.35,59.46,61.56,63.67,65.77,67.88,69.98,72.09,74.19,54.19,165.000,0.9672,51.02,81.93,HOLD,0,36,1,0
1297,86.47,34.20,36.31,38.42,40.52,42.63,44.73,46.84,48.94,51.05,53.15,55.26,57.36,59.47,61.57,63.68,65.78,67.89,69.99,72.10,74.20,54.20,165.000,0.9672,51.02,81.93,HOLD,0,36,1,0
1298,86.53,34.22,36.32,38.43,40.53,42.64,44.74,46.85,48.95,51.06,53.16,55.27,57.37,59.48,61.58,63.69,65.79,67.90,70.01,72.11,74.22,54.22,165.000,0.9672,51.02,81.93,HOLD,0,36,1,0
1299,86.60,34.23,36.33,38.44,40.54,42.65,44.75,46.86,48.96,51.07,53.17,55.28,57.38,59.49,61.59,63.70,65.81,67.91,70.02,72.12,74.23,54.23,165.000,0.9672,51.02,81.93,HOLD,0,36,1,0
1300,86.67,34.24,36.34,38.45,40.55,42.66,44.76,46.87,48.97,51.08,53.18,55.29,57.40,59.50,61.61,63.71,65.82,67.92,70.03,72.13,74.24,54.24,165.000,0.9672,51.02,81.93,HOLD,0,36,1,0
1301,86.73,34.25,36.35,38.46,40.56,42.67,44.77,46.88,48.99,51.09,53.20,55.30,57.41,59.51,61.62,63.72,65.83,67.93,70.04,72.14,74.25,54.25,165.000,0.9672,51.02,81.93,HOLD,0,36,1,0
1302,86.80,34.26,36.36,38.47,40.57,42.68,44.79,46.89,49.00,51.10,53.21,55.31,57.42,59.52,61.63,63.73,65.84,67.94,70.05,72.15,74.26,54.26,165.000,0.9672,51.02,81.93,HOLD,0,36,1,0
1303,86.87,34.27,36.38,38.48,40.59,42.69,44.80,46.90,49.01,51.11,53.22,55.32,57.43,59.53,61.64,63.74,65.85,67.95,70.06,72.16,74.27,54.27,165.000,0.9672,51.02,81.93,HOLD,0,36,1,0
1304,86.93,34.28,36.39,38.49,40.60,42.70,44.81,46.91,49.02,51.12,53.23,55.33,57.44,59.54,61.65,63.75,65.86,67.97,70.07,72.18,74.28,54.28,165.000,0.9672,51.02,81.93,HOLD,0,36,1,0
1305,87.00,34.29,36.40,38.50,40.61,42.71,44.82,46.92,49.03,51.13,53.24,55.34,57.45,59.56,61.66,63.77,65.87,67.98,70.08,72.19,74.29,54.29,165.000,0.9672,51.02,81.93,HOLD,0,36,1,0
1306,87.07,34.30,36.41,38.51,40.62,42.72,44.83,46.93,49.04,51.14,53.25,55.36,57.46,59.57,61.67,63.78,65.88,67.99,70.09,72.20,74.30,54.30,165.000,0.9672,51.02,81.93,HOLD,0,36,1,0
1307,87.13,34.31,36.42,38.52,40.63,42.73,44.84,46.95,49.05,51.16,53.26,55.37,57.47,59.58,61.68,63.79,65.89,68.00,70.10,72.21,74.31,54.31,165.000,0.9672,51.02,81.93,HOLD,0,36,1,0
1308,87.20,34.32,36.43,38.54,40.64,42.75,44.85,46.96,49.06,51.17,53.27,55.38,57.48,59.59,61.69,63.80,65.90,68.01,70.11,72.22,74.32,54.32,165.000,0.9672,51.02,81.93,HOLD,0,36,1,0
1309,87.27,34.34,36.44,38.55,40.65,42.76,44.86,46.97,49.07,51.18,53.28,55.39,57.49,59.60,61.70,63.81,65.91,68.02,70.12,72.23,74.34,54.34,165.000,0.9672,51.02,81.93,HOLD,0,36,1,0
1310,87.33,34.35,36.45,38.56,40.66,42.77,44.87,46.98,49.08,51.19,53.29,55.40,57.50,59.61,61.71,63.82,65.93,68.03,70.14,72.24,74.35,54.35,165.000,0.9672,51.02,81.93,HOLD,0,36,1,0
1311,87.40,34.36,36.46,38.57,40.67,42.78,44.88,46.99,49.09,51.20,53.30,55.41,57.52,59.62,61.73,63.83,65.94,68.04,70.15,72.25,74.36,54.36,165.000,0.9672,51.02,81.93,HOLD,0,36,1,0
1312,87.47,34.37,36.47,38.58,40.68,42.79,44.89,47.00,49.10,51.21,53.32,55.42,57.53,59.63,61.74,63.84,65.95,68.05,70.16,72.26,74.37,54.37,165.000,0.9672,51.02,81.93,HOLD,0,36,1,0
1313,87.53,34.38,36.48,38.59,40.69,42.80,44.91,47.01,49.12,51.22,53.33,55.43,57.54,59.64,61.75,63.85,65.96,68.06,70.17,72.27,74.38,54.38,165.000,0.9672,51.02,81.93,HOLD,0,36,1,0
1314,87.60,34.39,36.50,38.60,40.71,42.81,44.92,47.02,49.13,51.23,53.34,55.44,57.55,59.65,61.76,63.86,65.97,68.07,70.18,72.28,74.39,54.39,165.000,0.9672,51.02,81.93,HOLD,0,36,1,0
1315,87.67,34.40,36.51,38.61,40.72,42.82,44.93,47.03,49.14,51.24,53.35,55.45,57.56,59.66,61.77,63.87,65.98,68.08,70.19,72.30,74.40,54.40,165.000,0.9672,51.02,81.93,HOLD,0,36,1,0
1316,87.73,34.41,36.52,38.62,40.73,42.83,44.94,47.04,49.15,51.25,53.36,55.46,57.57,59.67,61.78,63.89,65.99,68.10,70.20,72.31,74.41,54.41,165.000,0.9672,51.02,81.93,HOLD,0,36,1,0
1317,87.80,34.42,36.53,38.63,40.74,42.84,44.95,47.05,49.16,51.26,53.37,55.48,57.58,59.69,61.79,63.90,66.00,68.11,70.21,72.32,74.42,54.42,165.000,0.9672,51.02,81.93,HOLD,0,36,1,0
1318,87.87,34.43,36.54,38.64,40.75,42.85,44.96,47.06,49.17,51.28,53.38,55.49,57.59,59.70,61.80,63.91,66.01,68.12,70.22,72.33,74.43,54.43,165.000,0.9672,51.02,81.93,HOLD,0,36,1,0
1319,87.93,34.44,36.55,38.65,40.76,42.87,44.97,47.08,49.18,51.29,53.39,55.50,57.60,59.71,61.81,63.92,66.02,68.13,70.23,72.34,74.44,54.44,165.000,0.9672,51.02,81.93,HOLD,0,36,1,0
1320,88.00,34.46,36.56,38.67,40.77,42.88,44.98,47.09,49.19,51.30,53.40,55.51,57.61,59.72,61.82,63.93,66.03,68.14,70.24,72.35,74.46,54.46,165.000,0.9672,51.02,81.93,HOLD,0,36,1,0
1321,88.07,34.47,36.57,38.68,40.78,42.89,44.99,47.10,49.20,51.31,53.41,55.52,57.62,59.73,61.83,63.94,66.05,68.15,70.26,72.36,74.47,54.47,165.000,0.9672,51.02,81.93,HOLD,0,36,1,0
1322,88.13,34.48,36.58,38.69,40.79,42.90,45.00,47.11,49.21,51.32,53.42,55.53,57.63,59.74,61.85,63.95,66.06,68.16,70.27,72.37,74.48,54.48,165.000,0.9672,51.02,81.93,HOLD,0,36,1,0
1323,88.20,34.49,36.59,38.70,40.80,42.91,45.01,47.12,49.22,51.33,53.44,55.54,57.65,59.75,61.86,63.96,66.07,68.17,70.28,72.38,74.49,54.49,165.000,0.9672,51.02,81.93,HOLD,0,36,1,0
1324,88.27,34.50,36.60,38.71,40.81,42.92,45.03,47.13,49.24,51.34,53.45,55.55,57.66,59.76,61.87,63.97,66.08,68.18,70.29,72.39,74.50,54.50,165.000,0.9672,51.02,81.93,HOLD,0,36,1,0
1325,88.33,34.51,36.61,38.72,40.83,42.93,45.04,47.14,49.25,51.35,53.46,55.56,57.67,59.77,61.88,63.98,66.09,68.19,70.30,72.40,74.51,54.51,165.000,0.9672,51.02,81.93,HOLD,0,36,1,0
1326,88.40,34.52,36.63,38.73,40.84,42.94,45.05,47.15,49.26,51.36,53.47,55.57,57.68,59.78,61.89,63.99,66.10,68.20,70.31,72.42,74.52,54.52,165.000,0.9672,51.02,81.93,HOLD,0,36,1,0
1327,88.47,34.53,36.64,38.74,40.85,42.95,45.06,47.16,49.27,51.37,53.48,55.58,57.69,59.79,61.90,64.01,66.11,68.22,70.32,72.43,74.53,54.53,165.000,0.9672,51.02,81.93,HOLD,0,36,1,0
1328,88.53,34.54,36.65,38.75,40.86,42.96,45.07,47.17,49.28,51.38,53.49,55.59,57.70,59.81,61.91,64.02,66.12,68.23,70.33,72.44,74.54,54.54,165.000,0.9672,51.02,81.93,HOLD,0,36,1,0
1329,88.60,34.55,36.66,38.76,40.87,42.97,45.08,47.18,49.29,51.40,53.50,55.61,57.71,59.82,61.92,64.03,66.13,68.24,70.34,72.45,74.55,54.55,165.000,0.9672,51.02,81.93,HOLD,0,36,1,0
1330,88.67,34.56,36.67,38.77,40.88,42.99,45.09,47.20,49.30,51.41,53.51,55.62,57.72,59.83,61.93,64.04,66.14,68.25,70.35,72.46,74.56,54.56,165.000,0.9672,51.02,81.93,HOLD,0,36,1,0
1331,88.73,34.57,36.68,38.79,40.89,43.00,45.10,47.21,49.31,51.42,53.52,55.63,57.73,59.84,61.94,64.05,66.15,68.26,70.36,72.47,74.57,54.57,165.000,0.9672,51.02,81.93,HOLD,0,36,1,0
1332,88.80,34.59,36.69,38.80,40.90,43.01,45.11,47.22,49.32,51.43,53.53,55.64,57.74,59.85,61.95,64.06,66.16,68.27,70.38,72.48,74.59,54.59,165.000,0.9672,51.02,81.93,HOLD,0,36,1,0
1333,88.87,34.60,36.70,38.81,40.91,43.02,45.12,47.23,49.33,51.44,53.54,55.65,57.75,59.86,61.97,64.07,66.18,68.28,70.39,72.49,74.60,54.60,165.000,0.9672,51.02,81.93,HOLD,0,36,1,0
1334,88.93,34.61,36.71,38.82,40.92,43.03,45.13,47.24,49.34,51.45,53.55,55.66,57.77,59.87,61.98,64.08,66.19,68.29,70.40,72.50,74.61,54.61,165.000,0.9672,51.02,81.93,HOLD,0,36,1,0
1335,89.00,34.62,36.72,38.83,40.93,43.04,45.14,47.25,49.36,51.46,53.57,55.67,57.78,59.88,61.99,64.09,66.20,68.30,70.41,72.51,74.62,54.62,165.000,0.9672,51.02,81.93,HOLD,0,36,1,0
1336,89.07,34.63,36.73,38.84,40.95,43.05,45.16,47.26,49.37,51.47,53.58,55.68,57.79,59.89,62.00,64.10,66.21,68.31,70.42,72.52,74.63,54.63,165.000,0.9672,51.02,81.93,HOLD,0,36,1,0
1337,89.13,34.64,36.75,38.85,40.96,43.06,45.17,47.27,49.38,51.48,53.59,55.69,57.80,59.90,62.01,64.11,66.22,68.32,70.43,72.54,74.64,54.64,165.000,0.9672,51.02,81.93,HOLD,0,36,1,0
1338,89.20,34.65,36.76,38.86,40.97,43.07,45.18,47.28,49.39,51.49,53.60,55.70,57.81,59.91,62.02,64.12,66.23,68.34,70.44,72.55,74.65,54.65,165.000,0.9672,51.02,81.93,HOLD,0,36,1,0
1339,89.27,34.66,36.77,38.87,40.98,43.08,45.19,47.29,49.40,51.50,53.61,55.71,57.82,59.93,62.03,64.14,66.24,68.35,70.45,72.56,74.66,54.66,165.000,0.9672,51.02,81.93,HOLD,0,36,1,0
1340,89.33,34.67,36.78,38.88,40.99,43.09,45.20,47.30,49.41,51.52,53.62,55.73,57.83,59.94,62.04,64.15,66.25,68.36,70.46,72.57,74.67,54.67,165.000,0.9672,51.02,81.93,HOLD,0,36,1,0
1341,89.40,34.68,36.79,38.89,41.00,43.10,45.21,47.32,49.42,51.53,53.63,55.74,57.84,59.95,62.05,64.16,66.26,68.37,70.47,72.58,74.68,54.68,165.000,0.9672,51.02,81.93,HOLD,0,36,1,0
1342,89.47,34.69,36.80,38.91,41.01,43.12,45.22,47.33,49.43,51.54,53.64,55.75,57.85,59.96,62.06,64.17,66.27,68.38,70.48,72.59,74.69,54.69,165.000,0.9672,51.02,81.93,HOLD,0,36,1,0
1343,89.53,34.71,36.81,38.92,41.02,43.13,45.23,47.34,49.44,51.55,53.65,55.76,57.86,59.97,62.07,64.18,66.28,68.39,70.50,72.60,74.71,54.71,165.000,0.9672,51.02,81.93,HOLD,0,36,1,0
1344,89.60,34.72,36.82,38.93,41.03,43.14,45.24,47.35,49.45,51.56,53.66,55.77,57.87,59.98,62.08,64.19,66.30,68.40,70.51,72.61,74.72,54.72,165.000,0.9672,51.02,81.93,HOLD,0,36,1,0
1345,89.67,34.73,36.83,38.94,41.04,43.15,45.25,47.36,49.46,51.57,53.67,55.78,57.89,59.99,62.10,64.20,66.31,68.41,70.52,72.62,74.73,54.73,165.000,0.9672,51.02,81.93,HOLD,0,36,1,0
1346,89.73,34.74,36.84,38.95,41.05,43.16,45.26,47.37,49.48,51.58,53.69,55.79,57.90,60.00,62.11,64.21,66.32,68.42,70.53,72.63,74.74,54.74,165.000,0.9672,51.02,81.93,HOLD,0,36,1,0
1347,89.80,34.75,36.85,38.96,41.06,43.17,45.28,47.38,49.49,51.59,53.70,55.80,57.91,60.01,62.12,64.22,66.33,68.43,70.54,72.64,74.75,54.75,165.000,0.9672,51.02,81.93,HOLD,0,36,1,0
1348,89.87,34.76,36.87,38.97,41.08,43.18,45.29,47.39,49.50,51.60,53.71,55.81,57.92,60.02,62.13,64.23,66.34,68.44,70.55,72.65,74.76,54.76,165.000,0.9672,51.02,81.93,HOLD,0,36,1,0
1349,89.93,34.77,36.88,38.98,41.09,43.19,45.30,47.40,49.51,51.61,53.72,55.82,57.93,60.03,62.14,64.24,66.35,68.46,70.56,72.67,74.77,54.77,165.000,0.9672,51.02,81.93,HOLD,0,36,1,0
1350,90.00,34.78,36.89,38.99,41.10,43.20,45.31,47.41,49.52,51.62,53.73,55.83,57.94,60.05,62.15,64.26,66.36,68.47,70.57,72.68,74.78,54.78,165.000,0.9672,51.02,81.93,HOLD,0,36,1,0
1351,90.07,34.79,36.90,39.00,41.11,43.21,45.32,47.42,49.53,51.63,53.74,55.85,57.95,60.06,62.16,64.27,66.37,68.48,70.58,72.69,74.79,54.79,165.000,0.9672,51.02,81.93,HOLD,0,36,1,0
1352,90.13,34.80,36.91,39.01,41.12,43.22,45.33,47.44,49.54,51.65,53.75,55.86,57.96,60.07,62.17,64.28,66.38,68.49,70.59,72.70,74.80,54.80,165.000,0.9672,51.02,81.93,HOLD,0,36,1,0
1353,90.20,34.81,36.92,39.03,41.13,43.24,45.34,47.45,49.55,51.66,53.76,55.87,57.97,60.08,62.18,64.29,66.39,68.50,70.60,72.71,74.81,54.81,165.000,0.9672,51.02,81.93,HOLD,0,36,1,0
1354,90.27,34.83,36.93,39.04,41.14,43.25,45.35,47.46,49.56,51.67,53.77,55.88,57.98,60.09,62.19,64.30,66.40,68.51,70.61,72.72,74.83,54.83,165.000,0.9672,51.02,81.93,HOLD,0,36,1,0
1355,90.33,34.84,36.94,39.05,41.15,43.26,45.36,47.47,49.57,51.68,53.78,55.89,57.99,60.10,62.20,64.31,66.42,68.52,70.63,72.73,74.84,54.84,165.000,0.9672,51.02,81.93,HOLD,0,36,1,0
1356,90.40,34.85,36.95,39.06,41.16,43.27,45.37,47.48,49.58,51.69,53.79,55.90,58.01,60.11,62.22,64.32,66.43,68.53,70.64,72.74,74.85,54.85,165.000,0.9672,51.02,81.93,HOLD,0,36,1,0
1357,90.47,34.86,36.96,39.07,41.17,43.28,45.38,47.49,49.59,51.70,53.81,55.91,58.02,60.12,62.23,64.33,66.44,68.54,70.65,72.75,74.86,54.86,165.000,0.9672,51.02,81.93,HOLD,0,36,1,0
1358,90.53,34.87,36.97,39.08,41.18,43.29,45.40,47.50,49.61,51.71,53.82,55.92,58.03,60.13,62.24,64.34,66.45,68.55,70.66,72.76,74.87,54.87,165.000,0.9672,51.02,81.93,HOLD,0,36,1,0
1359,90.60,34.88,36.99,39.09,41.20,43.30,45.41,47.51,49.62,51.72,53.83,55.93,58.04,60.14,62.25,64.35,66.46,68.56,70.67,72.77,74.88,54.88,165.000,0.9672,51.02,81.93,HOLD,0,36,1,0
1360,90.67,34.89,37.00,39.10,41.21,43.31,45.42,47.52,49.63,51.73,53.84,55.94,58.05,60.15,62.26,64.36,66.47,68.57,70.68,72.79,74.89,54.89,165.000,0.9672,51.02,81.93,HOLD,0,36,1,0
1361,90.73,34.90,37.01,39.11,41.22,43.32,45.43,47.53,49.64,51.74,53.85,55.95,58.06,60.16,62.27,64.38,66.48,68.59,70.69,72.80,74.90,54.90,165.000,0.9672,51.02,81.93,HOLD,0,36,1,0
1362,90.80,34.91,37.02,39.12,41.23,43.33,45.44,47.54,49.65,51.75,53.86,55.97,58.07,60.18,62.28,64.39,66.49,68.60,70.70,72.81,74.91,54.91,165.000,0.9672,51.02,81.93,HOLD,0,36,1,0
1363,90.87,34.92,37.03,39.13,41.24,43.34,45.45,47.55,49.66,51.77,53.87,55.98,58.08,60.19,62.29,64.40,66.50,68.61,70.71,72.82,74.92,54.92,165.000,0.9672,51.02,81.93,HOLD,0,36,1,0
1364,90.93,34.93,37.04,39.14,41.25,43.36,45.46,47.57,49.67,51.78,53.88,55.99,58.09,60.20,62.30,64.41,66.51,68.62,70.72,72.83,74.93,54.93,165.000,0.9672,51.02,81.93,HOLD,0,36,1,0
1365,91.00,34.95,37.05,39.16,41.26,43.37,45.47,47.58,49.68,51.79,53.89,56.00,58.10,60.21,62.31,64.42,66.52,68.63,70.73,72.84,74.95,54.95,165.000,0.9672,51.02,81.93,HOLD,0,36,1,0
1366,91.07,34.96,37.06,39.17,41.27,43.38,45.48,47.59,49.69,51.80,53.90,56.01,58.11,60.22,62.32,64.43,66.54,68.64,70.75,72.85,74.96,54.96,165.000,0.9672,51.02,81.93,HOLD,0,36,1,0
1367,91.13,34.97,37.07,39.18,41.28,43.39,45.49,47.60,49.70,51.81,53.91,56.02,58.12,60.23,62.34,64.44,66.55,68.65,70.76,72.86,74.97,54.97,165.000,0.9672,51.02,81.93,HOLD,0,36,1,0
1368,91.20,34.98,37.08,39.19,41.29,43.40,45.50,47.61,49.71,51.82,53.93,56.03,58.14,60.24,62.35,64.45,66.56,68.66,70.77,72.87,74.98,54.98,165.000,0.9672,51.02,81.93,HOLD,0,36,1,0
1369,91.27,34.99,37.09,39.20,41.30,43.41,45.52,47.62,49.73,51.83,53.94,56.04,58.15,60.25,62.36,64.46,66.57,68.67,70.78,72.88,74.99,54.99,165.000,0.9672,51.02,81.93,HOLD,0,36,1,0
1370,91.33,35.00,37.10,39.21,41.32,43.42,45.53,47.63,49.74,51.84,53.95,56.05,58.16,60.26,62.37,64.47,66.58,68.68,70.79,72.89,75.00,55.00,165.000,0.9672,51.02,81.93,HOLD,0,36,1,0
1371,91.40,35.01,37.12,39.22,41.33,43.43,45.54,47.64,49.75,51.85,53.96,56.06,58.17,60.27,62.38,64.48,66.59,68.69,70.80,72.91,75.01,55.01,165.000,0.9672,51.02,81.93,HOLD,0,36,1,0
1372,91.47,35.02,37.13,39.23,41.34,43.44,45.55,47.65,49.76,51.86,53.97,56.07,58.18,60.28,62.39,64.50,66.60,68.71,70.81,72.92,75.02,55.02,165.000,0.9672,51.02,81.93,HOLD,0,36,1,0
1373,91.53,35.03,37.14,39.24,41.35,43.45,45.56,47.66,49.77,51.87,53.98,56.08,58.19,60.30,62.40,64.51,66.61,68.72,70.82,72.93,75.03,55.03,165.000,0.9672,51.02,81.93,HOLD,0,36,1,0
1374,91.60,35.04,37.15,39.25,41.36,43.46,45.57,47.67,49.78,51.89,53.99,56.10,58.20,60.31,62.41,64.52,66.62,68.73,70.83,72.94,75.04,55.04,165.000,0.9672,51.02,81.93,HOLD,0,36,1,0
1375,91.67,35.05,37.16,39.26,41.37,43.48,45.58,47.69,49.79,51.90,54.00,56.11,58.21,60.32,62.42,64.53,66.63,68.74,70.84,72.95,75.05,55.05,165.000,0.9672,51.02,81.93,HOLD,0,36,1,0
1376,91.73,35.06,37.17,39.28,41.38,43.49,45.59,47.70,49.80,51.91,54.01,56.12,58.22,60.33,62.43,64.54,66.64,68.75,70.85,72.96,75.06,55.06,165.000,0.9672,51.02,81.93,HOLD,0,36,1,0
1377,91.80,35.08,37.18,39.29,41.39,43.50,45.60,47.71,49.81,51.92,54.02,56.13,58.23,60.34,62.44,64.55,66.65,68.76,70.87,72.97,75.08,55.08,165.000,0.9672,51.02,81.93,HOLD,0,36,1,0
1378,91.87,35.09,37.19,39.30,41.40,43.51,45.61,47.72,49.82,51.93,54.03,56.14,58.24,60.35,62.46,64.56,66.67,68.77,70.88,72.98,75.09,55.09,165.000,0.9672,51.02,81.93,HOLD,0,36,1,0
1379,91.93,35.10,37.20,39.31,41.41,43.52,45.62,47.73,49.83,51.94,54.05,56.15,58.26,60.36,62.47,64.57,66.68,68.78,70.89,72.99,75.10,55.10,165.000,0.9672,51.02,81.93,HOLD,0,36,1,0
1380,92.00,35.11,37.21,39.32,41.42,43.53,45.63,47.74,49.85,51.95,54.06,56.16,58.27,60.37,62.48,64.58,66.69,68.79,70.90,73.00,75.11,55.11,165.000,0.9672,51.02,81.93,HOLD,0,36,1,0
1381,92.07,35.12,37.22,39.33,41.44,43.54,45.65,47.75,49.86,51.96,54.07,56.17,58.28,60.38,62.49,64.59,66.70,68.80,70.91,73.01,75.12,55.12,165.000,0.9672,51.02,81.93,HOLD,0,36,1,0
1382,92.13,35.13,37.24,39.34,41.45,43.55,45.66,47.76,49.87,51.97,54.08,56.18,58.29,60.39,62.50,64.60,66.71,68.81,70.92,73.03,75.13,55.13,165.000,0.9672,51.02,81.93,HOLD,0,36,1,0
1383,92.20,35.14,37.25,39.35,41.46,43.56,45.67,47.77,49.88,51.98,54.09,56.19,58.30,60.40,62.51,64.61,66.72,68.83,70.93,73.04,75.14,55.14,165.000,0.9672,51.02,81.93,HOLD,0,36,1,0
1384,92.27,35.15,37.26,39.36,41.47,43.57,45.68,47.78,49.89,51.99,54.10,56.20,58.31,60.42,62.52,64.63,66.73,68.84,70.94,73.05,75.15,55.15,165.000,0.9672,51.02,81.93,HOLD,0,36,1,0
1385,92.33,35.16,37.27,39.37,41.48,43.58,45.69,47.79,49.90,52.01,54.11,56.22,58.32,60.43,62.53,64.64,66.74,68.85,70.95,73.06,75.16,55.16,165.000,0.9672,51.02,81.93,HOLD,0,36,1,0
1386,92.40,35.17,37.28,39.38,41.49,43.59,45.70,47.81,49.91,52.02,54.12,56.23,58.33,60.44,62.54,64.65,66.75,68.86,70.96,73.07,75.17,55.17,165.000,0.9672,51.02,81.93,HOLD,0,36,1,0
1387,92.47,35.18,37.29,39.40,41.50,43.61,45.71,47.82,49.92,52.03,54.13,56.24,58.34,60.45,62.55,64.66,66.76,68.87,70.97,73.08,75.18,55.18,165.000,0.9672,51.02,81.93,HOLD,0,36,1,0
1388,92.53,35.20,37.30,39.41,41.51,43.62,45.72,47.83,49.93,52.04,54.14,56.25,58.35,60.46,62.56,64.67,66.77,68.88,70.99,73.09,75.20,55.20,165.000,0.9672,51.02,81.93,HOLD,0,36,1,0
1389,92.60,35.21,37.31,39.42,41.52,43.63,45.73,47.84,49.94,52.05,54.15,56.26,58.36,60.47,62.57,64.68,66.79,68.89,71.00,73.10,75.21,55.21,165.000,0.9672,51.02,81.93,HOLD,0,36,1,0
1390,92.67,35.22,37.32,39.43,41.53,43.64,45.74,47.85,49.95,52.06,54.16,56.27,58.38,60.48,62.59,64.69,66.80,68.90,71.01,73.11,75.22,55.22,165.000,0.9672,51.02,81.93,HOLD,0,36,1,0
1391,92.73,35.23,37.33,39.44,41.54,43.65,45.75,47.86,49.97,52.07,54.18,56.28,58.39,60.49,62.60,64.70,66.81,68.91,71.02,73.12,75.23,55.23,165.000,0.9672,51.02,81.93,HOLD,0,36,1,0
1392,92.80,35.24,37.34,39.45,41.55,43.66,45.77,47.87,49.98,52.08,54.19,56.29,58.40,60.50,62.61,64.71,66.82,68.92,71.03,73.13,75.24,55.24,165.000,0.9672,51.02,81.93,HOLD,0,36,1,0
1393,92.87,35.25,37.36,39.46,41.57,43.67,45.78,47.88,49.99,52.09,54.20,56.30,58.41,60.51,62.62,64.72,66.83,68.93,71.04,73.14,75.25,55.25,165.000,0.9672,51.02,81.93,HOLD,0,36,1,0
1394,92.93,35.26,37.37,39.47,41.58,43.68,45.79,47.89,50.00,52.10,54.21,56.31,58.42,60.52,62.63,64.73,66.84,68.95,71.05,73.16,75.26,55.26,165.000,0.9672,51.02,81.93,HOLD,0,36,1,0
1395,93.00,35.27,37.38,39.48,41.59,43.69,45.80,47.90,50.01,52.11,54.22,56.32,58.43,60.54,62.64,64.75,66.85,68.96,71.06,73.17,75.27,55.27,165.000,0.9672,51.02,81.93,HOLD,0,36,1,0
1396,93.07,35.28,37.39,39.49,41.60,43.70,45.81,47.91,50.02,52.12,54.23,56.34,58.44,60.55,62.65,64.76,66.86,68.97,71.07,73.18,75.28,55.28,165.000,0.9672,51.02,81.93,HOLD,0,36,1,0
1397,93.13,35.29,37.40,39.50,41.61,43.71,45.82,47.93,50.03,52.14,54.24,56.35,58.45,60.56,62.66,64.77,66.87,68.98,71.08,73.19,75.29,55.29,165.000,0.9672,51.02,81.93,HOLD,0,36,1,0
1398,93.20,35.30,37.41,39.52,41.62,43.73,45.83,47.94,50.04,52.15,54.25,56.36,58.46,60.57,62.67,64.78,66.88,68.99,71.09,73.20,75.30,55.30,165.000,0.9672,51.02,81.93,HOLD,0,36,1,0
1399,93.27,35.32,37.42,39.53,41.63,43.74,45.84,47.95,50.05,52.16,54.26,56.37,58.47,60.58,62.68,64.79,66.89,69.00,71.10,73.21,75.32,55.32,165.000,0.9672,51.02,81.93,HOLD,0,36,1,0
1400,93.33,35.33,37.43,39.54,41.64,43.75,45.85,47.96,50.06,52.17,54.27,56.38,58.48,60.59,62.69,64.80,66.91,69.01,71.12,73.22,75.33,55.33,165.000,0.9672,51.02,81.93,HOLD,0,36,1,0
1401,93.40,35.34,37.44,39.55,41.65,43.76,45.86,47.97,50.07,52.18,54.28,56.39,58.50,60.60,62.71,64.81,66.92,69.02,71.13,73.23,75.34,55.34,165.000,0.9672,51.02,81.93,HOLD,0,36,1,0
1402,93.47,35.35,37.45,39.56,41.66,43.77,45.87,47.98,50.08,52.19,54.30,56.40,58.51,60.61,62.72,64.82,66.93,69.03,71.14,73.24,75.35,55.35,165.000,0.9672,51.02,81.93,HOLD,0,36,1,0
1403,93.53,35.36,37.46,39.57,41.67,43.78,45.89,47.99,50.10,52.20,54.31,56.41,58.52,60.62,62.73,64.83,66.94,69.04,71.15,73.25,75.36,55.36,165.000,0.9672,51.02,81.93,HOLD,0,36,1,0
1404,93.60,35.37,37.48,39.58,41.69,43.79,45.90,48.00,50.11,52.21,54.32,56.42,58.53,60.63,62.74,64.84,66.95,69.05,71.16,73.26,75.37,55.37,165.000,0.9672,51.02,81.93,HOLD,0,36,1,0
1405,93.67,35.38,37.49,39.59,41.70,43.80,45.91,48.01,50.12,52.22,54.33,56.43,58.54,60.64,62.75,64.85,66.96,69.06,71.17,73.28,75.38,55.38,165.000,0.9672,51.02,81.93,HOLD,0,36,1,0
1406,93.73,35.39,37.50,39.60,41.71,43.81,45.92,48.02,50.13,52.23,54.34,56.44,58.55,60.65,62.76,64.87,66.97,69.08,71.18,73.29,75.39,55.39,165.000,0.9672,51.02,81.93,HOLD,0,36,1,0
1407,93.80,35.40,37.51,39.61,41.72,43.82,45.93,48.03,50.14,52.24,54.35,56.46,58.56,60.67,62.77,64.88,66.98,69.09,71.19,73.30,75.40,55.40,165.000,0.9672,51.02,81.93,HOLD,0,36,1,0
1408,93.87,35.41,37.52,39.62,41.73,43.83,45.94,48.04,50.15,52.26,54.36,56.47,58.57,60.68,62.78,64.89,66.99,69.10,71.20,73.31,75.41,55.41,165.000,0.9672,51.02,81.93,HOLD,0,36,1,0
1409,93.93,35.42,37.53,39.63,41.74,43.85,45.95,48.06,50.16,52.27,54.37,56.48,58.58,60.69,62.79,64.90,67.00,69.11,71.21,73.32,75.42,55.42,165.000,0.9672,51.02,81.93,HOLD,0,36,1,0
1410,94.00,35.44,37.54,39.65,41.75,43.86,45.96,48.07,50.17,52.28,54.38,56.49,58.59,60.70,62.80,64.91,67.01,69.12,71.22,73.33,75.44,55.44,165.000,0.9672,51.02,81.93,HOLD,0,36,1,0
1411,94.07,35.45,37.55,39.66,41.76,43.87,45.97,48.08,50.18,52.29,54.39,56.50,58.60,60.71,62.81,64.92,67.03,69.13,71.24,73.34,75.45,55.45,165.000,0.9672,51.02,81.93,HOLD,0,36,1,0
1412,94.13,35.46,37.56,39.67,41.77,43.88,45.98,48.09,50.19,52.30,54.40,56.51,58.61,60.72,62.83,64.93,67.04,69.14,71.25,73.35,75.46,55.46,165.000,0.9672,51.02,81.93,HOLD,0,36,1,0
1413,94.20,35.47,37.57,39.68,41.78,43.89,45.99,48.10,50.20,52.31,54.42,56.52,58.63,60.73,62.84,64.94,67.05,69.15,71.26,73.36,75.47,55.47,165.000,0.9672,51.02,81.93,HOLD,0,36,1,0
1414,94.27,35.48,37.58,39.69,41.79,43.90,46.01,48.11,50.22,52.32,54.43,56.53,58.64,60.74,62.85,64.95,67.06,69.16,71.27,73.37,75.48,55.48,165.000,0.9672,51.02,81.93,HOLD,0,36,1,0
1415,94.33,35.49,37.59,39.70,41.81,43.91,46.02,48.12,50.23,52.33,54.44,56.54,58.65,60.75,62.86,64.96,67.07,69.17,71.28,73.38,75.49,55.49,165.000,0.9672,51.02,81.93,HOLD,0,36,1,0
1416,94.40,35.50,37.61,39.71,41.82,43.92,46.03,48.13,50.24,52.34,54.45,56.55,58.66,60.76,62.87,64.97,67.08,69.18,71.29,73.40,75.50,55.50,165.000,0.9672,51.02,81.93,HOLD,0,36,1,0
1417,94.47,35.51,37.62,39.72,41.83,43.93,46.04,48.14,50.25,52.35,54.46,56.56,58.67,60.77,62.88,64.99,67.09,69.20,71.30,73.41,75.51,55.51,165.000,0.9672,51.02,81.93,HOLD,0,36,1,0
1418,94.53,35.52,37.63,39.73,41.84,43.94,46.05,48.15,50.26,52.36,54.47,56.57,58.68,60.79,62.89,65.00,67.10,69.21,71.31,73.42,75.52,55.52,165.000,0.9672,51.02,81.93,HOLD,0,36,1,0
1419,94.60,35.53,37.64,39.74,41.85,43.95,46.06,48.16,50.27,52.38,54.48,56.59,58.69,60.80,62.90,65.01,67.11,69.22,71.32,73.43,75.53,55.53,165.000,0.9672,51.02,81.93,HOLD,0,36,1,0
1420,94.67,35.54,37.65,39.75,41.86,43.97,46.07,48.18,50.28,52.39,54.49,56.60,58.70,60.81,62.91,65.02,67.12,69.23,71.33,73.44,75.54,55.54,165.000,0.9672,51.02,81.93,HOLD,0,36,1,0
1421,94.73,35.55,37.66,39.77,41.87,43.98,46.08,48.19,50.29,52.40,54.50,56.61,58.71,60.82,62.92,65.03,67.13,69.24,71.34,73.45,75.55,55.55,165.000,0.9672,51.02,81.93,HOLD,0,36,1,0
1422,94.80,35.57,37.67,39.78,41.88,43.99,46.09,48.20,50.30,52.41,54.51,56.62,58.72,60.83,62.93,65.04,67.14,69.25,71.36,73.46,75.57,55.57,165.000,0.9672,51.02,81.93,HOLD,0,36,1,0
1423,94.87,35.58,37.68,39.79,41.89,44.00,46.10,48.21,50.31,52.42,54.52,56.63,58.73,60.84,62.95,65.05,67.16,69.26,71.37,73.47,75.58,55.58,165.000,0.9672,51.02,81.93,HOLD,0,36,1,0
1424,94.93,35.59,37.69,39.80,41.90,44.01,46.11,48.22,50.32,52.43,54.54,56.64,58.75,60.85,62.96,65.06,67.17,69.27,71.38,73.48,75.59,55.59,165.000,0.9672,51.02,81.93,HOLD,0,36,1,0
1425,95.00,35.60,37.70,39.81,41.91,44.02,46.12,48.23,50.34,52.44,54.55,56.65,58.76,60.86,62.97,65.07,67.18,69.28,71.39,73.49,75.60,55.60,165.000,0.9672,51.02,81.93,HOLD,0,36,1,0
1426,95.07,35.61,37.71,39.82,41.93,44.03,46.14,48.24,50.35,52.45,54.56,56.66,58.77,60.87,62.98,65.08,67.19,69.29,71.40,73.50,75.61,55.61,165.000,0.9672,51.02,81.93,HOLD,0,36,1,0
1427,95.13,35.62,37.73,39.83,41.94,44.04,46.15,48.25,50.36,52.46,54.57,56.67,58.78,60.88,62.99,65.09,67.20,69.30,71.41,73.52,75.62,55.62,165.000,0.9672,51.02,81.93,HOLD,0,36,1,0
1428,95.20,35.63,37.74,39.84,41.95,44.05,46.16,48.26,50.37,52.47,54.58,56.68,58.79,60.89,63.00,65.10,67.21,69.32,71.42,73.53,75.63,55.63,165.000,0.9672,51.02,81.93,HOLD,0,36,1,0
1429,95.27,35.64,37.75,39.85,41.96,44.06,46.17,48.27,50.38,52.48,54.59,56.69,58.80,60.91,63.01,65.12,67.22,69.33,71.43,73.54,75.64,55.64,165.000,0.9672,51.02,81.93,HOLD,0,36,1,0
1430,95.33,35.65,37.76,39.86,41.97,44.07,46.18,48.28,50.39,52.50,54.60,56.71,58.81,60.92,63.02,65.13,67.23,69.34,71.44,73.55,75.65,55.65,165.000,0.9672,51.02,81.93,HOLD,0,36,1,0
1431,95.40,35.66,37.77,39.87,41.98,44.08,46.19,48.30,50.40,52.51,54.61,56.72,58.82,60.93,63.03,65.14,67.24,69.35,71.45,73.56,75.66,55.66,165.000,0.9672,51.02,81.93,HOLD,0,36,1,0
1432,95.47,35.67,37.78,39.89,41.99,44.10,46.20,48.31,50.41,52.52,54.62,56.73,58.83,60.94,63.04,65.15,67.25,69.36,71.46,73.57,75.67,55.67,165.000,0.9672,51.02,81.93,HOLD,0,36,1,0
1433,95.53,35.69,37.79,39.90,42.00,44.11,46.21,48.32,50.42,52.53,54.63,56.74,58.84,60.95,63.05,65.16,67.26,69.37,71.48,73.58,75.69,55.69,165.000,0.9672,51.02,81.93,HOLD,0,36,1,0
1434,95.60,35.70,37.80,39.91,42.01,44.12,46.22,48.33,50.43,52.54,54.64,56.75,58.85,60.96,63.06,65.17,67.28,69.38,71.49,73.59,75.70,55.70,165.000,0.9672,51.02,81.93,HOLD,0,36,1,0
1435,95.67,35.71,37.81,39.92,42.02,44.13,46.23,48.34,50.44,52.55,54.65,56.76,58.87,60.97,63.08,65.18,67.29,69.39,71.50,73.60,75.71,55.71,165.000,0.9672,51.02,81.93,HOLD,0,36,1,0
1436,95.73,35.72,37.82,39.93,42.03,44.14,46.24,48.35,50.46,52.56,54.67,56.77,58.88,60.98,63.09,65.19,67.30,69.40,71.51,73.61,75.72,55.72,165.000,0.9672,51.02,81.93,HOLD,0,36,1,0
1437,95.80,35.73,37.83,39.94,42.04,44.15,46.26,48.36,50.47,52.57,54.68,56.78,58.89,60.99,63.10,65.20,67.31,69.41,71.52,73.62,75.73,55.73,165.000,0.9672,51.02,81.93,HOLD,0,36,1,0
1438,95.87,35.74,37.85,39.95,42.06,44.16,46.27,48.37,50.48,52.58,54.69,56.79,58.90,61.00,63.11,65.21,67.32,69.42,71.53,73.63,75.74,55.74,165.000,0.9672,51.02,81.93,HOLD,0,36,1,0
1439,95.93,35.75,37.86,39.96,42.07,44.17,46.28,48.38,50.49,52.59,54.70,56.80,58.91,61.01,63.12,65.22,67.33,69.44,71.54,73.65,75.75,55.75,165.000,0.9672,51.02,81.93,HOLD,0,36,1,0
1440,96.00,35.76,37.87,39.97,42.08,44.18,46.29,48.39,50.50,52.60,54.71,56.81,58.92,61.03,63.13,65.24,67.34,69.45,71.55,73.66,75.76,55.76,165.000,0.9672,51.02,81.93,HOLD,0,36,1,0
1441,96.07,35.77,37.88,39.98,42.09,44.19,46.30,48.40,50.51,52.61,54.72,56.83,58.93,61.04,63.14,65.25,67.35,69.46,71.56,73.67,75.77,55.77,165.000,0.9672,51.02,81.93,HOLD,0,36,1,0
1442,96.13,35.78,37.89,39.99,42.10,44.20,46.31,48.42,50.52,52.63,54.73,56.84,58.94,61.05,63.15,65.26,67.36,69.47,71.57,73.68,75.78,55.78,165.000,0.9672,51.02,81.93,HOLD,0,36,1,0
1443,96.20,35.79,37.90,40.01,42.11,44.22,46.32,48.43,50.53,52.64,54.74,56.85,58.95,61.06,63.16,65.27,67.37,69.48,71.58,73.69,75.79,55.79,165.000,0.9672,51.02,81.93,HOLD,0,36,1,0
1444,96.27,35.81,37.91,40.02,42.12,44.23,46.33,48.44,50.54,52.65,54.75,56.86,58.96,61.07,63.17,65.28,67.38,69.49,71.59,73.70,75.81,55.81,165.000,0.9672,51.02,81.93,HOLD,0,36,1,0
1445,96.33,35.82,37.92,40.03,42.13,44.24,46.34,48.45,50.55,52.66,54.76,56.87,58.97,61.08,63.18,65.29,67.40,69.50,71.61,73.71,75.82,55.82,165.000,0.9672,51.02,81.93,HOLD,0,36,1,0
1446,96.40,35.83,37.93,40.04,42.14,44.25,46.35,48.46,50.56,52.67,54.77,56.88,58.99,61.09,63.20,65.30,67.41,69.51,71.62,73.72,75.83,55.83,165.000,0.9672,51.02,81.93,HOLD,0,36,1,0
1447,96.47,35.84,37.94,40.05,42.15,44.26,46.36,48.47,50.57,52.68,54.79,56.89,59.00,61.10,63.21,65.31,67.42,69.52,71.63,73.73,75.84,55.84,165.000,0.9672,51.02,81.93,HOLD,0,36,1,0
1448,96.53,35.85,37.95,40.06,42.16,44.27,46.38,48.48,50.59,52.69,54.80,56.90,59.01,61.11,63.22,65.32,67.43,69.53,71.64,73.74,75.85,55.85,165.000,0.9672,51.02,81.93,HOLD,0,36,1,0
1449,96.60,35.86,37.97,40.07,42.18,44.28,46.39,48.49,50.60,52.70,54.81,56.91,59.02,61.12,63.23,65.33,67.44,69.54,71.65,73.75,75.86,55.86,165.000,0.9672,51.02,81.93,HOLD,0,36,1,0
1450,96.67,35.87,37.98,40.08,42.19,44.29,46.40,48.50,50.61,52.71,54.82,56.92,59.03,61.13,63.24,65.34,67.45,69.55,71.66,73.77,75.87,55.87,165.000,0.9672,51.02,81.93,HOLD,0,36,1,0
1451,96.73,35.88,37.99,40.09,42.20,44.30,46.41,48.51,50.62,52.72,54.83,56.93,59.04,61.14,63.25,65.36,67.46,69.57,71.67,73.78,75.88,55.88,165.000,0.9672,51.02,81.93,HOLD,0,36,1,0
1452,96.80,35.89,38.00,40.10,42.21,44.31,46.42,48.52,50.63,52.73,54.84,56.95,59.05,61.16,63.26,65.37,67.47,69.58,71.68,73.79,75.89,55.89,165.000,0.9672,51.02,81.93,HOLD,0,36,1,0
1453,96.87,35.90,38.01,40.11,42.22,44.32,46.43,48.53,50.64,52.75,54.85,56.96,59.06,61.17,63.27,65.38,67.48,69.59,71.69,73.80,75.90,55.90,165.000,0.9672,51.02,81.93,HOLD,0,36,1,0
1454,96.93,35.91,38.02,40.12,42.23,44.34,46.44,48.55,50.65,52.76,54.86,56.97,59.07,61.18,63.28,65.39,67.49,69.60,71.70,73.81,75.91,55.91,165.000,0.9672,51.02,81.93,HOLD,0,36,1,0
1455,97.00,35.93,38.03,40.14,42.24,44.35,46.45,48.56,50.66,52.77,54.87,56.98,59.08,61.19,63.29,65.40,67.50,69.61,71.71,73.82,75.93,55.93,165.000,0.9672,51.02,81.93,HOLD,0,36,1,0
1456,97.07,35.94,38.04,40.15,42.25,44.36,46.46,48.57,50.67,52.78,54.88,56.99,59.09,61.20,63.30,65.41,67.52,69.62,71.73,73.83,75.94,55.94,165.000,0.9672,51.02,81.93,HOLD,0,36,1,0
1457,97.13,35.95,38.05,40.16,42.26,44.37,46.47,48.58,50.68,52.79,54.89,57.00,59.10,61.21,63.32,65.42,67.53,69.63,71.74,73.84,75.95,55.95,165.000,0.9672,51.02,81.93,HOLD,0,36,1,0
1458,97.20,35.96,38.06,40.17,42.27,44.38,46.48,48.59,50.69,52.80,54.91,57.01,59.12,61.22,63.33,65.43,67.54,69.64,71.75,73.85,75.96,55.96,165.000,0.9672,51.02,81.93,HOLD,0,36,1,0
1459,97.27,35.97,38.07,40.18,42.28,44.39,46.50,48.60,50.71,52.81,54.92,57.02,59.13,61.23,63.34,65.44,67.55,69.65,71.76,73.86,75.97,55.97,165.000,0.9672,51.02,81.93,HOLD,0,36,1,0
1460,97.33,35.98,38.08,40.19,42.30,44.40,46.51,48.61,50.72,52.82,54.93,57.03,59.14,61.24,63.35,65.45,67.56,69.66,71.77,73.87,75.98,55.98,165.000,0.9672,51.02,81.93,HOLD,0,36,1,0
1461,97.40,35.99,38.10,40.20,42.31,44.41,46.52,48.62,50.73,52.83,54.94,57.04,59.15,61.25,63.36,65.46,67.57,69.67,71.78,73.89,75.99,55.99,165.000,0.9672,51.02,81.93,HOLD,0,36,1,0
1462,97.47,36.00,38.11,40.21,42.32,44.42,46.53,48.63,50.74,52.84,54.95,57.05,59.16,61.26,63.37,65.48,67.58,69.69,71.79,73.90,76.00,56.00,165.000,0.9672,51.02,81.93,HOLD,0,36,1,0
1463,97.53,36.01,38.12,40.22,42.33,44.43,46.54,48.64,50.75,52.85,54.96,57.06,59.17,61.28,63.38,65.49,67.59,69.70,71.80,73.91,76.01,56.01,165.000,0.9672,51.02,81.93,HOLD,0,36,1,0
1464,97.60,36.02,38.13,40.23,42.34,44.44,46.55,48.65,50.76,52.87,54.97,57.08,59.18,61.29,63.39,65.50,67.60,69.71,71.81,73.92,76.02,56.02,165.000,0.9672,51.02,81.93,HOLD,0,36,1,0
1465,97.67,36.03,38.14,40.24,42.35,44.46,46.56,48.67,50.77,52.88,54.98,57.09,59.19,61.30,63.40,65.51,67.61,69.72,71.82,73.93,76.03,56.03,165.000,0.9672,51.02,81.93,HOLD,0,36,1,0
1466,97.73,36.04,38.15,40.26,42.36,44.47,46.57,48.68,50.78,52.89,54.99,57.10,59.20,61.31,63.41,65.52,67.62,69.73,71.83,73.94,76.04,56.04,165.000,0.9672,51.02,81.93,HOLD,0,36,1,0
1467,97.80,36.06,38.16,40.27,42.37,44.48,46.58,48.69,50.79,52.90,55.00,57.11,59.21,61.32,63.42,65.53,67.63,69.74,71.85,73.95,76.06,56.06,165.000,0.9672,51.02,81.93,HOLD,0,36,1,0
1468,97.87,36.07,38.17,40.28,42.38,44.49,46.59,48.70,50.80,52.91,55.01,57.12,59.22,61.33,63.44,65.54,67.65,69.75,71.86,73.96,76.07,56.07,165.000,0.9672,51.02,81.93,HOLD,0,36,1,0
1469,97.93,36.08,38.18,40.29,42.39,44.50,46.60,48.71,50.81,52.92,55.03,57.13,59.24,61.34,63.45,65.55,67.66,69.76,71.87,73.97,76.08,56.08,165.000,0.9672,51.02,81.93,HOLD,0,36,1,0
1470,98.00,36.09,38.19,40.30,42.40,44.51,46.61,48.72,50.83,52.93,55.04,57.14,59.25,61.35,63.46,65.56,67.67,69.77,71.88,73.98,76.09,56.09,165.000,0.9672,51.02,81.93,HOLD,0,36,1,0
1471,98.07,36.10,38.20,40.31,42.42,44.52,46.63,48.73,50.84,52.94,55.05,57.15,59.26,61.36,63.47,65.57,67.68,69.78,71.89,73.99,76.10,56.10,165.000,0.9672,51.02,81.93,HOLD,0,36,1,0
1472,98.13,36.11,38.22,40.32,42.43,44.53,46.64,48.74,50.85,52.95,55.06,57.16,59.27,61.37,63.48,65.58,67.69,69.79,71.90,74.01,76.11,56.11,165.000,0.9672,51.02,81.93,HOLD,0,36,1,0
1473,98.20,36.12,38.23,40.33,42.44,44.54,46.65,48.75,50.86,52.96,55.07,57.17,59.28,61.38,63.49,65.59,67.70,69.81,71.91,74.02,76.12,56.12,165.000,0.9672,51.02,81.93,HOLD,0,36,1,0
1474,98.27,36.13,38.24,40.34,42.45,44.55,46.66,48.76,50.87,52.97,55.08,57.18,59.29,61.40,63.50,65.61,67.71,69.82,71.92,74.03,76.13,56.13,165.000,0.9672,51.02,81.93,HOLD,0,36,1,0
1475,98.33,36.14,38.25,40.35,42.46,44.56,46.67,48.77,50.88,52.99,55.09,57.20,59.30,61.41,63.51,65.62,67.72,69.83,71.93,74.04,76.14,56.14,165.000,0.9672,51.02,81.93,HOLD,0,36,1,0
1476,98.40,36.15,38.26,40.36,42.47,44.57,46.68,48.79,50.89,53.00,55.10,57.21,59.31,61.42,63.52,65.63,67.73,69.84,71.94,74.05,76.15,56.15,165.000,0.9672,51.02,81.93,HOLD,0,36,1,0
1477,98.47,36.16,38.27,40.38,42.48,44.59,46.69,48.80,50.90,53.01,55.11,57.22,59.32,61.43,63.53,65.64,67.74,69.85,71.95,74.06,76.16,56.16,165.000,0.9672,51.02,81.93,HOLD,0,36,1,0
1478,98.53,36.18,38.28,40.39,42.49,44.60,46.70,48.81,50.91,53.02,55.12,57.23,59.33,61.44,63.54,65.65,67.75,69.86,71.97,74.07,76.18,56.18,165.000,0.9672,51.02,81.93,HOLD,0,36,1,0
1479,98.60,36.19,38.29,40.40,42.50,44.61,46.71,48.82,50.92,53.03,55.13,57.24,59.34,61.45,63.55,65.66,67.77,69.87,71.98,74.08,76.19,56.19,165.000,0.9672,51.02,81.93,HOLD,0,36,1,0
1480,98.67,36.20,38.30,40.41,42.51,44.62,46.72,48.83,50.93,53.04,55.14,57.25,59.36,61.46,63.57,65.67,67.78,69.88,71.99,74.09,76.20,56.20,165.000,0.9672,51.02,81.93,HOLD,0,36,1,0
1481,98.73,36.21,38.31,40.42,42.52,44.63,46.73,48.84,50.95,53.05,55.16,57.26,59.37,61.47,63.58,65.68,67.79,69.89,72.00,74.10,76.21,56.21,165.000,0.9672,51.02,81.93,HOLD,0,36,1,0
1482,98.80,36.22,38.32,40.43,42.53,44.64,46.75,48.85,50.96,53.06,55.17,57.27,59.38,61.48,63.59,65.69,67.80,69.90,72.01,74.11,76.22,56.22,165.000,0.9672,51.02,81.93,HOLD,0,36,1,0
1483,98.87,36.23,38.34,40.44,42.55,44.65,46.76,48.86,50.97,53.07,55.18,57.28,59.39,61.49,63.60,65.70,67.81,69.91,72.02,74.12,76.23,56.23,165.000,0.9672,51.02,81.93,HOLD,0,36,1,0
1484,98.93,36.24,38.35,40.45,42.56,44.66,46.77,48.87,50.98,53.08,55.19,57.29,59.40,61.50,63.61,65.71,67.82,69.93,72.03,74.14,76.24,56.24,165.000,0.9672,51.02,81.93,HOLD,0,36,1,0
1485,99.00,36.25,38.36,40.46,42.57,44.67,46.78,48.88,50.99,53.09,55.20,57.30,59.41,61.52,63.62,65.73,67.83,69.94,72.04,74.15,76.25,56.25,165.000,0.9672,51.02,81.93,HOLD,0,36,1,0
1486,99.07,36.26,38.37,40.47,42.58,44.68,46.79,48.89,51.00,53.10,55.21,57.32,59.42,61.53,63.63,65.74,67.84,69.95,72.05,74.16,76.26,56.26,165.000,0.9672,51.02,81.93,HOLD,0,36,1,0
1487,99.13,36.27,38.38,40.48,42.59,44.69,46.80,48.91,51.01,53.12,55.22,57.33,59.43,61.54,63.64,65.75,67.85,69.96,72.06,74.17,76.27,56.27,165.000,0.9672,51.02,81.93,HOLD,0,36,1,0
1488,99.20,36.28,38.39,40.50,42.60,44.71,46.81,48.92,51.02,53.13,55.23,57.34,59.44,61.55,63.65,65.76,67.86,69.97,72.07,74.18,76.28,56.28,165.000,0.9672,51.02,81.93,HOLD,0,36,1,0
1489,99.27,36.30,38.40,40.51,42.61,44.72,46.82,48.93,51.03,53.14,55.24,57.35,59.45,61.56,63.66,65.77,67.87,69.98,72.08,74.19,76.30,56.30,165.000,0.9672,51.02,81.93,HOLD,0,36,1,0
1490,99.33,36.31,38.41,40.52,42.62,44.73,46.83,48.94,51.04,53.15,55.25,57.36,59.46,61.57,63.67,65.78,67.89,69.99,72.10,74.20,76.31,56.31,165.000,0.9672,51.02,81.93,HOLD,0,36,1,0
1491,99.40,36.32,38.42,40.53,42.63,44.74,46.84,48.95,51.05,53.16,55.26,57.37,59.48,61.58,63.69,65.79,67.90,70.00,72.11,74.21,76.32,56.32,165.000,0.9672,51.02,81.93,HOLD,0,36,1,0
1492,99.47,36.33,38.43,40.54,42.64,44.75,46.85,48.96,51.06,53.17,55.28,57.38,59.49,61.59,63.70,65.80,67.91,70.01,72.12,74.22,76.33,56.33,165.000,0.9672,51.02,81.93,HOLD,0,36,1,0
1493,99.53,36.34,38.44,40.55,42.65,44.76,46.87,48.97,51.08,53.18,55.29,57.39,59.50,61.60,63.71,65.81,67.92,70.02,72.13,74.23,76.34,56.34,165.000,0.9672,51.02,81.93,HOLD,0,36,1,0
1494,99.60,36.35,38.46,40.56,42.67,44.77,46.88,48.98,51.09,53.19,55.30,57.40,59.51,61.61,63.72,65.82,67.93,70.03,72.14,74.24,76.35,56.35,165.000,0.9672,51.02,81.93,HOLD,0,36,1,0
1495,99.67,36.36,38.47,40.57,42.68,44.78,46.89,48.99,51.10,53.20,55.31,57.41,59.52,61.62,63.73,65.83,67.94,70.04,72.15,74.26,76.36,56.36,165.000,0.9672,51.02,81.93,HOLD,0,36,1,0
1496,99.73,36.37,38.48,40.58,42.69,44.79,46.90,49.00,51.11,53.21,55.32,57.42,59.53,61.63,63.74,65.85,67.95,70.06,72.16,74.27,76.37,56.37,165.000,0.9672,51.02,81.93,HOLD,0,36,1,0
1497,99.80,36.38,38.49,40.59,42.70,44.80,46.91,49.01,51.12,53.22,55.33,57.44,59.54,61.65,63.75,65.86,67.96,70.07,72.17,74.28,76.38,56.38,165.000,0.9672,51.02,81.93,HOLD,0,36,1,0
1498,99.87,36.39,38.50,40.60,42.71,44.81,46.92,49.02,51.13,53.24,55.34,57.45,59.55,61.66,63.76,65.87,67.97,70.08,72.18,74.29,76.39,56.39,165.000,0.9672,51.02,81.93,HOLD,0,36,1,0
1499,99.93,36.40,38.51,40.61,42.72,44.83,46.93,49.04,51.14,53.25,55.35,57.46,59.56,61.67,63.77,65.88,67.98,70.09,72.19,74.30,76.40,56.40,165.000,0.9672,51.02,81.93,HOLD,0,36,1,0
1500,100.00,36.42,38.52,40.63,42.73,44.84,46.94,49.05,51.15,53.26,55.36,57.47,59.57,61.68,63.78,65.89,67.99,70.10,72.20,74.31,76.42,56.42,165.000,0.9672,51.02,81.93,HOLD,0,36,1,0
1501,100.07,36.43,38.53,40.64,42.74,44.85,46.95,49.06,51.16,53.27,55.37,57.48,59.58,61.69,63.79,65.90,68.01,70.11,72.22,74.32,76.43,56.43,165.000,0.9672,51.02,81.93,HOLD,0,36,1,0
1502,100.13,36.44,38.54,40.65,42.75,44.86,46.96,49.07,51.17,53.28,55.38,57.49,59.59,61.70,63.81,65.91,68.02,70.12,72.23,74.33,76.44,56.44,165.000,0.9672,51.02,81.93,HOLD,0,36,1,0
1503,100.20,36.45,38.55,40.66,42.76,44.87,46.97,49.08,51.18,53.29,55.40,57.50,59.61,61.71,63.82,65.92,68.03,70.13,72.24,74.34,76.45,56.45,165.000,0.9672,51.02,81.93,HOLD,0,36,1,0
1504,100.27,36.46,38.56,40.67,42.77,44.88,46.99,49.09,51.20,53.30,55.41,57.51,59.62,61.72,63.83,65.93,68.04,70.14,72.25,74.35,76.46,56.46,165.000,0.9672,51.02,81.93,HOLD,0,36,1,0
1505,100.33,36.47,38.57,40.68,42.79,44.89,47.00,49.10,51.21,53.31,55.42,57.52,59.63,61.73,63.84,65.94,68.05,70.15,72.26,74.36,76.47,56.47,165.000,0.9672,51.02,81.93,HOLD,0,36,1,0
1506,100.40,36.48,38.59,40.69,42.80,44.90,47.01,49.11,51.22,53.32,55.43,57.53,59.64,61.74,63.85,65.95,68.06,70.16,72.27,74.38,76.48,56.48,165.000,0.9672,51.02,81.93,HOLD,0,36,1,0
1507,100.47,36.49,38.60,40.70,42.81,44.91,47.02,49.12,51.23,53.33,55.44,57.54,59.65,61.75,63.86,65.97,68.07,70.18,72.28,74.39,76.49,56.49,165.000,0.9672,51.02,81.93,HOLD,0,36,1,0
1508,100.53,36.50,38.61,40.71,42.82,44.92,47.03,49.13,51.24,53.34,55.45,57.55,59.66,61.77,63.87,65.98,68.08,70.19,72.29,74.40,76.50,56.50,165.000,0.9672,51.02,81.93,HOLD,0,36,1,0
1509,100.60,36.51,38.62,40.72,42.83,44.93,47.04,49.14,51.25,53.36,55.46,57.57,59.67,61.78,63.88,65.99,68.09,70.20,72.30,74.41,76.51,56.51,165.000,0.9672,51.02,81.93,HOLD,0,36,1,0
1510,100.67,36.52,38.63,40.73,42.84,44.95,47.05,49.16,51.26,53.37,55.47,57.58,59.68,61.79,63.89,66.00,68.10,70.21,72.31,74.42,76.52,56.52,165.000,0.9672,51.02,81.93,HOLD,0,36,1,0
1511,100.73,36.53,38.64,40.75,42.85,44.96,47.06,49.17,51.27,53.38,55.48,57.59,59.69,61.80,63.90,66.01,68.11,70.22,72.32,74.43,76.53,56.53,165.000,0.9672,51.02,81.93,HOLD,0,36,1,0
1512,100.80,36.55,38.65,40.76,42.86,44.97,47.07,49.18,51.28,53.39,55.49,57.60,59.70,61.81,63.91,66.02,68.12,70.23,72.34,74.44,76.55,56.55,165.000,0.9672,51.02,81.93,HOLD,0,36,1,0
1513,100.87,36.56,38.66,40.77,42.87,44.98,47.08,49.19,51.29,53.40,55.50,57.61,59.71,61.82,63.93,66.03,68.14,70.24,72.35,74.45,76.56,56.56,165.000,0.9672,51.02,81.93,HOLD,0,36,1,0
1514,100.93,36.57,38.67,40.78,42.88,44.99,47.09,49.20,51.30,53.41,55.52,57.62,59.73,61.83,63.94,66.04,68.15,70.25,72.36,74.46,76.57,56.57,165.000,0.9672,51.02,81.93,HOLD,0,36,1,0
1515,101.00,36.58,38.68,40.79,42.89,45.00,47.10,49.21,51.32,53.42,55.53,57.63,59.74,61.84,63.95,66.05,68.16,70.26,72.37,74.47,76.58,56.58,165.000,0.9672,51.02,81.93,HOLD,0,36,1,0
1516,101.07,36.59,38.69,40.80,42.91,45.01,47.12,49.22,51.33,53.43,55.54,57.64,59.75,61.85,63.96,66.06,68.17,70.27,72.38,74.48,76.59,56.59,165.000,0.9672,51.02,81.93,HOLD,0,36,1,0
1517,101.13,36.60,38.71,40.81,42.92,45.02,47.13,49.23,51.34,53.44,55.55,57.65,59.76,61.86,63.97,66.07,68.18,70.28,72.39,74.50,76.60,56.60,165.000,0.9672,51.02,81.93,HOLD,0,36,1,0
1518,101.20,36.61,38.72,40.82,42.93,45.03,47.14,49.24,51.35,53.45,55.56,57.66,59.77,61.87,63.98,66.08,68.19,70.30,72.40,74.51,76.61,56.61,165.000,0.9672,51.02,81.93,HOLD,0,36,1,0
1519,101.27,36.62,38.73,40.83,42.94,45.04,47.15,49.25,51.36,53.46,55.57,57.67,59.78,61.89,63.99,66.10,68.20,70.31,72.41,74.52,76.62,56.62,165.000,0.9672,51.02,81.93,HOLD,0,36,1,0
1520,101.33,36.63,38.74,40.84,42.95,45.05,47.16,49.26,51.37,53.48,55.58,57.69,59.79,61.90,64.00,66.11,68.21,70.32,72.42,74.53,76.63,56.63,165.000,0.9672,51.02,81.93,HOLD,0,36,1,0
1521,101.40,36.64,38.75,40.85,42.96,45.06,47.17,49.28,51.38,53.49,55.59,57.70,59.80,61.91,64.01,66.12,68.22,70.33,72.43,74.54,76.64,56.64,165.000,0.9672,51.02,81.93,HOLD,0,36,1,0
1522,101.47,36.65,38.76,40.87,42.97,45.08,47.18,49.29,51.39,53.50,55.60,57.71,59.81,61.92,64.02,66.13,68.23,70.34,72.44,74.55,76.65,56.65,165.000,0.9672,51.02,81.93,HOLD,0,36,1,0
1523,101.53,36.67,38.77,40.88,42.98,45.09,47.19,49.30,51.40,53.51,55.61,57.72,59.82,61.93,64.03,66.14,68.24,70.35,72.46,74.56,76.67,56.67,165.000,0.9672,51.02,81.93,HOLD,0,36,1,0
1524,101.60,36.68,38.78,40.89,42.99,45.10,47.20,49.31,51.41,53.52,55.62,57.73,59.83,61.94,64.04,66.15,68.26,70.36,72.47,74.57,76.68,56.68,165.000,0.9672,51.02,81.93,HOLD,0,36,1,0
1525,101.67,36.69,38.79,40.90,43.00,45.11,47.21,49.32,51.42,53.53,55.63,57.74,59.85,61.95,64.06,66.16,68.27,70.37,72.48,74.58,76.69,56.69,165.000,0.9672,51.02,81.93,HOLD,0,36,1,0
1526,101.73,36.70,38.80,40.91,43.01,45.12,47.22,49.33,51.44,53.54,55.65,57.75,59.86,61.96,64.07,66.17,68.28,70.38,72.49,74.59,76.70,56.70,165.000,0.9672,51.02,81.93,HOLD,0,36,1,0
1527,101.80,36.71,38.81,40.92,43.02,45.13,47.24,49.34,51.45,53.55,55.66,57.76,59.87,61.97,64.08,66.18,68.29,70.39,72.50,74.60,76.71,56.71,165.000,0.9672,51.02,81.93,HOLD,0,36,1,0
1528,101.87,36.72,38.83,40.93,43.04,45.14,47.25,49.35,51.46,53.56,55.67,57.77,59.88,61.98,64.09,66.19,68.30,70.40,72.51,74.61,76.72,56.72,165.000,0.9672,51.02,81.93,HOLD,0,36,1,0
1529,101.93,36.73,38.84,40.94,43.05,45.15,47.26,49.36,51.47,53.57,55.68,57.78,59.89,61.99,64.10,66.20,68.31,70.42,72.52,74.63,76.73,56.73,165.000,0.9672,51.02,81.93,HOLD,0,36,1,0
1530,102.00,36.74,38.85,40.95,43.06,45.16,47.27,49.37,51.48,53.58,55.69,57.79,59.90,62.01,64.11,66.22,68.32,70.43,72.53,74.64,76.74,56.74,165.000,0.9672,51.02,81.93,HOLD,0,36,1,0
1531,102.07,36.75,38.86,40.96,43.07,45.17,47.28,49.38,51.49,53.59,55.70,57.81,59.91,62.02,64.12,66.23,68.33,70.44,72.54,74.65,76.75,56.75,165.000,0.9672,51.02,81.93,HOLD,0,36,1,0
1532,102.13,36.76,38.87,40.97,43.08,45.18,47.29,49.40,51.50,53.61,55.71,57.82,59.92,62.03,64.13,66.24,68.34,70.45,72.55,74.66,76.76,56.76,165.000,0.9672,51.02,81.93,HOLD,0,36,1,0
1533,102.20,36.77,38.88,40.99,43.09,45.20,47.30,49.41,51.51,53.62,55.72,57.83,59.93,62.04,64.14,66.25,68.35,70.46,72.56,74.67,76.77,56.77,165.000,0.9672,51.02,81.93,HOLD,0,36,1,0
1534,102.27,36.79,38.89,41.00,43.10,45.21,47.31,49.42,51.52,53.63,55.73,57.84,59.94,62.05,64.15,66.26,68.36,70.47,72.57,74.68,76.79,56.79,165.000,0.9672,51.02,81.93,HOLD,0,36,1,0
1535,102.33,36.80,38.90,41.01,43.11,45.22,47.32,49.43,51.53,53.64,55.74,57.85,59.95,62.06,64.16,66.27,68.38,70.48,72.59,74.69,76.80,56.80,165.000,0.9672,51.02,81.93,HOLD,0,36,1,0
1536,102.40,36.81,38.91,41.02,43.12,45.23,47.33,49.44,51.54,53.65,55.75,57.86,59.97,62.07,64.18,66.28,68.39,70.49,72.60,74.70,76.81,56.81,165.000,0.9672,51.02,81.93,HOLD,0,36,1,0
1537,102.47,36.82,38.92,41.03,43.13,45.24,47.34,49.45,51.55,53.66,55.77,57.87,59.98,62.08,64.19,66.29,68.40,70.50,72.61,74.71,76.82,56.82,165.000,0.9672,51.02,81.93,HOLD,0,36,1,0
1538,102.53,36.83,38.93,41.04,43.14,45.25,47.36,49.46,51.57,53.67,55.78,57.88,59.99,62.09,64.20,66.30,68.41,70.51,72.62,74.72,76.83,56.83,165.000,0.9672,51.02,81.93,HOLD,0,36,1,0
1539,102.60,36.84,38.95,41.05,43.16,45.26,47.37,49.47,51.58,53.68,55.79,57.89,60.00,62.10,64.21,66.31,68.42,70.52,72.63,74.73,76.84,56.84,165.000,0.9672,51.02,81.93,HOLD,0,36,1,0
1540,102.67,36.85,38.96,41.06,43.17,45.27,47.38,49.48,51.59,53.69,55.80,57.90,60.01,62.11,64.22,66.32,68.43,70.53,72.64,74.75,76.85,56.85,165.000,0.9672,51.02,81.93,HOLD,0,36,1,0
1541,102.73,36.86,38.97,41.07,43.18,45.28,47.39,49.49,51.60,53.70,55.81,57.91,60.02,62.12,64.23,66.34,68.44,70.55,72.65,74.76,76.86,56.86,165.000,0.9672,51.02,81.93,HOLD,0,36,1,0
1542,102.80,36.87,38.98,41.08,43.19,45.29,47.40,49.50,51.61,53.71,55.82,57.93,60.03,62.14,64.24,66.35,68.45,70.56,72.66,74.77,76.87,56.87,165.000,0.9672,51.02,81.93,HOLD,0,36,1,0
1543,102.87,36.88,38.99,41.09,43.20,45.30,47.41,49.51,51.62,53.73,55.83,57.94,60.04,62.15,64.25,66.36,68.46,70.57,72.67,74.78,76.88,56.88,165.000,0.9672,51.02,81.93,HOLD,0,36,1,0
1544,102.93,36.89,39.00,41.10,43.21,45.32,47.42,49.53,51.63,53.74,55.84,57.95,60.05,62.16,64.26,66.37,68.47,70.58,72.68,74.79,76.89,56.89,165.000,0.9672,51.02,81.93,HOLD,0,36,1,0
1545,103.00,36.91,39.01,41.12,43.22,45.33,47.43,49.54,51.64,53.75,55.85,57.96,60.06,62.17,64.27,66.38,68.48,70.59,72.69,74.80,76.91,56.91,165.000,0.9672,51.02,81.93,HOLD,0,36,1,0
1546,103.07,36.92,39.02,41.13,43.23,45.34,47.44,49.55,51.65,53.76,55.86,57.97,60.07,62.18,64.28,66.39,68.50,70.60,72.71,74.81,76.92,56.92,165.000,0.9672,51.02,81.93,HOLD,0,36,1,0
1547,103.13,36.93,39.03,41.14,43.24,45.35,47.45,49.56,51.66,53.77,55.87,57.98,60.08,62.19,64.30,66.40,68.51,70.61,72.72,74.82,76.93,56.93,165.000,0.9672,51.02,81.93,HOLD,0,36,1,0
1548,103.20,36.94,39.04,41.15,43.25,45.36,47.46,49.57,51.67,53.78,55.89,57.99,60.10,62.20,64.31,66.41,68.52,70.62,72.73,74.83,76.94,56.94,165.000,0.9672,51.02,81.93,HOLD,0,36,1,0
1549,103.27,36.95,39.05,41.16,43.26,45.37,47.48,49.58,51.69,53.79,55.90,58.00,60.11,62.21,64.32,66.42,68.53,70.63,72.74,74.84,76.95,56.95,165.000,0.9672,51.02,81.93,HOLD,0,36,1,0
1550,103.33,36.96,39.06,41.17,43.28,45.38,47.49,49.59,51.70,53.80,55.91,58.01,60.12,62.22,64.33,66.43,68.54,70.64,72.75,74.85,76.96,56.96,165.000,0.9672,51.02,81.93,HOLD,0,36,1,0
1551,103.40,36.97,39.08,41.18,43.29,45.39,47.50,49.60,51.71,53.81,55.92,58.02,60.13,62.23,64.34,66.44,68.55,70.65,72.76,74.87,76.97,56.97,165.000,0.9672,51.02,81.93,HOLD,0,36,1,0
1552,103.47,36.98,39.09,41.19,43.30,45.40,47.51,49.61,51.72,53.82,55.93,58.03,60.14,62.24,64.35,66.46,68.56,70.67,72.77,74.88,76.98,56.98,165.000,0.9672,51.02,81.93,HOLD,0,36,1,0
1553,103.53,36.99,39.10,41.20,43.31,45.41,47.52,49.62,51.73,53.83,55.94,58.04,60.15,62.26,64.36,66.47,68.57,70.68,72.78,74.89,76.99,56.99,165.000,0.9672,51.02,81.93,HOLD,0,36,1,0
1554,103.60,37.00,39.11,41.21,43.32,45.42,47.53,49.63,51.74,53.85,55.95,58.06,60.16,62.27,64.37,66.48,68.58,70.69,72.79,74.90,77.00,57.00,165.000,0.9672,51.02,81.93,HOLD,0,36,1,0
1555,103.67,37.01,39.12,41.22,43.33,45.44,47.54,49.65,51.75,53.86,55.96,58.07,60.17,62.28,64.38,66.49,68.59,70.70,72.80,74.91,77.01,57.01,165.000,0.9672,51.02,81.93,HOLD,0,36,1,0
1556,103.73,37.02,39.13,41.24,43.34,45.45,47.55,49.66,51.76,53.87,55.97,58.08,60.18,62.29,64.39,66.50,68.60,70.71,72.81,74.92,77.02,57.02,165.000,0.9672,51.02,81.93,HOLD,0,36,1,0
1557,103.80,37.04,39.14,41.25,43.35,45.46,47.56,49.67,51.77,53.88,55.98,58.09,60.19,62.30,64.40,66.51,68.61,70.72,72.83,74.93,77.04,57.04,165.000,0.9672,51.02,81.93,HOLD,0,36,1,0
1558,103.87,37.05,39.15,41.26,43.36,45.47,47.57,49.68,51.78,53.89,55.99,58.10,60.20,62.31,64.42,66.52,68.63,70.73,72.84,74.94,77.05,57.05,165.000,0.9672,51.02,81.93,HOLD,0,36,1,0
1559,103.93,37.06,39.16,41.27,43.37,45.48,47.58,49.69,51.79,53.90,56.01,58.11,60.22,62.32,64.43,66.53,68.64,70.74,72.85,74.95,77.06,57.06,165.000,0.9672,51.02,81.93,HOLD,0,36,1,0
1560,104.00,37.07,39.17,41.28,43.38,45.49,47.59,49.70,51.81,53.91,56.02,58.12,60.23,62.33,64.44,66.54,68.65,70.75,72.86,74.96,77.07,57.07,165.000,0.9672,51.02,81.93,HOLD,0,36,1,0
1561,104.07,37.08,39.18,41.29,43.40,45.50,47.61,49.71,51.82,53.92,56.03,58.13,60.24,62.34,64.45,66.55,68.66,70.76,72.87,74.97,77.08,57.08,165.000,0.9672,51.02,81.93,HOLD,0,36,1,0
1562,104.13,37.09,39.20,41.30,43.41,45.51,47.62,49.72,51.83,53.93,56.04,58.14,60.25,62.35,64.46,66.56,68.67,70.77,72.88,74.99,77.09,57.09,165.000,0.9672,51.02,81.93,HOLD,0,36,1,0
1563,104.20,37.10,39.21,41.31,43.42,45.52,47.63,49.73,51.84,53.94,56.05,58.15,60.26,62.36,64.47,66.57,68.68,70.79,72.89,75.00,77.10,57.10,165.000,0.9672,51.02,81.93,HOLD,0,36,1,0
1564,104.27,37.11,39.22,41.32,43.43,45.53,47.64,49.74,51.85,53.95,56.06,58.16,60.27,62.38,64.48,66.59,68.69,70.80,72.90,75.01,77.11,57.11,165.000,0.9672,51.02,81.93,HOLD,0,36,1,0
1565,104.33,37.12,39.23,41.33,43.44,45.54,47.65,49.75,51.86,53.97,56.07,58.18,60.28,62.39,64.49,66.60,68.70,70.81,72.91,75.02,77.12,57.12,165.000,0.9672,51.02,81.93,HOLD,0,36,1,0
1566,104.40,37.13,39.24,41.34,43.45,45.55,47.66,49.77,51.87,53.98,56.08,58.19,60.29,62.40,64.50,66.61,68.71,70.82,72.92,75.03,77.13,57.13,165.000,0.9672,51.02,81.93,HOLD,0,36,1,0
1567,104.47,37.14,39.25,41.36,43.46,45.57,47.67,49.78,51.88,53.99,56.09,58.20,60.30,62.41,64.51,66.62,68.72,70.83,72.93,75.04,77.14,57.14,165.000,0.9672,51.02,81.93,HOLD,0,36,1,0
1568,104.53,37.16,39.26,41.37,43.47,45.58,47.68,49.79,51.89,54.00,56.10,58.21,60.31,62.42,64.52,66.63,68.73,70.84,72.95,75.05,77.16,57.16,165.000,0.9672,51.02,81.93,HOLD,0,36,1,0
1569,104.60,37.17,39.27,41.38,43.48,45.59,47.69,49.80,51.90,54.01,56.11,58.22,60.32,62.43,64.53,66.64,68.75,70.85,72.96,75.06,77.17,57.17,165.000,0.9672,51.02,81.93,HOLD,0,36,1,0
1570,104.67,37.18,39.28,41.39,43.49,45.60,47.70,49.81,51.91,54.02,56.12,58.23,60.34,62.44,64.55,66.65,68.76,70.86,72.97,75.07,77.18,57.18,165.000,0.9672,51.02,81.93,HOLD,0,36,1,0
1571,104.73,37.19,39.29,41.40,43.50,45.61,47.71,49.82,51.93,54.03,56.14,58.24,60.35,62.45,64.56,66.66,68.77,70.87,72.98,75.08,77.19,57.19,165.000,0.9672,51.02,81.93,HOLD,0,36,1,0
1572,104.80,37.20,39.30,41.41,43.51,45.62,47.73,49.83,51.94,54.04,56.15,58.25,60.36,62.46,64.57,66.67,68.78,70.88,72.99,75.09,77.20,57.20,165.000,0.9672,51.02,81.93,HOLD,0,36,1,0
1573,104.87,37.21,39.32,41.42,43.53,45.63,47.74,49.84,51.95,54.05,56.16,58.26,60.37,62.47,64.58,66.68,68.79,70.89,73.00,75.10,77.21,57.21,165.000,0.9672,51.02,81.93,HOLD,0,36,1,0
1574,104.93,37.22,39.33,41.43,43.54,45.64,47.75,49.85,51.96,54.06,56.17,58.27,60.38,62.48,64.59,66.69,68.80,70.91,73.01,75.12,77.22,57.22,165.000,0.9672,51.02,81.93,HOLD,0,36,1,0
1575,105.00,37.23,39.34,41.44,43.55,45.65,47.76,49.86,51.97,54.07,56.18,58.28,60.39,62.50,64.60,66.71,68.81,70.92,73.02,75.13,77.23,57.23,165.000,0.9672,51.02,81.93,HOLD,0,36,1,0
1576,105.07,37.24,39.35,41.45,43.56,45.66,47.77,49.87,51.98,54.08,56.19,58.30,60.40,62.51,64.61,66.72,68.82,70.93,73.03,75.14,77.24,57.24,165.000,0.9672,51.02,81.93,HOLD,0,36,1,0
1577,105.13,37.25,39.36,41.46,43.57,45.67,47.78,49.89,51.99,54.10,56.20,58.31,60.41,62.52,64.62,66.73,68.83,70.94,73.04,75.15,77.25,57.25,165.000,0.9672,51.02,81.93,HOLD,0,36,1,0
1578,105.20,37.26,39.37,41.48,43.58,45.69,47.79,49.90,52.00,54.11,56.21,58.32,60.42,62.53,64.63,66.74,68.84,70.95,73.05,75.16,77.26,57.26,165.000,0.9672,51.02,81.93,HOLD,0,36,1,0
1579,105.27,37.28,39.38,41.49,43.59,45.70,47.80,49.91,52.01,54.12,56.22,58.33,60.43,62.54,64.64,66.75,68.85,70.96,73.06,75.17,77.28,57.28,165.000,0.9672,51.02,81.93,HOLD,0,36,1,0
1580,105.33,37.29,39.39,41.50,43.60,45.71,47.81,49.92,52.02,54.13,56.23,58.34,60.44,62.55,64.65,66.76,68.87,70.97,73.08,75.18,77.29,57.29,165.000,0.9672,51.02,81.93,HOLD,0,36,1,0
1581,105.40,37.30,39.40,41.51,43.61,45.72,47.82,49.93,52.03,54.14,56.24,58.35,60.46,62.56,64.67,66.77,68.88,70.98,73.09,75.19,77.30,57.30,165.000,0.9672,51.02,81.93,HOLD,0,36,1,0
1582,105.47,37.31,39.41,41.52,43.62,45.73,47.83,49.94,52.04,54.15,56.26,58.36,60.47,62.57,64.68,66.78,68.89,70.99,73.10,75.20,77.31,57.31,165.000,0.9672,51.02,81.93,HOLD,0,36,1,0
1583,105.53,37.32,39.42,41.53,43.63,45.74,47.85,49.95,52.06,54.16,56.27,58.37,60.48,62.58,64.69,66.79,68.90,71.00,73.11,75.21,77.32,57.32,165.000,0.9672,51.02,81.93,HOLD,0,36,1,0
1584,105.60,37.33,39.44,41.54,43.65,45.75,47.86,49.96,52.07,54.17,56.28,58.38,60.49,62.59,64.70,66.80,68.91,71.01,73.12,75.22,77.33,57.33,165.000,0.9672,51.02,81.93,HOLD,0,36,1,0
1585,105.67,37.34,39.45,41.55,43.66,45.76,47.87,49.97,52.08,54.18,56.29,58.39,60.50,62.60,64.71,66.81,68.92,71.02,73.13,75.24,77.34,57.34,165.000,0.9672,51.02,81.93,HOLD,0,36,1,0
1586,105.73,37.35,39.46,41.56,43.67,45.77,47.88,49.98,52.09,54.19,56.30,58.40,60.51,62.61,64.72,66.83,68.93,71.04,73.14,75.25,77.35,57.35,165.000,0.9672,51.02,81.93,HOLD,0,36,1,0
1587,105.80,37.36,39.47,41.57,43.68,45.78,47.89,49.99,52.10,54.20,56.31,58.42,60.52,62.63,64.73,66.84,68.94,71.05,73.15,75.26,77.36,57.36,165.000,0.9672,51.02,81.93,HOLD,0,36,1,0
1588,105.87,37.37,39.48,41.58,43.69,45.79,47.90,50.00,52.11,54.22,56.32,58.43,60.53,62.64,64.74,66.85,68.95,71.06,73.16,75.27,77.37,57.37,165.000,0.9672,51.02,81.93,HOLD,0,36,1,0
1589,105.93,37.38,39.49,41.59,43.70,45.81,47.91,50.02,52.12,54.23,56.33,58.44,60.54,62.65,64.75,66.86,68.96,71.07,73.17,75.28,77.38,57.38,165.000,0.9672,51.02,81.93,HOLD,0,36,1,0
1590,106.00,37.40,39.50,41.61,43.71,45.82,47.92,50.03,52.13,54.24,56.34,58.45,60.55,62.66,64.76,66.87,68.97,71.08,73.18,75.29,77.40,57.40,165.000,0.9672,51.02,81.93,HOLD,0,36,1,0
1591,106.07,37.41,39.51,41.62,43.72,45.83,47.93,50.04,52.14,54.25,56.35,58.46,60.56,62.67,64.77,66.88,68.99,71.09,73.20,75.30,77.41,57.41,165.000,0.9672,51.02,81.93,HOLD,0,36,1,0
1592,106.13,37.42,39.52,41.63,43.73,45.84,47.94,50.05,52.15,54.26,56.36,58.47,60.57,62.68,64.79,66.89,69.00,71.10,73.21,75.31,77.42,57.42,165.000,0.9672,51.02,81.93,HOLD,0,36,1,0
1593,106.20,37.43,39.53,41.64,43.74,45.85,47.95,50.06,52.16,54.27,56.38,58.48,60.59,62.69,64.80,66.90,69.01,71.11,73.22,75.32,77.43,57.43,165.000,0.9672,51.02,81.93,HOLD,0,36,1,0
1594,106.27,37.44,39.54,41.65,43.75,45.86,47.97,50.07,52.18,54.28,56.39,58.49,60.60,62.70,64.81,66.91,69.02,71.12,73.23,75.33,77.44,57.44,165.000,0.9672,51.02,81.93,HOLD,0,36,1,0
1595,106.33,37.45,39.55,41.66,43.77,45.87,47.98,50.08,52.19,54.29,56.40,58.50,60.61,62.71,64.82,66.92,69.03,71.13,73.24,75.34,77.45,57.45,165.000,0.9672,51.02,81.93,HOLD,0,36,1,0
1596,106.40,37.46,39.57,41.67,43.78,45.88,47.99,50.09,52.20,54.30,56.41,58.51,60.62,62.72,64.83,66.93,69.04,71.14,73.25,75.36,77.46,57.46,165.000,0.9672,51.02,81.93,HOLD,0,36,1,0
1597,106.47,37.47,39.58,41.68,43.79,45.89,48.00,50.10,52.21,54.31,56.42,58.52,60.63,62.73,64.84,66.95,69.05,71.16,73.26,75.37,77.47,57.47,165.000,0.9672,51.02,81.93,HOLD,0,36,1,0
1598,106.53,37.48,39.59,41.69,43.80,45.90,48.01,50.11,52.22,54.32,56.43,58.53,60.64,62.75,64.85,66.96,69.06,71.17,73.27,75.38,77.48,57.48,165.000,0.9672,51.02,81.93,HOLD,0,36,1,0
1599,106.60,37.49,39.60,41.70,43.81,45.91,48.02,50.12,52.23,54.34,56.44,58.55,60.65,62.76,64.86,66.97,69.07,71.18,73.28,75.39,77.49,57.49,165.000,0.9672,51.02,81.93,HOLD,0,36,1,0
1600,106.67,37.50,39.61,41.71,43.82,45.93,48.03,50.14,52.24,54.35,56.45,58.56,60.66,62.77,64.87,66.98,69.08,71.19,73.29,75.40,77.50,57.50,165.000,0.9672,51.02,81.93,HOLD,0,36,1,0
1601,106.73,37.51,39.62,41.73,43.83,45.94,48.04,50.15,52.25,54.36,56.46,58.57,60.67,62.78,64.88,66.99,69.09,71.20,73.30,75.41,77.51,57.51,165.000,0.9672,51.02,81.93,HOLD,0,36,1,0
1602,106.80,37.53,39.63,41.74,43.84,45.95,48.05,50.16,52.26,54.37,56.47,58.58,60.68,62.79,64.89,67.00,69.10,71.21,73.32,75.42,77.53,57.53,165.000,0.9672,51.02,81.93,HOLD,0,36,1,0
1603,106.87,37.54,39.64,41.75,43.85,45.96,48.06,50.17,52.27,54.38,56.48,58.59,60.69,62.80,64.91,67.01,69.12,71.22,73.33,75.43,77.54,57.54,165.000,0.9672,51.02,81.93,HOLD,0,36,1,0
1604,106.93,37.55,39.65,41.76,43.86,45.97,48.07,50.18,52.28,54.39,56.50,58.60,60.71,62.81,64.92,67.02,69.13,71.23,73.34,75.44,77.55,57.55,165.000,0.9672,51.02,81.93,HOLD,0,36,1,0
1605,107.00,37.56,39.66,41.77,43.87,45.98,48.08,50.19,52.30,54.40,56.51,58.61,60.72,62.82,64.93,67.03,69.14,71.24,73.35,75.45,77.56,57.56,165.000,0.9672,51.02,81.93,HOLD,0,36,1,0
1606,107.07,37.57,39.67,41.78,43.89,45.99,48.10,50.20,52.31,54.41,56.52,58.62,60.73,62.83,64.94,67.04,69.15,71.25,73.36,75.46,77.57,57.57,165.000,0.9672,51.02,81.93,HOLD,0,36,1,0
1607,107.13,37.58,39.69,41.79,43.90,46.00,48.11,50.21,52.32,54.42,56.53,58.63,60.74,62.84,64.95,67.05,69.16,71.26,73.37,75.48,77.58,57.58,165.000,0.9672,51.02,81.93,HOLD,0,36,1,0
1608,107.20,37.59,39.70,41.80,43.91,46.01,48.12,50.22,52.33,54.43,56.54,58.64,60.75,62.85,64.96,67.06,69.17,71.28,73.38,75.49,77.59,57.59,165.000,0.9672,51.02,81.93,HOLD,0,36,1,0
1609,107.27,37.60,39.71,41.81,43.92,46.02,48.13,50.23,52.34,54.44,56.55,58.65,60.76,62.87,64.97,67.08,69.18,71.29,73.39,75.50,77.60,57.60,165.000,0.9672,51.02,81.93,HOLD,0,36,1,0
1610,107.33,37.61,39.72,41.82,43.93,46.03,48.14,50.24,52.35,54.46,56.56,58.67,60.77,62.88,64.98,67.09,69.19,71.30,73.40,75.51,77.61,57.61,165.000,0.9672,51.02,81.93,HOLD,0,36,1,0
1611,107.40,37.62,39.73,41.83,43.94,46.04,48.15,50.26,52.36,54.47,56.57,58.68,60.78,62.89,64.99,67.10,69.20,71.31,73.41,75.52,77.62,57.62,165.000,0.9672,51.02,81.93,HOLD,0,36,1,0
1612,107.47,37.63,39.74,41.85,43.95,46.06,48.16,50.27,52.37,54.48,56.58,58.69,60.79,62.90,65.00,67.11,69.21,71.32,73.42,75.53,77.63,57.63,165.000,0.9672,51.02,81.93,HOLD,0,36,1,0
1613,107.53,37.65,39.75,41.86,43.96,46.07,48.17,50.28,52.38,54.49,56.59,58.70,60.80,62.91,65.01,67.12,69.22,71.33,73.44,75.54,77.65,57.65,165.000,0.9672,51.02,81.93,HOLD,0,36,1,0
1614,107.60,37.66,39.76,41.87,43.97,46.08,48.18,50.29,52.39,54.50,56.60,58.71,60.81,62.92,65.02,67.13,69.24,71.34,73.45,75.55,77.66,57.66,165.000,0.9672,51.02,81.93,HOLD,0,36,1,0
1615,107.67,37.67,39.77,41.88,43.98,46.09,48.19,50.30,52.40,54.51,56.61,58.72,60.83,62.93,65.04,67.14,69.25,71.35,73.46,75.56,77.67,57.67,165.000,0.9672,51.02,81.93,HOLD,0,36,1,0
1616,107.73,37.68,39.78,41.89,43.99,46.10,48.20,50.31,52.42,54.52,56.63,58.73,60.84,62.94,65.05,67.15,69.26,71.36,73.47,75.57,77.68,57.68,165.000,0.9672,51.02,81.93,HOLD,0,36,1,0
1617,107.80,37.69,39.79,41.90,44.00,46.11,48.22,50.32,52.43,54.53,56.64,58.74,60.85,62.95,65.06,67.16,69.27,71.37,73.48,75.58,77.69,57.69,165.000,0.9672,51.02,81.93,HOLD,0,36,1,0
1618,107.87,37.70,39.81,41.91,44.02,46.12,48.23,50.33,52.44,54.54,56.65,58.75,60.86,62.96,65.07,67.17,69.28,71.38,73.49,75.59,77.70,57.70,165.000,0.9672,51.02,81.93,HOLD,0,36,1,0
1619,107.93,37.71,39.82,41.92,44.03,46.13,48.24,50.34,52.45,54.55,56.66,58.76,60.87,62.97,65.08,67.18,69.29,71.40,73.50,75.61,77.71,57.71,165.000,0.9672,51.02,81.93,HOLD,0,36,1,0
1620,108.00,37.72,39.83,41.93,44.04,46.14,48.25,50.35,52.46,54.56,56.67,58.77,60.88,62.99,65.09,67.20,69.30,71.41,73.51,75.62,77.72,57.72,165.000,0.9672,51.02,81.93,HOLD,0,36,1,0
1621,108.07,37.73,39.84,41.94,44.05,46.15,48.26,50.36,52.47,54.57,56.68,58.79,60.89,63.00,65.10,67.21,69.31,71.42,73.52,75.63,77.73,57.73,165.000,0.9672,51.02,81.93,HOLD,0,36,1,0
1622,108.13,37.74,39.85,41.95,44.06,46.16,48.27,50.38,52.48,54.59,56.69,58.80,60.90,63.01,65.11,67.22,69.32,71.43,73.53,75.64,77.74,57.74,165.000,0.9672,51.02,81.93,HOLD,0,36,1,0
1623,108.20,37.75,39.86,41.97,44.07,46.18,48.28,50.39,52.49,54.60,56.70,58.81,60.91,63.02,65.12,67.23,69.33,71.44,73.54,75.65,77.75,57.75,165.000,0.9672,51.02,81.93,HOLD,0,36,1,0
1624,108.27,37.77,39.87,41.98,44.08,46.19,48.29,50.40,52.50,54.61,56.71,58.82,60.92,63.03,65.13,67.24,69.34,71.45,73.55,75.66,77.77,57.77,165.000,0.9672,51.02,81.93,HOLD,0,36,1,0
1625,108.33,37.78,39.88,41.99,44.09,46.20,48.30,50.41,52.51,54.62,56.72,58.83,60.93,63.04,65.14,67.25,69.36,71.46,73.57,75.67,77.78,57.78,165.000,0.9672,51.02,81.93,HOLD,0,36,1,0
1626,108.40,37.79,39.89,42.00,44.10,46.21,48.31,50.42,52.52,54.63,56.73,58.84,60.95,63.05,65.16,67.26,69.37,71.47,73.58,75.68,77.79,57.79,165.000,0.9672,51.02,81.93,HOLD,0,36,1,0
1627,108.47,37.80,39.90,42.01,44.11,46.22,48.32,50.43,52.53,54.64,56.75,58.85,60.96,63.06,65.17,67.27,69.38,71.48,73.59,75.69,77.80,57.80,165.000,0.9672,51.02,81.93,HOLD,0,36,1,0
1628,108.53,37.81,39.91,42.02,44.12,46.23,48.34,50.44,52.55,54.65,56.76,58.86,60.97,63.07,65.18,67.28,69.39,71.49,73.60,75.70,77.81,57.81,165.000,0.9672,51.02,81.93,HOLD,0,36,1,0
1629,108.60,37.82,39.93,42.03,44.14,46.24,48.35,50.45,52.56,54.66,56.77,58.87,60.98,63.08,65.19,67.29,69.40,71.50,73.61,75.71,77.82,57.82,165.000,0.9672,51.02,81.93,HOLD,0,36,1,0
1630,108.67,37.83,39.94,42.04,44.15,46.25,48.36,50.46,52.57,54.67,56.78,58.88,60.99,63.09,65.20,67.30,69.41,71.51,73.62,75.73,77.83,57.83,165.000,0.9672,51.02,81.93,HOLD,0,36,1,0
1631,108.73,37.84,39.95,42.05,44.16,46.26,48.37,50.47,52.58,54.68,56.79,58.89,61.00,63.10,65.21,67.32,69.42,71.53,73.63,75.74,77.84,57.84,165.000,0.9672,51.02,81.93,HOLD,0,36,1,0
1632,108.80,37.85,39.96,42.06,44.17,46.27,48.38,50.48,52.59,54.69,56.80,58.91,61.01,63.12,65.22,67.33,69.43,71.54,73.64,75.75,77.85,57.85,165.000,0.9672,51.02,81.93,HOLD,0,36,1,0
1633,108.87,37.86,39.97,42.07,44.18,46.28,48.39,50.49,52.60,54.71,56.81,58.92,61.02,63.13,65.23,67.34,69.44,71.55,73.65,75.76,77.86,57.86,165.000,0.9672,51.02,81.93,HOLD,0,36,1,0
1634,108.93,37.87,39.98,42.08,44.19,46.30,48.40,50.51,52.61,54.72,56.82,58.93,61.03,63.14,65.24,67.35,69.45,71.56,73.66,75.77,77.87,57.87,165.000,0.9672,51.02,81.93,HOLD,0,36,1,0
1635,109.00,37.89,39.99,42.10,44.20,46.31,48.41,50.52,52.62,54.73,56.83,58.94,61.04,63.15,65.25,67.36,69.46,71.57,73.67,75.78,77.89,57.89,165.000,0.9672,51.02,81.93,HOLD,0,36,1,0
1636,109.07,37.90,40.00,42.11,44.21,46.32,48.42,50.53,52.63,54.74,56.84,58.95,61.05,63.16,65.26,67.37,69.48,71.58,73.69,75.79,77.90,57.90,165.000,0.9672,51.02,81.93,HOLD,0,36,1,0
1637,109.13,37.91,40.01,42.12,44.22,46.33,48.43,50.54,52.64,54.75,56.85,58.96,61.06,63.17,65.28,67.38,69.49,71.59,73.70,75.80,77.91,57.91,165.000,0.9672,51.02,81.93,HOLD,0,36,1,0
1638,109.20,37.92,40.02,42.13,44.23,46.34,48.44,50.55,52.65,54.76,56.87,58.97,61.08,63.18,65.29,67.39,69.50,71.60,73.71,75.81,77.92,57.92,165.000,0.9672,51.02,81.93,HOLD,0,36,1,0
1639,109.27,37.93,40.03,42.14,44.24,46.35,48.46,50.56,52.67,54.77,56.88,58.98,61.09,63.19,65.30,67.40,69.51,71.61,73.72,75.82,77.93,57.93,165.000,0.9672,51.02,81.93,HOLD,0,36,1,0
1640,109.33,37.94,40.04,42.15,44.26,46.36,48.47,50.57,52.68,54.78,56.89,58.99,61.10,63.20,65.31,67.41,69.52,71.62,73.73,75.83,77.94,57.94,165.000,0.9672,51.02,81.93,HOLD,0,36,1,0
1641,109.40,37.95,40.06,42.16,44.27,46.37,48.48,50.58,52.69,54.79,56.90,59.00,61.11,63.21,65.32,67.42,69.53,71.63,73.74,75.85,77.95,57.95,165.000,0.9672,51.02,81.93,HOLD,0,36,1,0
1642,109.47,37.96,40.07,42.17,44.28,46.38,48.49,50.59,52.70,54.80,56.91,59.01,61.12,63.22,65.33,67.44,69.54,71.65,73.75,75.86,77.96,57.96,165.000,0.9672,51.02,81.93,HOLD,0,36,1,0
1643,109.53,37.97,40.08,42.18,44.29,46.39,48.50,50.60,52.71,54.81,56.92,59.02,61.13,63.24,65.34,67.45,69.55,71.66,73.76,75.87,77.97,57.97,165.000,0.9672,51.02,81.93,HOLD,0,36,1,0
1644,109.60,37.98,40.09,42.19,44.30,46.40,48.51,50.61,52.72,54.83,56.93,59.04,61.14,63.25,65.35,67.46,69.56,71.67,73.77,75.88,77.98,57.98,165.000,0.9672,51.02,81.93,HOLD,0,36,1,0
1645,109.67,37.99,40.10,42.20,44.31,46.42,48.52,50.63,52.73,54.84,56.94,59.05,61.15,63.26,65.36,67.47,69.57,71.68,73.78,75.89,77.99,57.99,165.000,0.9672,51.02,81.93,HOLD,0,36,1,0
1646,109.73,38.00,40.11,42.22,44.32,46.43,48.53,50.64,52.74,54.85,56.95,59.06,61.16,63.27,65.37,67.48,69.58,71.69,73.79,75.90,78.00,58.00,165.000,0.9672,51.02,81.93,HOLD,0,36,1,0
1647,109.80,38.02,40.12,42.23,44.33,46.44,48.54,50.65,52.75,54.86,56.96,59.07,61.17,63.28,65.38,67.49,69.59,71.70,73.81,75.91,78.02,58.02,165.000,0.9672,51.02,81.93,HOLD,0,36,1,0
1648,109.87,38.03,40.13,42.24,44.34,46.45,48.55,50.66,52.76,54.87,56.97,59.08,61.18,63.29,65.40,67.50,69.61,71.71,73.82,75.92,78.03,58.03,165.000,0.9672,51.02,81.93,HOLD,0,36,1,0
1649,109.93,38.04,40.14,42.25,44.35,46.46,48.56,50.67,52.77,54.88,56.99,59.09,61.20,63.30,65.41,67.51,69.62,71.72,73.83,75.93,78.04,58.04,165.000,0.9672,51.02,81.93,HOLD,0,36,1,0
1650,110.00,38.05,40.15,42.26,44.36,46.47,48.57,50.68,52.79,54.89,57.00,59.10,61.21,63.31,65.42,67.52,69.63,71.73,73.84,75.94,78.05,58.05,165.000,0.9672,51.02,81.93,HOLD,0,36,1,0
1651,110.07,38.06,40.16,42.27,44.38,46.48,48.59,50.69,52.80,54.90,57.01,59.11,61.22,63.32,65.43,67.53,69.64,71.74,73.85,75.95,78.06,58.06,165.000,0.9672,51.02,81.93,HOLD,0,36,1,0
1652,110.13,38.07,40.18,42.28,44.39,46.49,48.60,50.70,52.81,54.91,57.02,59.12,61.23,63.33,65.44,67.54,69.65,71.75,73.86,75.97,78.07,58.07,165.000,0.9672,51.02,81.93,HOLD,0,36,1,0
1653,110.20,38.08,40.19,42.29,44.40,46.50,48.61,50.71,52.82,54.92,57.03,59.13,61.24,63.34,65.45,67.55,69.66,71.77,73.87,75.98,78.08,58.08,165.000,0.9672,51.02,81.93,HOLD,0,36,1,0
1654,110.27,38.09,40.20,42.30,44.41,46.51,48.62,50.72,52.83,54.93,57.04,59.14,61.25,63.36,65.46,67.57,69.67,71.78,73.88,75.99,78.09,58.09,165.000,0.9672,51.02,81.93,HOLD,0,36,1,0
1655,110.33,38.10,40.21,42.31,44.42,46.52,48.63,50.73,52.84,54.95,57.05,59.16,61.26,63.37,65.47,67.58,69.68,71.79,73.89,76.00,78.10,58.10,165.000,0.9672,51.02,81.93,HOLD,0,36,1,0
1656,110.40,38.11,40.22,42.32,44.43,46.53,48.64,50.75,52.85,54.96,57.06,59.17,61.27,63.38,65.48,67.59,69.69,71.80,73.90,76.01,78.11,58.11,165.000,0.9672,51.02,81.93,HOLD,0,36,1,0
1657,110.47,38.12,40.23,42.34,44.44,46.55,48.65,50.76,52.86,54.97,57.07,59.18,61.28,63.39,65.49,67.60,69.70,71.81,73.91,76.02,78.12,58.12,165.000,0.9672,51.02,81.93,HOLD,0,36,1,0
1658,110.53,38.14,40.24,42.35,44.45,46.56,48.66,50.77,52.87,54.98,57.08,59.19,61.29,63.40,65.50,67.61,69.71,71.82,73.93,76.03,78.14,58.14,165.000,0.9672,51.02,81.93,HOLD,0,36,1,0
1659,110.60,38.15,40.25,42.36,44.46,46.57,48.67,50.78,52.88,54.99,57.09,59.20,61.30,63.41,65.51,67.62,69.73,71.83,73.94,76.04,78.15,58.15,165.000,0.9672,51.02,81.93,HOLD,0,36,1,0
1660,110.67,38.16,40.26,42.37,44.47,46.58,48.68,50.79,52.89,55.00,57.10,59.21,61.32,63.42,65.53,67.63,69.74,71.84,73.95,76.05,78.16,58.16,165.000,0.9672,51.02,81.93,HOLD,0,36,1,0
1661,110.73,38.17,40.27,42.38,44.48,46.59,48.69,50.80,52.91,55.01,57.12,59.22,61.33,63.43,65.54,67.64,69.75,71.85,73.96,76.06,78.17,58.17,165.000,0.9672,51.02,81.93,HOLD,0,36,1,0
1662,110.80,38.18,40.28,42.39,44.49,46.60,48.71,50.81,52.92,55.02,57.13,59.23,61.34,63.44,65.55,67.65,69.76,71.86,73.97,76.07,78.18,58.18,165.000,0.9672,51.02,81.93,HOLD,0,36,1,0
1663,110.87,38.19,40.30,42.40,44.51,46.61,48.72,50.82,52.93,55.03,57.14,59.24,61.35,63.45,65.56,67.66,69.77,71.87,73.98,76.08,78.19,58.19,165.000,0.9672,51.02,81.93,HOLD,0,36,1,0
1664,110.93,38.20,40.31,42.41,44.52,46.62,48.73,50.83,52.94,55.04,57.15,59.25,61.36,63.46,65.57,67.67,69.78,71.89,73.99,76.10,78.20,58.20,165.000,0.9672,51.02,81.93,HOLD,0,36,1,0
1665,111.00,38.21,40.32,42.42,44.53,46.63,48.74,50.84,52.95,55.05,57.16,59.26,61.37,63.48,65.58,67.69,69.79,71.90,74.00,76.11,78.21,58.21,165.000,0.9672,51.02,81.93,HOLD,0,36,1,0
1666,111.07,38.22,40.33,42.43,44.54,46.64,48.75,50.85,52.96,55.06,57.17,59.28,61.38,63.49,65.59,67.70,69.80,71.91,74.01,76.12,78.22,58.22,165.000,0.9672,51.02,81.93,HOLD,0,36,1,0
1667,111.13,38.23,40.34,42.44,44.55,46.65,48.76,50.87,52.97,55.08,57.18,59.29,61.39,63.50,65.60,67.71,69.81,71.92,74.02,76.13,78.23,58.23,165.000,0.9672,51.02,81.93,HOLD,0,36,1,0
1668,111.20,38.24,40.35,42.46,44.56,46.67,48.77,50.88,52.98,55.09,57.19,59.30,61.40,63.51,65.61,67.72,69.82,71.93,74.03,76.14,78.24,58.24,165.000,0.9672,51.02,81.93,HOLD,0,36,1,0
1669,111.27,38.26,40.36,42.47,44.57,46.68,48.78,50.89,52.99,55.10,57.20,59.31,61.41,63.52,65.62,67.73,69.83,71.94,74.04,76.15,78.26,58.26,165.000,0.9672,51.02,81.93,HOLD,0,36,1,0
1670,111.33,38.27,40.37,42.48,44.58,46.69,48.79,50.90,53.00,55.11,57.21,59.32,61.42,63.53,65.63,67.74,69.85,71.95,74.06,76.16,78.27,58.27,165.000,0.9672,51.02,81.93,HOLD,0,36,1,0
1671,111.40,38.28,40.38,42.49,44.59,46.70,48.80,50.91,53.01,55.12,57.22,59.33,61.44,63.54,65.65,67.75,69.86,71.96,74.07,76.17,78.28,58.28,165.000,0.9672,51.02,81.93,HOLD,0,36,1,0
1672,111.47,38.29,40.39,42.50,44.60,46.71,48.81,50.92,53.02,55.13,57.24,59.34,61.45,63.55,65.66,67.76,69.87,71.97,74.08,76.18,78.29,58.29,165.000,0.9672,51.02,81.93,HOLD,0,36,1,0
1673,111.53,38.30,40.40,42.51,44.61,46.72,48.83,50.93,53.04,55.14,57.25,59.35,61.46,63.56,65.67,67.77,69.88,71.98,74.09,76.19,78.30,58.30,165.000,0.9672,51.02,81.93,HOLD,0,36,1,0
1674,111.60,38.31,40.42,42.52,44.63,46.73,48.84,50.94,53.05,55.15,57.26,59.36,61.47,63.57,65.68,67.78,69.89,71.99,74.10,76.20,78.31,58.31,165.000,0.9672,51.02,81.93,HOLD,0,36,1,0
1675,111.67,38.32,40.43,42.53,44.64,46.74,48.85,50.95,53.06,55.16,57.27,59.37,61.48,63.58,65.69,67.79,69.90,72.00,74.11,76.22,78.32,58.32,165.000,0.9672,51.02,81.93,HOLD,0,36,1,0
1676,111.73,38.33,40.44,42.54,44.65,46.75,48.86,50.96,53.07,55.17,57.28,59.38,61.49,63.59,65.70,67.81,69.91,72.02,74.12,76.23,78.33,58.33,165.000,0.9672,51.02,81.93,HOLD,0,36,1,0
1677,111.80,38.34,40.45,42.55,44.66,46.76,48.87,50.97,53.08,55.18,57.29,59.40,61.50,63.61,65.71,67.82,69.92,72.03,74.13,76.24,78.34,58.34,165.000,0.9672,51.02,81.93,HOLD,0,36,1,0
1678,111.87,38.35,40.46,42.56,44.67,46.77,48.88,50.99,53.09,55.20,57.30,59.41,61.51,63.62,65.72,67.83,69.93,72.04,74.14,76.25,78.35,58.35,165.000,0.9672,51.02,81.93,HOLD,0,36,1,0
1679,111.93,38.36,40.47,42.57,44.68,46.79,48.89,51.00,53.10,55.21,57.31,59.42,61.52,63.63,65.73,67.84,69.94,72.05,74.15,76.26,78.36,58.36,165.000,0.9672,51.02,81.93,HOLD,0,36,1,0
1680,112.00,38.38,40.48,42.59,44.69,46.80,48.90,51.01,53.11,55.22,57.32,59.43,61.53,63.64,65.74,67.85,69.95,72.06,74.16,76.27,78.38,58.38,165.000,0.9672,51.02,81.93,HOLD,0,36,1,0
1681,112.07,38.39,40.49,42.60,44.70,46.81,48.91,51.02,53.12,55.23,57.33,59.44,61.54,63.65,65.75,67.86,69.97,72.07,74.18,76.28,78.39,58.39,165.000,0.9672,51.02,81.93,HOLD,0,36,1,0
1682,112.13,38.40,40.50,42.61,44.71,46.82,48.92,51.03,53.13,55.24,57.34,59.45,61.55,63.66,65.77,67.87,69.98,72.08,74.19,76.29,78.40,58.40,165.000,0.9672,51.02,81.93,HOLD,0,36,1,0
1683,112.20,38.41,40.51,42.62,44.72,46.83,48.93,51.04,53.14,55.25,57.36,59.46,61.57,63.67,65.78,67.88,69.99,72.09,74.20,76.30,78.41,58.41,165.000,0.9672,51.02,81.93,HOLD,0,36,1,0
1684,112.27,38.42,40.52,42.63,44.73,46.84,48.95,51.05,53.16,55.26,57.37,59.47,61.58,63.68,65.79,67.89,70.00,72.10,74.21,76.31,78.42,58.42,165.000,0.9672,51.02,81.93,HOLD,0,36,1,0
1685,112.33,38.43,40.53,42.64,44.75,46.85,48.96,51.06,53.17,55.27,57.38,59.48,61.59,63.69,65.80,67.90,70.01,72.11,74.22,76.32,78.43,58.43,165.000,0.9672,51.02,81.93,HOLD,0,36,1,0
1686,112.40,38.44,40.55,42.65,44.76,46.86,48.97,51.07,53.18,55.28,57.39,59.49,61.60,63.70,65.81,67.91,70.02,72.12,74.23,76.34,78.44,58.44,165.000,0.9672,51.02,81.93,HOLD,0,36,1,0
1687,112.47,38.45,40.56,42.66,44.77,46.87,48.98,51.08,53.19,55.29,57.40,59.50,61.61,63.71,65.82,67.93,70.03,72.14,74.24,76.35,78.45,58.45,165.000,0.9672,51.02,81.93,HOLD,0,36,1,0
1688,112.53,38.46,40.57,42.67,44.78,46.88,48.99,51.09,53.20,55.30,57.41,59.51,61.62,63.73,65.83,67.94,70.04,72.15,74.25,76.36,78.46,58.46,165.000,0.9672,51.02,81.93,HOLD,0,36,1,0
1689,112.60,38.47,40.58,42.68,44.79,46.89,49.00,51.10,53.21,55.32,57.42,59.53,61.63,63.74,65.84,67.95,70.05,72.16,74.26,76.37,78.47,58.47,165.000,0.9672,51.02,81.93,HOLD,0,36,1,0
1690,112.67,38.48,40.59,42.69,44.80,46.91,49.01,51.12,53.22,55.33,57.43,59.54,61.64,63.75,65.85,67.96,70.06,72.17,74.27,76.38,78.48,58.48,165.000,0.9672,51.02,81.93,HOLD,0,36,1,0
1691,112.73,38.49,40.60,42.71,44.81,46.92,49.02,51.13,53.23,55.34,57.44,59.55,61.65,63.76,65.86,67.97,70.07,72.18,74.28,76.39,78.49,58.49,165.000,0.9672,51.02,81.93,HOLD,0,36,1,0
1692,112.80,38.51,40.61,42.72,44.82,46.93,49.03,51.14,53.24,55.35,57.45,59.56,61.66,63.77,65.87,67.98,70.08,72.19,74.30,76.40,78.51,58.51,165.000,0.9672,51.02,81.93,HOLD,0,36,1,0
1693,112.87,38.52,40.62,42.73,44.83,46.94,49.04,51.15,53.25,55.36,57.46,59.57,61.67,63.78,65.89,67.99,70.10,72.20,74.31,76.41,78.52,58.52,165.000,0.9672,51.02,81.93,HOLD,0,36,1,0
1694,112.93,38.53,40.63,42.74,44.84,46.95,49.05,51.16,53.26,55.37,57.48,59.58,61.69,63.79,65.90,68.00,70.11,72.21,74.32,76.42,78.53,58.53,165.000,0.9672,51.02,81.93,HOLD,0,36,1,0
1695,113.00,38.54,40.64,42.75,44.85,46.96,49.06,51.17,53.28,55.38,57.49,59.59,61.70,63.80,65.91,68.01,70.12,72.22,74.33,76.43,78.54,58.54,165.000,0.9672,51.02,81.93,HOLD,0,36,1,0
1696,113.07,38.55,40.65,42.76,44.87,46.97,49.08,51.18,53.29,55.39,57.50,59.60,61.71,63.81,65.92,68.02,70.13,72.23,74.34,76.44,78.55,58.55,165.000,0.9672,51.02,81.93,HOLD,0,36,1,0
1697,113.13,38.56,40.67,42.77,44.88,46.98,49.09,51.19,53.30,55.40,57.51,59.61,61.72,63.82,65.93,68.03,70.14,72.24,74.35,76.46,78.56,58.56,165.000,0.9672,51.02,81.93,HOLD,0,36,1,0
1698,113.20,38.57,40.68,42.78,44.89,46.99,49.10,51.20,53.31,55.41,57.52,59.62,61.73,63.83,65.94,68.04,70.15,72.26,74.36,76.47,78.57,58.57,165.000,0.9672,51.02,81.93,HOLD,0,36,1,0
1699,113.27,38.58,40.69,42.79,44.90,47.00,49.11,51.21,53.32,55.42,57.53,59.63,61.74,63.85,65.95,68.06,70.16,72.27,74.37,76.48,78.58,58.58,165.000,0.9672,51.02,81.93,HOLD,0,36,1,0
1700,113.33,38.59,40.70,42.80,44.91,47.01,49.12,51.22,53.33,55.44,57.54,59.65,61.75,63.86,65.96,68.07,70.17,72.28,74.38,76.49,78.59,58.59,165.000,0.9672,51.02,81.93,HOLD,0,36,1,0
1701,113.40,38.60,40.71,42.81,44.92,47.02,49.13,51.24,53.34,55.45,57.55,59.66,61.76,63.87,65.97,68.08,70.18,72.29,74.39,76.50,78.60,58.60,165.000,0.9672,51.02,81.93,HOLD,0,36,1,0
1702,113.47,38.61,40.72,42.83,44.93,47.04,49.14,51.25,53.35,55.46,57.56,59.67,61.77,63.88,65.98,68.09,70.19,72.30,74.40,76.51,78.61,58.61,165.000,0.9672,51.02,81.93,HOLD,0,36,1,0
1703,113.53,38.63,40.73,42.84,44.94,47.05,49.15,51.26,53.36,55.47,57.57,59.68,61.78,63.89,65.99,68.10,70.20,72.31,74.42,76.52,78.63,58.63,165.000,0.9672,51.02,81.93,HOLD,0,36,1,0
1704,113.60,38.64,40.74,42.85,44.95,47.06,49.16,51.27,53.37,55.48,57.58,59.69,61.79,63.90,66.00,68.11,70.22,72.32,74.43,76.53,78.64,58.64,165.000,0.9672,51.02,81.93,HOLD,0,36,1,0
1705,113.67,38.65,40.75,42.86,44.96,47.07,49.17,51.28,53.38,55.49,57.59,59.70,61.81,63.91,66.02,68.12,70.23,72.33,74.44,76.54,78.65,58.65,165.000,0.9672,51.02,81.93,HOLD,0,36,1,0
1706,113.73,38.66,40.76,42.87,44.97,47.08,49.18,51.29,53.40,55.50,57.61,59.71,61.82,63.92,66.03,68.13,70.24,72.34,74.45,76.55,78.66,58.66,165.000,0.9672,51.02,81.93,HOLD,0,36,1,0
1707,113.80,38.67,40.77,42.88,44.98,47.09,49.20,51.30,53.41,55.51,57.62,59.72,61.83,63.93,66.04,68.14,70.25,72.35,74.46,76.56,78.67,58.67,165.000,0.9672,51.02,81.93,HOLD,0,36,1,0
1708,113.87,38.68,40.79,42.89,45.00,47.10,49.21,51.31,53.42,55.52,57.63,59.73,61.84,63.94,66.05,68.15,70.26,72.36,74.47,76.57,78.68,58.68,165.000,0.9672,51.02,81.93,HOLD,0,36,1,0
1709,113.93,38.69,40.80,42.90,45.01,47.11,49.22,51.32,53.43,55.53,57.64,59.74,61.85,63.95,66.06,68.16,70.27,72.38,74.48,76.59,78.69,58.69,165.000,0.9672,51.02,81.93,HOLD,0,36,1,0
1710,114.00,38.70,40.81,42.91,45.02,47.12,49.23,51.33,53.44,55.54,57.65,59.75,61.86,63.97,66.07,68.18,70.28,72.39,74.49,76.60,78.70,58.70,165.000,0.9672,51.02,81.93,HOLD,0,36,1,0
1711,114.07,38.71,40.82,42.92,45.03,47.13,49.24,51.34,53.45,55.55,57.66,59.77,61.87,63.98,66.08,68.19,70.29,72.40,74.50,76.61,78.71,58.71,165.000,0.9672,51.02,81.93,HOLD,0,36,1,0
1712,114.13,38.72,40.83,42.93,45.04,47.14,49.25,51.36,53.46,55.57,57.67,59.78,61.88,63.99,66.09,68.20,70.30,72.41,74.51,76.62,78.72,58.72,165.000,0.9672,51.02,81.93,HOLD,0,36,1,0
1713,114.20,38.73,40.84,42.95,45.05,47.16,49.26,51.37,53.47,55.58,57.68,59.79,61.89,64.00,66.10,68.21,70.31,72.42,74.52,76.63,78.73,58.73,165.000,0.9672,51.02,81.93,HOLD,0,36,1,0
1714,114.27,38.75,40.85,42.96,45.06,47.17,49.27,51.38,53.48,55.59,57.69,59.80,61.90,64.01,66.11,68.22,70.32,72.43,74.53,76.64,78.75,58.75,165.000,0.9672,51.02,81.93,HOLD,0,36,1,0
1715,114.33,38.76,40.86,42.97,45.07,47.18,49.28,51.39,53.49,55.60,57.70,59.81,61.91,64.02,66.12,68.23,70.34,72.44,74.55,76.65,78.76,58.76,165.000,0.9672,51.02,81.93,HOLD,0,36,1,0
1716,114.40,38.77,40.87,42.98,45.08,47.19,49.29,51.40,53.50,55.61,57.71,59.82,61.93,64.03,66.14,68.24,70.35,72.45,74.56,76.66,78.77,58.77,165.000,0.9672,51.02,81.93,HOLD,0,36,1,0
1717,114.47,38.78,40.88,42.99,45.09,47.20,49.30,51.41,53.51,55.62,57.73,59.83,61.94,64.04,66.15,68.25,70.36,72.46,74.57,76.67,78.78,58.78,165.000,0.9672,51.02,81.93,HOLD,0,36,1,0
1718,114.53,38.79,40.89,43.00,45.10,47.21,49.32,51.42,53.53,55.63,57.74,59.84,61.95,64.05,66.16,68.26,70.37,72.47,74.58,76.68,78.79,58.79,165.000,0.9672,51.02,81.93,HOLD,0,36,1,0
1719,114.60,38.80,40.91,43.01,45.12,47.22,49.33,51.43,53.54,55.64,57.75,59.85,61.96,64.06,66.17,68.27,70.38,72.48,74.59,76.69,78.80,58.80,165.000,0.9672,51.02,81.93,HOLD,0,36,1,0
1720,114.67,38.81,40.92,43.02,45.13,47.23,49.34,51.44,53.55,55.65,57.76,59.86,61.97,64.07,66.18,68.28,70.39,72.49,74.60,76.71,78.81,58.81,165.000,0.9672,51.02,81.93,HOLD,0,36,1,0
1721,114.73,38.82,40.93,43.03,45.14,47.24,49.35,51.45,53.56,55.66,57.77,59.87,61.98,64.08,66.19,68.30,70.40,72.51,74.61,76.72,78.82,58.82,165.000,0.9672,51.02,81.93,HOLD,0,36,1,0
1722,114.80,38.83,40.94,43.04,45.15,47.25,49.36,51.46,53.57,55.67,57.78,59.89,61.99,64.10,66.20,68.31,70.41,72.52,74.62,76.73,78.83,58.83,165.000,0.9672,51.02,81.93,HOLD,0,36,1,0
1723,114.87,38.84,40.95,43.05,45.16,47.26,49.37,51.48,53.58,55.69,57.79,59.90,62.00,64.11,66.21,68.32,70.42,72.53,74.63,76.74,78.84,58.84,165.000,0.9672,51.02,81.93,HOLD,0,36,1,0
1724,114.93,38.85,40.96,43.06,45.17,47.28,49.38,51.49,53.59,55.70,57.80,59.91,62.01,64.12,66.22,68.33,70.43,72.54,74.64,76.75,78.85,58.85,165.000,0.9672,51.02,81.93,HOLD,0,36,1,0
1725,115.00,38.87,40.97,43.08,45.18,47.29,49.39,51.50,53.60,55.71,57.81,59.92,62.02,64.13,66.23,68.34,70.44,72.55,74.65,76.76,78.87,58.87,165.000,0.9672,51.02,81.93,HOLD,0,36,1,0
1726,115.07,38.88,40.98,43.09,45.19,47.30,49.40,51.51,53.61,55.72,57.82,59.93,62.03,64.14,66.24,68.35,70.46,72.56,74.67,76.77,78.88,58.88,165.000,0.9672,51.02,81.93,HOLD,0,36,1,0
1727,115.13,38.89,40.99,43.10,45.20,47.31,49.41,51.52,53.62,55.73,57.83,59.94,62.04,64.15,66.26,68.36,70.47,72.57,74.68,76.78,78.89,58.89,165.000,0.9672,51.02,81.93,HOLD,0,36,1,0
1728,115.20,38.90,41.00,43.11,45.21,47.32,49.42,51.53,53.63,55.74,57.85,59.95,62.06,64.16,66.27,68.37,70.48,72.58,74.69,76.79,78.90,58.90,165.000,0.9672,51.02,81.93,HOLD,0,36,1,0
1729,115.27,38.91,41.01,43.12,45.22,47.33,49.44,51.54,53.65,55.75,57.86,59.96,62.07,64.17,66.28,68.38,70.49,72.59,74.70,76.80,78.91,58.91,165.000,0.9672,51.02,81.93,HOLD,0,36,1,0
1730,115.33,38.92,41.02,43.13,45.24,47.34,49.45,51.55,53.66,55.76,57.87,59.97,62.08,64.18,66.29,68.39,70.50,72.60,74.71,76.81,78.92,58.92,165.000,0.9672,51.02,81.93,HOLD,0,36,1,0
1731,115.40,38.93,41.04,43.14,45.25,47.35,49.46,51.56,53.67,55.77,57.88,59.98,62.09,64.19,66.30,68.40,70.51,72.61,74.72,76.83,78.93,58.93,165.000,0.9672,51.02,81.93,HOLD,0,36,1,0
1732,115.47,38.94,41.05,43.15,45.26,47.36,49.47,51.57,53.68,55.78,57.89,59.99,62.10,64.20,66.31,68.42,70.52,72.63,74.73,76.84,78.94,58.94,165.000,0.9672,51.02,81.93,HOLD,0,36,1,0
1733,115.53,38.95,41.06,43.16,45.27,47.37,49.48,51.58,53.69,55.79,57.90,60.00,62.11,64.22,66.32,68.43,70.53,72.64,74.74,76.85,78.95,58.95,165.000,0.9672,51.02,81.93,HOLD,0,36,1,0
1734,115.60,38.96,41.07,43.17,45.28,47.38,49.49,51.59,53.70,55.81,57.91,60.02,62.12,64.23,66.33,68.44,70.54,72.65,74.75,76.86,78.96,58.96,165.000,0.9672,51.02,81.93,HOLD,0,36,1,0
1735,115.67,38.97,41.08,43.18,45.29,47.40,49.50,51.61,53.71,55.82,57.92,60.03,62.13,64.24,66.34,68.45,70.55,72.66,74.76,76.87,78.97,58.97,165.000,0.9672,51.02,81.93,HOLD,0,36,1,0
1736,115.73,38.98,41.09,43.20,45.30,47.41,49.51,51.62,53.72,55.83,57.93,60.04,62.14,64.25,66.35,68.46,70.56,72.67,74.77,76.88,78.98,58.98,165.000,0.9672,51.02,81.93,HOLD,0,36,1,0
1737,115.80,39.00,41.10,43.21,45.31,47.42,49.52,51.63,53.73,55.84,57.94,60.05,62.15,64.26,66.36,68.47,70.57,72.68,74.79,76.89,79.00,59.00,165.000,0.9672,51.02,81.93,HOLD,0,36,1,0
1738,115.87,39.01,41.11,43.22,45.32,47.43,49.53,51.64,53.74,55.85,57.95,60.06,62.16,64.27,66.38,68.48,70.59,72.69,74.80,76.90,79.01,59.01,165.000,0.9672,51.02,81.93,HOLD,0,36,1,0
1739,115.93,39.02,41.12,43.23,45.33,47.44,49.54,51.65,53.75,55.86,57.97,60.07,62.18,64.28,66.39,68.49,70.60,72.70,74.81,76.91,79.02,59.02,165.000,0.9672,51.02,81.93,HOLD,0,36,1,0
1740,116.00,39.03,41.13,43.24,45.34,47.45,49.55,51.66,53.77,55.87,57.98,60.08,62.19,64.29,66.40,68.50,70.61,72.71,74.82,76.92,79.03,59.03,165.000,0.9672,51.02,81.93,HOLD,0,36,1,0
1741,116.07,39.04,41.14,43.25,45.36,47.46,49.57,51.67,53.78,55.88,57.99,60.09,62.20,64.30,66.41,68.51,70.62,72.72,74.83,76.93,79.04,59.04,165.000,0.9672,51.02,81.93,HOLD,0,36,1,0
1742,116.13,39.05,41.16,43.26,45.37,47.47,49.58,51.68,53.79,55.89,58.00,60.10,62.21,64.31,66.42,68.52,70.63,72.73,74.84,76.95,79.05,59.05,165.000,0.9672,51.02,81.93,HOLD,0,36,1,0
1743,116.20,39.06,41.17,43.27,45.38,47.48,49.59,51.69,53.80,55.90,58.01,60.11,62.22,64.32,66.43,68.53,70.64,72.75,74.85,76.96,79.06,59.06,165.000,0.9672,51.02,81.93,HOLD,0,36,1,0
1744,116.27,39.07,41.18,43.28,45.39,47.49,49.60,51.70,53.81,55.91,58.02,60.12,62.23,64.34,66.44,68.55,70.65,72.76,74.86,76.97,79.07,59.07,165.000,0.9672,51.02,81.93,HOLD,0,36,1,0
1745,116.33,39.08,41.19,43.29,45.40,47.50,49.61,51.71,53.82,55.93,58.03,60.14,62.24,64.35,66.45,68.56,70.66,72.77,74.87,76.98,79.08,59.08,165.000,0.9672,51.02,81.93,HOLD,0,36,1,0
1746,116.40,39.09,41.20,43.30,45.41,47.51,49.62,51.73,53.83,55.94,58.04,60.15,62.25,64.36,66.46,68.57,70.67,72.78,74.88,76.99,79.09,59.09,165.000,0.9672,51.02,81.93,HOLD,0,36,1,0
1747,116.47,39.10,41.21,43.32,45.42,47.53,49.63,51.74,53.84,55.95,58.05,60.16,62.26,64.37,66.47,68.58,70.68,72.79,74.89,77.00,79.10,59.10,165.000,0.9672,51.02,81.93,HOLD,0,36,1,0
1748,116.53,39.12,41.22,43.33,45.43,47.54,49.64,51.75,53.85,55.96,58.06,60.17,62.27,64.38,66.48,68.59,70.69,72.80,74.91,77.01,79.12,59.12,165.000,0.9672,51.02,81.93,HOLD,0,36,1,0
1749,116.60,39.13,41.23,43.34,45.44,47.55,49.65,51.76,53.86,55.97,58.07,60.18,62.28,64.39,66.49,68.60,70.71,72.81,74.92,77.02,79.13,59.13,165.000,0.9672,51.02,81.93,HOLD,0,36,1,0
1750,116.67,39.14,41.24,43.35,45.45,47.56,49.66,51.77,53.87,55.98,58.08,60.19,62.30,64.40,66.51,68.61,70.72,72.82,74.93,77.03,79.14,59.14,165.000,0.9672,51.02,81.93,HOLD,0,36,1,0
1751,116.73,39.15,41.25,43.36,45.46,47.57,49.67,51.78,53.89,55.99,58.10,60.20,62.31,64.41,66.52,68.62,70.73,72.83,74.94,77.04,79.15,59.15,165.000,0.9672,51.02,81.93,HOLD,0,36,1,0
1752,116.80,39.16,41.26,43.37,45.47,47.58,49.69,51.79,53.90,56.00,58.11,60.21,62.32,64.42,66.53,68.63,70.74,72.84,74.95,77.05,79.16,59.16,165.000,0.9672,51.02,81.93,HOLD,0,36,1,0
1753,116.87,39.17,41.28,43.38,45.49,47.59,49.70,51.80,53.91,56.01,58.12,60.22,62.33,64.43,66.54,68.64,70.75,72.85,74.96,77.06,79.17,59.17,165.000,0.9672,51.02,81.93,HOLD,0,36,1,0
1754,116.93,39.18,41.29,43.39,45.50,47.60,49.71,51.81,53.92,56.02,58.13,60.23,62.34,64.44,66.55,68.65,70.76,72.87,74.97,77.08,79.18,59.18,165.000,0.9672,51.02,81.93,HOLD,0,36,1,0
1755,117.00,39.19,41.30,43.40,45.51,47.61,49.72,51.82,53.93,56.03,58.14,60.24,62.35,64.46,66.56,68.67,70.77,72.88,74.98,77.09,79.19,59.19,165.000,0.9672,51.02,81.93,HOLD,0,36,1,0
1756,117.07,39.20,41.31,43.41,45.52,47.62,49.73,51.83,53.94,56.04,58.15,60.26,62.36,64.47,66.57,68.68,70.78,72.89,74.99,77.10,79.20,59.20,165.000,0.9672,51.02,81.93,HOLD,0,36,1,0
1757,117.13,39.21,41.32,43.42,45.53,47.63,49.74,51.85,53.95,56.06,58.16,60.27,62.37,64.48,66.58,68.69,70.79,72.90,75.00,77.11,79.21,59.21,165.000,0.9672,51.02,81.93,HOLD,0,36,1,0
1758,117.20,39.22,41.33,43.44,45.54,47.65,49.75,51.86,53.96,56.07,58.17,60.28,62.38,64.49,66.59,68.70,70.80,72.91,75.01,77.12,79.22,59.22,165.000,0.9672,51.02,81.93,HOLD,0,36,1,0
1759,117.27,39.24,41.34,43.45,45.55,47.66,49.76,51.87,53.97,56.08,58.18,60.29,62.39,64.50,66.60,68.71,70.81,72.92,75.02,77.13,79.24,59.24,165.000,0.9672,51.02,81.93,HOLD,0,36,1,0
1760,117.33,39.25,41.35,43.46,45.56,47.67,49.77,51.88,53.98,56.09,58.19,60.30,62.40,64.51,66.61,68.72,70.83,72.93,75.04,77.14,79.25,59.25,165.000,0.9672,51.02,81.93,HOLD,0,36,1,0
1761,117.40,39.26,41.36,43.47,45.57,47.68,49.78,51.89,53.99,56.10,58.20,60.31,62.42,64.52,66.63,68.73,70.84,72.94,75.05,77.15,79.26,59.26,165.000,0.9672,51.02,81.93,HOLD,0,36,1,0
1762,117.47,39.27,41.37,43.48,45.58,47.69,49.79,51.90,54.00,56.11,58.22,60.32,62.43,64.53,66.64,68.74,70.85,72.95,75.06,77.16,79.27,59.27,165.000,0.9672,51.02,81.93,HOLD,0,36,1,0
1763,117.53,39.28,41.38,43.49,45.59,47.70,49.81,51.91,54.02,56.12,58.23,60.33,62.44,64.54,66.65,68.75,70.86,72.96,75.07,77.17,79.28,59.28,165.000,0.9672,51.02,81.93,HOLD,0,36,1,0
1764,117.60,39.29,41.40,43.50,45.61,47.71,49.82,51.92,54.03,56.13,58.24,60.34,62.45,64.55,66.66,68.76,70.87,72.97,75.08,77.18,79.29,59.29,165.000,0.9672,51.02,81.93,HOLD,0,36,1,0
1765,117.67,39.30,41.41,43.51,45.62,47.72,49.83,51.93,54.04,56.14,58.25,60.35,62.46,64.56,66.67,68.77,70.88,72.98,75.09,77.20,79.30,59.30,165.000,0.9672,51.02,81.93,HOLD,0,36,1,0
1766,117.73,39.31,41.42,43.52,45.63,47.73,49.84,51.94,54.05,56.15,58.26,60.36,62.47,64.57,66.68,68.79,70.89,73.00,75.10,77.21,79.31,59.31,165.000,0.9672,51.02,81.93,HOLD,0,36,1,0
1767,117.80,39.32,41.43,43.53,45.64,47.74,49.85,51.95,54.06,56.16,58.27,60.38,62.48,64.59,66.69,68.80,70.90,73.01,75.11,77.22,79.32,59.32,165.000,0.9672,51.02,81.93,HOLD,0,36,1,0
1768,117.87,39.33,41.44,43.54,45.65,47.75,49.86,51.97,54.07,56.18,58.28,60.39,62.49,64.60,66.70,68.81,70.91,73.02,75.12,77.23,79.33,59.33,165.000,0.9672,51.02,81.93,HOLD,0,36,1,0
1769,117.93,39.34,41.45,43.55,45.66,47.77,49.87,51.98,54.08,56.19,58.29,60.40,62.50,64.61,66.71,68.82,70.92,73.03,75.13,77.24,79.34,59.34,165.000,0.9672,51.02,81.93,HOLD,0,36,1,0
1770,118.00,39.36,41.46,43.57,45.67,47.78,49.88,51.99,54.09,56.20,58.30,60.41,62.51,64.62,66.72,68.83,70.93,73.04,75.14,77.25,79.36,59.36,165.000,0.9672,51.02,81.93,HOLD,0,36,1,0
1771,118.07,39.37,41.47,43.58,45.68,47.79,49.89,52.00,54.10,56.21,58.31,60.42,62.52,64.63,66.73,68.84,70.95,73.05,75.16,77.26,79.37,59.37,165.000,0.9672,51.02,81.93,HOLD,0,36,1,0
1772,118.13,39.38,41.48,43.59,45.69,47.80,49.90,52.01,54.11,56.22,58.32,60.43,62.53,64.64,66.75,68.85,70.96,73.06,75.17,77.27,79.38,59.38,165.000,0.9672,51.02,81.93,HOLD,0,36,1,0
1773,118.20,39.39,41.49,43.60,45.70,47.81,49.91,52.02,54.12,56.23,58.34,60.44,62.55,64.65,66.76,68.86,70.97,73.07,75.18,77.28,79.39,59.39,165.000,0.9672,51.02,81.93,HOLD,0,36,1,0
1774,118.27,39.40,41.50,43.61,45.71,47.82,49.93,52.03,54.14,56.24,58.35,60.45,62.56,64.66,66.77,68.87,70.98,73.08,75.19,77.29,79.40,59.40,165.000,0.9672,51.02,81.93,HOLD,0,36,1,0
1775,118.33,39.41,41.51,43.62,45.73,47.83,49.94,52.04,54.15,56.25,58.36,60.46,62.57,64.67,66.78,68.88,70.99,73.09,75.20,77.30,79.41,59.41,165.000,0.9672,51.02,81.93,HOLD,0,36,1,0
1776,118.40,39.42,41.53,43.63,45.74,47.84,49.95,52.05,54.16,56.26,58.37,60.47,62.58,64.68,66.79,68.89,71.00,73.10,75.21,77.32,79.42,59.42,165.000,0.9672,51.02,81.93,HOLD,0,36,1,0
1777,118.47,39.43,41.54,43.64,45.75,47.85,49.96,52.06,54.17,56.27,58.38,60.48,62.59,64.69,66.80,68.91,71.01,73.12,75.22,77.33,79.43,59.43,165.000,0.9672,51.02,81.93,HOLD,0,36,1,0
1778,118.53,39.44,41.55,43.65,45.76,47.86,49.97,52.07,54.18,56.28,58.39,60.49,62.60,64.71,66.81,68.92,71.02,73.13,75.23,77.34,79.44,59.44,165.000,0.9672,51.02,81.93,HOLD,0,36,1,0
1779,118.60,39.45,41.56,43.66,45.77,47.87,49.98,52.08,54.19,56.30,58.40,60.51,62.61,64.72,66.82,68.93,71.03,73.14,75.24,77.35,79.45,59.45,165.000,0.9672,51.02,81.93,HOLD,0,36,1,0
1780,118.67,39.46,41.57,43.67,45.78,47.89,49.99,52.10,54.20,56.31,58.41,60.52,62.62,64.73,66.83,68.94,71.04,73.15,75.25,77.36,79.46,59.46,165.000,0.9672,51.02,81.93,HOLD,0,36,1,0
1781,118.73,39.47,41.58,43.69,45.79,47.90,50.00,52.11,54.21,56.32,58.42,60.53,62.63,64.74,66.84,68.95,71.05,73.16,75.26,77.37,79.47,59.47,165.000,0.9672,51.02,81.93,HOLD,0,36,1,0
1782,118.80,39.49,41.59,43.70,45.80,47.91,50.01,52.12,54.22,56.33,58.43,60.54,62.64,64.75,66.85,68.96,71.06,73.17,75.28,77.38,79.49,59.49,165.000,0.9672,51.02,81.93,HOLD,0,36,1,0
1783,118.87,39.50,41.60,43.71,45.81,47.92,50.02,52.13,54.23,56.34,58.44,60.55,62.65,64.76,66.87,68.97,71.08,73.18,75.29,77.39,79.50,59.50,165.000,0.9672,51.02,81.93,HOLD,0,36,1,0
1784,118.93,39.51,41.61,43.72,45.82,47.93,50.03,52.14,54.24,56.35,58.46,60.56,62.67,64.77,66.88,68.98,71.09,73.19,75.30,77.40,79.51,59.51,165.000,0.9672,51.02,81.93,HOLD,0,36,1,0
1785,119.00,39.52,41.62,43.73,45.83,47.94,50.04,52.15,54.26,56.36,58.47,60.57,62.68,64.78,66.89,68.99,71.10,73.20,75.31,77.41,79.52,59.52,165.000,0.9672,51.02,81.93,HOLD,0,36,1,0
1786,119.07,39.53,41.63,43.74,45.85,47.95,50.06,52.16,54.27,56.37,58.48,60.58,62.69,64.79,66.90,69.00,71.11,73.21,75.32,77.42,79.53,59.53,165.000,0.9672,51.02,81.93,HOLD,0,36,1,0
1787,119.13,39.54,41.65,43.75,45.86,47.96,50.07,52.17,54.28,56.38,58.49,60.59,62.70,64.80,66.91,69.01,71.12,73.22,75.33,77.44,79.54,59.54,165.000,0.9672,51.02,81.93,HOLD,0,36,1,0
1788,119.20,39.55,41.66,43.76,45.87,47.97,50.08,52.18,54.29,56.39,58.50,60.60,62.71,64.81,66.92,69.02,71.13,73.24,75.34,77.45,79.55,59.55,165.000,0.9672,51.02,81.93,HOLD,0,36,1,0
1789,119.27,39.56,41.67,43.77,45.88,47.98,50.09,52.19,54.30,56.40,58.51,60.61,62.72,64.83,66.93,69.04,71.14,73.25,75.35,77.46,79.56,59.56,165.000,0.9672,51.02,81.93,HOLD,0,36,1,0
1790,119.33,39.57,41.68,43.78,45.89,47.99,50.10,52.20,54.31,56.42,58.52,60.63,62.73,64.84,66.94,69.05,71.15,73.26,75.36,77.47,79.57,59.57,165.000,0.9672,51.02,81.93,HOLD,0,36,1,0
1791,119.40,39.58,41.69,43.79,45.90,48.00,50.11,52.22,54.32,56.43,58.53,60.64,62.74,64.85,66.95,69.06,71.16,73.27,75.37,77.48,79.58,59.58,165.000,0.9672,51.02,81.93,HOLD,0,36,1,0
1792,119.47,39.59,41.70,43.81,45.91,48.02,50.12,52.23,54.33,56.44,58.54,60.65,62.75,64.86,66.96,69.07,71.17,73.28,75.38,77.49,79.59,59.59,165.000,0.9672,51.02,81.93,HOLD,0,36,1,0
1793,119.53,39.61,41.71,43.82,45.92,48.03,50.13,52.24,54.34,56.45,58.55,60.66,62.76,64.87,66.97,69.08,71.18,73.29,75.40,77.50,79.61,59.61,165.000,0.9672,51.02,81.93,HOLD,0,36,1,0
1794,119.60,39.62,41.72,43.83,45.93,48.04,50.14,52.25,54.35,56.46,58.56,60.67,62.77,64.88,66.98,69.09,71.20,73.30,75.41,77.51,79.62,59.62,165.000,0.9672,51.02,81.93,HOLD,0,36,1,0
1795,119.67,39.63,41.73,43.84,45.94,48.05,50.15,52.26,54.36,56.47,58.57,60.68,62.79,64.89,67.00,69.10,71.21,73.31,75.42,77.52,79.63,59.63,165.000,0.9672,51.02,81.93,HOLD,0,36,1,0
1796,119.73,39.64,41.74,43.85,45.95,48.06,50.16,52.27,54.38,56.48,58.59,60.69,62.80,64.90,67.01,69.11,71.22,73.32,75.43,77.53,79.64,59.64,165.000,0.9672,51.02,81.93,HOLD,0,36,1,0
1797,119.80,39.65,41.75,43.86,45.96,48.07,50.18,52.28,54.39,56.49,58.60,60.70,62.81,64.91,67.02,69.12,71.23,73.33,75.44,77.54,79.65,59.65,165.000,0.9672,51.02,81.93,HOLD,0,36,1,0
1798,119.87,39.66,41.77,43.87,45.98,48.08,50.19,52.29,54.40,56.50,58.61,60.71,62.82,64.92,67.03,69.13,71.24,73.34,75.45,77.55,79.66,59.66,165.000,0.9672,51.02,81.93,HOLD,0,36,1,0
1799,119.93,39.67,41.78,43.88,45.99,48.09,50.20,52.30,54.41,56.51,58.62,60.72,62.83,64.93,67.04,69.14,71.25,73.36,75.46,77.57,79.67,59.67,165.000,0.9672,51.02,81.93,HOLD,0,36,1,0
