timestamp_unix,timestamp_iso,cmd,bursts,success,transmit_ms,read_ms,pandapower_ms,cycle_ms
1782236621.465,2026-06-23T18:43:41,LOWER,1,1,9.114,0.003,2853.328,2853.451
1782236622.736,2026-06-23T18:43:42,LOWER,1,1,8.314,0.004,29.400,29.497
1782236626.775,2026-06-23T18:43:46,LOWER,1,1,9.428,0.005,29.198,29.295
1782236630.816,2026-06-23T18:43:50,LOWER,1,1,8.200,0.007,42.473,42.593
1782236634.868,2026-06-23T18:43:54,LOWER,1,1,3.138,0.006,29.330,29.428
1782236638.950,2026-06-23T18:43:58,LOWER,1,1,8.384,0.007,42.120,42.248
1782236643.049,2026-06-23T18:44:03,LOWER,1,1,8.507,0.007,44.239,44.374
1782236647.146,2026-06-23T18:44:07,LOWER,1,1,9.352,0.007,42.837,42.963
1782236651.152,2026-06-23T18:44:11,LOWER,1,1,12.537,0.007,44.271,44.404
1782236655.151,2026-06-23T18:44:15,LOWER,1,1,9.042,0.006,43.089,43.215
1782236659.253,2026-06-23T18:44:19,LOWER,1,1,10.570,0.007,42.861,42.989
1782236663.310,2026-06-23T18:44:23,LOWER,1,1,10.540,0.007,44.429,44.570
1782236667.317,2026-06-23T18:44:27,LOWER,1,1,16.719,0.007,45.537,45.692
1782236671.325,2026-06-23T18:44:31,LOWER,1,1,13.224,0.006,44.205,44.342
1782236675.327,2026-06-23T18:44:35,LOWER,1,1,9.950,0.007,44.575,44.713
1782236679.326,2026-06-23T18:44:39,LOWER,1,1,4.082,0.007,44.237,44.372
1782236683.432,2026-06-23T18:44:43,LOWER,1,1,10.276,0.007,44.585,44.722
1782236687.389,2026-06-23T18:44:47,LOWER,1,1,9.439,0.007,43.989,44.123
1782236691.391,2026-06-23T18:44:51,LOWER,1,1,10.772,0.007,44.386,44.538
1782236695.397,2026-06-23T18:44:55,LOWER,1,1,10.615,0.007,44.381,44.517
1782236699.407,2026-06-23T18:44:59,LOWER,1,1,12.805,0.007,44.337,44.473
1782236703.513,2026-06-23T18:45:03,LOWER,1,1,9.894,0.007,43.634,43.773
1782236707.609,2026-06-23T18:45:07,LOWER,1,1,9.838,0.007,43.218,43.352
1782236711.665,2026-06-23T18:45:11,LOWER,1,1,11.530,0.007,43.372,43.507
1782236715.761,2026-06-23T18:45:15,LOWER,1,1,8.222,0.007,43.443,43.577
1782236719.769,2026-06-23T18:45:19,LOWER,1,1,10.648,0.006,43.311,43.447
1782236723.863,2026-06-23T18:45:23,LOWER,1,1,6.336,0.007,43.051,43.185
1782236727.959,2026-06-23T18:45:27,LOWER,1,1,9.399,0.007,43.244,43.379
1782236732.058,2026-06-23T18:45:32,LOWER,1,1,9.938,0.008,43.130,43.267
1782236736.157,2026-06-23T18:45:36,LOWER,1,1,10.187,0.006,43.074,43.209
1782236740.256,2026-06-23T18:45:40,LOWER,1,1,9.739,0.007,44.426,44.564
1782236744.361,2026-06-23T18:45:44,LOWER,1,1,10.846,0.007,44.929,45.066
1782236748.410,2026-06-23T18:45:48,LOWER,1,1,6.609,0.007,41.721,41.844
1782236752.517,2026-06-23T18:45:52,LOWER,1,1,16.042,0.007,45.062,45.199
1782236756.513,2026-06-23T18:45:56,LOWER,1,1,8.837,0.007,43.680,43.813
1782236760.613,2026-06-23T18:46:00,LOWER,1,1,12.188,0.006,42.039,42.159
1782236764.613,2026-06-23T18:46:04,LOWER,1,1,9.480,0.007,43.730,43.863
1782236768.712,2026-06-23T18:46:08,LOWER,1,1,9.395,0.007,44.741,44.893
1782236772.813,2026-06-23T18:46:12,LOWER,1,1,11.534,0.007,42.255,42.371
1782236776.912,2026-06-23T18:46:16,LOWER,1,1,9.701,0.007,42.608,42.726
1782236780.860,2026-06-23T18:46:20,HOLD,0,1,9.701,0.007,44.150,44.271
1782236784.956,2026-06-23T18:46:24,HOLD,0,1,9.701,0.007,45.396,45.516
1782236789.053,2026-06-23T18:46:29,HOLD,0,1,9.701,0.008,45.190,45.309
1782236793.151,2026-06-23T18:46:33,HOLD,0,1,9.701,0.006,44.905,45.021
1782236797.247,2026-06-23T18:46:37,HOLD,0,1,9.701,0.007,44.833,44.946
1782236801.342,2026-06-23T18:46:41,HOLD,0,1,9.701,0.007,44.549,44.665
1782236805.435,2026-06-23T18:46:45,HOLD,0,1,9.701,0.007,43.646,43.752
1782236809.531,2026-06-23T18:46:49,HOLD,0,1,9.701,0.008,45.499,45.618
1782236813.625,2026-06-23T18:46:53,HOLD,0,1,9.701,0.007,43.885,43.991
1782236817.674,2026-06-23T18:46:57,HOLD,0,1,9.701,0.007,44.848,44.964
1782236821.774,2026-06-23T18:47:01,HOLD,0,1,9.701,0.007,45.109,45.228
1782236825.869,2026-06-23T18:47:05,HOLD,0,1,9.701,0.007,44.831,44.964
1782236829.960,2026-06-23T18:47:09,HOLD,0,1,9.701,0.007,43.677,43.799
1782236834.056,2026-06-23T18:47:14,HOLD,0,1,9.701,0.008,43.123,43.232
1782236838.151,2026-06-23T18:47:18,HOLD,0,1,9.701,0.008,43.168,43.274
1782236842.244,2026-06-23T18:47:22,HOLD,0,1,9.701,0.007,43.686,43.790
1782236846.341,2026-06-23T18:47:26,HOLD,0,1,9.701,0.008,45.551,45.670
1782236850.431,2026-06-23T18:47:30,HOLD,0,1,9.701,0.007,43.693,43.808
1782236854.519,2026-06-23T18:47:34,HOLD,0,1,9.701,0.007,44.263,44.375
1782236858.562,2026-06-23T18:47:38,HOLD,0,1,9.701,0.006,41.759,41.861
1782236862.652,2026-06-23T18:47:42,HOLD,0,1,9.701,0.007,43.944,44.060
1782236866.740,2026-06-23T18:47:46,HOLD,0,1,9.701,0.007,44.050,44.169
1782236870.830,2026-06-23T18:47:50,HOLD,0,1,9.701,0.007,42.262,42.374
1782236874.918,2026-06-23T18:47:54,HOLD,0,1,9.701,0.007,44.373,44.491
1782236879.007,2026-06-23T18:47:59,HOLD,0,1,9.701,0.007,44.031,44.148
1782236883.104,2026-06-23T18:48:03,HOLD,0,1,9.701,0.007,46.164,46.279
1782236887.198,2026-06-23T18:48:07,HOLD,0,1,9.701,0.006,44.890,45.004
1782236891.292,2026-06-23T18:48:11,HOLD,0,1,9.701,0.007,44.871,44.986
1782236895.387,2026-06-23T18:48:15,HOLD,0,1,9.701,0.007,43.749,43.860
1782236899.437,2026-06-23T18:48:19,HOLD,0,1,9.701,0.008,44.793,44.911
1782236903.534,2026-06-23T18:48:23,HOLD,0,1,9.701,0.007,45.522,45.640
1782236907.636,2026-06-23T18:48:27,HIGHER,2,1,6.665,0.008,45.502,45.643
1782236911.735,2026-06-23T18:48:31,HIGHER,2,1,6.352,0.007,45.105,45.240
1782236915.740,2026-06-23T18:48:35,HIGHER,2,1,11.672,0.007,43.955,44.091
1782236919.745,2026-06-23T18:48:39,HIGHER,2,1,9.391,0.008,43.875,44.011
1782236923.849,2026-06-23T18:48:43,HIGHER,2,1,8.534,0.008,45.494,45.633
1782236927.949,2026-06-23T18:48:47,HIGHER,2,1,9.914,0.006,43.084,43.218
1782236932.008,2026-06-23T18:48:52,HIGHER,2,1,12.572,0.007,43.248,43.383
1782236936.012,2026-06-23T18:48:56,HIGHER,2,1,13.481,0.006,43.261,43.395
1782236940.017,2026-06-23T18:49:00,HIGHER,2,1,16.524,0.008,43.374,43.513
1782236944.022,2026-06-23T18:49:04,HIGHER,2,1,13.276,0.008,43.314,43.474
1782236948.126,2026-06-23T18:49:08,HIGHER,2,1,18.044,0.007,43.206,43.335
1782236952.220,2026-06-23T18:49:12,HIGHER,2,1,6.156,0.007,43.108,43.241
1782236956.323,2026-06-23T18:49:16,HIGHER,2,1,13.840,0.006,43.324,43.458
1782236960.281,2026-06-23T18:49:20,HIGHER,2,1,13.299,0.007,43.343,43.479
1782236964.281,2026-06-23T18:49:24,HIGHER,2,1,12.100,0.007,43.253,43.389
1782236968.279,2026-06-23T18:49:28,HIGHER,1,1,9.959,0.007,43.120,43.254
1782236972.379,2026-06-23T18:49:32,LOWER,1,1,11.976,0.007,43.433,43.570
1782236976.481,2026-06-23T18:49:36,HIGHER,1,1,14.828,0.007,43.096,43.231
1782236980.589,2026-06-23T18:49:40,LOWER,1,1,16.426,0.006,43.192,43.326
1782236984.685,2026-06-23T18:49:44,HIGHER,1,1,6.418,0.007,43.150,43.286
1782236988.733,2026-06-23T18:49:48,LOWER,1,1,3.648,0.007,43.239,43.374
1782236992.827,2026-06-23T18:49:52,LOWER,1,1,6.264,0.006,43.095,43.209
1782236996.934,2026-06-23T18:49:56,HIGHER,2,1,13.105,0.007,44.537,44.673
1782237000.941,2026-06-23T18:50:00,LOWER,1,1,15.038,0.008,45.473,45.615
1782237004.936,2026-06-23T18:50:04,HIGHER,1,1,3.295,0.006,43.074,43.210
1782237009.030,2026-06-23T18:50:09,LOWER,1,1,6.322,0.007,43.161,43.296
1782237013.121,2026-06-23T18:50:13,HIGHER,1,1,3.604,0.007,43.065,43.201
1782237017.213,2026-06-23T18:50:17,LOWER,1,1,3.769,0.006,43.247,43.383
1782237021.263,2026-06-23T18:50:21,LOWER,1,1,3.747,0.007,44.544,44.660
1782237025.365,2026-06-23T18:50:25,HIGHER,2,1,8.599,0.008,44.500,44.637
1782237029.367,2026-06-23T18:50:29,LOWER,1,1,6.632,0.008,44.859,45.001
1782237033.461,2026-06-23T18:50:33,HIGHER,1,1,3.657,0.007,43.329,43.468
1782237037.561,2026-06-23T18:50:37,LOWER,1,1,10.149,0.007,43.176,43.313
1782237041.658,2026-06-23T18:50:41,HIGHER,1,1,11.623,0.007,43.113,43.247
1782237045.755,2026-06-23T18:50:45,LOWER,1,1,9.269,0.008,43.123,43.257
1782237049.849,2026-06-23T18:50:49,HIGHER,1,1,8.727,0.008,43.154,43.288
1782237053.945,2026-06-23T18:50:53,LOWER,1,1,8.790,0.007,43.272,43.409
1782237057.994,2026-06-23T18:50:57,HIGHER,1,1,4.349,0.006,43.161,43.309
1782237062.091,2026-06-23T18:51:02,LOWER,1,1,9.767,0.007,43.310,43.446
1782237066.189,2026-06-23T18:51:06,HIGHER,1,1,9.318,0.007,42.983,43.116
1782237070.289,2026-06-23T18:51:10,LOWER,1,1,10.861,0.007,43.184,43.320
1782237074.381,2026-06-23T18:51:14,HIGHER,1,1,4.763,0.006,43.110,43.244
1782237078.481,2026-06-23T18:51:18,LOWER,1,1,12.424,0.007,43.059,43.194
1782237082.485,2026-06-23T18:51:22,HIGHER,1,1,10.003,0.008,45.331,45.471
1782237086.588,2026-06-23T18:51:26,HIGHER,2,1,12.447,0.006,43.224,43.341
1782237090.685,2026-06-23T18:51:30,LOWER,1,1,8.480,0.007,43.092,43.229
1782237094.733,2026-06-23T18:51:34,LOWER,1,1,3.371,0.007,41.782,41.910
1782237098.823,2026-06-23T18:51:38,LOWER,1,1,4.426,0.006,42.456,42.580
1782237102.918,2026-06-23T18:51:42,LOWER,1,1,9.581,0.007,43.065,43.161
1782237107.023,2026-06-23T18:51:47,HIGHER,2,1,14.882,0.006,43.557,43.692
1782237111.013,2026-06-23T18:51:51,LOWER,1,1,4.668,0.007,43.371,43.507
1782237115.112,2026-06-23T18:51:55,HIGHER,1,1,10.621,0.008,44.122,44.257
1782237119.212,2026-06-23T18:51:59,LOWER,1,1,12.079,0.007,43.237,43.373
1782237123.303,2026-06-23T18:52:03,HIGHER,1,1,3.102,0.006,43.011,43.147
1782237127.406,2026-06-23T18:52:07,LOWER,1,1,9.826,0.008,44.597,44.736
1782237131.360,2026-06-23T18:52:11,LOWER,1,1,6.291,0.008,42.696,42.808
1782237135.472,2026-06-23T18:52:15,HIGHER,2,1,18.297,0.008,42.968,43.098
1782237139.468,2026-06-23T18:52:19,LOWER,1,1,8.659,0.007,43.212,43.346
1782237143.565,2026-06-23T18:52:23,HIGHER,1,1,10.507,0.007,42.257,42.380
1782237147.568,2026-06-23T18:52:27,LOWER,1,1,10.219,0.007,43.134,43.271
1782237151.660,2026-06-23T18:52:31,HIGHER,1,1,6.266,0.007,43.162,43.313
1782237155.760,2026-06-23T18:52:35,LOWER,1,1,9.085,0.007,43.626,43.749
1782237159.720,2026-06-23T18:52:39,HIGHER,1,1,9.428,0.008,45.125,45.261
1782237163.824,2026-06-23T18:52:43,LOWER,1,1,12.961,0.007,43.151,43.285
1782237167.823,2026-06-23T18:52:47,HIGHER,1,1,10.109,0.007,44.205,44.340
1782237171.826,2026-06-23T18:52:51,LOWER,1,1,10.208,0.008,44.602,44.741
1782237175.924,2026-06-23T18:52:55,HIGHER,1,1,10.769,0.008,43.397,43.533
1782237180.023,2026-06-23T18:53:00,LOWER,1,1,9.329,0.006,42.909,43.043
1782237184.129,2026-06-23T18:53:04,HIGHER,1,1,14.696,0.007,43.201,43.338
1782237188.174,2026-06-23T18:53:08,LOWER,1,1,3.163,0.007,42.026,42.147
1782237192.273,2026-06-23T18:53:12,HIGHER,1,1,10.524,0.007,43.105,43.242
1782237196.369,2026-06-23T18:53:16,LOWER,1,1,6.548,0.008,43.865,44.004
1782237200.462,2026-06-23T18:53:20,HIGHER,1,1,3.978,0.007,43.307,43.442
1782237204.556,2026-06-23T18:53:24,LOWER,1,1,8.951,0.007,43.085,43.224
1782237208.655,2026-06-23T18:53:28,HIGHER,1,1,9.274,0.007,43.386,43.520
1782237212.752,2026-06-23T18:53:32,LOWER,1,1,9.895,0.007,43.915,44.054
1782237216.841,2026-06-23T18:53:36,HIGHER,1,1,5.583,0.007,43.270,43.403
1782237220.934,2026-06-23T18:53:40,LOWER,1,1,4.434,0.008,43.072,43.210
1782237225.027,2026-06-23T18:53:45,HIGHER,1,1,6.931,0.006,41.487,41.618
1782237229.074,2026-06-23T18:53:49,LOWER,1,1,3.513,0.006,41.316,41.445
1782237233.193,2026-06-23T18:53:53,LOWER,1,1,32.893,0.006,43.162,43.277
1782237237.194,2026-06-23T18:53:57,HIGHER,2,1,13.620,0.008,43.452,43.588
1782237241.189,2026-06-23T18:54:01,LOWER,1,1,5.991,0.007,43.031,43.168
1782237245.291,2026-06-23T18:54:05,HIGHER,1,1,10.926,0.007,43.581,43.721
1782237249.387,2026-06-23T18:54:09,LOWER,1,1,9.504,0.006,42.947,43.082
1782237253.485,2026-06-23T18:54:13,HIGHER,1,1,8.098,0.007,43.137,43.271
1782237257.587,2026-06-23T18:54:17,LOWER,1,1,9.458,0.010,45.026,45.206
1782237261.540,2026-06-23T18:54:21,LOWER,1,1,5.889,0.007,43.204,43.318
1782237265.637,2026-06-23T18:54:25,HIGHER,2,1,9.228,0.007,43.005,43.151
1782237269.730,2026-06-23T18:54:29,LOWER,1,1,3.177,0.007,41.608,41.733
1782237273.828,2026-06-23T18:54:33,HIGHER,1,1,11.684,0.006,42.962,43.100
1782237277.824,2026-06-23T18:54:37,LOWER,1,1,3.219,0.007,43.566,43.703
1782237281.922,2026-06-23T18:54:41,HIGHER,1,1,8.159,0.008,44.965,45.103
1782237286.027,2026-06-23T18:54:46,LOWER,1,1,9.852,0.007,44.409,44.545
1782237290.132,2026-06-23T18:54:50,HIGHER,1,1,8.899,0.007,44.288,44.424
1782237294.086,2026-06-23T18:54:54,LOWER,1,1,3.838,0.008,45.880,46.020
1782237298.187,2026-06-23T18:54:58,HIGHER,1,1,3.947,0.009,44.398,44.535
1782237302.195,2026-06-23T18:55:02,LOWER,1,1,11.411,0.008,44.263,44.400
1782237306.196,2026-06-23T18:55:06,HIGHER,1,1,7.348,0.008,44.683,44.822
1782237310.197,2026-06-23T18:55:10,LOWER,1,1,5.254,0.007,44.435,44.570
1782237314.296,2026-06-23T18:55:14,HIGHER,1,1,12.718,0.006,43.025,43.162
1782237318.249,2026-06-23T18:55:18,LOWER,1,1,6.281,0.008,43.119,43.256
1782237322.342,2026-06-23T18:55:22,HIGHER,1,1,6.257,0.007,43.105,43.241
1782237326.440,2026-06-23T18:55:26,LOWER,1,1,10.862,0.007,44.328,44.471
1782237330.534,2026-06-23T18:55:30,HIGHER,1,1,6.768,0.006,43.133,43.281
1782237334.632,2026-06-23T18:55:34,LOWER,1,1,6.217,0.006,43.194,43.330
1782237338.724,2026-06-23T18:55:38,HIGHER,1,1,8.920,0.006,43.477,43.616
1782237342.821,2026-06-23T18:55:42,LOWER,1,1,9.291,0.007,43.688,43.822
1782237346.914,2026-06-23T18:55:46,HIGHER,1,1,4.634,0.007,42.805,42.941
1782237351.012,2026-06-23T18:55:51,HIGHER,2,1,10.492,0.007,43.152,43.270
1782237355.060,2026-06-23T18:55:55,LOWER,1,1,3.213,0.007,43.051,43.187
1782237359.156,2026-06-23T18:55:59,LOWER,1,1,8.860,0.006,43.146,43.280
1782237363.256,2026-06-23T18:56:03,LOWER,1,1,9.883,0.008,43.163,43.302
1782237367.352,2026-06-23T18:56:07,HIGHER,1,1,10.390,0.007,43.112,43.247
1782237371.452,2026-06-23T18:56:11,HIGHER,2,1,10.641,0.007,43.234,43.350
1782237375.546,2026-06-23T18:56:15,LOWER,1,1,9.485,0.007,43.012,43.148
1782237379.544,2026-06-23T18:56:19,LOWER,1,1,3.641,0.007,44.070,44.207
1782237383.648,2026-06-23T18:56:23,LOWER,1,1,10.749,0.007,44.471,44.611
1782237387.756,2026-06-23T18:56:27,HIGHER,1,1,12.017,0.007,44.281,44.420
1782237391.715,2026-06-23T18:56:31,HIGHER,2,1,9.755,0.007,44.696,44.815
1782237395.712,2026-06-23T18:56:35,LOWER,1,1,6.109,0.008,42.912,43.035
1782237399.716,2026-06-23T18:56:39,LOWER,1,1,9.563,0.007,44.673,44.811
1782237403.813,2026-06-23T18:56:43,LOWER,1,1,9.619,0.008,43.241,43.380
1782237407.815,2026-06-23T18:56:47,HIGHER,1,1,10.051,0.007,44.083,44.219
1782237411.911,2026-06-23T18:56:51,LOWER,1,1,8.778,0.006,43.189,43.325
1782237415.964,2026-06-23T18:56:55,LOWER,1,1,9.517,0.007,41.926,42.034
1782237419.967,2026-06-23T18:56:59,HIGHER,2,1,12.305,0.007,43.156,43.289
1782237423.960,2026-06-23T18:57:03,LOWER,1,1,3.535,0.006,43.263,43.400
1782237428.053,2026-06-23T18:57:08,HIGHER,1,1,5.387,0.007,40.975,41.103
1782237432.148,2026-06-23T18:57:12,LOWER,1,1,9.236,0.007,43.049,43.187
1782237436.244,2026-06-23T18:57:16,HIGHER,1,1,9.686,0.007,41.383,41.507
1782237440.339,2026-06-23T18:57:20,LOWER,1,1,9.362,0.007,41.663,41.795
1782237444.445,2026-06-23T18:57:24,HIGHER,1,1,13.960,0.007,43.402,43.525
1782237448.492,2026-06-23T18:57:28,LOWER,1,1,3.675,0.007,43.061,43.199
1782237452.584,2026-06-23T18:57:32,HIGHER,1,1,3.659,0.008,44.915,45.053
1782237456.680,2026-06-23T18:57:36,LOWER,1,1,3.770,0.008,44.761,44.902
1782237460.782,2026-06-23T18:57:40,HIGHER,1,1,9.324,0.007,44.303,44.440
1782237464.787,2026-06-23T18:57:44,LOWER,1,1,9.871,0.007,44.632,44.770
1782237468.791,2026-06-23T18:57:48,HIGHER,1,1,9.762,0.007,44.384,44.519
1782237472.897,2026-06-23T18:57:52,LOWER,1,1,11.414,0.008,44.254,44.393
1782237477.001,2026-06-23T18:57:57,HIGHER,1,1,9.448,0.008,44.457,44.590
1782237480.959,2026-06-23T18:58:00,LOWER,1,1,10.046,0.008,44.207,44.344
1782237484.960,2026-06-23T18:58:04,HIGHER,1,1,8.507,0.007,44.988,45.127
1782237488.955,2026-06-23T18:58:08,LOWER,1,1,3.162,0.007,44.207,44.343
1782237493.063,2026-06-23T18:58:13,HIGHER,1,1,10.731,0.008,44.993,45.130
1782237497.063,2026-06-23T18:58:17,LOWER,1,1,6.575,0.007,44.774,44.910
1782237501.156,2026-06-23T18:58:21,HIGHER,1,1,4.520,0.007,44.658,44.796
1782237505.115,2026-06-23T18:58:25,LOWER,1,1,8.081,0.007,44.331,44.467
1782237509.114,2026-06-23T18:58:29,HIGHER,1,1,3.759,0.008,45.697,45.832
1782237513.215,2026-06-23T18:58:33,LOWER,1,1,9.378,0.008,43.715,43.846
1782237517.223,2026-06-23T18:58:37,HIGHER,1,1,12.812,0.007,44.845,44.981
1782237521.223,2026-06-23T18:58:41,LOWER,1,1,6.576,0.007,44.725,44.863
1782237525.326,2026-06-23T18:58:45,HIGHER,1,1,9.890,0.007,44.987,45.122
1782237529.280,2026-06-23T18:58:49,LOWER,1,1,4.521,0.007,45.618,45.757
1782237533.381,2026-06-23T18:58:53,HIGHER,1,1,6.388,0.008,45.083,45.222
1782237537.479,2026-06-23T18:58:57,LOWER,1,1,8.461,0.007,44.485,44.624
1782237541.476,2026-06-23T18:59:01,HIGHER,1,1,3.678,0.007,44.577,44.712
1782237545.580,2026-06-23T18:59:05,LOWER,1,1,9.391,0.007,44.268,44.403
1782237549.575,2026-06-23T18:59:09,HIGHER,1,1,3.160,0.008,44.889,45.091
1782237553.671,2026-06-23T18:59:13,LOWER,1,1,3.626,0.008,44.685,44.824
1782237557.723,2026-06-23T18:59:17,HIGHER,1,1,3.591,0.008,44.342,44.479
1782237561.818,2026-06-23T18:59:21,LOWER,1,1,3.528,0.007,44.238,44.374
1782237565.914,2026-06-23T18:59:25,LOWER,1,1,9.347,0.007,43.301,43.406
1782237570.015,2026-06-23T18:59:30,HIGHER,2,1,11.735,0.007,43.382,43.519
1782237574.017,2026-06-23T18:59:34,HIGHER,2,1,13.869,0.008,43.401,43.518
1782237578.019,2026-06-23T18:59:38,LOWER,1,1,14.914,0.007,43.114,43.250
1782237582.116,2026-06-23T18:59:42,LOWER,1,1,9.673,0.007,43.180,43.319
1782237586.208,2026-06-23T18:59:46,LOWER,1,1,3.406,0.007,43.137,43.274
1782237590.267,2026-06-23T18:59:50,LOWER,1,1,18.510,0.006,42.380,42.493
1782237594.263,2026-06-23T18:59:54,HIGHER,2,1,7.072,0.007,41.339,41.469
1782237598.357,2026-06-23T18:59:58,LOWER,1,1,6.689,0.006,43.123,43.257
1782237602.454,2026-06-23T19:00:02,HIGHER,1,1,9.305,0.007,41.395,41.518
1782237606.546,2026-06-23T19:00:06,LOWER,1,1,4.545,0.007,45.250,45.370
1782237610.635,2026-06-23T19:00:10,HIGHER,1,1,3.686,0.006,43.089,43.223
1782237614.738,2026-06-23T19:00:14,LOWER,1,1,9.317,0.008,44.995,45.134
1782237618.844,2026-06-23T19:00:18,HIGHER,1,1,9.439,0.008,44.436,44.572
1782237622.948,2026-06-23T19:00:22,LOWER,1,1,9.947,0.007,45.137,45.275
1782237626.997,2026-06-23T19:00:26,HIGHER,1,1,8.387,0.007,41.476,41.603
1782237631.094,2026-06-23T19:00:31,LOWER,1,1,7.997,0.007,43.167,43.301
1782237635.187,2026-06-23T19:00:35,HIGHER,1,1,6.749,0.007,42.353,42.475
1782237639.278,2026-06-23T19:00:39,LOWER,1,1,3.224,0.007,43.359,43.496
1782237643.372,2026-06-23T19:00:43,HIGHER,1,1,9.292,0.008,43.278,43.415
1782237647.467,2026-06-23T19:00:47,LOWER,1,1,10.139,0.007,42.931,43.064
1782237651.559,2026-06-23T19:00:51,HIGHER,1,1,6.341,0.007,43.161,43.295
1782237655.651,2026-06-23T19:00:55,LOWER,1,1,3.572,0.008,43.385,43.523
1782237659.739,2026-06-23T19:00:59,HIGHER,1,1,3.153,0.007,43.439,43.575
1782237663.828,2026-06-23T19:01:03,LOWER,1,1,3.351,0.007,43.163,43.300
1782237667.882,2026-06-23T19:01:07,HIGHER,1,1,10.593,0.007,43.028,43.160
1782237671.979,2026-06-23T19:01:11,LOWER,1,1,7.731,0.006,42.893,43.029
1782237676.075,2026-06-23T19:01:16,HIGHER,1,1,10.121,0.007,43.250,43.398
1782237680.171,2026-06-23T19:01:20,LOWER,1,1,10.186,0.007,42.997,43.130
1782237684.266,2026-06-23T19:01:24,HIGHER,1,1,8.502,0.008,43.148,43.287
1782237688.367,2026-06-23T19:01:28,LOWER,1,1,11.113,0.007,42.903,43.039
1782237692.463,2026-06-23T19:01:32,HIGHER,1,1,9.612,0.006,43.179,43.314
1782237696.560,2026-06-23T19:01:36,LOWER,1,1,10.102,0.007,43.225,43.360
1782237700.655,2026-06-23T19:01:40,HIGHER,1,1,10.432,0.008,43.102,43.233
1782237704.751,2026-06-23T19:01:44,LOWER,1,1,10.337,0.008,43.205,43.339
1782237708.799,2026-06-23T19:01:48,LOWER,1,1,3.217,0.007,43.115,43.231
1782237712.903,2026-06-23T19:01:52,HIGHER,2,1,18.760,0.006,43.323,43.458
1782237716.899,2026-06-23T19:01:56,LOWER,1,1,9.308,0.006,43.026,43.160
1782237720.900,2026-06-23T19:02:00,HIGHER,1,1,8.484,0.008,43.736,43.872
1782237724.996,2026-06-23T19:02:04,LOWER,1,1,8.921,0.008,43.236,43.374
1782237729.093,2026-06-23T19:02:09,HIGHER,1,1,8.292,0.007,43.252,43.385
1782237733.186,2026-06-23T19:02:13,LOWER,1,1,10.141,0.007,43.244,43.381
1782237737.280,2026-06-23T19:02:17,HIGHER,1,1,8.511,0.007,45.337,45.475
1782237741.337,2026-06-23T19:02:21,LOWER,1,1,11.765,0.007,43.029,43.149
1782237745.340,2026-06-23T19:02:25,HIGHER,1,1,9.366,0.008,44.579,44.714
1782237749.438,2026-06-23T19:02:29,LOWER,1,1,9.640,0.008,42.614,42.732
1782237753.533,2026-06-23T19:02:33,HIGHER,1,1,7.545,0.007,43.248,43.383
1782237757.635,2026-06-23T19:02:37,LOWER,1,1,9.273,0.007,43.182,43.318
1782237761.734,2026-06-23T19:02:41,HIGHER,1,1,9.247,0.006,43.128,43.265
1782237765.734,2026-06-23T19:02:45,LOWER,1,1,9.318,0.007,45.683,45.820
1782237769.837,2026-06-23T19:02:49,HIGHER,1,1,9.289,0.008,44.598,44.735
1782237773.792,2026-06-23T19:02:53,LOWER,1,1,8.586,0.007,44.379,44.531
1782237777.795,2026-06-23T19:02:57,HIGHER,1,1,10.758,0.007,44.281,44.421
1782237781.789,2026-06-23T19:03:01,LOWER,1,1,4.729,0.007,44.474,44.616
1782237785.884,2026-06-23T19:03:05,HIGHER,1,1,4.990,0.007,43.788,43.919
1782237789.999,2026-06-23T19:03:09,LOWER,1,1,28.342,0.007,44.171,44.311
1782237794.103,2026-06-23T19:03:14,HIGHER,1,1,9.215,0.007,44.038,44.175
1782237798.201,2026-06-23T19:03:18,LOWER,1,1,5.942,0.007,44.347,44.485
1782237802.252,2026-06-23T19:03:22,HIGHER,1,1,3.949,0.007,45.331,45.470
1782237806.359,2026-06-23T19:03:26,HIGHER,2,1,12.319,0.008,44.297,44.417
1782237810.359,2026-06-23T19:03:30,LOWER,1,1,10.989,0.008,45.015,45.152
1782237814.358,2026-06-23T19:03:34,LOWER,1,1,9.353,0.008,44.805,44.943
1782237818.456,2026-06-23T19:03:38,LOWER,1,1,10.084,0.007,44.171,44.306
1782237822.551,2026-06-23T19:03:42,HIGHER,1,1,10.899,0.007,43.301,43.437
1782237826.642,2026-06-23T19:03:46,LOWER,1,1,7.775,0.008,43.478,43.623
1782237830.737,2026-06-23T19:03:50,HIGHER,1,1,6.772,0.007,43.132,43.265
1782237834.790,2026-06-23T19:03:54,HIGHER,2,1,10.242,0.007,42.946,43.041
1782237838.792,2026-06-23T19:03:58,LOWER,1,1,10.755,0.007,43.245,43.397
1782237842.890,2026-06-23T19:04:02,LOWER,1,1,11.142,0.007,43.353,43.490
1782237846.981,2026-06-23T19:04:06,LOWER,1,1,4.680,0.008,43.285,43.422
1782237851.077,2026-06-23T19:04:11,HIGHER,1,1,11.173,0.008,43.180,43.319
1782237855.138,2026-06-23T19:04:15,LOWER,1,1,10.110,0.006,28.330,28.430
1782237859.213,2026-06-23T19:04:19,HIGHER,1,1,3.292,0.007,41.517,41.638
1782237863.310,2026-06-23T19:04:23,LOWER,1,1,12.486,0.007,42.812,42.945
1782237867.406,2026-06-23T19:04:27,HIGHER,1,1,6.862,0.007,44.981,45.116
1782237871.460,2026-06-23T19:04:31,LOWER,1,1,9.454,0.007,43.567,43.705
1782237875.556,2026-06-23T19:04:35,HIGHER,1,1,11.539,0.008,42.955,43.092
1782237879.653,2026-06-23T19:04:39,LOWER,1,1,9.300,0.007,42.940,43.076
1782237883.744,2026-06-23T19:04:43,HIGHER,1,1,4.850,0.007,40.987,41.114
1782237887.840,2026-06-23T19:04:47,LOWER,1,1,9.917,0.007,44.734,44.873
1782237891.932,2026-06-23T19:04:51,HIGHER,1,1,3.180,0.007,42.925,43.051
1782237896.027,2026-06-23T19:04:56,LOWER,1,1,9.730,0.007,43.469,43.605
1782237900.021,2026-06-23T19:05:00,HIGHER,1,1,3.195,0.007,44.103,44.239
1782237904.117,2026-06-23T19:05:04,LOWER,1,1,3.520,0.007,44.527,44.665
1782237908.169,2026-06-23T19:05:08,HIGHER,1,1,9.589,0.007,42.592,42.722
1782237912.163,2026-06-23T19:05:12,LOWER,1,1,3.174,0.007,44.205,44.342
1782237916.258,2026-06-23T19:05:16,HIGHER,1,1,9.718,0.008,41.138,41.260
1782237920.350,2026-06-23T19:05:20,LOWER,1,1,9.332,0.007,41.676,41.795
1782237924.440,2026-06-23T19:05:24,LOWER,1,1,6.613,0.007,42.931,43.045
1782237928.535,2026-06-23T19:05:28,HIGHER,2,1,11.399,0.007,42.931,43.066
1782237932.632,2026-06-23T19:05:32,LOWER,1,1,9.351,0.007,44.690,44.847
1782237936.729,2026-06-23T19:05:36,HIGHER,1,1,10.059,0.008,44.140,44.275
1782237940.826,2026-06-23T19:05:40,LOWER,1,1,10.693,0.007,42.795,42.931
1782237944.871,2026-06-23T19:05:44,LOWER,1,1,3.741,0.007,43.192,43.306
1782237948.969,2026-06-23T19:05:48,HIGHER,2,1,12.279,0.007,43.523,43.660
1782237953.068,2026-06-23T19:05:53,HIGHER,2,1,14.551,0.008,42.785,42.903
1782237957.063,2026-06-23T19:05:57,LOWER,1,1,7.947,0.008,42.800,42.934
1782237961.164,2026-06-23T19:06:01,LOWER,1,1,12.192,0.007,44.060,44.199
1782237965.162,2026-06-23T19:06:05,LOWER,1,1,9.305,0.008,43.216,43.355
1782237969.262,2026-06-23T19:06:09,HIGHER,1,1,10.079,0.007,43.808,43.941
1782237973.353,2026-06-23T19:06:13,LOWER,1,1,6.332,0.007,43.298,43.435
1782237977.406,2026-06-23T19:06:17,LOWER,1,1,11.708,0.008,41.695,41.807
1782237981.502,2026-06-23T19:06:21,HIGHER,2,1,13.541,0.007,43.279,43.416
1782237985.594,2026-06-23T19:06:25,LOWER,1,1,6.401,0.007,43.276,43.412
1782237989.691,2026-06-23T19:06:29,HIGHER,1,1,13.694,0.006,42.956,43.091
1782237993.781,2026-06-23T19:06:33,LOWER,1,1,5.549,0.007,42.921,43.058
1782237997.877,2026-06-23T19:06:37,HIGHER,1,1,7.745,0.008,43.480,43.617
1782238001.970,2026-06-23T19:06:41,LOWER,1,1,8.298,0.007,43.328,43.465
1782238006.059,2026-06-23T19:06:46,HIGHER,1,1,9.027,0.007,43.043,43.178
1782238010.152,2026-06-23T19:06:50,LOWER,1,1,9.315,0.007,43.015,43.158
1782238014.242,2026-06-23T19:06:54,HIGHER,1,1,5.408,0.007,43.140,43.274
1782238018.292,2026-06-23T19:06:58,LOWER,1,1,9.584,0.007,41.419,41.547
1782238022.385,2026-06-23T19:07:02,HIGHER,1,1,3.999,0.008,42.966,43.120
1782238026.481,2026-06-23T19:07:06,LOWER,1,1,12.153,0.006,42.875,43.007
1782238030.570,2026-06-23T19:07:10,HIGHER,1,1,9.099,0.007,42.893,43.027
1782238034.667,2026-06-23T19:07:14,HIGHER,2,1,12.020,0.007,42.746,42.865
1782238038.759,2026-06-23T19:07:18,LOWER,1,1,6.490,0.007,42.822,42.958
1782238042.861,2026-06-23T19:07:22,LOWER,1,1,12.495,0.007,44.189,44.327
1782238046.953,2026-06-23T19:07:26,LOWER,1,1,6.818,0.008,40.931,41.059
1782238051.058,2026-06-23T19:07:31,HIGHER,1,1,9.235,0.007,42.852,42.984
1782238055.156,2026-06-23T19:07:35,LOWER,1,1,10.022,0.007,44.001,44.135
1782238059.207,2026-06-23T19:07:39,LOWER,1,1,8.297,0.007,44.310,44.427
1782238063.301,2026-06-23T19:07:43,HIGHER,2,1,13.431,0.006,44.039,44.175
1782238067.297,2026-06-23T19:07:47,LOWER,1,1,8.347,0.008,44.632,44.769
1782238071.392,2026-06-23T19:07:51,HIGHER,1,1,8.645,0.008,42.607,42.738
1782238075.483,2026-06-23T19:07:55,LOWER,1,1,3.860,0.007,41.924,42.069
1782238079.581,2026-06-23T19:07:59,HIGHER,1,1,8.533,0.007,45.805,45.944
1782238083.678,2026-06-23T19:08:03,LOWER,1,1,6.250,0.008,44.092,44.233
1782238087.766,2026-06-23T19:08:07,HIGHER,1,1,3.825,0.007,41.689,41.813
1782238091.863,2026-06-23T19:08:11,LOWER,1,1,10.856,0.008,42.450,42.571
1782238095.917,2026-06-23T19:08:15,HIGHER,1,1,12.911,0.008,44.192,44.330
1782238100.025,2026-06-23T19:08:20,LOWER,1,1,23.095,0.007,42.929,43.065
1782238104.011,2026-06-23T19:08:24,HIGHER,1,1,3.225,0.007,43.236,43.375
1782238108.108,2026-06-23T19:08:28,LOWER,1,1,11.346,0.008,42.954,43.091
1782238112.208,2026-06-23T19:08:32,HIGHER,1,1,13.813,0.007,42.858,42.989
1782238116.300,2026-06-23T19:08:36,LOWER,1,1,8.631,0.007,42.869,43.006
1782238120.392,2026-06-23T19:08:40,HIGHER,1,1,11.218,0.007,41.065,41.190
1782238124.492,2026-06-23T19:08:44,LOWER,1,1,13.619,0.007,42.922,43.073
1782238128.584,2026-06-23T19:08:48,LOWER,1,1,10.902,0.008,41.734,41.836
1782238132.639,2026-06-23T19:08:52,HIGHER,2,1,14.066,0.007,43.163,43.296
1782238136.724,2026-06-23T19:08:56,LOWER,1,1,3.227,0.007,42.941,43.076
1782238140.822,2026-06-23T19:09:00,HIGHER,1,1,12.705,0.007,42.890,43.025
1782238144.915,2026-06-23T19:09:04,LOWER,1,1,10.000,0.007,42.812,42.947
1782238149.008,2026-06-23T19:09:09,HIGHER,1,1,10.886,0.008,40.782,40.905
1782238153.103,2026-06-23T19:09:13,HIGHER,2,1,12.840,0.008,43.186,43.304
1782238157.189,2026-06-23T19:09:17,LOWER,1,1,3.588,0.007,42.881,43.016
1782238161.282,2026-06-23T19:09:21,LOWER,1,1,9.813,0.007,42.833,42.969
1782238165.379,2026-06-23T19:09:25,LOWER,1,1,13.303,0.007,43.168,43.303
1782238169.467,2026-06-23T19:09:29,HIGHER,1,1,4.173,0.008,42.982,43.119
1782238173.516,2026-06-23T19:09:33,HIGHER,2,1,12.357,0.007,42.187,42.291
1782238177.610,2026-06-23T19:09:37,LOWER,1,1,10.011,0.007,42.762,42.895
1782238181.709,2026-06-23T19:09:41,LOWER,1,1,10.791,0.008,42.958,43.093
1782238185.797,2026-06-23T19:09:45,LOWER,1,1,6.305,0.007,42.773,42.926
1782238189.890,2026-06-23T19:09:49,HIGHER,1,1,9.377,0.008,43.205,43.353
1782238193.978,2026-06-23T19:09:53,LOWER,1,1,3.298,0.007,43.044,43.179
1782238198.064,2026-06-23T19:09:58,HIGHER,1,1,3.207,0.007,42.947,43.081
1782238202.152,2026-06-23T19:10:02,LOWER,1,1,4.477,0.007,42.881,43.015
1782238206.242,2026-06-23T19:10:06,HIGHER,1,1,9.270,0.007,41.476,41.598
1782238210.334,2026-06-23T19:10:10,LOWER,1,1,9.310,0.006,42.887,43.000
1782238214.390,2026-06-23T19:10:14,HIGHER,1,1,10.228,0.007,42.949,43.083
1782238218.484,2026-06-23T19:10:18,LOWER,1,1,8.987,0.008,42.670,42.806
1782238222.571,2026-06-23T19:10:22,HIGHER,1,1,3.150,0.006,42.886,43.020
1782238226.664,2026-06-23T19:10:26,LOWER,1,1,9.262,0.007,43.795,43.927
1782238230.747,2026-06-23T19:10:30,HIGHER,1,1,3.639,0.007,42.914,43.049
1782238234.841,2026-06-23T19:10:34,LOWER,1,1,10.574,0.007,42.996,43.133
1782238238.930,2026-06-23T19:10:38,HIGHER,1,1,3.419,0.008,42.853,42.990
1782238243.018,2026-06-23T19:10:43,HIGHER,2,1,6.880,0.008,42.898,43.020
1782238247.118,2026-06-23T19:10:47,LOWER,1,1,13.704,0.008,43.862,43.998
1782238251.210,2026-06-23T19:10:51,LOWER,1,1,6.729,0.008,43.925,44.064
1782238255.262,2026-06-23T19:10:55,LOWER,1,1,7.952,0.007,43.717,43.835
1782238259.362,2026-06-23T19:10:59,HIGHER,1,1,9.326,0.007,44.067,44.203
1782238263.363,2026-06-23T19:11:03,LOWER,1,1,9.246,0.007,42.894,43.030
1782238267.449,2026-06-23T19:11:07,HIGHER,1,1,4.869,0.007,42.848,42.984
1782238271.545,2026-06-23T19:11:11,LOWER,1,1,12.462,0.008,43.038,43.172
1782238275.637,2026-06-23T19:11:15,HIGHER,1,1,10.055,0.007,42.754,42.905
1782238279.726,2026-06-23T19:11:19,LOWER,1,1,5.941,0.008,42.822,42.957
1782238283.819,2026-06-23T19:11:23,HIGHER,1,1,9.996,0.007,44.636,44.771
1782238287.911,2026-06-23T19:11:27,LOWER,1,1,10.115,0.007,42.910,43.044
1782238291.965,2026-06-23T19:11:31,LOWER,1,1,11.503,0.007,43.487,43.600
1782238296.060,2026-06-23T19:11:36,HIGHER,2,1,11.652,0.007,43.518,43.655
1782238300.150,2026-06-23T19:11:40,LOWER,1,1,7.199,0.007,43.021,43.161
1782238304.239,2026-06-23T19:11:44,HIGHER,1,1,7.142,0.007,42.760,42.892
1782238308.323,2026-06-23T19:11:48,LOWER,1,1,3.689,0.006,42.978,43.113
1782238312.420,2026-06-23T19:11:52,HIGHER,1,1,9.694,0.006,43.861,43.994
1782238316.510,2026-06-23T19:11:56,LOWER,1,1,6.470,0.006,41.710,41.827
1782238320.604,2026-06-23T19:12:00,HIGHER,1,1,9.817,0.007,42.794,42.926
1782238324.697,2026-06-23T19:12:04,LOWER,1,1,9.775,0.008,42.832,42.967
1782238328.788,2026-06-23T19:12:08,HIGHER,1,1,9.002,0.007,42.914,43.050
1782238332.844,2026-06-23T19:12:12,LOWER,1,1,9.974,0.007,44.712,44.850
1782238336.840,2026-06-23T19:12:16,HIGHER,1,1,6.274,0.007,44.528,44.666
1782238340.935,2026-06-23T19:12:20,LOWER,1,1,9.226,0.007,42.005,42.130
1782238345.060,2026-06-23T19:12:25,HIGHER,1,1,38.160,0.007,44.350,44.485
1782238349.052,2026-06-23T19:12:29,LOWER,1,1,11.683,0.007,41.171,41.298
1782238353.141,2026-06-23T19:12:33,HIGHER,1,1,9.261,0.007,40.782,40.910
1782238357.235,2026-06-23T19:12:37,LOWER,1,1,9.963,0.006,43.005,43.139
1782238361.324,2026-06-23T19:12:41,HIGHER,1,1,4.004,0.008,44.775,44.913
1782238365.367,2026-06-23T19:12:45,LOWER,1,1,3.691,0.008,43.203,43.339
1782238369.460,2026-06-23T19:12:49,HIGHER,1,1,9.870,0.007,42.824,42.957
1782238373.555,2026-06-23T19:12:53,LOWER,1,1,6.586,0.007,44.275,44.409
1782238377.652,2026-06-23T19:12:57,HIGHER,1,1,8.828,0.007,43.829,43.965
1782238381.747,2026-06-23T19:13:01,HIGHER,2,1,8.296,0.007,44.106,44.222
1782238385.842,2026-06-23T19:13:05,LOWER,1,1,9.736,0.007,43.031,43.167
1782238389.929,2026-06-23T19:13:09,LOWER,1,1,6.045,0.007,43.012,43.147
1782238394.015,2026-06-23T19:13:14,LOWER,1,1,3.490,0.006,43.057,43.191
1782238398.107,2026-06-23T19:13:18,HIGHER,1,1,12.783,0.007,42.837,42.975
1782238402.200,2026-06-23T19:13:22,LOWER,1,1,10.854,0.007,42.876,43.012
1782238406.247,2026-06-23T19:13:26,LOWER,1,1,4.875,0.007,44.647,44.766
1782238410.350,2026-06-23T19:13:30,HIGHER,2,1,13.197,0.009,45.175,45.312
1782238414.355,2026-06-23T19:13:34,LOWER,1,1,9.234,0.007,43.234,43.371
1782238418.450,2026-06-23T19:13:38,HIGHER,1,1,4.148,0.007,44.180,44.318
1782238422.544,2026-06-23T19:13:42,LOWER,1,1,7.334,0.007,42.922,43.056
1782238426.642,2026-06-23T19:13:46,HIGHER,1,1,9.806,0.007,44.539,44.673
1782238430.736,2026-06-23T19:13:50,LOWER,1,1,9.346,0.007,42.749,42.888
1782238434.824,2026-06-23T19:13:54,HIGHER,1,1,3.120,0.008,42.957,43.097
1782238438.911,2026-06-23T19:13:58,LOWER,1,1,4.299,0.007,44.490,44.629
1782238442.963,2026-06-23T19:14:02,HIGHER,1,1,9.307,0.006,42.803,42.931
1782238447.057,2026-06-23T19:14:07,LOWER,1,1,6.623,0.007,43.086,43.221
1782238451.148,2026-06-23T19:14:11,HIGHER,1,1,9.648,0.007,42.861,43.000
1782238455.234,2026-06-23T19:14:15,LOWER,1,1,3.619,0.007,42.989,43.123
1782238459.327,2026-06-23T19:14:19,HIGHER,1,1,5.654,0.007,43.072,43.206
1782238463.414,2026-06-23T19:14:23,LOWER,1,1,3.567,0.007,43.015,43.152
1782238467.507,2026-06-23T19:14:27,HIGHER,1,1,9.919,0.007,42.905,43.025
1782238471.610,2026-06-23T19:14:31,LOWER,1,1,13.708,0.007,43.097,43.220
1782238475.701,2026-06-23T19:14:35,HIGHER,1,1,3.113,0.007,44.268,44.401
1782238479.792,2026-06-23T19:14:39,LOWER,1,1,3.669,0.007,44.194,44.331
1782238483.838,2026-06-23T19:14:43,LOWER,1,1,3.302,0.007,43.412,43.527
1782238487.923,2026-06-23T19:14:47,HIGHER,2,1,6.152,0.007,40.846,40.969
1782238492.019,2026-06-23T19:14:52,LOWER,1,1,10.030,0.006,41.992,42.114
1782238496.106,2026-06-23T19:14:56,HIGHER,1,1,3.154,0.008,42.859,42.994
1782238500.197,2026-06-23T19:15:00,LOWER,1,1,7.391,0.008,42.975,43.112
1782238504.289,2026-06-23T19:15:04,HIGHER,1,1,8.017,0.007,44.228,44.364
1782238508.288,2026-06-23T19:15:08,LOWER,1,1,6.280,0.007,44.877,45.015
1782238512.376,2026-06-23T19:15:12,HIGHER,1,1,8.284,0.007,43.138,43.273
1782238516.465,2026-06-23T19:15:16,LOWER,1,1,6.783,0.007,43.162,43.296
1782238520.513,2026-06-23T19:15:20,LOWER,1,1,9.784,0.007,42.912,43.048
1782238524.615,2026-06-23T19:15:24,HIGHER,2,1,15.915,0.006,43.498,43.634
1782238528.699,2026-06-23T19:15:28,LOWER,1,1,3.695,0.006,42.807,42.960
1782238532.790,2026-06-23T19:15:32,HIGHER,1,1,12.098,0.007,42.885,43.020
1782238536.793,2026-06-23T19:15:36,LOWER,1,1,12.939,0.007,44.569,44.706
1782238540.886,2026-06-23T19:15:40,HIGHER,1,1,10.271,0.008,43.745,43.884
1782238544.979,2026-06-23T19:15:44,LOWER,1,1,9.571,0.007,42.881,43.016
1782238549.064,2026-06-23T19:15:49,HIGHER,1,1,3.207,0.007,43.048,43.181
1782238553.165,2026-06-23T19:15:53,LOWER,1,1,18.938,0.007,43.076,43.211
1782238557.206,2026-06-23T19:15:57,HIGHER,1,1,3.157,0.007,43.036,43.173
1782238561.296,2026-06-23T19:16:01,LOWER,1,1,8.539,0.008,43.100,43.253
1782238565.388,2026-06-23T19:16:05,HIGHER,1,1,8.904,0.009,42.578,42.711
1782238569.487,2026-06-23T19:16:09,LOWER,1,1,10.247,0.007,42.697,42.827
1782238573.578,2026-06-23T19:16:13,HIGHER,1,1,3.690,0.007,44.897,45.035
1782238577.682,2026-06-23T19:16:17,LOWER,1,1,15.584,0.007,43.134,43.267
1782238581.774,2026-06-23T19:16:21,HIGHER,1,1,9.916,0.007,42.262,42.381
1782238585.862,2026-06-23T19:16:25,LOWER,1,1,3.674,0.008,43.067,43.202
1782238589.959,2026-06-23T19:16:29,HIGHER,1,1,9.195,0.007,45.183,45.320
1782238594.058,2026-06-23T19:16:34,LOWER,1,1,8.758,0.007,44.559,44.695
1782238598.107,2026-06-23T19:16:38,HIGHER,1,1,3.224,0.007,44.410,44.548
1782238602.192,2026-06-23T19:16:42,LOWER,1,1,3.142,0.007,43.512,43.650
1782238606.289,2026-06-23T19:16:46,HIGHER,1,1,11.030,0.007,42.900,43.034
1782238610.385,2026-06-23T19:16:50,HIGHER,2,1,10.112,0.006,42.856,42.972
1782238614.481,2026-06-23T19:16:54,LOWER,1,1,12.607,0.007,42.913,43.048
1782238618.574,2026-06-23T19:16:58,LOWER,1,1,8.269,0.007,42.955,43.092
1782238622.660,2026-06-23T19:17:02,LOWER,1,1,3.578,0.007,42.893,43.028
1782238626.746,2026-06-23T19:17:06,HIGHER,1,1,7.370,0.007,42.863,43.002
1782238630.836,2026-06-23T19:17:10,LOWER,1,1,9.791,0.007,42.945,43.083
1782238634.924,2026-06-23T19:17:14,HIGHER,1,1,3.639,0.007,41.612,41.744
1782238638.981,2026-06-23T19:17:18,HIGHER,2,1,15.553,0.007,42.166,42.275
1782238643.073,2026-06-23T19:17:23,LOWER,1,1,9.371,0.007,42.950,43.086
1782238647.161,2026-06-23T19:17:27,LOWER,1,1,3.258,0.008,42.798,42.943
1782238651.245,2026-06-23T19:17:31,LOWER,1,1,3.289,0.007,43.278,43.417
1782238655.333,2026-06-23T19:17:35,HIGHER,1,1,6.303,0.007,42.665,42.788
1782238659.425,2026-06-23T19:17:39,LOWER,1,1,9.017,0.007,42.884,43.019
1782238663.514,2026-06-23T19:17:43,HIGHER,1,1,6.280,0.007,43.095,43.230
1782238667.629,2026-06-23T19:17:47,LOWER,1,1,24.858,0.007,44.705,44.847
1782238671.722,2026-06-23T19:17:51,HIGHER,1,1,10.565,0.008,43.915,44.050
1782238675.813,2026-06-23T19:17:55,LOWER,1,1,9.712,0.007,42.844,42.978
1782238679.867,2026-06-23T19:17:59,HIGHER,1,1,9.839,0.007,43.002,43.135
1782238683.956,2026-06-23T19:18:03,LOWER,1,1,9.254,0.006,40.663,40.788
1782238688.049,2026-06-23T19:18:08,HIGHER,1,1,9.720,0.007,43.049,43.185
1782238692.145,2026-06-23T19:18:12,LOWER,1,1,12.505,0.006,43.001,43.139
1782238696.237,2026-06-23T19:18:16,HIGHER,1,1,9.353,0.007,42.947,43.083
1782238700.327,2026-06-23T19:18:20,LOWER,1,1,4.480,0.006,42.911,43.049
1782238704.412,2026-06-23T19:18:24,HIGHER,1,1,3.236,0.006,42.864,42.997
1782238708.508,2026-06-23T19:18:28,LOWER,1,1,9.291,0.008,42.868,43.003
1782238712.594,2026-06-23T19:18:32,HIGHER,1,1,4.616,0.007,42.904,43.041
1782238716.688,2026-06-23T19:18:36,LOWER,1,1,9.583,0.008,41.087,41.214
1782238720.740,2026-06-23T19:18:40,HIGHER,1,1,8.602,0.007,42.982,43.114
1782238724.827,2026-06-23T19:18:44,LOWER,1,1,6.641,0.007,42.867,43.020
1782238728.915,2026-06-23T19:18:48,HIGHER,1,1,6.508,0.007,42.886,43.019
1782238733.006,2026-06-23T19:18:53,LOWER,1,1,9.555,0.006,43.175,43.313
1782238737.104,2026-06-23T19:18:57,HIGHER,1,1,12.940,0.008,41.195,41.326
1782238741.191,2026-06-23T19:19:01,LOWER,1,1,7.026,0.008,40.472,40.597
1782238745.276,2026-06-23T19:19:05,HIGHER,1,1,3.188,0.008,42.871,43.005
1782238749.367,2026-06-23T19:19:09,LOWER,1,1,9.347,0.007,43.218,43.353
1782238753.458,2026-06-23T19:19:13,HIGHER,1,1,3.259,0.007,42.728,42.863
1782238757.549,2026-06-23T19:19:17,LOWER,1,1,8.619,0.007,42.989,43.124
1782238761.597,2026-06-23T19:19:21,HIGHER,1,1,10.262,0.008,42.595,42.713
1782238765.681,2026-06-23T19:19:25,LOWER,1,1,3.465,0.007,42.774,42.910
1782238769.767,2026-06-23T19:19:29,HIGHER,1,1,3.541,0.007,43.619,43.754
1782238773.861,2026-06-23T19:19:33,LOWER,1,1,10.185,0.007,43.119,43.256
1782238777.952,2026-06-23T19:19:37,HIGHER,1,1,9.304,0.008,43.258,43.395
1782238782.047,2026-06-23T19:19:42,LOWER,1,1,11.015,0.008,42.922,43.058
1782238786.143,2026-06-23T19:19:46,HIGHER,1,1,10.650,0.008,43.592,43.727
1782238790.235,2026-06-23T19:19:50,LOWER,1,1,7.394,0.007,43.119,43.254
1782238794.319,2026-06-23T19:19:54,HIGHER,1,1,3.155,0.007,43.073,43.207
1782238798.414,2026-06-23T19:19:58,LOWER,1,1,9.400,0.007,43.267,43.406
1782238802.463,2026-06-23T19:20:02,HIGHER,1,1,6.338,0.007,43.077,43.212
1782238806.551,2026-06-23T19:20:06,LOWER,1,1,3.212,0.007,43.056,43.193
1782238810.639,2026-06-23T19:20:10,HIGHER,1,1,6.406,0.006,42.966,43.102
1782238814.723,2026-06-23T19:20:14,LOWER,1,1,3.643,0.007,41.478,41.596
1782238818.816,2026-06-23T19:20:18,HIGHER,1,1,9.592,0.006,43.164,43.299
1782238822.912,2026-06-23T19:20:22,HIGHER,2,1,11.662,0.007,43.033,43.150
1782238827.007,2026-06-23T19:20:27,LOWER,1,1,10.838,0.008,43.757,43.895
1782238831.100,2026-06-23T19:20:31,LOWER,1,1,8.520,0.008,42.823,42.957
1782238835.195,2026-06-23T19:20:35,LOWER,1,1,9.319,0.008,43.050,43.187
1782238839.292,2026-06-23T19:20:39,HIGHER,1,1,9.473,0.007,43.154,43.289
1782238843.346,2026-06-23T19:20:43,HIGHER,2,1,14.088,0.018,43.388,43.497
1782238847.444,2026-06-23T19:20:47,LOWER,1,1,12.847,0.008,42.996,43.135
1782238851.441,2026-06-23T19:20:51,LOWER,1,1,9.775,0.007,44.091,44.227
1782238855.442,2026-06-23T19:20:55,LOWER,1,1,9.323,0.007,44.643,44.780
1782238859.539,2026-06-23T19:20:59,HIGHER,1,1,10.193,0.007,42.856,42.991
1782238863.644,2026-06-23T19:21:03,LOWER,1,1,19.600,0.008,43.053,43.191
1782238867.744,2026-06-23T19:21:07,HIGHER,1,1,12.965,0.008,42.987,43.122
1782238871.840,2026-06-23T19:21:11,LOWER,1,1,10.331,0.008,42.903,43.054
1782238875.896,2026-06-23T19:21:15,HIGHER,1,1,14.724,0.007,42.996,43.130
1782238879.988,2026-06-23T19:21:19,LOWER,1,1,9.170,0.007,42.870,43.003
1782238884.084,2026-06-23T19:21:24,HIGHER,1,1,9.286,0.008,43.698,43.835
1782238888.179,2026-06-23T19:21:28,LOWER,1,1,8.520,0.007,43.988,44.122
1782238892.272,2026-06-23T19:21:32,HIGHER,1,1,9.879,0.007,43.044,43.160
1782238896.363,2026-06-23T19:21:36,LOWER,1,1,7.696,0.008,44.471,44.609
1782238900.366,2026-06-23T19:21:40,HIGHER,1,1,9.803,0.007,45.308,45.449
1782238904.457,2026-06-23T19:21:44,LOWER,1,1,3.373,0.007,43.476,43.615
1782238908.552,2026-06-23T19:21:48,HIGHER,1,1,4.480,0.007,44.927,45.065
1782238912.595,2026-06-23T19:21:52,LOWER,1,1,3.640,0.007,41.052,41.173
1782238916.682,2026-06-23T19:21:56,HIGHER,1,1,5.289,0.007,42.956,43.089
1782238920.795,2026-06-23T19:22:00,HIGHER,2,1,30.542,0.007,42.905,43.023
1782238924.781,2026-06-23T19:22:04,LOWER,1,1,3.471,0.006,43.233,43.368
1782238928.879,2026-06-23T19:22:08,LOWER,1,1,9.928,0.008,44.533,44.672
1782238932.976,2026-06-23T19:22:12,LOWER,1,1,8.195,0.008,47.181,47.316
1782238937.064,2026-06-23T19:22:17,HIGHER,1,1,4.129,0.008,44.791,44.928
1782238941.154,2026-06-23T19:22:21,LOWER,1,1,7.025,0.007,42.800,42.940
1782238945.247,2026-06-23T19:22:25,HIGHER,1,1,11.220,0.008,41.447,41.576
1782238949.300,2026-06-23T19:22:29,HIGHER,2,1,13.820,0.006,41.601,41.712
1782238953.391,2026-06-23T19:22:33,LOWER,1,1,6.778,0.008,42.737,42.875
1782238957.483,2026-06-23T19:22:37,LOWER,1,1,10.226,0.007,42.839,42.975
1782238961.575,2026-06-23T19:22:41,LOWER,1,1,9.642,0.007,42.975,43.111
1782238965.667,2026-06-23T19:22:45,HIGHER,1,1,9.839,0.007,42.961,43.099
1782238969.759,2026-06-23T19:22:49,LOWER,1,1,3.257,0.007,44.643,44.778
1782238973.851,2026-06-23T19:22:53,HIGHER,1,1,6.320,0.008,42.947,43.082
1782238977.937,2026-06-23T19:22:57,LOWER,1,1,3.216,0.007,43.185,43.319
1782238982.024,2026-06-23T19:23:02,HIGHER,1,1,3.105,0.007,43.198,43.332
1782238986.111,2026-06-23T19:23:06,LOWER,1,1,5.397,0.007,43.088,43.224
1782238990.162,2026-06-23T19:23:10,HIGHER,1,1,9.877,0.006,41.346,41.476
1782238994.253,2026-06-23T19:23:14,LOWER,1,1,9.824,0.008,43.272,43.418
1782238998.341,2026-06-23T19:23:18,HIGHER,1,1,3.599,0.007,42.933,43.052
1782239002.433,2026-06-23T19:23:22,LOWER,1,1,9.696,0.008,42.888,43.023
1782239006.521,2026-06-23T19:23:26,HIGHER,1,1,3.184,0.008,42.966,43.101
1782239010.609,2026-06-23T19:23:30,LOWER,1,1,9.097,0.008,42.816,42.956
1782239014.701,2026-06-23T19:23:34,HIGHER,1,1,7.551,0.006,44.075,44.214
1782239018.795,2026-06-23T19:23:38,LOWER,1,1,9.303,0.007,43.169,43.305
1782239022.884,2026-06-23T19:23:42,HIGHER,1,1,3.702,0.007,41.671,41.793
1782239026.974,2026-06-23T19:23:46,LOWER,1,1,3.972,0.006,42.872,43.011
1782239031.019,2026-06-23T19:23:51,HIGHER,1,1,6.760,0.008,43.068,43.203
1782239035.106,2026-06-23T19:23:55,LOWER,1,1,3.839,0.007,42.842,42.979
1782239039.196,2026-06-23T19:23:59,HIGHER,1,1,5.989,0.008,41.269,41.400
1782239043.292,2026-06-23T19:24:03,HIGHER,2,1,14.379,0.008,42.955,43.074
1782239047.374,2026-06-23T19:24:07,LOWER,1,1,3.670,0.008,41.577,41.698
1782239051.474,2026-06-23T19:24:11,LOWER,1,1,13.038,0.007,42.983,43.119
1782239055.564,2026-06-23T19:24:15,LOWER,1,1,4.580,0.007,42.970,43.106
1782239059.658,2026-06-23T19:24:19,HIGHER,1,1,10.051,0.008,43.411,43.548
1782239063.747,2026-06-23T19:24:23,LOWER,1,1,10.220,0.007,43.421,43.556
1782239067.844,2026-06-23T19:24:27,HIGHER,1,1,11.599,0.007,42.926,43.058
1782239071.894,2026-06-23T19:24:31,HIGHER,2,1,10.695,0.007,42.958,43.072
1782239075.986,2026-06-23T19:24:35,LOWER,1,1,9.760,0.007,42.885,43.021
1782239080.081,2026-06-23T19:24:40,LOWER,1,1,10.754,0.006,42.957,43.093
1782239084.165,2026-06-23T19:24:44,LOWER,1,1,3.611,0.008,42.915,43.051
1782239088.252,2026-06-23T19:24:48,HIGHER,1,1,3.587,0.007,42.848,42.982
1782239092.345,2026-06-23T19:24:52,LOWER,1,1,9.086,0.006,42.907,43.042
1782239096.436,2026-06-23T19:24:56,HIGHER,1,1,9.157,0.007,42.945,43.100
1782239100.531,2026-06-23T19:25:00,LOWER,1,1,9.294,0.007,41.333,41.461
1782239104.620,2026-06-23T19:25:04,HIGHER,1,1,6.263,0.008,43.225,43.362
1782239108.710,2026-06-23T19:25:08,LOWER,1,1,8.980,0.008,42.922,43.057
1782239112.763,2026-06-23T19:25:12,HIGHER,1,1,8.889,0.007,44.102,44.236
1782239116.857,2026-06-23T19:25:16,LOWER,1,1,9.193,0.007,42.883,43.018
1782239120.943,2026-06-23T19:25:20,HIGHER,1,1,3.622,0.008,43.225,43.360
1782239125.037,2026-06-23T19:25:25,LOWER,1,1,10.011,0.008,42.937,43.071
1782239129.129,2026-06-23T19:25:29,HIGHER,1,1,9.737,0.008,44.089,44.224
1782239133.215,2026-06-23T19:25:33,LOWER,1,1,3.242,0.007,42.990,43.123
1782239137.306,2026-06-23T19:25:37,HIGHER,1,1,8.315,0.007,43.027,43.160
1782239141.399,2026-06-23T19:25:41,LOWER,1,1,9.757,0.006,42.966,43.103
1782239145.488,2026-06-23T19:25:45,HIGHER,1,1,3.124,0.007,44.100,44.238
1782239149.574,2026-06-23T19:25:49,LOWER,1,1,3.320,0.007,42.924,43.059
1782239153.621,2026-06-23T19:25:53,LOWER,1,1,3.224,0.007,42.903,43.026
1782239157.718,2026-06-23T19:25:57,HIGHER,2,1,13.804,0.007,42.964,43.098
1782239161.813,2026-06-23T19:26:01,HIGHER,2,1,13.234,0.007,42.833,42.949
1782239165.906,2026-06-23T19:26:05,LOWER,1,1,9.125,0.007,42.814,42.949
1782239170.002,2026-06-23T19:26:10,LOWER,1,1,13.512,0.007,43.036,43.174
1782239174.088,2026-06-23T19:26:14,LOWER,1,1,3.501,0.007,42.977,43.115
1782239178.176,2026-06-23T19:26:18,HIGHER,1,1,3.484,0.007,43.045,43.180
1782239182.264,2026-06-23T19:26:22,LOWER,1,1,3.533,0.006,42.986,43.121
1782239186.357,2026-06-23T19:26:26,HIGHER,1,1,9.479,0.007,42.998,43.133
1782239190.453,2026-06-23T19:26:30,LOWER,1,1,9.510,0.008,42.982,43.121
1782239194.499,2026-06-23T19:26:34,HIGHER,1,1,3.624,0.007,43.208,43.342
1782239198.594,2026-06-23T19:26:38,LOWER,1,1,13.580,0.008,42.884,43.039
1782239202.681,2026-06-23T19:26:42,HIGHER,1,1,6.545,0.007,41.525,41.646
1782239206.769,2026-06-23T19:26:46,LOWER,1,1,6.246,0.006,42.913,43.049
1782239210.862,2026-06-23T19:26:50,HIGHER,1,1,10.729,0.007,42.822,42.957
1782239214.948,2026-06-23T19:26:54,LOWER,1,1,3.563,0.007,43.077,43.213
1782239219.038,2026-06-23T19:26:59,HIGHER,1,1,6.337,0.007,43.013,43.151
1782239223.132,2026-06-23T19:27:03,LOWER,1,1,11.375,0.007,42.813,42.950
1782239227.226,2026-06-23T19:27:07,HIGHER,1,1,10.054,0.007,42.945,43.079
1782239231.320,2026-06-23T19:27:11,HIGHER,2,1,10.513,0.007,42.912,43.029
1782239235.373,2026-06-23T19:27:15,LOWER,1,1,9.797,0.007,43.469,43.607
1782239239.469,2026-06-23T19:27:19,LOWER,1,1,6.874,0.007,43.202,43.339
1782239243.558,2026-06-23T19:27:23,LOWER,1,1,3.888,0.007,44.860,44.997
1782239247.656,2026-06-23T19:27:27,HIGHER,1,1,14.986,0.007,42.833,42.969
1782239251.744,2026-06-23T19:27:31,LOWER,1,1,4.501,0.007,42.933,43.066
1782239255.841,2026-06-23T19:27:35,LOWER,1,1,15.261,0.008,43.007,43.125
1782239259.847,2026-06-23T19:27:39,HIGHER,2,1,19.445,0.007,42.120,42.248
1782239263.939,2026-06-23T19:27:43,LOWER,1,1,9.638,0.007,41.173,41.303
1782239268.027,2026-06-23T19:27:48,HIGHER,1,1,6.321,0.007,40.905,41.028
1782239272.081,2026-06-23T19:27:52,HIGHER,2,1,13.551,0.007,43.035,43.151
1782239276.171,2026-06-23T19:27:56,LOWER,1,1,9.273,0.007,42.947,43.086
1782239280.265,2026-06-23T19:28:00,LOWER,1,1,6.701,0.008,43.322,43.462
1782239284.358,2026-06-23T19:28:04,LOWER,1,1,9.297,0.008,42.892,43.031
1782239288.448,2026-06-23T19:28:08,HIGHER,1,1,9.431,0.007,40.621,40.741
1782239292.538,2026-06-23T19:28:12,LOWER,1,1,7.117,0.007,41.121,41.239
1782239296.628,2026-06-23T19:28:16,HIGHER,1,1,8.215,0.007,42.996,43.130
1782239300.720,2026-06-23T19:28:20,LOWER,1,1,6.056,0.008,42.976,43.138
1782239304.813,2026-06-23T19:28:24,HIGHER,1,1,9.322,0.007,42.836,42.970
1782239308.905,2026-06-23T19:28:28,LOWER,1,1,11.136,0.008,43.041,43.180
1782239312.953,2026-06-23T19:28:32,HIGHER,1,1,5.924,0.007,42.971,43.105
1782239317.042,2026-06-23T19:28:37,LOWER,1,1,4.838,0.007,43.027,43.163
1782239321.128,2026-06-23T19:28:41,HIGHER,1,1,3.484,0.008,43.231,43.368
1782239325.213,2026-06-23T19:28:45,LOWER,1,1,3.194,0.008,42.738,42.874
1782239329.298,2026-06-23T19:28:49,HIGHER,1,1,3.202,0.007,42.944,43.077
1782239333.392,2026-06-23T19:28:53,LOWER,1,1,8.381,0.007,43.171,43.308
1782239337.481,2026-06-23T19:28:57,HIGHER,1,1,6.416,0.006,43.227,43.364
1782239341.565,2026-06-23T19:29:01,LOWER,1,1,3.133,0.006,42.900,43.034
1782239345.658,2026-06-23T19:29:05,HIGHER,1,1,8.417,0.008,42.849,42.984
1782239349.750,2026-06-23T19:29:09,LOWER,1,1,9.073,0.008,42.900,43.039
1782239353.797,2026-06-23T19:29:13,HIGHER,1,1,3.718,0.006,41.473,41.614
1782239357.889,2026-06-23T19:29:17,LOWER,1,1,9.816,0.006,42.721,42.855
1782239361.977,2026-06-23T19:29:21,HIGHER,1,1,6.019,0.007,42.267,42.382
1782239366.068,2026-06-23T19:29:26,LOWER,1,1,6.312,0.007,43.101,43.238
1782239370.160,2026-06-23T19:29:30,HIGHER,1,1,7.439,0.007,42.937,43.070
1782239374.254,2026-06-23T19:29:34,LOWER,1,1,9.701,0.008,42.811,42.935
1782239378.349,2026-06-23T19:29:38,HIGHER,1,1,9.248,0.006,42.920,43.058
1782239382.445,2026-06-23T19:29:42,LOWER,1,1,9.686,0.007,43.057,43.192
1782239386.542,2026-06-23T19:29:46,HIGHER,1,1,11.109,0.008,43.039,43.175
1782239390.637,2026-06-23T19:29:50,LOWER,1,1,9.612,0.008,45.958,46.094
1782239394.685,2026-06-23T19:29:54,LOWER,1,1,9.309,0.007,41.557,41.668
1782239398.787,2026-06-23T19:29:58,HIGHER,2,1,13.768,0.007,42.884,43.019
1782239402.882,2026-06-23T19:30:02,LOWER,1,1,11.415,0.007,42.999,43.139
1782239406.973,2026-06-23T19:30:06,HIGHER,1,1,9.139,0.007,42.954,43.089
1782239411.061,2026-06-23T19:30:11,LOWER,1,1,5.579,0.008,43.007,43.146
1782239415.157,2026-06-23T19:30:15,HIGHER,1,1,13.236,0.008,43.112,43.248
1782239419.245,2026-06-23T19:30:19,LOWER,1,1,3.649,0.008,42.903,43.039
1782239423.333,2026-06-23T19:30:23,HIGHER,1,1,3.592,0.006,42.907,43.039
1782239427.424,2026-06-23T19:30:27,LOWER,1,1,9.384,0.007,42.192,42.310
1782239431.519,2026-06-23T19:30:31,HIGHER,1,1,9.725,0.007,43.324,43.461
1782239435.569,2026-06-23T19:30:35,LOWER,1,1,6.188,0.007,43.160,43.298
1782239439.656,2026-06-23T19:30:39,HIGHER,1,1,3.858,0.008,43.305,43.439
1782239443.745,2026-06-23T19:30:43,LOWER,1,1,8.021,0.007,40.884,41.008
1782239447.840,2026-06-23T19:30:47,LOWER,1,1,7.729,0.007,44.466,44.582
1782239451.941,2026-06-23T19:30:51,HIGHER,2,1,12.448,0.008,43.102,43.222
1782239455.938,2026-06-23T19:30:55,LOWER,1,1,9.308,0.007,43.454,43.590
1782239460.034,2026-06-23T19:31:00,HIGHER,1,1,6.278,0.007,43.211,43.345
1782239464.125,2026-06-23T19:31:04,LOWER,1,1,3.669,0.007,43.371,43.511
1782239468.219,2026-06-23T19:31:08,HIGHER,1,1,10.955,0.007,42.929,43.061
1782239472.270,2026-06-23T19:31:12,LOWER,1,1,9.777,0.006,43.114,43.250
1782239476.363,2026-06-23T19:31:16,HIGHER,1,1,10.019,0.007,41.258,41.376
1782239480.455,2026-06-23T19:31:20,HIGHER,2,1,6.474,0.008,42.915,43.034
1782239484.549,2026-06-23T19:31:24,LOWER,1,1,8.962,0.006,43.050,43.186
1782239488.639,2026-06-23T19:31:28,LOWER,1,1,6.264,0.007,42.925,43.059
1782239492.728,2026-06-23T19:31:32,LOWER,1,1,9.679,0.007,42.732,42.867
1782239496.820,2026-06-23T19:31:36,HIGHER,1,1,10.011,0.007,42.848,42.984
1782239500.909,2026-06-23T19:31:40,LOWER,1,1,5.949,0.007,42.862,42.996
1782239504.998,2026-06-23T19:31:44,HIGHER,1,1,3.215,0.007,42.417,42.550
1782239509.084,2026-06-23T19:31:49,LOWER,1,1,3.550,0.007,43.071,43.209
1782239513.127,2026-06-23T19:31:53,HIGHER,1,1,3.080,0.007,42.944,43.076
1782239517.219,2026-06-23T19:31:57,LOWER,1,1,9.284,0.007,43.286,43.422
1782239521.312,2026-06-23T19:32:01,HIGHER,1,1,8.350,0.007,42.927,43.080
1782239525.406,2026-06-23T19:32:05,LOWER,1,1,10.246,0.007,42.969,43.106
1782239529.497,2026-06-23T19:32:09,HIGHER,1,1,9.303,0.007,42.959,43.092
1782239533.588,2026-06-23T19:32:13,LOWER,1,1,3.219,0.007,42.226,42.344
1782239537.678,2026-06-23T19:32:17,HIGHER,1,1,3.480,0.006,43.018,43.168
1782239541.771,2026-06-23T19:32:21,LOWER,1,1,9.305,0.008,43.154,43.293
1782239545.863,2026-06-23T19:32:25,HIGHER,1,1,9.366,0.007,42.876,43.023
1782239549.958,2026-06-23T19:32:29,LOWER,1,1,9.767,0.007,43.379,43.515
1782239554.003,2026-06-23T19:32:34,HIGHER,1,1,5.205,0.008,42.202,42.322
1782239558.103,2026-06-23T19:32:38,LOWER,1,1,15.673,0.007,42.818,42.950
1782239562.100,2026-06-23T19:32:42,HIGHER,1,1,9.895,0.007,42.787,42.924
1782239566.211,2026-06-23T19:32:46,LOWER,1,1,25.743,0.007,42.807,42.944
1782239570.208,2026-06-23T19:32:50,HIGHER,1,1,12.769,0.007,42.839,42.973
1782239574.300,2026-06-23T19:32:54,LOWER,1,1,4.257,0.007,42.752,42.888
1782239578.390,2026-06-23T19:32:58,HIGHER,1,1,3.202,0.006,43.104,43.240
1782239582.482,2026-06-23T19:33:02,LOWER,1,1,9.369,0.006,42.820,42.954
1782239586.532,2026-06-23T19:33:06,HIGHER,1,1,8.883,0.007,41.880,41.997
1782239590.633,2026-06-23T19:33:10,HIGHER,2,1,13.320,0.007,42.732,42.848
1782239594.723,2026-06-23T19:33:14,LOWER,1,1,6.656,0.007,42.981,43.121
1782239598.817,2026-06-23T19:33:18,LOWER,1,1,9.648,0.007,42.805,42.938
1782239602.911,2026-06-23T19:33:22,LOWER,1,1,9.634,0.007,43.244,43.381
1782239607.003,2026-06-23T19:33:27,HIGHER,1,1,3.193,0.007,42.879,43.013
1782239611.098,2026-06-23T19:33:31,LOWER,1,1,9.630,0.007,42.858,42.995
1782239615.187,2026-06-23T19:33:35,HIGHER,1,1,4.069,0.007,42.917,43.051
1782239619.283,2026-06-23T19:33:39,LOWER,1,1,10.021,0.007,42.995,43.128
1782239623.373,2026-06-23T19:33:43,HIGHER,1,1,6.597,0.006,41.080,41.205
1782239627.425,2026-06-23T19:33:47,LOWER,1,1,10.552,0.008,42.690,42.827
1782239631.513,2026-06-23T19:33:51,HIGHER,1,1,5.682,0.007,42.893,43.027
1782239635.610,2026-06-23T19:33:55,LOWER,1,1,9.658,0.007,43.488,43.623
1782239639.708,2026-06-23T19:33:59,HIGHER,1,1,9.042,0.007,42.854,42.989
1782239643.802,2026-06-23T19:34:03,LOWER,1,1,9.246,0.007,43.046,43.181
1782239647.890,2026-06-23T19:34:07,HIGHER,1,1,3.765,0.007,40.886,41.016
1782239651.983,2026-06-23T19:34:11,LOWER,1,1,9.835,0.008,41.113,41.238
1782239656.075,2026-06-23T19:34:16,HIGHER,1,1,9.586,0.007,42.778,42.914
1782239660.172,2026-06-23T19:34:20,LOWER,1,1,8.876,0.007,42.890,43.026
1782239664.270,2026-06-23T19:34:24,HIGHER,1,1,9.604,0.007,44.107,44.245
1782239668.227,2026-06-23T19:34:28,LOWER,1,1,10.223,0.007,44.966,45.118
1782239672.228,2026-06-23T19:34:32,HIGHER,1,1,9.692,0.007,44.040,44.176
1782239676.323,2026-06-23T19:34:36,LOWER,1,1,6.814,0.008,42.806,42.942
1782239680.422,2026-06-23T19:34:40,HIGHER,1,1,10.663,0.007,42.865,43.004
1782239684.516,2026-06-23T19:34:44,LOWER,1,1,9.569,0.006,41.433,41.562
1782239688.609,2026-06-23T19:34:48,HIGHER,1,1,10.493,0.007,41.876,42.001
1782239692.701,2026-06-23T19:34:52,LOWER,1,1,10.004,0.007,41.545,41.663
1782239696.794,2026-06-23T19:34:56,HIGHER,1,1,7.038,0.007,42.781,42.917
1782239700.847,2026-06-23T19:35:00,LOWER,1,1,12.430,0.007,42.929,43.066
1782239704.943,2026-06-23T19:35:04,LOWER,1,1,11.747,0.008,42.973,43.088
1782239709.043,2026-06-23T19:35:09,HIGHER,2,1,15.167,0.007,40.830,40.958
1782239713.037,2026-06-23T19:35:13,LOWER,1,1,7.695,0.008,43.314,43.453
1782239717.129,2026-06-23T19:35:17,HIGHER,1,1,9.794,0.007,43.273,43.421
1782239721.225,2026-06-23T19:35:21,LOWER,1,1,11.230,0.007,41.526,41.650
1782239725.315,2026-06-23T19:35:25,HIGHER,1,1,3.501,0.007,44.321,44.441
1782239729.409,2026-06-23T19:35:29,LOWER,1,1,6.857,0.008,43.571,43.710
1782239733.504,2026-06-23T19:35:33,HIGHER,1,1,10.034,0.007,43.031,43.167
1782239737.557,2026-06-23T19:35:37,LOWER,1,1,10.606,0.007,42.347,42.477
1782239741.645,2026-06-23T19:35:41,HIGHER,1,1,4.724,0.008,43.013,43.149
1782239745.737,2026-06-23T19:35:45,LOWER,1,1,6.214,0.007,43.062,43.198
1782239749.832,2026-06-23T19:35:49,HIGHER,1,1,8.839,0.008,44.321,44.458
1782239753.830,2026-06-23T19:35:53,LOWER,1,1,6.344,0.007,44.752,44.888
1782239757.931,2026-06-23T19:35:57,HIGHER,1,1,10.564,0.007,42.891,43.025
1782239761.935,2026-06-23T19:36:01,LOWER,1,1,12.739,0.007,45.003,45.141
1782239766.032,2026-06-23T19:36:06,HIGHER,1,1,4.918,0.007,44.758,44.895
1782239770.085,2026-06-23T19:36:10,LOWER,1,1,3.578,0.007,43.367,43.501
1782239774.178,2026-06-23T19:36:14,HIGHER,1,1,3.204,0.007,43.751,43.887
1782239778.272,2026-06-23T19:36:18,LOWER,1,1,11.189,0.008,40.807,40.930
1782239782.364,2026-06-23T19:36:22,HIGHER,1,1,5.980,0.006,42.983,43.118
1782239786.457,2026-06-23T19:36:26,LOWER,1,1,6.678,0.007,43.967,44.101
1782239790.552,2026-06-23T19:36:30,HIGHER,1,1,4.342,0.007,44.182,44.325
1782239794.649,2026-06-23T19:36:34,HIGHER,2,1,14.622,0.007,41.290,41.405
1782239798.644,2026-06-23T19:36:38,LOWER,1,1,8.351,0.008,43.293,43.430
1782239802.740,2026-06-23T19:36:42,LOWER,1,1,9.582,0.007,43.734,43.872
1782239806.792,2026-06-23T19:36:46,LOWER,1,1,8.601,0.007,41.246,41.373
1782239810.891,2026-06-23T19:36:50,HIGHER,1,1,9.874,0.007,41.825,41.947
1782239814.982,2026-06-23T19:36:54,LOWER,1,1,3.609,0.007,43.801,43.935
1782239819.081,2026-06-23T19:36:59,LOWER,1,1,8.801,0.008,43.532,43.648
1782239823.181,2026-06-23T19:37:03,HIGHER,2,1,13.130,0.007,42.844,42.978
1782239827.276,2026-06-23T19:37:07,LOWER,1,1,9.045,0.007,43.369,43.521
1782239831.373,2026-06-23T19:37:11,HIGHER,1,1,9.408,0.006,44.110,44.244
1782239835.381,2026-06-23T19:37:15,LOWER,1,1,15.648,0.007,43.696,43.831
1782239839.481,2026-06-23T19:37:19,HIGHER,1,1,8.896,0.008,43.281,43.418
1782239843.536,2026-06-23T19:37:23,LOWER,1,1,10.271,0.007,44.116,44.252
1782239847.624,2026-06-23T19:37:27,HIGHER,1,1,3.239,0.007,41.417,41.544
1782239851.713,2026-06-23T19:37:31,LOWER,1,1,5.454,0.006,43.733,43.894
1782239855.804,2026-06-23T19:37:35,HIGHER,1,1,9.628,0.007,43.108,43.242
1782239859.902,2026-06-23T19:37:39,LOWER,1,1,9.126,0.007,44.776,44.914
1782239864.024,2026-06-23T19:37:44,HIGHER,1,1,31.704,0.008,44.094,44.230
1782239868.011,2026-06-23T19:37:48,LOWER,1,1,3.566,0.007,42.066,42.184
1782239872.109,2026-06-23T19:37:52,HIGHER,1,1,11.175,0.007,44.585,44.722
1782239876.210,2026-06-23T19:37:56,LOWER,1,1,9.405,0.007,43.573,43.711
1782239880.266,2026-06-23T19:38:00,HIGHER,1,1,9.348,0.008,43.652,43.787
1782239884.355,2026-06-23T19:38:04,LOWER,1,1,3.591,0.008,42.827,42.963
1782239888.458,2026-06-23T19:38:08,HIGHER,1,1,8.799,0.007,45.288,45.427
1782239892.462,2026-06-23T19:38:12,LOWER,1,1,10.929,0.008,44.190,44.326
1782239896.558,2026-06-23T19:38:16,HIGHER,1,1,8.464,0.007,43.075,43.210
1782239900.653,2026-06-23T19:38:20,LOWER,1,1,10.156,0.007,43.038,43.175
1782239904.742,2026-06-23T19:38:24,HIGHER,1,1,3.841,0.008,43.136,43.272
1782239908.835,2026-06-23T19:38:28,LOWER,1,1,4.481,0.008,43.347,43.491
1782239912.937,2026-06-23T19:38:32,HIGHER,1,1,9.473,0.007,44.103,44.238
1782239916.896,2026-06-23T19:38:36,LOWER,1,1,8.257,0.007,44.081,44.216
1782239920.987,2026-06-23T19:38:40,LOWER,1,1,3.272,0.007,43.026,43.142
1782239925.082,2026-06-23T19:38:45,HIGHER,2,1,6.335,0.008,43.078,43.215
1782239929.182,2026-06-23T19:38:49,HIGHER,2,1,15.559,0.008,42.957,43.062
1782239933.174,2026-06-23T19:38:53,LOWER,1,1,4.907,0.007,42.965,43.102
1782239937.262,2026-06-23T19:38:57,LOWER,1,1,3.822,0.007,41.167,41.294
1782239941.355,2026-06-23T19:39:01,LOWER,1,1,9.130,0.008,43.000,43.131
1782239945.451,2026-06-23T19:39:05,HIGHER,1,1,9.744,0.008,43.150,43.287
1782239949.527,2026-06-23T19:39:09,HIGHER,2,1,30.724,0.008,43.705,43.823
1782239953.518,2026-06-23T19:39:13,LOWER,1,1,9.417,0.008,42.978,43.115
1782239957.609,2026-06-23T19:39:17,LOWER,1,1,4.280,0.007,42.949,43.086
1782239961.706,2026-06-23T19:39:21,LOWER,1,1,6.178,0.007,43.179,43.314
1782239965.806,2026-06-23T19:39:25,HIGHER,1,1,16.819,0.007,42.189,42.319
1782239969.894,2026-06-23T19:39:29,LOWER,1,1,6.390,0.007,41.678,41.819
1782239973.983,2026-06-23T19:39:33,HIGHER,1,1,3.216,0.007,43.141,43.277
1782239978.078,2026-06-23T19:39:38,LOWER,1,1,9.253,0.007,43.130,43.266
1782239982.179,2026-06-23T19:39:42,HIGHER,1,1,13.062,0.007,43.737,43.880
1782239986.228,2026-06-23T19:39:46,LOWER,1,1,7.580,0.007,43.030,43.166
1782239990.324,2026-06-23T19:39:50,HIGHER,1,1,9.737,0.008,43.155,43.292
1782239994.429,2026-06-23T19:39:54,LOWER,1,1,16.968,0.007,40.961,41.103
1782239998.427,2026-06-23T19:39:58,HIGHER,1,1,13.455,0.007,41.218,41.345
1782240002.519,2026-06-23T19:40:02,LOWER,1,1,10.279,0.006,41.674,41.803
1782240006.611,2026-06-23T19:40:06,HIGHER,1,1,6.349,0.007,43.111,43.244
1782240010.705,2026-06-23T19:40:10,LOWER,1,1,9.785,0.008,43.236,43.372
1782240014.801,2026-06-23T19:40:14,HIGHER,1,1,10.922,0.008,42.850,42.983
1782240018.896,2026-06-23T19:40:18,LOWER,1,1,9.870,0.007,42.950,43.091
1782240022.948,2026-06-23T19:40:22,HIGHER,1,1,10.954,0.006,42.902,43.035
1782240027.043,2026-06-23T19:40:27,HIGHER,2,1,10.437,0.007,43.097,43.266
1782240031.040,2026-06-23T19:40:31,LOWER,1,1,6.469,0.008,42.453,42.583
1782240035.136,2026-06-23T19:40:35,LOWER,1,1,8.435,0.008,43.019,43.154
1782240039.228,2026-06-23T19:40:39,LOWER,1,1,9.211,0.008,42.974,43.110
1782240043.324,2026-06-23T19:40:43,HIGHER,1,1,9.157,0.007,42.509,42.627
1782240047.320,2026-06-23T19:40:47,LOWER,1,1,3.869,0.008,43.963,44.101
1782240051.418,2026-06-23T19:40:51,HIGHER,1,1,6.293,0.008,45.510,45.650
1782240055.479,2026-06-23T19:40:55,HIGHER,2,1,13.422,0.007,44.676,44.798
1782240059.478,2026-06-23T19:40:59,LOWER,1,1,4.068,0.007,44.039,44.176
1782240063.575,2026-06-23T19:41:03,LOWER,1,1,9.336,0.008,46.939,47.074
1782240067.669,2026-06-23T19:41:07,LOWER,1,1,9.296,0.007,41.418,41.546
1782240071.765,2026-06-23T19:41:11,HIGHER,1,1,7.021,0.006,41.425,41.552
1782240075.859,2026-06-23T19:41:15,LOWER,1,1,9.599,0.008,43.289,43.427
1782240079.956,2026-06-23T19:41:19,HIGHER,1,1,10.266,0.007,43.111,43.232
1782240084.048,2026-06-23T19:41:24,LOWER,1,1,3.216,0.007,42.719,42.853
1782240088.143,2026-06-23T19:41:28,HIGHER,1,1,10.592,0.007,42.892,43.031
1782240092.196,2026-06-23T19:41:32,LOWER,1,1,9.247,0.007,42.855,42.991
1782240096.303,2026-06-23T19:41:36,HIGHER,1,1,17.526,0.008,43.185,43.321
1782240100.296,2026-06-23T19:41:40,LOWER,1,1,9.797,0.008,41.196,41.325
1782240104.395,2026-06-23T19:41:44,HIGHER,1,1,9.631,0.007,42.882,43.016
1782240108.493,2026-06-23T19:41:48,LOWER,1,1,9.251,0.007,43.058,43.190
1782240112.586,2026-06-23T19:41:52,HIGHER,1,1,3.489,0.006,42.899,43.032
1782240116.681,2026-06-23T19:41:56,LOWER,1,1,11.252,0.008,41.489,41.609
1782240120.771,2026-06-23T19:42:00,HIGHER,1,1,3.485,0.007,43.009,43.145
1782240124.867,2026-06-23T19:42:04,LOWER,1,1,10.954,0.007,43.051,43.188
1782240128.820,2026-06-23T19:42:08,HIGHER,1,1,3.671,0.007,44.889,45.025
1782240132.917,2026-06-23T19:42:12,LOWER,1,1,3.244,0.007,43.641,43.775
1782240137.010,2026-06-23T19:42:17,HIGHER,1,1,7.259,0.008,41.583,41.714
1782240141.106,2026-06-23T19:42:21,LOWER,1,1,6.643,0.007,42.129,42.257
1782240145.201,2026-06-23T19:42:25,HIGHER,1,1,9.417,0.007,43.041,43.175
1782240149.294,2026-06-23T19:42:29,LOWER,1,1,3.585,0.007,42.611,42.731
1782240153.392,2026-06-23T19:42:33,HIGHER,1,1,9.735,0.007,43.513,43.663
1782240157.482,2026-06-23T19:42:37,LOWER,1,1,3.141,0.007,42.845,42.995
1782240161.573,2026-06-23T19:42:41,HIGHER,1,1,5.819,0.008,43.156,43.293
1782240165.627,2026-06-23T19:42:45,HIGHER,2,1,5.951,0.007,43.093,43.209
1782240169.720,2026-06-23T19:42:49,LOWER,1,1,9.594,0.007,43.100,43.234
1782240173.817,2026-06-23T19:42:53,LOWER,1,1,9.823,0.007,43.033,43.169
1782240177.907,2026-06-23T19:42:57,LOWER,1,1,3.184,0.007,43.862,43.976
1782240181.996,2026-06-23T19:43:01,HIGHER,1,1,3.295,0.007,43.121,43.258
1782240186.085,2026-06-23T19:43:06,LOWER,1,1,6.326,0.007,42.938,43.074
1782240190.177,2026-06-23T19:43:10,HIGHER,1,1,6.862,0.006,42.984,43.119
1782240194.177,2026-06-23T19:43:14,LOWER,1,1,5.859,0.007,43.625,43.758
1782240198.267,2026-06-23T19:43:18,HIGHER,1,1,3.546,0.007,43.850,43.983
1782240202.311,2026-06-23T19:43:22,LOWER,1,1,3.487,0.007,41.056,41.180
1782240206.400,2026-06-23T19:43:26,HIGHER,1,1,6.104,0.007,42.794,42.929
1782240210.497,2026-06-23T19:43:30,LOWER,1,1,9.297,0.008,44.202,44.339
1782240214.592,2026-06-23T19:43:34,HIGHER,1,1,11.233,0.007,42.681,42.818
1782240218.688,2026-06-23T19:43:38,LOWER,1,1,11.377,0.007,42.944,43.093
1782240222.790,2026-06-23T19:43:42,HIGHER,1,1,14.937,0.007,42.855,42.988
1782240226.879,2026-06-23T19:43:46,LOWER,1,1,4.954,0.008,43.135,43.272
1782240230.966,2026-06-23T19:43:50,HIGHER,1,1,3.171,0.007,42.721,42.853
1782240235.057,2026-06-23T19:43:55,LOWER,1,1,4.025,0.008,41.420,41.544
1782240239.158,2026-06-23T19:43:59,HIGHER,1,1,15.319,0.008,42.997,43.116
1782240243.106,2026-06-23T19:44:03,LOWER,1,1,4.437,0.007,43.079,43.213
1782240247.203,2026-06-23T19:44:07,HIGHER,1,1,10.720,0.008,42.787,42.920
1782240251.296,2026-06-23T19:44:11,LOWER,1,1,9.024,0.008,43.008,43.145
1782240255.385,2026-06-23T19:44:15,HIGHER,1,1,3.187,0.007,42.831,42.964
1782240259.474,2026-06-23T19:44:19,LOWER,1,1,3.244,0.007,43.058,43.195
1782240263.567,2026-06-23T19:44:23,HIGHER,1,1,9.331,0.007,42.517,42.631
1782240267.666,2026-06-23T19:44:27,LOWER,1,1,10.257,0.007,42.922,43.060
1782240271.763,2026-06-23T19:44:31,HIGHER,1,1,11.427,0.008,42.853,42.985
1782240275.858,2026-06-23T19:44:35,LOWER,1,1,10.678,0.008,43.040,43.177
1782240279.906,2026-06-23T19:44:39,LOWER,1,1,3.220,0.007,42.897,43.011
1782240284.000,2026-06-23T19:44:43,HIGHER,2,1,10.235,0.007,40.804,40.929
1782240288.096,2026-06-23T19:44:48,LOWER,1,1,9.436,0.007,43.372,43.510
1782240292.191,2026-06-23T19:44:52,HIGHER,1,1,9.681,0.007,44.003,44.120
1782240296.287,2026-06-23T19:44:56,LOWER,1,1,9.834,0.008,42.851,42.988
1782240300.379,2026-06-23T19:45:00,HIGHER,1,1,5.780,0.007,42.824,42.959
1782240304.471,2026-06-23T19:45:04,LOWER,1,1,5.351,0.008,42.973,43.111
1782240308.566,2026-06-23T19:45:08,HIGHER,1,1,9.727,0.007,44.151,44.285
1782240312.670,2026-06-23T19:45:12,LOWER,1,1,18.434,0.008,43.157,43.292
1782240316.760,2026-06-23T19:45:16,HIGHER,1,1,5.856,0.007,42.980,43.118
1782240320.806,2026-06-23T19:45:20,LOWER,1,1,3.866,0.007,42.791,42.926
1782240324.903,2026-06-23T19:45:24,HIGHER,1,1,9.595,0.007,43.203,43.339
1782240328.916,2026-06-23T19:45:28,LOWER,1,1,10.703,0.006,28.199,28.300
1782240332.996,2026-06-23T19:45:32,HIGHER,1,1,8.977,0.007,43.264,43.402
1782240337.092,2026-06-23T19:45:37,LOWER,1,1,12.192,0.007,42.959,43.097
1782240341.187,2026-06-23T19:45:41,HIGHER,1,1,8.893,0.007,42.865,42.998
1782240345.273,2026-06-23T19:45:45,LOWER,1,1,3.201,0.006,42.868,43.002
1782240349.367,2026-06-23T19:45:49,HIGHER,1,1,8.197,0.007,43.042,43.190
1782240353.462,2026-06-23T19:45:53,LOWER,1,1,11.316,0.007,43.438,43.571
1782240357.560,2026-06-23T19:45:57,HIGHER,1,1,14.517,0.008,42.896,43.031
1782240361.615,2026-06-23T19:46:01,HIGHER,2,1,13.104,0.007,42.991,43.110
1782240365.704,2026-06-23T19:46:05,LOWER,1,1,3.182,0.007,42.946,43.097
1782240369.795,2026-06-23T19:46:09,LOWER,1,1,8.806,0.007,43.489,43.625
1782240373.887,2026-06-23T19:46:13,LOWER,1,1,3.275,0.007,42.758,42.893
1782240377.980,2026-06-23T19:46:17,HIGHER,1,1,9.133,0.008,42.902,43.038
1782240382.075,2026-06-23T19:46:22,LOWER,1,1,9.930,0.008,42.738,42.877
1782240386.171,2026-06-23T19:46:26,HIGHER,1,1,14.134,0.008,41.765,41.891
1782240390.263,2026-06-23T19:46:30,LOWER,1,1,6.845,0.007,42.894,43.028
1782240394.360,2026-06-23T19:46:34,HIGHER,1,1,11.722,0.007,42.905,43.042
1782240398.452,2026-06-23T19:46:38,LOWER,1,1,4.702,0.007,44.624,44.741
1782240402.499,2026-06-23T19:46:42,HIGHER,1,1,5.126,0.007,41.492,41.621
1782240406.587,2026-06-23T19:46:46,LOWER,1,1,3.239,0.007,42.825,42.958
1782240410.679,2026-06-23T19:46:50,HIGHER,1,1,9.264,0.007,41.245,41.385
1782240414.768,2026-06-23T19:46:54,LOWER,1,1,3.992,0.006,41.583,41.704
1782240418.864,2026-06-23T19:46:58,HIGHER,1,1,9.767,0.006,43.580,43.716
1782240422.960,2026-06-23T19:47:02,LOWER,1,1,5.986,0.008,44.008,44.146
1782240427.047,2026-06-23T19:47:07,HIGHER,1,1,3.232,0.007,42.831,42.963
1782240431.139,2026-06-23T19:47:11,LOWER,1,1,3.621,0.007,42.745,42.879
1782240435.228,2026-06-23T19:47:15,HIGHER,1,1,6.514,0.007,42.955,43.091
1782240439.324,2026-06-23T19:47:19,LOWER,1,1,9.479,0.007,43.827,43.964
1782240443.379,2026-06-23T19:47:23,HIGHER,1,1,10.040,0.008,43.254,43.388
1782240447.472,2026-06-23T19:47:27,LOWER,1,1,7.831,0.008,42.884,43.022
1782240451.560,2026-06-23T19:47:31,HIGHER,1,1,3.171,0.007,42.879,43.014
1782240455.658,2026-06-23T19:47:35,LOWER,1,1,10.458,0.007,42.907,43.043
1782240459.756,2026-06-23T19:47:39,HIGHER,1,1,11.031,0.007,43.170,43.322
1782240463.845,2026-06-23T19:47:43,LOWER,1,1,3.582,0.007,42.989,43.127
1782240467.935,2026-06-23T19:47:47,HIGHER,1,1,4.638,0.007,42.965,43.102
1782240472.032,2026-06-23T19:47:52,LOWER,1,1,8.628,0.006,42.909,43.042
1782240476.125,2026-06-23T19:47:56,HIGHER,1,1,8.734,0.008,40.336,40.458
1782240480.228,2026-06-23T19:48:00,LOWER,1,1,17.668,0.006,43.126,43.270
1782240484.179,2026-06-23T19:48:04,LOWER,1,1,9.848,0.007,43.399,43.514
1782240488.277,2026-06-23T19:48:08,HIGHER,2,1,12.777,0.007,43.139,43.278
1782240492.374,2026-06-23T19:48:12,LOWER,1,1,10.207,0.007,42.967,43.104
1782240496.464,2026-06-23T19:48:16,HIGHER,1,1,4.387,0.007,43.148,43.285
1782240500.564,2026-06-23T19:48:20,LOWER,1,1,13.108,0.007,42.971,43.107
1782240504.660,2026-06-23T19:48:24,HIGHER,1,1,9.839,0.007,42.823,42.958
1782240508.760,2026-06-23T19:48:28,LOWER,1,1,9.828,0.008,43.117,43.254
1782240512.853,2026-06-23T19:48:32,HIGHER,1,1,9.367,0.008,41.530,41.659
1782240516.950,2026-06-23T19:48:36,LOWER,1,1,9.451,0.006,43.070,43.204
1782240521.000,2026-06-23T19:48:41,HIGHER,1,1,4.439,0.007,42.806,42.940
1782240525.096,2026-06-23T19:48:45,LOWER,1,1,10.873,0.006,42.945,43.082
1782240529.182,2026-06-23T19:48:49,HIGHER,1,1,3.209,0.008,43.105,43.242
1782240533.271,2026-06-23T19:48:53,LOWER,1,1,3.841,0.007,42.072,42.200
1782240537.367,2026-06-23T19:48:57,HIGHER,1,1,9.574,0.007,42.928,43.061
1782240541.460,2026-06-23T19:49:01,LOWER,1,1,9.242,0.006,41.523,41.644
1782240545.559,2026-06-23T19:49:05,HIGHER,1,1,11.421,0.007,43.165,43.298
1782240549.653,2026-06-23T19:49:09,LOWER,1,1,9.060,0.008,42.996,43.114
1782240553.747,2026-06-23T19:49:13,HIGHER,1,1,4.739,0.007,44.155,44.292
1782240557.840,2026-06-23T19:49:17,LOWER,1,1,6.075,0.007,42.967,43.105
1782240561.894,2026-06-23T19:49:21,HIGHER,1,1,9.696,0.006,42.951,43.085
1782240565.987,2026-06-23T19:49:25,LOWER,1,1,9.607,0.007,40.274,40.395
1782240570.086,2026-06-23T19:49:30,HIGHER,1,1,9.848,0.007,44.060,44.195
1782240574.180,2026-06-23T19:49:34,HIGHER,2,1,7.905,0.007,41.446,41.557
1782240578.270,2026-06-23T19:49:38,LOWER,1,1,3.223,0.007,42.752,42.890
1782240582.367,2026-06-23T19:49:42,LOWER,1,1,9.752,0.006,42.916,43.051
1782240586.458,2026-06-23T19:49:46,LOWER,1,1,3.656,0.007,43.541,43.675
1782240590.552,2026-06-23T19:49:50,HIGHER,1,1,9.185,0.006,42.809,42.941
1782240594.648,2026-06-23T19:49:54,LOWER,1,1,10.543,0.007,42.803,42.940
1782240598.743,2026-06-23T19:49:58,HIGHER,1,1,9.904,0.007,43.036,43.169
1782240602.789,2026-06-23T19:50:02,LOWER,1,1,3.579,0.008,41.909,42.028
1782240606.884,2026-06-23T19:50:06,HIGHER,1,1,6.554,0.007,43.102,43.239
1782240610.980,2026-06-23T19:50:10,LOWER,1,1,9.405,0.007,42.852,42.988
1782240615.082,2026-06-23T19:50:15,HIGHER,1,1,16.725,0.008,42.933,43.071
1782240619.078,2026-06-23T19:50:19,LOWER,1,1,6.598,0.008,43.447,43.583
1782240623.184,2026-06-23T19:50:23,HIGHER,1,1,23.130,0.007,42.879,43.013
1782240627.181,2026-06-23T19:50:27,LOWER,1,1,8.587,0.007,42.936,43.074
1782240631.268,2026-06-23T19:50:31,HIGHER,1,1,3.323,0.006,43.082,43.217
1782240635.322,2026-06-23T19:50:35,LOWER,1,1,8.077,0.007,43.540,43.674
1782240639.419,2026-06-23T19:50:39,HIGHER,1,1,9.750,0.008,42.050,42.169
1782240643.519,2026-06-23T19:50:43,LOWER,1,1,15.454,0.008,43.076,43.214
1782240647.613,2026-06-23T19:50:47,HIGHER,1,1,9.423,0.007,42.971,43.135
1782240651.711,2026-06-23T19:50:51,LOWER,1,1,9.342,0.007,42.914,43.051
1782240655.712,2026-06-23T19:50:55,HIGHER,1,1,9.185,0.007,43.248,43.383
1782240659.711,2026-06-23T19:50:59,LOWER,1,1,7.488,0.007,42.981,43.117
1782240663.804,2026-06-23T19:51:03,HIGHER,1,1,6.839,0.007,43.470,43.606
1782240667.860,2026-06-23T19:51:07,LOWER,1,1,8.824,0.007,42.927,43.058
1782240671.953,2026-06-23T19:51:11,HIGHER,1,1,3.627,0.007,43.313,43.446
1782240676.058,2026-06-23T19:51:16,HIGHER,2,1,15.937,0.007,40.995,41.100
1782240680.145,2026-06-23T19:51:20,LOWER,1,1,5.784,0.008,41.220,41.339
1782240684.237,2026-06-23T19:51:24,LOWER,1,1,6.761,0.007,42.867,43.001
1782240688.336,2026-06-23T19:51:28,LOWER,1,1,9.793,0.007,42.936,43.072
1782240692.427,2026-06-23T19:51:32,HIGHER,1,1,3.529,0.007,43.034,43.167
1782240696.521,2026-06-23T19:51:36,LOWER,1,1,9.343,0.006,43.119,43.257
1782240700.623,2026-06-23T19:51:40,HIGHER,1,1,9.301,0.007,44.668,44.805
1782240704.722,2026-06-23T19:51:44,LOWER,1,1,10.776,0.008,42.882,43.018
1782240708.773,2026-06-23T19:51:48,LOWER,1,1,7.695,0.007,41.239,41.347
1782240712.866,2026-06-23T19:51:52,HIGHER,2,1,6.073,0.007,42.861,42.994
1782240716.958,2026-06-23T19:51:56,LOWER,1,1,6.225,0.007,43.220,43.409
1782240721.056,2026-06-23T19:52:01,HIGHER,1,1,10.116,0.007,43.094,43.232
1782240725.144,2026-06-23T19:52:05,LOWER,1,1,3.597,0.007,43.056,43.195
1782240729.231,2026-06-23T19:52:09,HIGHER,1,1,3.458,0.007,42.750,42.883
1782240733.321,2026-06-23T19:52:13,LOWER,1,1,4.116,0.007,42.799,42.933
1782240737.423,2026-06-23T19:52:17,HIGHER,1,1,6.437,0.007,44.481,44.617
1782240741.526,2026-06-23T19:52:21,LOWER,1,1,9.632,0.008,44.896,45.033
1782240745.626,2026-06-23T19:52:25,HIGHER,1,1,11.953,0.008,42.814,42.952
1782240749.578,2026-06-23T19:52:29,LOWER,1,1,7.148,0.008,42.705,42.841
1782240753.673,2026-06-23T19:52:33,HIGHER,1,1,8.638,0.007,43.064,43.200
1782240757.767,2026-06-23T19:52:37,LOWER,1,1,3.264,0.007,43.743,43.879
1782240761.863,2026-06-23T19:52:41,LOWER,1,1,6.265,0.007,44.521,44.637
1782240765.962,2026-06-23T19:52:45,HIGHER,2,1,12.478,0.008,43.001,43.136
1782240770.064,2026-06-23T19:52:50,LOWER,1,1,15.835,0.008,44.014,44.147
1782240774.060,2026-06-23T19:52:54,HIGHER,1,1,8.822,0.007,44.170,44.306
1782240778.159,2026-06-23T19:52:58,LOWER,1,1,3.316,0.007,44.322,44.459
1782240782.206,2026-06-23T19:53:02,HIGHER,1,1,3.287,0.007,43.179,43.313
1782240786.304,2026-06-23T19:53:06,LOWER,1,1,9.300,0.008,43.564,43.702
1782240790.403,2026-06-23T19:53:10,HIGHER,1,1,10.864,0.007,42.930,43.065
1782240794.500,2026-06-23T19:53:14,LOWER,1,1,9.676,0.007,42.899,43.036
1782240798.499,2026-06-23T19:53:18,HIGHER,1,1,3.484,0.008,44.024,44.161
1782240802.508,2026-06-23T19:53:22,LOWER,1,1,9.737,0.008,44.299,44.435
1782240806.621,2026-06-23T19:53:26,HIGHER,1,1,16.973,0.007,44.109,44.247
1782240810.725,2026-06-23T19:53:30,LOWER,1,1,10.194,0.007,42.740,42.859
1782240814.678,2026-06-23T19:53:34,LOWER,1,1,3.290,0.007,44.513,44.631
1782240818.776,2026-06-23T19:53:38,HIGHER,2,1,6.405,0.008,43.083,43.218
1782240822.869,2026-06-23T19:53:42,LOWER,1,1,8.550,0.007,42.822,42.960
1782240826.963,2026-06-23T19:53:46,HIGHER,1,1,9.749,0.007,41.303,41.432
1782240831.062,2026-06-23T19:53:51,LOWER,1,1,10.370,0.008,42.970,43.114
1782240835.153,2026-06-23T19:53:55,HIGHER,1,1,6.114,0.006,40.603,40.730
1782240839.250,2026-06-23T19:53:59,LOWER,1,1,9.245,0.006,43.015,43.152
1782240843.341,2026-06-23T19:54:03,HIGHER,1,1,4.858,0.007,43.055,43.195
1782240847.445,2026-06-23T19:54:07,LOWER,1,1,17.576,0.007,43.017,43.154
1782240851.395,2026-06-23T19:54:11,HIGHER,1,1,6.709,0.009,42.963,43.096
1782240855.492,2026-06-23T19:54:15,LOWER,1,1,9.752,0.008,42.828,42.964
1782240859.585,2026-06-23T19:54:19,HIGHER,1,1,3.279,0.007,42.937,43.072
1782240863.681,2026-06-23T19:54:23,LOWER,1,1,6.362,0.007,41.769,41.898
1782240867.786,2026-06-23T19:54:27,HIGHER,1,1,16.042,0.007,43.252,43.386
1782240871.782,2026-06-23T19:54:31,LOWER,1,1,9.796,0.007,42.033,42.158
1782240875.873,2026-06-23T19:54:35,HIGHER,1,1,3.694,0.007,41.328,41.454
1782240879.969,2026-06-23T19:54:39,LOWER,1,1,8.252,0.008,43.311,43.446
1782240884.021,2026-06-23T19:54:44,HIGHER,1,1,3.621,0.007,43.668,43.806
1782240888.118,2026-06-23T19:54:48,LOWER,1,1,8.579,0.007,42.803,42.939
1782240892.214,2026-06-23T19:54:52,HIGHER,1,1,6.789,0.007,44.029,44.165
1782240896.315,2026-06-23T19:54:56,LOWER,1,1,9.773,0.008,43.370,43.504
1782240900.315,2026-06-23T19:55:00,HIGHER,1,1,9.668,0.007,42.936,43.071
1782240904.412,2026-06-23T19:55:04,LOWER,1,1,9.058,0.007,41.216,41.347
1782240908.508,2026-06-23T19:55:08,HIGHER,1,1,8.610,0.006,42.963,43.098
1782240912.596,2026-06-23T19:55:12,LOWER,1,1,3.209,0.007,41.764,41.888
1782240916.692,2026-06-23T19:55:16,HIGHER,1,1,9.354,0.008,42.696,42.827
1782240920.748,2026-06-23T19:55:20,HIGHER,2,1,11.133,0.008,42.875,42.992
1782240924.838,2026-06-23T19:55:24,LOWER,1,1,4.160,0.007,42.835,42.971
1782240928.929,2026-06-23T19:55:28,LOWER,1,1,6.542,0.007,41.081,41.212
1782240933.022,2026-06-23T19:55:33,LOWER,1,1,8.576,0.007,42.210,42.334
1782240937.117,2026-06-23T19:55:37,HIGHER,1,1,6.675,0.007,44.667,44.805
1782240941.222,2026-06-23T19:55:41,LOWER,1,1,15.099,0.008,43.801,43.935
1782240945.223,2026-06-23T19:55:45,HIGHER,1,1,10.262,0.008,44.636,44.770
1782240949.320,2026-06-23T19:55:49,LOWER,1,1,6.294,0.007,42.589,42.707
1782240953.425,2026-06-23T19:55:53,HIGHER,1,1,17.203,0.007,43.222,43.358
1782240957.381,2026-06-23T19:55:57,HIGHER,2,1,12.603,0.008,43.086,43.203
1782240961.475,2026-06-23T19:56:01,LOWER,1,1,6.238,0.006,43.568,43.703
1782240965.570,2026-06-23T19:56:05,LOWER,1,1,6.651,0.007,43.318,43.455
1782240969.672,2026-06-23T19:56:09,LOWER,1,1,10.594,0.007,42.757,42.893
1782240973.765,2026-06-23T19:56:13,HIGHER,1,1,3.657,0.007,43.741,43.879
1782240977.859,2026-06-23T19:56:17,LOWER,1,1,6.291,0.008,42.853,42.991
1782240981.958,2026-06-23T19:56:21,HIGHER,1,1,9.327,0.007,42.996,43.130
1782240986.053,2026-06-23T19:56:26,LOWER,1,1,8.377,0.007,41.066,41.190
1782240990.143,2026-06-23T19:56:30,HIGHER,1,1,3.643,0.007,43.040,43.173
1782240994.197,2026-06-23T19:56:34,LOWER,1,1,13.072,0.006,42.850,42.985
1782240998.292,2026-06-23T19:56:38,HIGHER,1,1,8.804,0.008,43.644,43.781
1782241002.383,2026-06-23T19:56:42,LOWER,1,1,3.552,0.008,42.801,42.936
1782241006.486,2026-06-23T19:56:46,HIGHER,1,1,22.229,0.007,40.448,40.575
1782241010.477,2026-06-23T19:56:50,LOWER,1,1,10.144,0.007,40.358,40.482
1782241014.479,2026-06-23T19:56:54,HIGHER,1,1,6.763,0.007,44.059,44.194
1782241018.572,2026-06-23T19:56:58,LOWER,1,1,6.391,0.008,41.522,41.648
1782241022.663,2026-06-23T19:57:02,LOWER,1,1,4.420,0.007,42.008,42.109
1782241026.713,2026-06-23T19:57:06,HIGHER,2,1,6.485,0.007,42.990,43.123
1782241030.807,2026-06-23T19:57:10,HIGHER,2,1,9.105,0.007,41.768,41.878
1782241034.905,2026-06-23T19:57:14,LOWER,1,1,10.167,0.007,42.973,43.110
1782241038.995,2026-06-23T19:57:18,LOWER,1,1,3.495,0.007,41.705,41.836
1782241043.089,2026-06-23T19:57:23,LOWER,1,1,8.849,0.008,42.888,43.024
1782241047.186,2026-06-23T19:57:27,HIGHER,1,1,9.339,0.006,43.309,43.442
1782241051.277,2026-06-23T19:57:31,LOWER,1,1,3.340,0.007,42.912,43.027
1782241055.374,2026-06-23T19:57:35,HIGHER,1,1,9.451,0.008,42.935,43.072
1782241059.474,2026-06-23T19:57:39,LOWER,1,1,10.558,0.007,42.921,43.056
1782241063.566,2026-06-23T19:57:43,HIGHER,1,1,3.729,0.007,43.009,43.148
1782241067.627,2026-06-23T19:57:47,HIGHER,2,1,18.934,0.008,43.057,43.175
1782241071.624,2026-06-23T19:57:51,LOWER,1,1,10.238,0.007,42.882,43.018
1782241075.720,2026-06-23T19:57:55,LOWER,1,1,9.609,0.007,42.924,43.059
1782241079.816,2026-06-23T19:57:59,LOWER,1,1,8.487,0.007,40.977,41.106
1782241083.910,2026-06-23T19:58:03,HIGHER,1,1,8.715,0.008,43.467,43.602
1782241088.008,2026-06-23T19:58:08,LOWER,1,1,9.858,0.007,42.672,42.797
1782241092.097,2026-06-23T19:58:12,HIGHER,1,1,3.276,0.007,42.957,43.094
1782241096.188,2026-06-23T19:58:16,LOWER,1,1,5.786,0.007,42.848,42.983
1782241100.284,2026-06-23T19:58:20,HIGHER,1,1,9.318,0.007,43.014,43.149
1782241104.336,2026-06-23T19:58:24,LOWER,1,1,9.077,0.008,41.146,41.270
1782241108.432,2026-06-23T19:58:28,HIGHER,1,1,9.463,0.008,43.062,43.197
1782241112.528,2026-06-23T19:58:32,LOWER,1,1,9.295,0.007,42.781,42.900
1782241116.622,2026-06-23T19:58:36,HIGHER,1,1,8.141,0.007,42.914,43.046
1782241120.720,2026-06-23T19:58:40,LOWER,1,1,8.165,0.007,43.041,43.176
1782241124.819,2026-06-23T19:58:44,HIGHER,1,1,11.078,0.007,43.126,43.262
1782241128.919,2026-06-23T19:58:48,LOWER,1,1,9.820,0.007,43.635,43.771
1782241133.013,2026-06-23T19:58:53,HIGHER,1,1,9.306,0.007,42.895,43.032
1782241137.109,2026-06-23T19:58:57,LOWER,1,1,6.211,0.007,42.861,42.997
1782241141.198,2026-06-23T19:59:01,HIGHER,1,1,3.778,0.007,42.984,43.121
1782241145.243,2026-06-23T19:59:05,LOWER,1,1,3.771,0.007,41.356,41.483
1782241149.341,2026-06-23T19:59:09,LOWER,1,1,9.404,0.008,42.928,43.047
1782241153.350,2026-06-23T19:59:13,HIGHER,2,1,18.217,0.007,44.152,44.287
1782241157.349,2026-06-23T19:59:17,LOWER,1,1,5.925,0.008,43.031,43.166
1782241161.444,2026-06-23T19:59:21,HIGHER,1,1,8.569,0.008,43.555,43.692
1782241165.541,2026-06-23T19:59:25,LOWER,1,1,6.905,0.007,42.907,43.041
1782241169.646,2026-06-23T19:59:29,HIGHER,1,1,14.135,0.008,43.052,43.187
1782241173.745,2026-06-23T19:59:33,LOWER,1,1,12.146,0.008,43.417,43.554
1782241177.793,2026-06-23T19:59:37,LOWER,1,1,3.223,0.006,43.535,43.653
1782241181.895,2026-06-23T19:59:41,HIGHER,2,1,10.946,0.007,44.012,44.148
1782241185.893,2026-06-23T19:59:45,LOWER,1,1,6.719,0.008,44.680,44.817
1782241189.986,2026-06-23T19:59:49,HIGHER,1,1,6.749,0.008,41.146,41.271
1782241194.074,2026-06-23T19:59:54,LOWER,1,1,3.467,0.008,42.947,43.082
1782241198.166,2026-06-23T19:59:58,HIGHER,1,1,3.300,0.008,42.948,43.084
1782241202.266,2026-06-23T20:00:02,LOWER,1,1,12.338,0.007,42.988,43.124
1782241206.362,2026-06-23T20:00:06,HIGHER,1,1,8.386,0.006,44.207,44.340
1782241210.455,2026-06-23T20:00:10,LOWER,1,1,5.893,0.007,43.007,43.143
1782241214.503,2026-06-23T20:00:14,HIGHER,1,1,7.574,0.007,43.106,43.241
1782241218.596,2026-06-23T20:00:18,LOWER,1,1,3.278,0.007,44.150,44.285
1782241222.695,2026-06-23T20:00:22,HIGHER,1,1,9.006,0.007,43.022,43.158
1782241226.794,2026-06-23T20:00:26,LOWER,1,1,9.582,0.006,44.150,44.284
1782241230.889,2026-06-23T20:00:30,HIGHER,1,1,7.048,0.007,43.213,43.356
1782241234.982,2026-06-23T20:00:34,LOWER,1,1,8.979,0.007,42.829,42.967
1782241239.074,2026-06-23T20:00:39,HIGHER,1,1,3.638,0.006,42.793,42.931
1782241243.170,2026-06-23T20:00:43,LOWER,1,1,6.343,0.008,44.742,44.878
1782241247.266,2026-06-23T20:00:47,HIGHER,1,1,10.089,0.007,42.972,43.107
1782241251.370,2026-06-23T20:00:51,LOWER,1,1,16.071,0.007,42.937,43.073
1782241255.324,2026-06-23T20:00:55,LOWER,1,1,6.041,0.008,43.626,43.743
1782241259.423,2026-06-23T20:00:59,HIGHER,2,1,6.436,0.007,44.072,44.209
1782241263.523,2026-06-23T20:01:03,HIGHER,2,1,9.063,0.007,43.752,43.853
1782241267.619,2026-06-23T20:01:07,LOWER,1,1,8.472,0.007,43.071,43.206
1782241271.622,2026-06-23T20:01:11,LOWER,1,1,9.312,0.007,43.924,44.069
1782241275.627,2026-06-23T20:01:15,LOWER,1,1,11.083,0.009,44.752,44.891
1782241279.732,2026-06-23T20:01:19,HIGHER,1,1,9.799,0.008,44.162,44.280
1782241283.697,2026-06-23T20:01:23,HIGHER,2,1,17.032,0.007,44.133,44.251
1782241287.700,2026-06-23T20:01:27,LOWER,1,1,9.339,0.007,44.355,44.495
1782241291.807,2026-06-23T20:01:31,LOWER,1,1,15.806,0.007,43.049,43.184
1782241295.804,2026-06-23T20:01:35,LOWER,1,1,9.499,0.008,44.156,44.294
1782241299.806,2026-06-23T20:01:39,HIGHER,1,1,9.567,0.008,44.061,44.196
1782241303.908,2026-06-23T20:01:43,LOWER,1,1,8.839,0.008,43.471,43.605
1782241307.859,2026-06-23T20:01:47,LOWER,1,1,3.555,0.008,44.056,44.159
1782241311.957,2026-06-23T20:01:51,HIGHER,2,1,9.111,0.007,43.101,43.238
1782241315.958,2026-06-23T20:01:55,LOWER,1,1,8.327,0.008,43.743,43.865
1782241319.954,2026-06-23T20:01:59,HIGHER,1,1,3.279,0.008,43.103,43.238
1782241324.059,2026-06-23T20:02:04,LOWER,1,1,10.150,0.008,44.533,44.672
1782241328.153,2026-06-23T20:02:08,HIGHER,1,1,3.589,0.007,43.205,43.339
1782241332.260,2026-06-23T20:02:12,LOWER,1,1,9.726,0.007,43.995,44.166
1782241336.210,2026-06-23T20:02:16,HIGHER,1,1,3.221,0.007,43.645,43.781
1782241340.304,2026-06-23T20:02:20,LOWER,1,1,3.179,0.007,44.368,44.504
1782241344.399,2026-06-23T20:02:24,HIGHER,1,1,5.733,0.007,42.907,43.040
1782241348.499,2026-06-23T20:02:28,LOWER,1,1,7.165,0.008,41.474,41.603
1782241352.587,2026-06-23T20:02:32,HIGHER,1,1,3.621,0.006,41.720,41.846
1782241356.683,2026-06-23T20:02:36,LOWER,1,1,9.252,0.007,43.668,43.803
1782241360.677,2026-06-23T20:02:40,HIGHER,1,1,3.179,0.008,42.815,42.930
1782241364.774,2026-06-23T20:02:44,LOWER,1,1,10.039,0.006,42.804,42.936
1782241368.824,2026-06-23T20:02:48,HIGHER,1,1,3.410,0.007,42.922,43.058
1782241372.923,2026-06-23T20:02:52,LOWER,1,1,11.508,0.008,41.479,41.611
1782241377.022,2026-06-23T20:02:57,HIGHER,1,1,11.988,0.007,42.891,43.025
1782241381.028,2026-06-23T20:03:01,LOWER,1,1,15.780,0.008,43.266,43.404
1782241385.024,2026-06-23T20:03:05,HIGHER,1,1,8.891,0.007,41.398,41.528
1782241389.117,2026-06-23T20:03:09,LOWER,1,1,5.428,0.007,42.902,43.036
1782241393.211,2026-06-23T20:03:13,HIGHER,1,1,7.270,0.007,42.986,43.118
1782241397.310,2026-06-23T20:03:17,LOWER,1,1,9.377,0.007,42.330,42.448
1782241401.358,2026-06-23T20:03:21,HIGHER,1,1,3.231,0.007,41.224,41.349
1782241405.459,2026-06-23T20:03:25,HIGHER,2,1,13.288,0.007,42.922,43.038
1782241409.454,2026-06-23T20:03:29,LOWER,1,1,3.690,0.008,44.195,44.333
1782241413.557,2026-06-23T20:03:33,LOWER,1,1,9.645,0.007,44.025,44.160
1782241417.559,2026-06-23T20:03:37,LOWER,1,1,8.919,0.007,42.984,43.118
1782241421.566,2026-06-23T20:03:41,HIGHER,1,1,9.615,0.008,43.989,44.126
1782241425.663,2026-06-23T20:03:45,LOWER,1,1,10.401,0.009,42.963,43.100
1782241429.619,2026-06-23T20:03:49,LOWER,1,1,8.927,0.007,43.040,43.156
1782241433.714,2026-06-23T20:03:53,HIGHER,2,1,6.388,0.007,42.944,43.079
1782241437.849,2026-06-23T20:03:57,HIGHER,2,1,48.866,0.007,42.896,43.014
1782241441.842,2026-06-23T20:04:01,LOWER,1,1,3.804,0.007,44.675,44.798
1782241445.931,2026-06-23T20:04:05,LOWER,1,1,5.353,0.008,42.917,43.058
1782241450.024,2026-06-23T20:04:10,LOWER,1,1,6.325,0.007,42.799,42.934
1782241454.119,2026-06-23T20:04:14,HIGHER,1,1,8.472,0.007,42.836,42.971
1782241458.216,2026-06-23T20:04:18,LOWER,1,1,9.225,0.007,43.643,43.782
1782241462.271,2026-06-23T20:04:22,LOWER,1,1,10.749,0.007,41.401,41.511
1782241466.361,2026-06-23T20:04:26,HIGHER,2,1,6.434,0.007,43.013,43.147
1782241470.459,2026-06-23T20:04:30,LOWER,1,1,3.201,0.007,42.981,43.117
1782241474.554,2026-06-23T20:04:34,HIGHER,1,1,9.381,0.007,43.030,43.165
1782241478.663,2026-06-23T20:04:38,LOWER,1,1,18.546,0.007,43.185,43.321
1782241482.663,2026-06-23T20:04:42,HIGHER,1,1,11.964,0.007,42.970,43.105
1782241486.760,2026-06-23T20:04:46,LOWER,1,1,10.764,0.009,43.017,43.153
1782241490.852,2026-06-23T20:04:50,HIGHER,1,1,3.190,0.007,42.917,43.050
1782241494.950,2026-06-23T20:04:54,LOWER,1,1,9.971,0.007,42.864,42.997
1782241499.000,2026-06-23T20:04:58,HIGHER,1,1,3.249,0.007,43.157,43.292
1782241503.091,2026-06-23T20:05:03,LOWER,1,1,5.872,0.007,40.644,40.771
1782241507.181,2026-06-23T20:05:07,HIGHER,1,1,4.772,0.007,42.910,43.046
1782241511.271,2026-06-23T20:05:11,LOWER,1,1,3.662,0.007,42.918,43.053
1782241515.367,2026-06-23T20:05:15,LOWER,1,1,8.597,0.007,42.861,42.978
1782241519.485,2026-06-23T20:05:19,HIGHER,2,1,29.851,0.007,43.024,43.159
1782241523.481,2026-06-23T20:05:23,LOWER,1,1,8.587,0.007,42.874,43.007
1782241527.581,2026-06-23T20:05:27,HIGHER,1,1,11.940,0.008,43.165,43.299
1782241531.683,2026-06-23T20:05:31,LOWER,1,1,14.604,0.007,43.060,43.196
1782241535.636,2026-06-23T20:05:35,LOWER,1,1,3.512,0.008,43.067,43.175
1782241539.740,2026-06-23T20:05:39,HIGHER,2,1,9.848,0.007,44.847,44.984
1782241543.743,2026-06-23T20:05:43,HIGHER,2,1,8.953,0.007,43.364,43.481
1782241547.743,2026-06-23T20:05:47,LOWER,1,1,3.576,0.008,44.817,44.959
1782241551.846,2026-06-23T20:05:51,LOWER,1,1,10.041,0.007,42.796,42.926
1782241555.955,2026-06-23T20:05:55,LOWER,1,1,12.282,0.007,45.552,45.691
1782241560.051,2026-06-23T20:06:00,HIGHER,1,1,4.073,0.008,44.729,44.872
1782241564.103,2026-06-23T20:06:04,HIGHER,2,1,8.199,0.007,43.259,43.376
1782241568.106,2026-06-23T20:06:08,LOWER,1,1,9.689,0.007,44.997,45.137
1782241572.106,2026-06-23T20:06:12,LOWER,1,1,3.330,0.008,43.696,43.833
1782241576.202,2026-06-23T20:06:16,LOWER,1,1,9.383,0.007,42.907,43.044
1782241580.302,2026-06-23T20:06:20,HIGHER,1,1,9.371,0.007,43.089,43.225
1782241584.394,2026-06-23T20:06:24,LOWER,1,1,3.693,0.007,42.906,43.047
1782241588.487,2026-06-23T20:06:28,HIGHER,1,1,9.739,0.007,42.918,43.056
1782241592.589,2026-06-23T20:06:32,LOWER,1,1,13.020,0.008,43.074,43.210
1782241596.642,2026-06-23T20:06:36,HIGHER,1,1,9.411,0.006,42.500,42.621
1782241600.645,2026-06-23T20:06:40,LOWER,1,1,9.302,0.007,44.506,44.641
1782241604.650,2026-06-23T20:06:44,HIGHER,1,1,10.200,0.008,43.368,43.489
1782241608.647,2026-06-23T20:06:48,LOWER,1,1,6.222,0.008,43.796,43.920
1782241612.750,2026-06-23T20:06:52,HIGHER,1,1,9.227,0.008,44.723,44.861
1782241616.850,2026-06-23T20:06:56,LOWER,1,1,3.783,0.008,44.875,45.012
1782241620.949,2026-06-23T20:07:00,HIGHER,1,1,3.755,0.008,43.426,43.561
1782241624.998,2026-06-23T20:07:04,LOWER,1,1,3.289,0.007,43.625,43.759
1782241629.095,2026-06-23T20:07:09,HIGHER,1,1,6.227,0.007,44.198,44.358
1782241633.195,2026-06-23T20:07:13,LOWER,1,1,8.394,0.008,43.039,43.175
1782241637.291,2026-06-23T20:07:17,HIGHER,1,1,9.035,0.007,43.720,43.853
1782241641.381,2026-06-23T20:07:21,LOWER,1,1,3.651,0.007,41.223,41.351
1782241645.478,2026-06-23T20:07:25,HIGHER,1,1,9.404,0.006,42.986,43.121
1782241649.571,2026-06-23T20:07:29,LOWER,1,1,7.557,0.007,42.930,43.066
1782241653.671,2026-06-23T20:07:33,HIGHER,1,1,13.856,0.007,43.605,43.741
1782241657.767,2026-06-23T20:07:37,LOWER,1,1,9.792,0.007,42.852,42.991
1782241661.871,2026-06-23T20:07:41,HIGHER,1,1,11.489,0.007,43.918,44.053
1782241665.820,2026-06-23T20:07:45,LOWER,1,1,3.514,0.007,43.817,43.954
1782241669.915,2026-06-23T20:07:49,HIGHER,1,1,4.502,0.007,43.298,43.433
1782241673.919,2026-06-23T20:07:53,LOWER,1,1,7.406,0.007,43.117,43.250
1782241678.013,2026-06-23T20:07:58,HIGHER,1,1,3.874,0.007,42.977,43.104
1782241682.107,2026-06-23T20:08:02,LOWER,1,1,3.556,0.007,42.969,43.104
1782241686.197,2026-06-23T20:08:06,HIGHER,1,1,6.752,0.007,42.421,42.539
1782241690.299,2026-06-23T20:08:10,LOWER,1,1,9.926,0.007,43.103,43.235
1782241694.402,2026-06-23T20:08:14,HIGHER,1,1,9.829,0.007,44.327,44.446
1782241698.363,2026-06-23T20:08:18,HIGHER,2,1,11.834,0.008,44.812,44.929
1782241702.367,2026-06-23T20:08:22,LOWER,1,1,7.901,0.007,44.077,44.215
1782241706.369,2026-06-23T20:08:26,LOWER,1,1,7.549,0.008,44.430,44.567
1782241710.471,2026-06-23T20:08:30,LOWER,1,1,12.005,0.007,44.647,44.783
1782241714.562,2026-06-23T20:08:34,HIGHER,1,1,3.942,0.007,42.938,43.073
1782241718.656,2026-06-23T20:08:38,LOWER,1,1,6.257,0.008,43.002,43.138
1782241722.753,2026-06-23T20:08:42,HIGHER,1,1,9.095,0.008,42.919,43.058
1782241726.711,2026-06-23T20:08:46,LOWER,1,1,7.878,0.007,44.188,44.329
1782241730.715,2026-06-23T20:08:50,HIGHER,1,1,8.716,0.007,44.132,44.270
1782241734.718,2026-06-23T20:08:54,LOWER,1,1,6.959,0.007,45.905,46.043
1782241738.721,2026-06-23T20:08:58,HIGHER,1,1,9.400,0.008,44.795,44.933
1782241742.823,2026-06-23T20:09:02,LOWER,1,1,8.113,0.007,45.358,45.498
1782241746.921,2026-06-23T20:09:06,HIGHER,1,1,5.095,0.007,44.643,44.781
1782241750.982,2026-06-23T20:09:10,LOWER,1,1,10.797,0.008,45.089,45.228
1782241754.984,2026-06-23T20:09:14,HIGHER,1,1,8.176,0.007,43.991,44.128
1782241758.987,2026-06-23T20:09:18,LOWER,1,1,7.775,0.007,44.203,44.339
1782241762.990,2026-06-23T20:09:22,HIGHER,1,1,9.956,0.008,44.297,44.433
1782241766.991,2026-06-23T20:09:26,LOWER,1,1,9.861,0.007,44.510,44.649
1782241771.093,2026-06-23T20:09:31,HIGHER,1,1,8.913,0.007,44.209,44.346
1782241775.051,2026-06-23T20:09:35,LOWER,1,1,9.035,0.007,43.106,43.235
1782241779.055,2026-06-23T20:09:39,HIGHER,1,1,9.386,0.008,44.667,44.805
1782241783.055,2026-06-23T20:09:43,LOWER,1,1,9.328,0.008,44.445,44.588
1782241787.055,2026-06-23T20:09:47,HIGHER,1,1,8.959,0.007,43.027,43.178
1782241791.156,2026-06-23T20:09:51,LOWER,1,1,8.160,0.007,43.995,44.134
1782241795.257,2026-06-23T20:09:55,HIGHER,1,1,5.456,0.007,44.594,44.730
1782241799.316,2026-06-23T20:09:59,LOWER,1,1,9.138,0.007,45.124,45.265
1782241803.416,2026-06-23T20:10:03,HIGHER,1,1,9.500,0.008,44.014,44.147
1782241807.513,2026-06-23T20:10:07,LOWER,1,1,9.291,0.008,43.031,43.166
1782241811.610,2026-06-23T20:10:11,HIGHER,1,1,9.395,0.007,41.001,41.135
1782241815.607,2026-06-23T20:10:15,LOWER,1,1,6.373,0.006,42.978,43.115
1782241819.699,2026-06-23T20:10:19,HIGHER,1,1,3.272,0.006,43.142,43.279
1782241823.793,2026-06-23T20:10:23,LOWER,1,1,3.750,0.007,45.053,45.187
1782241827.894,2026-06-23T20:10:27,HIGHER,1,1,9.851,0.007,42.918,43.040
1782241831.999,2026-06-23T20:10:31,LOWER,1,1,14.612,0.007,43.236,43.360
1782241835.954,2026-06-23T20:10:35,HIGHER,1,1,9.260,0.007,43.547,43.681
1782241840.048,2026-06-23T20:10:40,LOWER,1,1,6.227,0.007,43.333,43.468
1782241844.155,2026-06-23T20:10:44,HIGHER,1,1,14.622,0.008,44.408,44.547
1782241848.158,2026-06-23T20:10:48,LOWER,1,1,9.810,0.007,44.144,44.279
1782241852.162,2026-06-23T20:10:52,HIGHER,1,1,12.176,0.008,44.294,44.433
1782241856.260,2026-06-23T20:10:56,LOWER,1,1,5.595,0.007,43.132,43.273
1782241860.350,2026-06-23T20:11:00,HIGHER,1,1,3.745,0.007,43.045,43.181
1782241864.403,2026-06-23T20:11:04,HIGHER,2,1,8.267,0.008,43.005,43.123
1782241868.500,2026-06-23T20:11:08,LOWER,1,1,10.131,0.007,42.967,43.101
1782241872.589,2026-06-23T20:11:12,LOWER,1,1,4.750,0.007,42.967,43.104
1782241876.684,2026-06-23T20:11:16,LOWER,1,1,9.706,0.006,43.059,43.194
1782241880.775,2026-06-23T20:11:20,HIGHER,1,1,6.792,0.007,42.756,42.890
1782241884.868,2026-06-23T20:11:24,LOWER,1,1,3.212,0.008,43.769,43.905
1782241888.959,2026-06-23T20:11:28,HIGHER,1,1,5.338,0.007,42.900,43.034
1782241893.053,2026-06-23T20:11:33,LOWER,1,1,3.807,0.008,41.790,41.919
1782241897.143,2026-06-23T20:11:37,HIGHER,1,1,3.373,0.007,42.956,43.092
1782241901.236,2026-06-23T20:11:41,LOWER,1,1,8.123,0.007,42.205,42.329
1782241905.193,2026-06-23T20:11:45,HIGHER,1,1,6.520,0.008,44.516,44.659
1782241909.292,2026-06-23T20:11:49,LOWER,1,1,9.313,0.008,43.648,43.784
1782241913.388,2026-06-23T20:11:53,HIGHER,1,1,9.163,0.007,42.852,42.987
1782241917.391,2026-06-23T20:11:57,LOWER,1,1,9.533,0.007,42.816,42.950
1782241921.395,2026-06-23T20:12:01,HIGHER,1,1,12.409,0.007,43.292,43.442
1782241925.496,2026-06-23T20:12:05,LOWER,1,1,8.331,0.006,43.154,43.290
1782241929.594,2026-06-23T20:12:09,HIGHER,1,1,9.577,0.008,42.798,42.932
1782241933.648,2026-06-23T20:12:13,LOWER,1,1,8.424,0.007,43.580,43.714
1782241937.650,2026-06-23T20:12:17,HIGHER,1,1,9.369,0.007,43.330,43.464
1782241941.748,2026-06-23T20:12:21,LOWER,1,1,9.050,0.007,43.504,43.640
1782241945.843,2026-06-23T20:12:25,HIGHER,1,1,3.796,0.006,42.904,43.040
1782241949.940,2026-06-23T20:12:29,LOWER,1,1,8.919,0.007,43.674,43.830
1782241954.038,2026-06-23T20:12:34,HIGHER,1,1,10.617,0.007,42.875,43.011
1782241958.132,2026-06-23T20:12:38,LOWER,1,1,9.354,0.007,42.858,42.996
1782241962.227,2026-06-23T20:12:42,HIGHER,1,1,6.771,0.007,42.940,43.077
1782241966.320,2026-06-23T20:12:46,LOWER,1,1,7.923,0.007,43.650,43.786
1782241970.367,2026-06-23T20:12:50,LOWER,1,1,3.584,0.008,43.169,43.285
1782241974.466,2026-06-23T20:12:54,HIGHER,2,1,13.519,0.008,43.168,43.308
1782241978.572,2026-06-23T20:12:58,HIGHER,2,1,19.547,0.007,42.908,43.025
1782241982.568,2026-06-23T20:13:02,LOWER,1,1,8.469,0.008,43.034,43.170
1782241986.664,2026-06-23T20:13:06,LOWER,1,1,9.019,0.007,42.856,42.991
1782241990.763,2026-06-23T20:13:10,LOWER,1,1,10.596,0.007,42.873,43.009
1782241994.860,2026-06-23T20:13:14,HIGHER,1,1,8.392,0.008,43.119,43.256
1782241998.956,2026-06-23T20:13:18,LOWER,1,1,9.942,0.007,43.007,43.142
1782242003.053,2026-06-23T20:13:23,HIGHER,1,1,10.257,0.006,42.887,43.017
1782242007.113,2026-06-23T20:13:27,HIGHER,2,1,16.675,0.006,42.530,42.633
1782242011.114,2026-06-23T20:13:31,LOWER,1,1,13.529,0.007,43.334,43.473
1782242015.202,2026-06-23T20:13:35,LOWER,1,1,3.176,0.007,42.740,42.854
1782242019.296,2026-06-23T20:13:39,LOWER,1,1,6.270,0.007,43.202,43.341
1782242023.389,2026-06-23T20:13:43,HIGHER,1,1,9.562,0.007,43.051,43.187
1782242027.482,2026-06-23T20:13:47,LOWER,1,1,3.709,0.007,42.961,43.094
1782242031.580,2026-06-23T20:13:51,HIGHER,1,1,8.660,0.007,42.799,42.932
1782242035.671,2026-06-23T20:13:55,LOWER,1,1,6.321,0.008,42.900,43.039
1782242039.761,2026-06-23T20:13:59,HIGHER,1,1,3.345,0.007,43.056,43.191
1782242043.815,2026-06-23T20:14:03,LOWER,1,1,11.883,0.007,41.231,41.361
1782242047.914,2026-06-23T20:14:07,HIGHER,1,1,11.251,0.007,43.732,43.869
1782242052.011,2026-06-23T20:14:12,LOWER,1,1,12.127,0.006,42.926,43.061
1782242056.008,2026-06-23T20:14:16,HIGHER,1,1,6.516,0.008,43.901,44.037
1782242060.108,2026-06-23T20:14:20,LOWER,1,1,8.604,0.008,43.489,43.625
1782242064.105,2026-06-23T20:14:24,HIGHER,1,1,4.667,0.007,44.290,44.426
1782242068.204,2026-06-23T20:14:28,LOWER,1,1,9.936,0.007,43.354,43.491
1782242072.299,2026-06-23T20:14:32,HIGHER,1,1,11.187,0.007,42.918,43.055
1782242076.256,2026-06-23T20:14:36,LOWER,1,1,10.280,0.007,43.008,43.143
1782242080.355,2026-06-23T20:14:40,HIGHER,1,1,11.675,0.007,42.915,43.090
1782242084.353,2026-06-23T20:14:44,LOWER,1,1,10.079,0.007,42.819,42.958
1782242088.451,2026-06-23T20:14:48,HIGHER,1,1,9.952,0.007,43.027,43.161
1782242092.556,2026-06-23T20:14:52,HIGHER,2,1,18.245,0.008,43.173,43.291
1782242096.552,2026-06-23T20:14:56,LOWER,1,1,9.219,0.007,43.097,43.236
1782242100.652,2026-06-23T20:15:00,LOWER,1,1,10.853,0.018,42.965,43.111
1782242104.708,2026-06-23T20:15:04,LOWER,1,1,9.859,0.007,43.241,43.377
1782242108.812,2026-06-23T20:15:08,HIGHER,1,1,16.793,0.008,43.030,43.168
1782242112.823,2026-06-23T20:15:12,HIGHER,2,1,23.841,0.007,43.081,43.201
1782242116.830,2026-06-23T20:15:16,LOWER,1,1,11.230,0.007,45.163,45.301
1782242120.834,2026-06-23T20:15:20,LOWER,1,1,9.716,0.008,44.204,44.341
1782242124.930,2026-06-23T20:15:24,LOWER,1,1,9.185,0.006,43.049,43.184
1782242129.028,2026-06-23T20:15:29,HIGHER,1,1,10.201,0.007,42.956,43.090
1782242133.079,2026-06-23T20:15:33,HIGHER,2,1,6.190,0.007,43.027,43.142
1782242137.172,2026-06-23T20:15:37,LOWER,1,1,3.867,0.007,42.923,43.060
1782242141.276,2026-06-23T20:15:41,LOWER,1,1,14.217,0.007,44.238,44.377
1782242145.283,2026-06-23T20:15:45,LOWER,1,1,9.556,0.007,48.771,48.908
1782242149.322,2026-06-23T20:15:49,HIGHER,1,1,8.803,0.006,29.640,29.741
1782242153.317,2026-06-23T20:15:53,LOWER,1,1,3.437,0.008,44.157,44.294
1782242157.409,2026-06-23T20:15:57,HIGHER,1,1,3.960,0.006,40.960,41.080
1782242161.508,2026-06-23T20:16:01,LOWER,1,1,9.442,0.007,43.654,43.789
1782242165.464,2026-06-23T20:16:05,HIGHER,1,1,9.594,0.006,43.073,43.205
1782242169.555,2026-06-23T20:16:09,LOWER,1,1,3.934,0.007,42.882,43.017
1782242173.652,2026-06-23T20:16:13,HIGHER,1,1,10.009,0.007,42.854,42.987
1782242177.750,2026-06-23T20:16:17,LOWER,1,1,9.313,0.006,42.953,43.087
1782242181.848,2026-06-23T20:16:21,HIGHER,1,1,9.223,0.007,43.154,43.290
1782242185.945,2026-06-23T20:16:25,LOWER,1,1,8.560,0.008,43.321,43.457
1782242190.036,2026-06-23T20:16:30,HIGHER,1,1,9.482,0.007,40.823,40.952
1782242194.136,2026-06-23T20:16:34,LOWER,1,1,14.899,0.007,42.930,43.067
1782242198.233,2026-06-23T20:16:38,HIGHER,1,1,9.369,0.007,41.609,41.727
1782242202.284,2026-06-23T20:16:42,LOWER,1,1,8.446,0.007,41.190,41.318
1782242206.376,2026-06-23T20:16:46,HIGHER,1,1,6.846,0.007,42.976,43.112
1782242210.475,2026-06-23T20:16:50,LOWER,1,1,10.079,0.007,42.979,43.114
1782242214.568,2026-06-23T20:16:54,HIGHER,1,1,8.652,0.007,40.933,41.062
1782242218.668,2026-06-23T20:16:58,LOWER,1,1,9.393,0.007,43.716,43.852
1782242222.765,2026-06-23T20:17:02,HIGHER,1,1,10.129,0.007,43.214,43.350
1782242226.862,2026-06-23T20:17:06,LOWER,1,1,9.739,0.008,43.108,43.249
1782242230.954,2026-06-23T20:17:10,HIGHER,1,1,6.362,0.007,41.457,41.582
1782242235.044,2026-06-23T20:17:15,LOWER,1,1,5.737,0.007,42.841,42.976
1782242239.142,2026-06-23T20:17:19,HIGHER,1,1,10.491,0.007,42.780,42.916
1782242243.199,2026-06-23T20:17:23,HIGHER,2,1,12.425,0.006,41.647,41.758
1782242247.195,2026-06-23T20:17:27,LOWER,1,1,6.871,0.008,42.965,43.105
1782242251.292,2026-06-23T20:17:31,LOWER,1,1,9.703,0.008,41.826,41.959
1782242255.382,2026-06-23T20:17:35,LOWER,1,1,3.260,0.007,41.367,41.499
1782242259.482,2026-06-23T20:17:39,HIGHER,1,1,9.321,0.007,44.120,44.257
1782242263.576,2026-06-23T20:17:43,LOWER,1,1,9.368,0.007,42.113,42.235
1782242267.681,2026-06-23T20:17:47,HIGHER,1,1,15.565,0.008,42.065,42.186
1782242271.778,2026-06-23T20:17:51,LOWER,1,1,12.818,0.007,42.588,42.709
1782242275.876,2026-06-23T20:17:55,HIGHER,1,1,9.971,0.007,43.919,44.060
1782242279.932,2026-06-23T20:17:59,LOWER,1,1,10.815,0.006,42.903,43.036
1782242284.030,2026-06-23T20:18:04,HIGHER,1,1,10.067,0.007,42.869,43.004
1782242288.120,2026-06-23T20:18:08,HOLD,0,1,10.067,0.007,44.429,44.545
1782242292.210,2026-06-23T20:18:12,HOLD,0,1,10.067,0.008,42.169,42.279
1782242296.300,2026-06-23T20:18:16,HOLD,0,1,10.067,0.007,43.005,43.116
1782242300.382,2026-06-23T20:18:20,HOLD,0,1,10.067,0.007,42.773,42.889
1782242304.471,2026-06-23T20:18:24,HOLD,0,1,10.067,0.007,42.846,42.960
1782242308.558,2026-06-23T20:18:28,HOLD,0,1,10.067,0.007,42.819,42.931
1782242312.641,2026-06-23T20:18:32,HOLD,0,1,10.067,0.008,42.856,42.970
1782242316.725,2026-06-23T20:18:36,HOLD,0,1,10.067,0.007,40.886,40.993
1782242320.765,2026-06-23T20:18:40,HOLD,0,1,10.067,0.007,42.967,43.080
1782242324.850,2026-06-23T20:18:44,HOLD,0,1,10.067,0.006,42.862,42.976
1782242328.937,2026-06-23T20:18:48,HOLD,0,1,10.067,0.007,42.799,42.914
1782242333.023,2026-06-23T20:18:53,HOLD,0,1,10.067,0.007,43.680,43.794
1782242337.110,2026-06-23T20:18:57,HOLD,0,1,10.067,0.007,42.910,43.024
1782242341.197,2026-06-23T20:19:01,HOLD,0,1,10.067,0.007,42.979,43.093
1782242345.281,2026-06-23T20:19:05,HOLD,0,1,10.067,0.007,43.187,43.304
1782242349.370,2026-06-23T20:19:09,HOLD,0,1,10.067,0.007,44.542,44.660
1782242353.462,2026-06-23T20:19:13,HOLD,0,1,10.067,0.007,43.767,43.900
1782242357.559,2026-06-23T20:19:17,HOLD,0,1,10.067,0.007,44.614,44.731
1782242361.607,2026-06-23T20:19:21,HOLD,0,1,10.067,0.008,43.508,43.621
1782242365.697,2026-06-23T20:19:25,HOLD,0,1,10.067,0.008,44.233,44.350
1782242369.789,2026-06-23T20:19:29,HOLD,0,1,10.067,0.008,44.527,44.644
1782242373.878,2026-06-23T20:19:33,HOLD,0,1,10.067,0.007,42.953,43.068
1782242377.965,2026-06-23T20:19:37,HOLD,0,1,10.067,0.008,43.129,43.244
1782242382.053,2026-06-23T20:19:42,HOLD,0,1,10.067,0.007,40.922,41.028
1782242386.138,2026-06-23T20:19:46,HOLD,0,1,10.067,0.007,42.850,42.962
1782242390.226,2026-06-23T20:19:50,HOLD,0,1,10.067,0.007,44.921,45.033
1782242394.310,2026-06-23T20:19:54,HOLD,0,1,10.067,0.007,43.127,43.243
1782242398.400,2026-06-23T20:19:58,HOLD,0,1,10.067,0.007,43.122,43.241
1782242402.445,2026-06-23T20:20:02,HOLD,0,1,10.067,0.006,42.975,43.094
1782242406.529,2026-06-23T20:20:06,HOLD,0,1,10.067,0.008,43.275,43.389
1782242410.612,2026-06-23T20:20:10,HOLD,0,1,10.067,0.007,43.043,43.157
1782242414.696,2026-06-23T20:20:14,HOLD,0,1,10.067,0.007,42.809,42.927
1782242418.781,2026-06-23T20:20:18,HOLD,0,1,10.067,0.007,40.523,40.627
1782242422.865,2026-06-23T20:20:22,HOLD,0,1,10.067,0.008,42.601,42.700
1782242426.952,2026-06-23T20:20:26,HOLD,0,1,10.067,0.008,43.036,43.149
1782242431.033,2026-06-23T20:20:31,HOLD,0,1,10.067,0.007,43.027,43.143
1782242435.117,2026-06-23T20:20:35,HOLD,0,1,10.067,0.007,42.929,43.043
1782242439.203,2026-06-23T20:20:39,HOLD,0,1,10.067,0.007,42.985,43.100
1782242443.247,2026-06-23T20:20:43,HOLD,0,1,10.067,0.007,43.091,43.205
1782242447.331,2026-06-23T20:20:47,HOLD,0,1,10.067,0.007,42.868,42.982
1782242451.418,2026-06-23T20:20:51,HOLD,0,1,10.067,0.007,42.916,43.030
1782242455.505,2026-06-23T20:20:55,HOLD,0,1,10.067,0.007,42.815,42.929
1782242459.590,2026-06-23T20:20:59,HOLD,0,1,10.067,0.007,42.946,43.059
1782242463.674,2026-06-23T20:21:03,HOLD,0,1,10.067,0.007,42.988,43.103
1782242467.760,2026-06-23T20:21:07,HOLD,0,1,10.067,0.007,43.066,43.180
1782242471.846,2026-06-23T20:21:11,HOLD,0,1,10.067,0.008,42.953,43.068
1782242475.933,2026-06-23T20:21:15,HOLD,0,1,10.067,0.007,42.913,43.026
1782242480.019,2026-06-23T20:21:20,HOLD,0,1,10.067,0.006,42.756,42.868
1782242484.065,2026-06-23T20:21:24,HOLD,0,1,10.067,0.007,42.751,42.864
1782242488.151,2026-06-23T20:21:28,HOLD,0,1,10.067,0.007,42.911,43.026
1782242492.234,2026-06-23T20:21:32,HOLD,0,1,10.067,0.007,41.349,41.456
1782242496.317,2026-06-23T20:21:36,HOLD,0,1,10.067,0.007,42.645,42.745
1782242500.403,2026-06-23T20:21:40,HOLD,0,1,10.067,0.006,42.880,42.994
1782242504.488,2026-06-23T20:21:44,HOLD,0,1,10.067,0.006,43.034,43.169
1782242508.573,2026-06-23T20:21:48,HOLD,0,1,10.067,0.007,44.193,44.307
1782242512.660,2026-06-23T20:21:52,HOLD,0,1,10.067,0.008,42.796,42.910
1782242516.745,2026-06-23T20:21:56,HOLD,0,1,10.067,0.007,41.809,41.914
1782242520.829,2026-06-23T20:22:00,HOLD,0,1,10.067,0.008,41.673,41.778
1782242524.873,2026-06-23T20:22:04,HOLD,0,1,10.067,0.007,42.977,43.089
1782242528.957,2026-06-23T20:22:08,HOLD,0,1,10.067,0.007,42.933,43.028
1782242533.041,2026-06-23T20:22:13,HOLD,0,1,10.067,0.007,43.145,43.263
1782242537.124,2026-06-23T20:22:17,HOLD,0,1,10.067,0.007,41.975,42.087
1782242541.207,2026-06-23T20:22:21,HOLD,0,1,10.067,0.007,43.033,43.151
1782242545.291,2026-06-23T20:22:25,HOLD,0,1,10.067,0.007,43.114,43.229
1782242549.383,2026-06-23T20:22:29,HOLD,0,1,10.067,0.007,42.936,43.049
1782242553.469,2026-06-23T20:22:33,HOLD,0,1,10.067,0.007,41.515,41.623
1782242557.554,2026-06-23T20:22:37,HOLD,0,1,10.067,0.008,43.317,43.430
1782242561.638,2026-06-23T20:22:41,HOLD,0,1,10.067,0.007,42.897,42.998
1782242565.675,2026-06-23T20:22:45,HOLD,0,1,10.067,0.007,40.593,40.698
1782242569.759,2026-06-23T20:22:49,HOLD,0,1,10.067,0.007,43.136,43.232
1782242573.845,2026-06-23T20:22:53,HOLD,0,1,10.067,0.008,43.010,43.126
1782242577.929,2026-06-23T20:22:57,HOLD,0,1,10.067,0.007,43.057,43.169
1782242582.019,2026-06-23T20:23:02,HOLD,0,1,10.067,0.007,43.011,43.123
1782242586.106,2026-06-23T20:23:06,HOLD,0,1,10.067,0.007,43.079,43.194
1782242590.193,2026-06-23T20:23:10,HOLD,0,1,10.067,0.008,43.697,43.810
1782242594.281,2026-06-23T20:23:14,HOLD,0,1,10.067,0.008,43.588,43.704
1782242598.367,2026-06-23T20:23:18,HOLD,0,1,10.067,0.007,43.054,43.171
1782242602.454,2026-06-23T20:23:22,HOLD,0,1,10.067,0.007,42.970,43.084
1782242606.498,2026-06-23T20:23:26,HOLD,0,1,10.067,0.008,41.250,41.357
1782242610.588,2026-06-23T20:23:30,HOLD,0,1,10.067,0.007,43.517,43.617
1782242614.683,2026-06-23T20:23:34,HOLD,0,1,10.067,0.008,44.206,44.324
1782242618.770,2026-06-23T20:23:38,HOLD,0,1,10.067,0.007,43.124,43.237
1782242622.860,2026-06-23T20:23:42,HOLD,0,1,10.067,0.007,44.551,44.651
1782242626.951,2026-06-23T20:23:46,HOLD,0,1,10.067,0.008,43.569,43.686
1782242631.042,2026-06-23T20:23:51,HOLD,0,1,10.067,0.007,43.771,43.882
1782242635.135,2026-06-23T20:23:55,HOLD,0,1,10.067,0.007,44.203,44.317
1782242639.226,2026-06-23T20:23:59,HOLD,0,1,10.067,0.007,44.174,44.289
1782242643.316,2026-06-23T20:24:03,HOLD,0,1,10.067,0.006,43.009,43.123
1782242647.363,2026-06-23T20:24:07,HOLD,0,1,10.067,0.008,44.006,44.123
1782242651.456,2026-06-23T20:24:11,HOLD,0,1,10.067,0.008,44.147,44.264
1782242655.547,2026-06-23T20:24:15,HOLD,0,1,10.067,0.008,43.352,43.465
1782242659.641,2026-06-23T20:24:19,HOLD,0,1,10.067,0.007,44.060,44.162
1782242663.728,2026-06-23T20:24:23,HOLD,0,1,10.067,0.008,41.599,41.703
1782242667.817,2026-06-23T20:24:27,HOLD,0,1,10.067,0.008,44.938,45.054
1782242671.911,2026-06-23T20:24:31,HOLD,0,1,10.067,0.007,42.980,43.095
1782242675.997,2026-06-23T20:24:35,HOLD,0,1,10.067,0.007,42.920,43.036
1782242680.085,2026-06-23T20:24:40,HOLD,0,1,10.067,0.006,43.024,43.138
1782242684.169,2026-06-23T20:24:44,HOLD,0,1,10.067,0.007,43.100,43.215
1782242688.212,2026-06-23T20:24:48,HOLD,0,1,10.067,0.007,43.086,43.201
1782242692.296,2026-06-23T20:24:52,HOLD,0,1,10.067,0.007,42.885,43.001
1782242696.383,2026-06-23T20:24:56,HOLD,0,1,10.067,0.007,43.087,43.198
1782242700.469,2026-06-23T20:25:00,HOLD,0,1,10.067,0.009,41.412,41.523
1782242704.554,2026-06-23T20:25:04,HOLD,0,1,10.067,0.007,42.962,43.075
1782242708.639,2026-06-23T20:25:08,HOLD,0,1,10.067,0.008,44.470,44.587
1782242712.727,2026-06-23T20:25:12,HOLD,0,1,10.067,0.006,42.983,43.097
1782242716.816,2026-06-23T20:25:16,HOLD,0,1,10.067,0.008,42.938,43.057
1782242720.901,2026-06-23T20:25:20,HOLD,0,1,10.067,0.008,43.028,43.143
1782242724.984,2026-06-23T20:25:24,HOLD,0,1,10.067,0.007,41.579,41.690
1782242729.025,2026-06-23T20:25:29,HOLD,0,1,10.067,0.008,42.914,43.030
1782242733.110,2026-06-23T20:25:33,HOLD,0,1,10.067,0.007,42.519,42.621
1782242737.196,2026-06-23T20:25:37,HOLD,0,1,10.067,0.008,43.476,43.592
1782242741.282,2026-06-23T20:25:41,HOLD,0,1,10.067,0.008,42.916,43.030
1782242745.366,2026-06-23T20:25:45,HOLD,0,1,10.067,0.007,43.019,43.134
1782242749.449,2026-06-23T20:25:49,HOLD,0,1,10.067,0.007,42.910,43.022
1782242753.536,2026-06-23T20:25:53,HOLD,0,1,10.067,0.007,41.749,41.852
1782242757.626,2026-06-23T20:25:57,HOLD,0,1,10.067,0.008,43.245,43.360
1782242761.711,2026-06-23T20:26:01,HOLD,0,1,10.067,0.008,41.183,41.292
1782242765.794,2026-06-23T20:26:05,HOLD,0,1,10.067,0.007,41.443,41.547
1782242769.838,2026-06-23T20:26:09,HOLD,0,1,10.067,0.007,43.668,43.784
1782242773.928,2026-06-23T20:26:13,HOLD,0,1,10.067,0.007,42.888,43.004
1782242778.013,2026-06-23T20:26:18,HOLD,0,1,10.067,0.007,40.943,41.048
1782242782.101,2026-06-23T20:26:22,HOLD,0,1,10.067,0.009,43.252,43.357
1782242786.196,2026-06-23T20:26:26,HOLD,0,1,10.067,0.007,44.600,44.717
1782242790.290,2026-06-23T20:26:30,HOLD,0,1,10.067,0.008,44.258,44.374
1782242794.382,2026-06-23T20:26:34,HOLD,0,1,10.067,0.007,44.562,44.676
1782242798.478,2026-06-23T20:26:38,HOLD,0,1,10.067,0.007,45.259,45.377
1782242802.568,2026-06-23T20:26:42,HOLD,0,1,10.067,0.009,43.648,43.764
1782242806.659,2026-06-23T20:26:46,HOLD,0,1,10.067,0.008,44.135,44.250
1782242810.706,2026-06-23T20:26:50,HOLD,0,1,10.067,0.008,44.518,44.652
1782242814.797,2026-06-23T20:26:54,HOLD,0,1,10.067,0.007,44.188,44.305
1782242818.884,2026-06-23T20:26:58,HOLD,0,1,10.067,0.007,42.956,43.072
1782242822.970,2026-06-23T20:27:02,HOLD,0,1,10.067,0.007,42.806,42.921
1782242827.055,2026-06-23T20:27:07,HOLD,0,1,10.067,0.007,42.936,43.051
1782242831.137,2026-06-23T20:27:11,HOLD,0,1,10.067,0.008,42.520,42.620
1782242835.234,2026-06-23T20:27:15,HOLD,0,1,10.067,0.007,43.996,44.093
1782242839.323,2026-06-23T20:27:19,HOLD,0,1,10.067,0.007,44.481,44.595
1782242843.411,2026-06-23T20:27:23,HOLD,0,1,10.067,0.007,44.134,44.250
1782242847.501,2026-06-23T20:27:27,HOLD,0,1,10.067,0.008,44.363,44.478
1782242851.507,2026-06-23T20:27:31,HOLD,0,1,10.067,0.005,28.335,28.417
1782242855.543,2026-06-23T20:27:35,HOLD,0,1,10.067,0.007,42.636,42.749
1782242859.631,2026-06-23T20:27:39,HOLD,0,1,10.067,0.006,42.789,42.903
1782242863.718,2026-06-23T20:27:43,HOLD,0,1,10.067,0.007,42.853,42.968
1782242867.800,2026-06-23T20:27:47,HOLD,0,1,10.067,0.007,42.994,43.108
1782242871.892,2026-06-23T20:27:51,HOLD,0,1,10.067,0.007,42.720,42.825
1782242875.983,2026-06-23T20:27:55,HOLD,0,1,10.067,0.007,43.502,43.618
1782242880.068,2026-06-23T20:28:00,HOLD,0,1,10.067,0.007,40.923,41.023
1782242884.152,2026-06-23T20:28:04,HOLD,0,1,10.067,0.007,42.786,42.901
1782242888.236,2026-06-23T20:28:08,HOLD,0,1,10.067,0.007,44.231,44.346
1782242892.276,2026-06-23T20:28:12,HOLD,0,1,10.067,0.007,41.085,41.199
1782242896.365,2026-06-23T20:28:16,HOLD,0,1,10.067,0.008,42.964,43.079
1782242900.458,2026-06-23T20:28:20,HOLD,0,1,10.067,0.008,44.145,44.261
1782242904.554,2026-06-23T20:28:24,HOLD,0,1,10.067,0.007,44.416,44.532
1782242908.644,2026-06-23T20:28:28,HOLD,0,1,10.067,0.008,44.491,44.607
1782242912.733,2026-06-23T20:28:32,HOLD,0,1,10.067,0.007,43.679,43.795
1782242916.826,2026-06-23T20:28:36,HOLD,0,1,10.067,0.009,45.020,45.140
1782242920.915,2026-06-23T20:28:40,HOLD,0,1,10.067,0.008,41.257,41.362
1782242925.005,2026-06-23T20:28:45,HOLD,0,1,10.067,0.007,43.135,43.248
1782242929.094,2026-06-23T20:28:49,HOLD,0,1,10.067,0.007,43.829,43.932
1782242933.140,2026-06-23T20:28:53,HOLD,0,1,10.067,0.008,43.995,44.109
1782242937.232,2026-06-23T20:28:57,HOLD,0,1,10.067,0.008,44.050,44.166
1782242941.318,2026-06-23T20:29:01,HOLD,0,1,10.067,0.007,40.676,40.780
1782242945.402,2026-06-23T20:29:05,HOLD,0,1,10.067,0.006,43.008,43.122
1782242949.489,2026-06-23T20:29:09,HOLD,0,1,10.067,0.007,40.971,41.082
1782242953.572,2026-06-23T20:29:13,HOLD,0,1,10.067,0.007,42.969,43.080
1782242957.659,2026-06-23T20:29:17,HOLD,0,1,10.067,0.007,42.977,43.095
1782242961.748,2026-06-23T20:29:21,HOLD,0,1,10.067,0.008,42.947,43.064
1782242965.830,2026-06-23T20:29:25,HOLD,0,1,10.067,0.008,41.092,41.195
1782242969.917,2026-06-23T20:29:29,HOLD,0,1,10.067,0.007,42.634,42.736
1782242973.960,2026-06-23T20:29:33,HOLD,0,1,10.067,0.007,42.985,43.101
1782242978.042,2026-06-23T20:29:38,HOLD,0,1,10.067,0.007,40.412,40.516
1782242982.127,2026-06-23T20:29:42,HOLD,0,1,10.067,0.008,43.086,43.183
1782242986.214,2026-06-23T20:29:46,HOLD,0,1,10.067,0.007,42.864,42.978
1782242990.299,2026-06-23T20:29:50,HOLD,0,1,10.067,0.007,42.938,43.051
1782242994.382,2026-06-23T20:29:54,HOLD,0,1,10.067,0.008,43.119,43.233
1782242998.467,2026-06-23T20:29:58,HOLD,0,1,10.067,0.007,41.128,41.236
1782243002.560,2026-06-23T20:30:02,HOLD,0,1,10.067,0.008,44.214,44.329
1782243006.652,2026-06-23T20:30:06,HOLD,0,1,10.067,0.008,43.365,43.469
1782243010.745,2026-06-23T20:30:10,HOLD,0,1,10.067,0.008,44.552,44.650
1782243014.794,2026-06-23T20:30:14,HOLD,0,1,10.067,0.007,42.639,42.749
1782243018.890,2026-06-23T20:30:18,HOLD,0,1,10.067,0.008,42.732,42.837
1782243022.979,2026-06-23T20:30:22,HOLD,0,1,10.067,0.008,43.976,44.095
1782243027.071,2026-06-23T20:30:27,HOLD,0,1,10.067,0.008,44.515,44.631
1782243031.162,2026-06-23T20:30:31,HOLD,0,1,10.067,0.008,43.084,43.187
1782243035.255,2026-06-23T20:30:35,HOLD,0,1,10.067,0.007,44.157,44.272
1782243039.344,2026-06-23T20:30:39,HOLD,0,1,10.067,0.008,44.099,44.216
1782243043.432,2026-06-23T20:30:43,HOLD,0,1,10.067,0.007,43.000,43.114
1782243047.519,2026-06-23T20:30:47,HOLD,0,1,10.067,0.007,43.391,43.508
1782243051.612,2026-06-23T20:30:51,HOLD,0,1,10.067,0.008,44.779,44.899
1782243055.660,2026-06-23T20:30:55,HOLD,0,1,10.067,0.008,44.577,44.692
1782243059.690,2026-06-23T20:30:59,HOLD,0,1,10.067,0.005,29.502,29.585
1782243063.768,2026-06-23T20:31:03,HOLD,0,1,10.067,0.007,44.062,44.176
1782243067.862,2026-06-23T20:31:07,HOLD,0,1,10.067,0.008,44.056,44.173
1782243071.954,2026-06-23T20:31:11,HOLD,0,1,10.067,0.007,44.283,44.400
1782243076.038,2026-06-23T20:31:16,HOLD,0,1,10.067,0.008,43.038,43.155
1782243080.129,2026-06-23T20:31:20,HOLD,0,1,10.067,0.007,42.941,43.055
1782243084.217,2026-06-23T20:31:24,HOLD,0,1,10.067,0.007,42.458,42.567
1782243088.311,2026-06-23T20:31:28,HOLD,0,1,10.067,0.008,44.704,44.818
1782243092.403,2026-06-23T20:31:32,HOLD,0,1,10.067,0.007,45.276,45.397
1782243096.448,2026-06-23T20:31:36,HOLD,0,1,10.067,0.006,43.004,43.119
1782243100.539,2026-06-23T20:31:40,HOLD,0,1,10.067,0.007,43.037,43.151
1782243104.621,2026-06-23T20:31:44,HOLD,0,1,10.067,0.007,40.774,40.878
1782243108.705,2026-06-23T20:31:48,HOLD,0,1,10.067,0.007,43.051,43.165
1782243112.787,2026-06-23T20:31:52,HOLD,0,1,10.067,0.007,41.157,41.264
1782243116.871,2026-06-23T20:31:56,HOLD,0,1,10.067,0.008,43.054,43.172
1782243120.960,2026-06-23T20:32:00,HOLD,0,1,10.067,0.007,42.871,42.985
1782243125.047,2026-06-23T20:32:05,HOLD,0,1,10.067,0.007,42.922,43.041
1782243129.131,2026-06-23T20:32:09,HOLD,0,1,10.067,0.006,42.782,42.896
1782243133.216,2026-06-23T20:32:13,HOLD,0,1,10.067,0.007,42.982,43.095
1782243137.257,2026-06-23T20:32:17,HOLD,0,1,10.067,0.007,42.793,42.911
1782243141.342,2026-06-23T20:32:21,HOLD,0,1,10.067,0.008,40.988,41.094
1782243145.426,2026-06-23T20:32:25,HOLD,0,1,10.067,0.008,43.414,43.528
1782243149.509,2026-06-23T20:32:29,HOLD,0,1,10.067,0.007,43.023,43.138
1782243153.593,2026-06-23T20:32:33,HOLD,0,1,10.067,0.006,43.013,43.125
1782243157.676,2026-06-23T20:32:37,HOLD,0,1,10.067,0.006,42.884,42.999
1782243161.761,2026-06-23T20:32:41,HOLD,0,1,10.067,0.008,43.512,43.628
1782243165.847,2026-06-23T20:32:45,HOLD,0,1,10.067,0.008,41.291,41.402
1782243169.929,2026-06-23T20:32:49,HOLD,0,1,10.067,0.008,43.087,43.205
1782243174.015,2026-06-23T20:32:54,HOLD,0,1,10.067,0.006,43.011,43.126
1782243178.056,2026-06-23T20:32:58,HOLD,0,1,10.067,0.006,43.064,43.176
1782243182.145,2026-06-23T20:33:02,HOLD,0,1,10.067,0.007,43.135,43.249
1782243186.229,2026-06-23T20:33:06,HOLD,0,1,10.067,0.007,43.091,43.210
1782243190.312,2026-06-23T20:33:10,HOLD,0,1,10.067,0.008,42.989,43.105
1782243194.397,2026-06-23T20:33:14,HOLD,0,1,10.067,0.008,43.072,43.188
1782243198.484,2026-06-23T20:33:18,HOLD,0,1,10.067,0.007,43.104,43.216
1782243202.572,2026-06-23T20:33:22,HOLD,0,1,10.067,0.007,41.270,41.369
1782243206.662,2026-06-23T20:33:26,HOLD,0,1,10.067,0.008,42.971,43.085
1782243210.745,2026-06-23T20:33:30,HOLD,0,1,10.067,0.008,43.115,43.231
1782243214.831,2026-06-23T20:33:34,HOLD,0,1,10.067,0.008,44.648,44.763
1782243218.877,2026-06-23T20:33:38,HOLD,0,1,10.067,0.006,43.516,43.613
1782243222.974,2026-06-23T20:33:42,HOLD,0,1,10.067,0.007,45.371,45.487
1782243227.066,2026-06-23T20:33:47,HOLD,0,1,10.067,0.007,43.741,43.854
1782243231.156,2026-06-23T20:33:51,HOLD,0,1,10.067,0.009,43.539,43.658
1782243235.242,2026-06-23T20:33:55,HOLD,0,1,10.067,0.008,43.308,43.423
1782243239.330,2026-06-23T20:33:59,HOLD,0,1,10.067,0.007,40.888,40.990
1782243243.421,2026-06-23T20:34:03,HOLD,0,1,10.067,0.007,43.486,43.634
1782243247.510,2026-06-23T20:34:07,HOLD,0,1,10.067,0.007,44.146,44.261
1782243251.601,2026-06-23T20:34:11,HOLD,0,1,10.067,0.008,43.521,43.623
1782243255.693,2026-06-23T20:34:15,HOLD,0,1,10.067,0.008,44.103,44.219
1782243259.743,2026-06-23T20:34:19,HOLD,0,1,10.067,0.008,44.254,44.367
1782243263.832,2026-06-23T20:34:23,HOLD,0,1,10.067,0.008,42.953,43.069
1782243267.916,2026-06-23T20:34:27,HOLD,0,1,10.067,0.007,42.869,42.984
1782243272.004,2026-06-23T20:34:32,HOLD,0,1,10.067,0.006,43.207,43.320
1782243276.094,2026-06-23T20:34:36,HOLD,0,1,10.067,0.008,43.736,43.853
1782243280.178,2026-06-23T20:34:40,HOLD,0,1,10.067,0.008,41.270,41.373
1782243284.262,2026-06-23T20:34:44,HOLD,0,1,10.067,0.007,42.877,42.993
1782243288.347,2026-06-23T20:34:48,HOLD,0,1,10.067,0.006,42.846,42.960
1782243292.433,2026-06-23T20:34:52,HOLD,0,1,10.067,0.007,44.997,45.103
1782243296.519,2026-06-23T20:34:56,HOLD,0,1,10.067,0.008,42.957,43.072
1782243300.560,2026-06-23T20:35:00,HOLD,0,1,10.067,0.008,42.822,42.936
1782243304.643,2026-06-23T20:35:04,HOLD,0,1,10.067,0.008,41.055,41.159
1782243308.731,2026-06-23T20:35:08,HOLD,0,1,10.067,0.007,43.228,43.344
1782243312.819,2026-06-23T20:35:12,HOLD,0,1,10.067,0.007,43.099,43.212
1782243316.903,2026-06-23T20:35:16,HOLD,0,1,10.067,0.007,43.242,43.357
1782243320.991,2026-06-23T20:35:20,HOLD,0,1,10.067,0.008,43.119,43.234
1782243325.079,2026-06-23T20:35:25,HOLD,0,1,10.067,0.007,42.866,42.980
1782243329.163,2026-06-23T20:35:29,HOLD,0,1,10.067,0.007,42.815,42.931
1782243333.245,2026-06-23T20:35:33,HOLD,0,1,10.067,0.007,42.926,43.041
1782243337.332,2026-06-23T20:35:37,HOLD,0,1,10.067,0.006,40.611,40.714
1782243341.378,2026-06-23T20:35:41,HOLD,0,1,10.067,0.008,42.981,43.097
1782243345.461,2026-06-23T20:35:45,HOLD,0,1,10.067,0.008,40.594,40.697
1782243349.552,2026-06-23T20:35:49,HOLD,0,1,10.067,0.007,43.997,44.113
1782243353.639,2026-06-23T20:35:53,HOLD,0,1,10.067,0.007,42.906,43.021
1782243357.735,2026-06-23T20:35:57,HOLD,0,1,10.067,0.007,44.231,44.345
1782243361.826,2026-06-23T20:36:01,HOLD,0,1,10.067,0.007,44.203,44.304
1782243365.918,2026-06-23T20:36:05,HOLD,0,1,10.067,0.008,43.035,43.152
1782243370.003,2026-06-23T20:36:10,HOLD,0,1,10.067,0.008,42.965,43.081
1782243374.088,2026-06-23T20:36:14,HOLD,0,1,10.067,0.007,42.916,43.030
1782243378.173,2026-06-23T20:36:18,HOLD,0,1,10.067,0.007,42.887,43.000
1782243382.220,2026-06-23T20:36:22,HOLD,0,1,10.067,0.007,44.097,44.214
1782243386.307,2026-06-23T20:36:26,HOLD,0,1,10.067,0.007,43.352,43.467
1782243390.399,2026-06-23T20:36:30,HOLD,0,1,10.067,0.007,43.019,43.125
1782243394.494,2026-06-23T20:36:34,HOLD,0,1,10.067,0.008,44.457,44.573
1782243398.581,2026-06-23T20:36:38,HOLD,0,1,10.067,0.007,42.945,43.056
1782243402.665,2026-06-23T20:36:42,HOLD,0,1,10.067,0.007,42.912,43.024
1782243406.749,2026-06-23T20:36:46,HOLD,0,1,10.067,0.008,43.747,43.863
1782243410.836,2026-06-23T20:36:50,HOLD,0,1,10.067,0.007,42.617,42.721
1782243414.922,2026-06-23T20:36:54,HOLD,0,1,10.067,0.008,42.890,43.002
1782243419.008,2026-06-23T20:36:59,HOLD,0,1,10.067,0.007,42.959,43.075
1782243423.052,2026-06-23T20:37:03,HOLD,0,1,10.067,0.007,42.876,42.990
1782243427.143,2026-06-23T20:37:07,HOLD,0,1,10.067,0.007,43.142,43.257
1782243431.225,2026-06-23T20:37:11,HOLD,0,1,10.067,0.008,40.970,41.075
1782243435.308,2026-06-23T20:37:15,HOLD,0,1,10.067,0.008,42.992,43.114
1782243439.399,2026-06-23T20:37:19,HOLD,0,1,10.067,0.007,42.937,43.053
1782243443.488,2026-06-23T20:37:23,HOLD,0,1,10.067,0.007,42.862,42.978
1782243447.573,2026-06-23T20:37:27,HOLD,0,1,10.067,0.008,43.503,43.621
1782243451.658,2026-06-23T20:37:31,HOLD,0,1,10.067,0.008,43.028,43.144
1782243455.744,2026-06-23T20:37:35,HOLD,0,1,10.067,0.007,42.938,43.052
1782243459.830,2026-06-23T20:37:39,HOLD,0,1,10.067,0.007,42.780,42.895
1782243463.879,2026-06-23T20:37:43,HOLD,0,1,10.067,0.007,43.588,43.701
1782243467.969,2026-06-23T20:37:47,HOLD,0,1,10.067,0.008,42.410,42.511
1782243472.056,2026-06-23T20:37:52,HOLD,0,1,10.067,0.008,43.009,43.125
1782243476.140,2026-06-23T20:37:56,HOLD,0,1,10.067,0.008,42.645,42.742
1782243480.231,2026-06-23T20:38:00,HOLD,0,1,10.067,0.007,44.082,44.197
1782243484.321,2026-06-23T20:38:04,HOLD,0,1,10.067,0.007,43.640,43.755
1782243488.410,2026-06-23T20:38:08,HOLD,0,1,10.067,0.008,43.386,43.500
1782243492.501,2026-06-23T20:38:12,HOLD,0,1,10.067,0.007,43.140,43.253
1782243496.589,2026-06-23T20:38:16,HOLD,0,1,10.067,0.008,44.406,44.522
1782243500.682,2026-06-23T20:38:20,HOLD,0,1,10.067,0.008,41.949,42.059
1782243504.730,2026-06-23T20:38:24,HOLD,0,1,10.067,0.008,44.679,44.793
1782243508.817,2026-06-23T20:38:28,HOLD,0,1,10.067,0.007,44.099,44.234
1782243512.908,2026-06-23T20:38:32,HOLD,0,1,10.067,0.008,44.917,45.032
1782243517.006,2026-06-23T20:38:37,HOLD,0,1,10.067,0.007,45.679,45.799
1782243521.097,2026-06-23T20:38:41,HOLD,0,1,10.067,0.008,43.252,43.363
1782243525.186,2026-06-23T20:38:45,HOLD,0,1,10.067,0.008,42.326,42.433
1782243529.278,2026-06-23T20:38:49,HOLD,0,1,10.067,0.007,44.140,44.256
1782243533.375,2026-06-23T20:38:53,HOLD,0,1,10.067,0.007,44.533,44.649
1782243537.471,2026-06-23T20:38:57,HOLD,0,1,10.067,0.007,47.328,47.466
1782243541.567,2026-06-23T20:39:01,HOLD,0,1,10.067,0.008,44.036,44.151
1782243545.612,2026-06-23T20:39:05,HOLD,0,1,10.067,0.007,42.355,42.466
1782243549.701,2026-06-23T20:39:09,HOLD,0,1,10.067,0.008,42.958,43.065
1782243553.792,2026-06-23T20:39:13,HOLD,0,1,10.067,0.008,43.477,43.592
1782243557.888,2026-06-23T20:39:17,HOLD,0,1,10.067,0.007,45.360,45.482
1782243561.981,2026-06-23T20:39:21,HOLD,0,1,10.067,0.008,44.271,44.386
1782243566.073,2026-06-23T20:39:26,HOLD,0,1,10.067,0.008,43.739,43.854
1782243570.166,2026-06-23T20:39:30,HOLD,0,1,10.067,0.008,44.159,44.274
1782243574.255,2026-06-23T20:39:34,HOLD,0,1,10.067,0.007,43.370,43.486
1782243578.343,2026-06-23T20:39:38,HOLD,0,1,10.067,0.007,41.510,41.616
1782243582.430,2026-06-23T20:39:42,HOLD,0,1,10.067,0.007,42.916,43.033
1782243586.473,2026-06-23T20:39:46,HOLD,0,1,10.067,0.008,42.541,42.654
1782243590.564,2026-06-23T20:39:50,HOLD,0,1,10.067,0.007,44.549,44.666
1782243594.656,2026-06-23T20:39:54,HOLD,0,1,10.067,0.007,44.087,44.204
1782243598.745,2026-06-23T20:39:58,HOLD,0,1,10.067,0.007,42.640,42.750
1782243602.835,2026-06-23T20:40:02,HOLD,0,1,10.067,0.007,42.383,42.488
1782243606.929,2026-06-23T20:40:06,HOLD,0,1,10.067,0.008,43.085,43.185
1782243611.022,2026-06-23T20:40:11,HOLD,0,1,10.067,0.008,44.178,44.295
1782243615.112,2026-06-23T20:40:15,HOLD,0,1,10.067,0.007,43.433,43.548
1782243619.199,2026-06-23T20:40:19,HOLD,0,1,10.067,0.007,42.893,43.008
1782243623.283,2026-06-23T20:40:23,HOLD,0,1,10.067,0.007,42.974,43.088
1782243627.327,2026-06-23T20:40:27,HOLD,0,1,10.067,0.007,42.918,43.032
1782243631.412,2026-06-23T20:40:31,HOLD,0,1,10.067,0.007,42.998,43.111
1782243635.495,2026-06-23T20:40:35,HOLD,0,1,10.067,0.007,43.467,43.581
1782243639.586,2026-06-23T20:40:39,HOLD,0,1,10.067,0.007,42.868,42.981
1782243643.669,2026-06-23T20:40:43,HOLD,0,1,10.067,0.008,41.398,41.505
1782243647.752,2026-06-23T20:40:47,HOLD,0,1,10.067,0.007,40.888,40.999
1782243651.837,2026-06-23T20:40:51,HOLD,0,1,10.067,0.008,43.720,43.835
1782243655.923,2026-06-23T20:40:55,HOLD,0,1,10.067,0.007,42.801,42.918
1782243660.008,2026-06-23T20:41:00,HOLD,0,1,10.067,0.006,42.761,42.875
1782243664.096,2026-06-23T20:41:04,HOLD,0,1,10.067,0.007,44.224,44.340
1782243668.142,2026-06-23T20:41:08,HOLD,0,1,10.067,0.007,43.051,43.156
1782243672.230,2026-06-23T20:41:12,HOLD,0,1,10.067,0.009,42.720,42.836
1782243676.316,2026-06-23T20:41:16,HOLD,0,1,10.067,0.009,44.175,44.292
1782243680.410,2026-06-23T20:41:20,HOLD,0,1,10.067,0.007,43.697,43.814
1782243684.498,2026-06-23T20:41:24,HOLD,0,1,10.067,0.007,43.015,43.117
1782243688.587,2026-06-23T20:41:28,HOLD,0,1,10.067,0.007,42.726,42.831
1782243692.678,2026-06-23T20:41:32,HOLD,0,1,10.067,0.007,43.461,43.563
1782243696.764,2026-06-23T20:41:36,HOLD,0,1,10.067,0.007,41.811,41.912
1782243700.858,2026-06-23T20:41:40,HOLD,0,1,10.067,0.007,44.320,44.453
1782243704.952,2026-06-23T20:41:44,HOLD,0,1,10.067,0.007,44.114,44.228
1782243708.996,2026-06-23T20:41:48,HOLD,0,1,10.067,0.007,43.502,43.605
1782243713.088,2026-06-23T20:41:53,HOLD,0,1,10.067,0.008,45.287,45.404
1782243717.185,2026-06-23T20:41:57,HOLD,0,1,10.067,0.008,44.902,45.022
1782243721.278,2026-06-23T20:42:01,HOLD,0,1,10.067,0.008,44.724,44.842
1782243725.366,2026-06-23T20:42:05,HOLD,0,1,10.067,0.009,43.262,43.379
1782243729.456,2026-06-23T20:42:09,HOLD,0,1,10.067,0.007,42.857,42.971
1782243733.546,2026-06-23T20:42:13,HOLD,0,1,10.067,0.007,43.821,43.935
1782243737.639,2026-06-23T20:42:17,HOLD,0,1,10.067,0.008,42.714,42.825
1782243741.730,2026-06-23T20:42:21,HOLD,0,1,10.067,0.009,43.271,43.373
1782243745.823,2026-06-23T20:42:25,HOLD,0,1,10.067,0.008,44.829,44.945
1782243749.870,2026-06-23T20:42:29,HOLD,0,1,10.067,0.008,42.287,42.394
1782243753.964,2026-06-23T20:42:33,HOLD,0,1,10.067,0.008,43.877,43.992
1782243758.055,2026-06-23T20:42:38,HOLD,0,1,10.067,0.007,42.856,42.970
1782243762.141,2026-06-23T20:42:42,HOLD,0,1,10.067,0.007,40.912,41.017
1782243766.237,2026-06-23T20:42:46,HOLD,0,1,10.067,0.007,47.768,47.884
1782243770.327,2026-06-23T20:42:50,HOLD,0,1,10.067,0.008,43.847,43.941
1782243774.412,2026-06-23T20:42:54,HOLD,0,1,10.067,0.007,42.935,43.050
1782243778.503,2026-06-23T20:42:58,HOLD,0,1,10.067,0.007,44.547,44.662
1782243782.598,2026-06-23T20:43:02,HOLD,0,1,10.067,0.009,44.141,44.257
1782243786.687,2026-06-23T20:43:06,HOLD,0,1,10.067,0.008,44.026,44.141
1782243790.736,2026-06-23T20:43:10,HOLD,0,1,10.067,0.007,43.549,43.663
1782243794.832,2026-06-23T20:43:14,HOLD,0,1,10.067,0.008,44.628,44.744
1782243798.923,2026-06-23T20:43:18,HOLD,0,1,10.067,0.006,44.274,44.390
1782243803.014,2026-06-23T20:43:23,HOLD,0,1,10.067,0.008,45.180,45.297
1782243807.109,2026-06-23T20:43:27,HOLD,0,1,10.067,0.008,44.258,44.387
1782243811.201,2026-06-23T20:43:31,HOLD,0,1,10.067,0.007,42.600,42.705
1782243815.292,2026-06-23T20:43:35,HOLD,0,1,10.067,0.008,43.965,44.080
1782243819.383,2026-06-23T20:43:39,HOLD,0,1,10.067,0.007,41.051,41.154
1782243823.470,2026-06-23T20:43:43,HOLD,0,1,10.067,0.007,41.510,41.614
1782243827.559,2026-06-23T20:43:47,HOLD,0,1,10.067,0.008,43.075,43.191
1782243831.602,2026-06-23T20:43:51,HOLD,0,1,10.067,0.008,43.101,43.218
1782243835.685,2026-06-23T20:43:55,HOLD,0,1,10.067,0.008,41.223,41.327
1782243839.772,2026-06-23T20:43:59,HOLD,0,1,10.067,0.007,43.084,43.200
1782243843.859,2026-06-23T20:44:03,HOLD,0,1,10.067,0.006,42.864,42.978
1782243847.941,2026-06-23T20:44:07,HOLD,0,1,10.067,0.009,42.720,42.838
1782243852.024,2026-06-23T20:44:12,HOLD,0,1,10.067,0.008,42.161,42.267
1782243856.109,2026-06-23T20:44:16,HOLD,0,1,10.067,0.007,41.251,41.357
1782243860.193,2026-06-23T20:44:20,HOLD,0,1,10.067,0.007,40.955,41.054
1782243864.282,2026-06-23T20:44:24,HOLD,0,1,10.067,0.007,43.099,43.212
1782243868.365,2026-06-23T20:44:28,HOLD,0,1,10.067,0.007,42.864,42.976
1782243872.407,2026-06-23T20:44:32,HOLD,0,1,10.067,0.008,41.696,41.800
1782243876.494,2026-06-23T20:44:36,HOLD,0,1,10.067,0.007,43.019,43.131
1782243880.577,2026-06-23T20:44:40,HOLD,0,1,10.067,0.007,43.689,43.805
1782243884.663,2026-06-23T20:44:44,HOLD,0,1,10.067,0.007,42.952,43.066
1782243888.746,2026-06-23T20:44:48,HOLD,0,1,10.067,0.007,42.895,43.009
1782243892.834,2026-06-23T20:44:52,HOLD,0,1,10.067,0.007,41.709,41.819
1782243896.918,2026-06-23T20:44:56,HOLD,0,1,10.067,0.008,42.017,42.118
1782243901.006,2026-06-23T20:45:01,HOLD,0,1,10.067,0.008,42.903,43.018
1782243905.089,2026-06-23T20:45:05,HOLD,0,1,10.067,0.007,42.897,43.010
1782243909.171,2026-06-23T20:45:09,HOLD,0,1,10.067,0.007,41.381,41.490
1782243913.216,2026-06-23T20:45:13,HOLD,0,1,10.067,0.007,43.113,43.229
1782243917.303,2026-06-23T20:45:17,HOLD,0,1,10.067,0.008,42.793,42.908
1782243921.390,2026-06-23T20:45:21,HOLD,0,1,10.067,0.007,42.872,42.986
1782243925.474,2026-06-23T20:45:25,HOLD,0,1,10.067,0.008,42.945,43.062
1782243929.563,2026-06-23T20:45:29,HOLD,0,1,10.067,0.006,43.041,43.155
1782243933.648,2026-06-23T20:45:33,HOLD,0,1,10.067,0.007,42.976,43.090
1782243937.739,2026-06-23T20:45:37,HOLD,0,1,10.067,0.008,42.850,43.014
1782243941.826,2026-06-23T20:45:41,HOLD,0,1,10.067,0.007,42.999,43.116
1782243945.909,2026-06-23T20:45:45,HOLD,0,1,10.067,0.007,43.775,43.881
1782243949.995,2026-06-23T20:45:49,HOLD,0,1,10.067,0.007,43.079,43.195
1782243954.038,2026-06-23T20:45:54,HOLD,0,1,10.067,0.007,43.019,43.134
1782243958.123,2026-06-23T20:45:58,HOLD,0,1,10.067,0.007,43.032,43.146
1782243962.211,2026-06-23T20:46:02,HOLD,0,1,10.067,0.008,42.984,43.102
1782243966.299,2026-06-23T20:46:06,HOLD,0,1,10.067,0.007,43.090,43.203
1782243970.384,2026-06-23T20:46:10,HOLD,0,1,10.067,0.006,42.879,42.994
1782243974.468,2026-06-23T20:46:14,HOLD,0,1,10.067,0.007,43.093,43.209
1782243978.557,2026-06-23T20:46:18,HOLD,0,1,10.067,0.007,40.889,40.995
1782243982.647,2026-06-23T20:46:22,HOLD,0,1,10.067,0.007,43.835,43.953
1782243986.739,2026-06-23T20:46:26,HOLD,0,1,10.067,0.008,44.884,45.001
1782243990.832,2026-06-23T20:46:30,HOLD,0,1,10.067,0.007,44.120,44.234
1782243994.883,2026-06-23T20:46:34,HOLD,0,1,10.067,0.008,45.097,45.213
1782243998.974,2026-06-23T20:46:38,HOLD,0,1,10.067,0.008,44.477,44.618
1782244003.062,2026-06-23T20:46:43,HOLD,0,1,10.067,0.007,43.112,43.227
1782244007.149,2026-06-23T20:46:47,HOLD,0,1,10.067,0.008,44.576,44.695
1782244011.242,2026-06-23T20:46:51,HOLD,0,1,10.067,0.008,46.108,46.226
1782244015.336,2026-06-23T20:46:55,HOLD,0,1,10.067,0.008,44.054,44.169
1782244019.432,2026-06-23T20:46:59,HOLD,0,1,10.067,0.007,44.053,44.168
1782244023.526,2026-06-23T20:47:03,HOLD,0,1,10.067,0.007,44.162,44.279
1782244027.620,2026-06-23T20:47:07,HOLD,0,1,10.067,0.009,45.172,45.291
1782244031.710,2026-06-23T20:47:11,HOLD,0,1,10.067,0.008,42.081,42.189
1782244035.756,2026-06-23T20:47:15,HOLD,0,1,10.067,0.007,43.525,43.639
1782244039.845,2026-06-23T20:47:19,HOLD,0,1,10.067,0.007,44.132,44.247
1782244043.941,2026-06-23T20:47:23,HOLD,0,1,10.067,0.007,44.799,44.915
1782244048.031,2026-06-23T20:47:28,HOLD,0,1,10.067,0.008,42.631,42.741
1782244052.124,2026-06-23T20:47:32,HOLD,0,1,10.067,0.007,44.879,44.997
1782244056.213,2026-06-23T20:47:36,HOLD,0,1,10.067,0.008,43.692,43.791
1782244060.306,2026-06-23T20:47:40,HOLD,0,1,10.067,0.007,43.123,43.238
1782244064.393,2026-06-23T20:47:44,HOLD,0,1,10.067,0.006,42.901,43.014
1782244068.477,2026-06-23T20:47:48,HOLD,0,1,10.067,0.007,42.856,42.969
1782244072.561,2026-06-23T20:47:52,HOLD,0,1,10.067,0.007,42.991,43.105
1782244076.603,2026-06-23T20:47:56,HOLD,0,1,10.067,0.013,43.161,43.281
1782244080.689,2026-06-23T20:48:00,HOLD,0,1,10.067,0.007,43.009,43.138
1782244084.779,2026-06-23T20:48:04,HOLD,0,1,10.067,0.008,44.706,44.827
1782244088.870,2026-06-23T20:48:08,HOLD,0,1,10.067,0.007,44.135,44.251
1782244092.960,2026-06-23T20:48:12,HOLD,0,1,10.067,0.007,43.112,43.235
1782244097.050,2026-06-23T20:48:17,HOLD,0,1,10.067,0.007,43.147,43.261
1782244101.136,2026-06-23T20:48:21,HOLD,0,1,10.067,0.007,43.119,43.233
1782244105.222,2026-06-23T20:48:25,HOLD,0,1,10.067,0.007,42.941,43.054
1782244109.307,2026-06-23T20:48:29,HOLD,0,1,10.067,0.006,42.738,42.852
1782244113.391,2026-06-23T20:48:33,HOLD,0,1,10.067,0.007,43.284,43.399
1782244117.434,2026-06-23T20:48:37,HOLD,0,1,10.067,0.008,42.997,43.113
1782244121.524,2026-06-23T20:48:41,HOLD,0,1,10.067,0.007,42.974,43.086
1782244125.612,2026-06-23T20:48:45,HOLD,0,1,10.067,0.008,44.818,44.935
1782244129.705,2026-06-23T20:48:49,HOLD,0,1,10.067,0.007,44.052,44.168
1782244133.792,2026-06-23T20:48:53,HOLD,0,1,10.067,0.007,41.035,41.142
1782244137.880,2026-06-23T20:48:57,HOLD,0,1,10.067,0.007,42.846,42.958
1782244141.972,2026-06-23T20:49:01,HOLD,0,1,10.067,0.008,44.008,44.109
1782244146.065,2026-06-23T20:49:06,HOLD,0,1,10.067,0.007,44.480,44.595
1782244150.156,2026-06-23T20:49:10,HOLD,0,1,10.067,0.008,42.851,42.964
1782244154.251,2026-06-23T20:49:14,HOLD,0,1,10.067,0.007,44.847,44.963
1782244158.299,2026-06-23T20:49:18,HOLD,0,1,10.067,0.007,44.517,44.632
1782244162.385,2026-06-23T20:49:22,HOLD,0,1,10.067,0.008,42.982,43.097
1782244166.471,2026-06-23T20:49:26,HOLD,0,1,10.067,0.008,42.876,42.992
1782244170.554,2026-06-23T20:49:30,HOLD,0,1,10.067,0.007,40.911,41.016
1782244174.640,2026-06-23T20:49:34,HOLD,0,1,10.067,0.008,42.955,43.070
1782244178.733,2026-06-23T20:49:38,HOLD,0,1,10.067,0.008,43.935,44.053
1782244182.823,2026-06-23T20:49:42,HOLD,0,1,10.067,0.008,42.860,42.973
1782244186.915,2026-06-23T20:49:46,HOLD,0,1,10.067,0.008,42.966,43.068
1782244191.005,2026-06-23T20:49:51,HOLD,0,1,10.067,0.008,42.703,42.805
1782244195.100,2026-06-23T20:49:55,HOLD,0,1,10.067,0.008,44.356,44.470
1782244199.151,2026-06-23T20:49:59,HOLD,0,1,10.067,0.007,44.491,44.605
1782244203.243,2026-06-23T20:50:03,HOLD,0,1,10.067,0.009,44.260,44.377
1782244207.332,2026-06-23T20:50:07,HOLD,0,1,10.067,0.008,44.245,44.351
1782244211.420,2026-06-23T20:50:11,HOLD,0,1,10.067,0.008,42.091,42.193
1782244215.513,2026-06-23T20:50:15,HOLD,0,1,10.067,0.007,42.620,42.721
1782244219.608,2026-06-23T20:50:19,HOLD,0,1,10.067,0.007,44.069,44.185
1782244223.702,2026-06-23T20:50:23,HOLD,0,1,10.067,0.007,44.517,44.633
1782244227.795,2026-06-23T20:50:27,HOLD,0,1,10.067,0.008,45.117,45.233
1782244231.888,2026-06-23T20:50:31,HOLD,0,1,10.067,0.006,44.842,44.961
1782244235.980,2026-06-23T20:50:35,HOLD,0,1,10.067,0.007,44.096,44.213
1782244240.035,2026-06-23T20:50:40,HOLD,0,1,10.067,0.007,47.655,47.752
1782244244.132,2026-06-23T20:50:44,HOLD,0,1,10.067,0.007,44.579,44.696
1782244248.223,2026-06-23T20:50:48,HOLD,0,1,10.067,0.008,44.163,44.279
1782244252.311,2026-06-23T20:50:52,HOLD,0,1,10.067,0.007,43.943,44.059
1782244256.401,2026-06-23T20:50:56,HOLD,0,1,10.067,0.008,45.294,45.413
1782244260.494,2026-06-23T20:51:00,HOLD,0,1,10.067,0.007,43.069,43.184
1782244264.583,2026-06-23T20:51:04,HOLD,0,1,10.067,0.007,42.956,43.070
1782244268.667,2026-06-23T20:51:08,HOLD,0,1,10.067,0.008,40.622,40.728
1782244272.754,2026-06-23T20:51:12,HOLD,0,1,10.067,0.006,43.425,43.522
1782244276.843,2026-06-23T20:51:16,HOLD,0,1,10.067,0.007,42.744,42.858
1782244280.891,2026-06-23T20:51:20,HOLD,0,1,10.067,0.008,44.598,44.716
1782244284.984,2026-06-23T20:51:24,HOLD,0,1,10.067,0.007,43.051,43.165
1782244289.078,2026-06-23T20:51:29,HOLD,0,1,10.067,0.007,42.538,42.641
1782244293.171,2026-06-23T20:51:33,HOLD,0,1,10.067,0.007,42.977,43.094
1782244297.261,2026-06-23T20:51:37,HOLD,0,1,10.067,0.008,42.905,43.018
1782244301.352,2026-06-23T20:51:41,HOLD,0,1,10.067,0.007,44.065,44.180
1782244305.440,2026-06-23T20:51:45,HOLD,0,1,10.067,0.007,44.519,44.634
1782244309.532,2026-06-23T20:51:49,HOLD,0,1,10.067,0.007,44.051,44.167
1782244313.626,2026-06-23T20:51:53,HOLD,0,1,10.067,0.008,44.604,44.724
1782244317.723,2026-06-23T20:51:57,HOLD,0,1,10.067,0.008,44.580,44.698
1782244321.771,2026-06-23T20:52:01,HOLD,0,1,10.067,0.008,44.692,44.808
1782244325.862,2026-06-23T20:52:05,HOLD,0,1,10.067,0.008,44.865,44.981
1782244329.951,2026-06-23T20:52:09,HOLD,0,1,10.067,0.007,44.399,44.515
1782244334.041,2026-06-23T20:52:14,HOLD,0,1,10.067,0.008,44.633,44.750
1782244338.133,2026-06-23T20:52:18,HOLD,0,1,10.067,0.008,44.294,44.411
1782244342.223,2026-06-23T20:52:22,HOLD,0,1,10.067,0.008,44.527,44.649
1782244346.313,2026-06-23T20:52:26,HOLD,0,1,10.067,0.008,42.126,42.233
1782244350.406,2026-06-23T20:52:30,HOLD,0,1,10.067,0.007,43.957,44.072
1782244354.500,2026-06-23T20:52:34,HOLD,0,1,10.067,0.008,44.944,45.062
1782244358.590,2026-06-23T20:52:38,HOLD,0,1,10.067,0.008,43.301,43.416
1782244362.634,2026-06-23T20:52:42,HOLD,0,1,10.067,0.007,42.900,43.012
1782244366.720,2026-06-23T20:52:46,HOLD,0,1,10.067,0.008,41.172,41.283
1782244370.806,2026-06-23T20:52:50,HOLD,0,1,10.067,0.007,44.047,44.161
1782244374.889,2026-06-23T20:52:54,HOLD,0,1,10.067,0.007,43.074,43.191
1782244378.977,2026-06-23T20:52:58,HOLD,0,1,10.067,0.007,42.899,43.014
1782244383.064,2026-06-23T20:53:03,HOLD,0,1,10.067,0.008,43.046,43.163
1782244387.148,2026-06-23T20:53:07,HOLD,0,1,10.067,0.007,43.656,43.770
1782244391.233,2026-06-23T20:53:11,HOLD,0,1,10.067,0.007,42.905,43.018
1782244395.321,2026-06-23T20:53:15,HOLD,0,1,10.067,0.007,42.910,43.025
1782244399.407,2026-06-23T20:53:19,HOLD,0,1,10.067,0.007,43.177,43.291
1782244403.446,2026-06-23T20:53:23,HOLD,0,1,10.067,0.008,41.103,41.204
1782244407.535,2026-06-23T20:53:27,HOLD,0,1,10.067,0.007,42.651,42.767
1782244411.620,2026-06-23T20:53:31,HOLD,0,1,10.067,0.007,42.835,42.947
1782244415.708,2026-06-23T20:53:35,HOLD,0,1,10.067,0.008,42.972,43.087
1782244419.795,2026-06-23T20:53:39,HOLD,0,1,10.067,0.007,42.945,43.061
1782244423.885,2026-06-23T20:53:43,HOLD,0,1,10.067,0.008,43.056,43.172
1782244427.969,2026-06-23T20:53:47,HOLD,0,1,10.067,0.008,42.894,43.008
1782244432.055,2026-06-23T20:53:52,HOLD,0,1,10.067,0.008,42.408,42.509
1782244436.142,2026-06-23T20:53:56,HOLD,0,1,10.067,0.007,42.998,43.113
1782244440.231,2026-06-23T20:54:00,HOLD,0,1,10.067,0.007,42.778,42.895
1782244444.273,2026-06-23T20:54:04,HOLD,0,1,10.067,0.007,42.823,42.938
1782244448.358,2026-06-23T20:54:08,HOLD,0,1,10.067,0.008,42.845,42.958
1782244452.441,2026-06-23T20:54:12,HOLD,0,1,10.067,0.008,42.881,42.995
1782244456.529,2026-06-23T20:54:16,HOLD,0,1,10.067,0.007,42.979,43.094
1782244460.615,2026-06-23T20:54:20,HOLD,0,1,10.067,0.007,42.943,43.058
1782244464.699,2026-06-23T20:54:24,HOLD,0,1,10.067,0.007,41.093,41.197
1782244468.786,2026-06-23T20:54:28,HOLD,0,1,10.067,0.008,45.070,45.172
1782244472.873,2026-06-23T20:54:32,HOLD,0,1,10.067,0.008,43.012,43.129
1782244476.959,2026-06-23T20:54:36,HOLD,0,1,10.067,0.007,42.924,43.038
1782244481.045,2026-06-23T20:54:41,HOLD,0,1,10.067,0.006,43.152,43.263
1782244485.090,2026-06-23T20:54:45,HOLD,0,1,10.067,0.007,44.606,44.702
1782244489.177,2026-06-23T20:54:49,HOLD,0,1,10.067,0.007,43.041,43.157
1782244493.260,2026-06-23T20:54:53,HOLD,0,1,10.067,0.008,43.072,43.189
1782244497.345,2026-06-23T20:54:57,HOLD,0,1,10.067,0.008,42.855,42.970
1782244501.440,2026-06-23T20:55:01,HOLD,0,1,10.067,0.007,46.048,46.166
1782244505.535,2026-06-23T20:55:05,HOLD,0,1,10.067,0.007,42.968,43.080
1782244509.619,2026-06-23T20:55:09,HOLD,0,1,10.067,0.007,41.141,41.244
1782244513.704,2026-06-23T20:55:13,HOLD,0,1,10.067,0.007,42.794,42.908
1782244517.793,2026-06-23T20:55:17,HOLD,0,1,10.067,0.008,43.466,43.581
1782244521.878,2026-06-23T20:55:21,HOLD,0,1,10.067,0.008,42.932,43.047
1782244525.919,2026-06-23T20:55:25,HOLD,0,1,10.067,0.007,42.778,42.891
1782244530.011,2026-06-23T20:55:30,HOLD,0,1,10.067,0.006,43.808,43.922
1782244534.104,2026-06-23T20:55:34,HOLD,0,1,10.067,0.007,43.500,43.616
1782244538.196,2026-06-23T20:55:38,HOLD,0,1,10.067,0.008,43.079,43.189
1782244542.289,2026-06-23T20:55:42,HOLD,0,1,10.067,0.007,44.104,44.221
1782244546.383,2026-06-23T20:55:46,HOLD,0,1,10.067,0.007,44.131,44.248
1782244550.473,2026-06-23T20:55:50,HOLD,0,1,10.067,0.008,44.578,44.696
1782244554.566,2026-06-23T20:55:54,HOLD,0,1,10.067,0.009,42.886,42.997
1782244558.656,2026-06-23T20:55:58,HOLD,0,1,10.067,0.008,41.807,41.913
1782244562.745,2026-06-23T20:56:02,HOLD,0,1,10.067,0.008,42.949,43.049
1782244566.793,2026-06-23T20:56:06,HOLD,0,1,10.067,0.008,43.799,43.912
1782244570.886,2026-06-23T20:56:10,HOLD,0,1,10.067,0.007,44.462,44.578
1782244574.980,2026-06-23T20:56:14,HOLD,0,1,10.067,0.007,42.938,43.048
1782244579.071,2026-06-23T20:56:19,HOLD,0,1,10.067,0.008,41.078,41.183
1782244583.155,2026-06-23T20:56:23,HOLD,0,1,10.067,0.007,41.987,42.089
1782244587.248,2026-06-23T20:56:27,HOLD,0,1,10.067,0.008,44.294,44.413
1782244591.338,2026-06-23T20:56:31,HOLD,0,1,10.067,0.007,43.035,43.151
1782244595.424,2026-06-23T20:56:35,HOLD,0,1,10.067,0.007,43.446,43.560
1782244599.514,2026-06-23T20:56:39,HOLD,0,1,10.067,0.007,45.221,45.338
1782244603.606,2026-06-23T20:56:43,HOLD,0,1,10.067,0.008,44.188,44.322
1782244607.653,2026-06-23T20:56:47,HOLD,0,1,10.067,0.008,42.953,43.070
1782244611.734,2026-06-23T20:56:51,HOLD,0,1,10.067,0.007,42.939,43.055
1782244615.823,2026-06-23T20:56:55,HOLD,0,1,10.067,0.007,43.957,44.070
1782244619.907,2026-06-23T20:56:59,HOLD,0,1,10.067,0.007,43.082,43.197
1782244623.992,2026-06-23T20:57:03,HOLD,0,1,10.067,0.009,43.124,43.241
1782244628.076,2026-06-23T20:57:08,HOLD,0,1,10.067,0.008,42.933,43.046
1782244632.160,2026-06-23T20:57:12,HOLD,0,1,10.067,0.007,43.954,44.068
1782244636.245,2026-06-23T20:57:16,HOLD,0,1,10.067,0.007,43.123,43.238
1782244640.330,2026-06-23T20:57:20,HOLD,0,1,10.067,0.006,42.943,43.057
1782244644.419,2026-06-23T20:57:24,HOLD,0,1,10.067,0.007,43.577,43.694
1782244648.463,2026-06-23T20:57:28,HOLD,0,1,10.067,0.007,44.220,44.337
1782244652.553,2026-06-23T20:57:32,HOLD,0,1,10.067,0.008,43.180,43.297
1782244656.641,2026-06-23T20:57:36,HOLD,0,1,10.067,0.007,43.029,43.147
1782244660.726,2026-06-23T20:57:40,HOLD,0,1,10.067,0.007,42.943,43.058
1782244664.811,2026-06-23T20:57:44,HOLD,0,1,10.067,0.007,42.334,42.435
1782244668.897,2026-06-23T20:57:48,HOLD,0,1,10.067,0.008,43.020,43.136
1782244672.983,2026-06-23T20:57:52,HOLD,0,1,10.067,0.007,43.054,43.169
1782244677.069,2026-06-23T20:57:57,HOLD,0,1,10.067,0.007,41.538,41.636
1782244681.155,2026-06-23T20:58:01,HOLD,0,1,10.067,0.007,42.799,42.915
1782244685.241,2026-06-23T20:58:05,HOLD,0,1,10.067,0.007,42.995,43.111
1782244689.284,2026-06-23T20:58:09,HOLD,0,1,10.067,0.007,43.413,43.531
1782244693.371,2026-06-23T20:58:13,HOLD,0,1,10.067,0.007,42.970,43.086
1782244697.456,2026-06-23T20:58:17,HOLD,0,1,10.067,0.007,40.925,41.032
1782244701.539,2026-06-23T20:58:21,HOLD,0,1,10.067,0.007,41.452,41.556
1782244705.627,2026-06-23T20:58:25,HOLD,0,1,10.067,0.007,42.987,43.104
1782244709.714,2026-06-23T20:58:29,HOLD,0,1,10.067,0.007,43.355,43.469
1782244713.798,2026-06-23T20:58:33,HOLD,0,1,10.067,0.007,42.960,43.076
1782244717.887,2026-06-23T20:58:37,HOLD,0,1,10.067,0.008,42.899,43.015
1782244721.974,2026-06-23T20:58:41,HOLD,0,1,10.067,0.007,42.938,43.054
1782244726.057,2026-06-23T20:58:46,HOLD,0,1,10.067,0.007,41.547,41.650
1782244730.105,2026-06-23T20:58:50,HOLD,0,1,10.067,0.007,44.082,44.199
1782244734.197,2026-06-23T20:58:54,HOLD,0,1,10.067,0.008,44.489,44.608
1782244738.292,2026-06-23T20:58:58,HOLD,0,1,10.067,0.008,44.278,44.392
1782244742.381,2026-06-23T20:59:02,HOLD,0,1,10.067,0.008,44.108,44.223
1782244746.476,2026-06-23T20:59:06,HOLD,0,1,10.067,0.008,43.597,43.710
1782244750.566,2026-06-23T20:59:10,HOLD,0,1,10.067,0.008,43.454,43.557
1782244754.660,2026-06-23T20:59:14,HOLD,0,1,10.067,0.008,44.209,44.327
1782244758.755,2026-06-23T20:59:18,HOLD,0,1,10.067,0.007,44.799,44.919
1782244762.849,2026-06-23T20:59:22,HOLD,0,1,10.067,0.008,45.206,45.324
1782244766.941,2026-06-23T20:59:26,HOLD,0,1,10.067,0.007,43.804,43.917
1782244770.986,2026-06-23T20:59:30,HOLD,0,1,10.067,0.007,43.160,43.276
1782244775.071,2026-06-23T20:59:35,HOLD,0,1,10.067,0.007,42.928,43.041
1782244779.164,2026-06-23T20:59:39,HOLD,0,1,10.067,0.008,43.133,43.276
1782244783.251,2026-06-23T20:59:43,HOLD,0,1,10.067,0.008,42.944,43.058
1782244787.335,2026-06-23T20:59:47,HOLD,0,1,10.067,0.007,42.911,43.027
1782244791.419,2026-06-23T20:59:51,HOLD,0,1,10.067,0.007,41.247,41.355
1782244795.504,2026-06-23T20:59:55,HOLD,0,1,10.067,0.007,41.024,41.129
1782244799.592,2026-06-23T20:59:59,HOLD,0,1,10.067,0.007,43.201,43.318
1782244803.677,2026-06-23T21:00:03,HOLD,0,1,10.067,0.007,43.011,43.125
1782244807.761,2026-06-23T21:00:07,HOLD,0,1,10.067,0.008,43.103,43.218
1782244811.801,2026-06-23T21:00:11,HOLD,0,1,10.067,0.008,40.709,40.812
1782244815.887,2026-06-23T21:00:15,HOLD,0,1,10.067,0.007,43.014,43.128
1782244819.969,2026-06-23T21:00:19,HOLD,0,1,10.067,0.008,43.025,43.139
1782244824.060,2026-06-23T21:00:24,HOLD,0,1,10.067,0.008,44.666,44.785
1782244828.154,2026-06-23T21:00:28,HOLD,0,1,10.067,0.008,44.766,44.881
1782244832.241,2026-06-23T21:00:32,HOLD,0,1,10.067,0.007,41.220,41.331
1782244836.325,2026-06-23T21:00:36,HOLD,0,1,10.067,0.007,43.132,43.247
1782244840.413,2026-06-23T21:00:40,HOLD,0,1,10.067,0.007,43.192,43.309
1782244844.499,2026-06-23T21:00:44,HOLD,0,1,10.067,0.007,43.202,43.319
1782244848.585,2026-06-23T21:00:48,HOLD,0,1,10.067,0.008,43.070,43.188
1782244852.628,2026-06-23T21:00:52,HOLD,0,1,10.067,0.007,42.934,43.048
1782244856.714,2026-06-23T21:00:56,HOLD,0,1,10.067,0.007,43.049,43.167
1782244860.801,2026-06-23T21:01:00,HOLD,0,1,10.067,0.007,41.997,42.098
1782244864.889,2026-06-23T21:01:04,HOLD,0,1,10.067,0.006,43.026,43.142
1782244868.973,2026-06-23T21:01:08,HOLD,0,1,10.067,0.008,43.004,43.119
1782244873.057,2026-06-23T21:01:13,HOLD,0,1,10.067,0.007,42.807,42.921
1782244877.145,2026-06-23T21:01:17,HOLD,0,1,10.067,0.008,44.278,44.377
1782244881.241,2026-06-23T21:01:21,HOLD,0,1,10.067,0.007,44.252,44.367
1782244885.331,2026-06-23T21:01:25,HOLD,0,1,10.067,0.007,42.570,42.681
1782244889.423,2026-06-23T21:01:29,HOLD,0,1,10.067,0.007,44.340,44.440
1782244893.471,2026-06-23T21:01:33,HOLD,0,1,10.067,0.008,42.227,42.332
1782244897.565,2026-06-23T21:01:37,HOLD,0,1,10.067,0.008,43.123,43.226
1782244901.655,2026-06-23T21:01:41,HOLD,0,1,10.067,0.008,42.351,42.452
1782244905.750,2026-06-23T21:01:45,HOLD,0,1,10.067,0.007,44.026,44.144
1782244909.838,2026-06-23T21:01:49,HOLD,0,1,10.067,0.007,42.987,43.103
1782244913.924,2026-06-23T21:01:53,HOLD,0,1,10.067,0.008,43.063,43.178
1782244918.018,2026-06-23T21:01:58,HOLD,0,1,10.067,0.007,43.300,43.399
1782244922.109,2026-06-23T21:02:02,HOLD,0,1,10.067,0.008,40.505,40.610
1782244926.194,2026-06-23T21:02:06,HOLD,0,1,10.067,0.007,40.287,40.389
1782244930.278,2026-06-23T21:02:10,HOLD,0,1,10.067,0.006,42.931,43.045
1782244934.320,2026-06-23T21:02:14,HOLD,0,1,10.067,0.008,43.341,43.458
1782244938.404,2026-06-23T21:02:18,HOLD,0,1,10.067,0.007,41.049,41.152
1782244942.489,2026-06-23T21:02:22,HOLD,0,1,10.067,0.007,42.175,42.275
1782244946.575,2026-06-23T21:02:26,HOLD,0,1,10.067,0.007,42.737,42.848
1782244950.661,2026-06-23T21:02:30,HOLD,0,1,10.067,0.007,42.975,43.090
1782244954.743,2026-06-23T21:02:34,HOLD,0,1,10.067,0.007,42.852,42.972
1782244958.837,2026-06-23T21:02:38,HOLD,0,1,10.067,0.008,44.030,44.146
1782244962.930,2026-06-23T21:02:42,HOLD,0,1,10.067,0.008,43.949,44.065
1782244967.020,2026-06-23T21:02:47,HOLD,0,1,10.067,0.007,44.542,44.661
1782244971.112,2026-06-23T21:02:51,HOLD,0,1,10.067,0.007,42.866,42.969
1782244975.160,2026-06-23T21:02:55,HOLD,0,1,10.067,0.006,44.348,44.462
1782244979.251,2026-06-23T21:02:59,HOLD,0,1,10.067,0.008,42.990,43.105
1782244983.337,2026-06-23T21:03:03,HOLD,0,1,10.067,0.007,41.250,41.354
1782244987.422,2026-06-23T21:03:07,HOLD,0,1,10.067,0.007,41.678,41.778
1782244991.514,2026-06-23T21:03:11,HOLD,0,1,10.067,0.007,47.696,47.813
1782244995.599,2026-06-23T21:03:15,HOLD,0,1,10.067,0.008,43.006,43.142
1782244999.689,2026-06-23T21:03:19,HOLD,0,1,10.067,0.006,43.181,43.298
1782245003.775,2026-06-23T21:03:23,HOLD,0,1,10.067,0.008,43.060,43.179
1782245007.863,2026-06-23T21:03:27,HOLD,0,1,10.067,0.008,45.251,45.368
1782245011.952,2026-06-23T21:03:31,HOLD,0,1,10.067,0.007,43.163,43.277
1782245015.994,2026-06-23T21:03:35,HOLD,0,1,10.067,0.007,42.997,43.112
1782245020.082,2026-06-23T21:03:40,HOLD,0,1,10.067,0.007,42.943,43.057
1782245024.166,2026-06-23T21:03:44,HOLD,0,1,10.067,0.008,41.331,41.441
1782245028.248,2026-06-23T21:03:48,HOLD,0,1,10.067,0.009,41.424,41.524
1782245032.333,2026-06-23T21:03:52,HOLD,0,1,10.067,0.008,42.844,42.959
1782245036.415,2026-06-23T21:03:56,HOLD,0,1,10.067,0.007,41.548,41.651
1782245040.505,2026-06-23T21:04:00,HOLD,0,1,10.067,0.007,42.979,43.094
1782245044.593,2026-06-23T21:04:04,HOLD,0,1,10.067,0.006,43.315,43.432
1782245048.679,2026-06-23T21:04:08,HOLD,0,1,10.067,0.008,42.475,42.588
1782245052.770,2026-06-23T21:04:12,HOLD,0,1,10.067,0.007,44.019,44.119
1782245056.820,2026-06-23T21:04:16,HOLD,0,1,10.067,0.007,42.988,43.101
1782245060.913,2026-06-23T21:04:20,HOLD,0,1,10.067,0.007,44.476,44.598
1782245065.005,2026-06-23T21:04:25,HOLD,0,1,10.067,0.007,44.120,44.234
1782245069.097,2026-06-23T21:04:29,HOLD,0,1,10.067,0.008,43.531,43.648
1782245073.187,2026-06-23T21:04:33,HOLD,0,1,10.067,0.008,41.903,42.011
1782245077.281,2026-06-23T21:04:37,HOLD,0,1,10.067,0.008,44.821,44.938
1782245081.374,2026-06-23T21:04:41,HOLD,0,1,10.067,0.007,43.961,44.059
1782245085.471,2026-06-23T21:04:45,HOLD,0,1,10.067,0.007,44.366,44.485
1782245089.564,2026-06-23T21:04:49,HOLD,0,1,10.067,0.008,44.942,45.061
1782245093.656,2026-06-23T21:04:53,HOLD,0,1,10.067,0.007,43.918,44.034
1782245097.705,2026-06-23T21:04:57,HOLD,0,1,10.067,0.007,44.000,44.114
1782245101.798,2026-06-23T21:05:01,HOLD,0,1,10.067,0.007,43.095,43.198
1782245105.890,2026-06-23T21:05:05,HOLD,0,1,10.067,0.008,44.669,44.787
1782245109.986,2026-06-23T21:05:09,HOLD,0,1,10.067,0.008,44.464,44.583
1782245114.081,2026-06-23T21:05:14,HOLD,0,1,10.067,0.008,44.038,44.153
1782245118.169,2026-06-23T21:05:18,HOLD,0,1,10.067,0.008,44.161,44.278
1782245122.258,2026-06-23T21:05:22,HOLD,0,1,10.067,0.007,44.906,45.021
1782245126.351,2026-06-23T21:05:26,HOLD,0,1,10.067,0.007,44.080,44.195
1782245130.445,2026-06-23T21:05:30,HOLD,0,1,10.067,0.007,43.274,43.390
1782245134.531,2026-06-23T21:05:34,HOLD,0,1,10.067,0.007,43.053,43.168
1782245138.572,2026-06-23T21:05:38,HOLD,0,1,10.067,0.008,42.929,43.044
1782245142.664,2026-06-23T21:05:42,HOLD,0,1,10.067,0.007,43.537,43.667
1782245146.757,2026-06-23T21:05:46,HOLD,0,1,10.067,0.008,44.440,44.558
1782245150.849,2026-06-23T21:05:50,HOLD,0,1,10.067,0.007,41.640,41.749
1782245154.935,2026-06-23T21:05:54,HOLD,0,1,10.067,0.007,42.661,42.765
1782245159.030,2026-06-23T21:05:59,HOLD,0,1,10.067,0.008,45.159,45.279
1782245163.121,2026-06-23T21:06:03,HOLD,0,1,10.067,0.007,44.018,44.132
1782245167.218,2026-06-23T21:06:07,HOLD,0,1,10.067,0.008,42.906,43.008
1782245171.308,2026-06-23T21:06:11,HOLD,0,1,10.067,0.007,42.896,43.011
1782245175.390,2026-06-23T21:06:15,HOLD,0,1,10.067,0.008,43.950,44.068
1782245179.434,2026-06-23T21:06:19,HOLD,0,1,10.067,0.008,42.949,43.067
1782245183.522,2026-06-23T21:06:23,HOLD,0,1,10.067,0.006,43.079,43.192
1782245187.607,2026-06-23T21:06:27,HOLD,0,1,10.067,0.006,42.961,43.075
1782245191.695,2026-06-23T21:06:31,HOLD,0,1,10.067,0.007,43.094,43.208
1782245195.778,2026-06-23T21:06:35,HOLD,0,1,10.067,0.007,40.956,41.064
1782245199.862,2026-06-23T21:06:39,HOLD,0,1,10.067,0.007,41.516,41.619
1782245203.956,2026-06-23T21:06:43,HOLD,0,1,10.067,0.008,44.122,44.238
1782245208.052,2026-06-23T21:06:48,HOLD,0,1,10.067,0.007,43.929,44.044
1782245212.144,2026-06-23T21:06:52,HOLD,0,1,10.067,0.008,44.067,44.182
1782245216.235,2026-06-23T21:06:56,HOLD,0,1,10.067,0.007,43.556,43.669
1782245220.277,2026-06-23T21:07:00,HOLD,0,1,10.067,0.007,41.384,41.488
1782245224.366,2026-06-23T21:07:04,HOLD,0,1,10.067,0.008,43.948,44.062
1782245228.458,2026-06-23T21:07:08,HOLD,0,1,10.067,0.008,44.068,44.185
1782245232.545,2026-06-23T21:07:12,HOLD,0,1,10.067,0.007,43.109,43.223
1782245236.628,2026-06-23T21:07:16,HOLD,0,1,10.067,0.007,42.871,42.985
1782245240.719,2026-06-23T21:07:20,HOLD,0,1,10.067,0.006,43.113,43.228
1782245244.805,2026-06-23T21:07:24,HOLD,0,1,10.067,0.008,41.505,41.615
1782245248.892,2026-06-23T21:07:28,HOLD,0,1,10.067,0.008,41.599,41.700
1782245252.977,2026-06-23T21:07:32,HOLD,0,1,10.067,0.007,42.886,42.998
1782245257.062,2026-06-23T21:07:37,HOLD,0,1,10.067,0.007,42.957,43.088
1782245261.105,2026-06-23T21:07:41,HOLD,0,1,10.067,0.007,42.287,42.388
1782245265.195,2026-06-23T21:07:45,HOLD,0,1,10.067,0.007,44.418,44.521
1782245269.288,2026-06-23T21:07:49,HOLD,0,1,10.067,0.008,44.451,44.569
1782245273.382,2026-06-23T21:07:53,HOLD,0,1,10.067,0.009,44.167,44.283
1782245277.475,2026-06-23T21:07:57,HOLD,0,1,10.067,0.007,44.784,44.899
1782245281.571,2026-06-23T21:08:01,HOLD,0,1,10.067,0.008,44.366,44.481
1782245285.661,2026-06-23T21:08:05,HOLD,0,1,10.067,0.007,44.281,44.396
1782245289.753,2026-06-23T21:08:09,HOLD,0,1,10.067,0.008,44.213,44.327
1782245293.847,2026-06-23T21:08:13,HOLD,0,1,10.067,0.007,43.581,43.695
1782245297.935,2026-06-23T21:08:17,HOLD,0,1,10.067,0.007,43.218,43.320
1782245301.977,2026-06-23T21:08:21,HOLD,0,1,10.067,0.008,42.942,43.068
1782245306.063,2026-06-23T21:08:26,HOLD,0,1,10.067,0.007,42.892,43.008
1782245310.151,2026-06-23T21:08:30,HOLD,0,1,10.067,0.008,45.130,45.250
1782245314.242,2026-06-23T21:08:34,HOLD,0,1,10.067,0.008,44.824,44.945
1782245318.332,2026-06-23T21:08:38,HOLD,0,1,10.067,0.009,44.630,44.746
1782245322.423,2026-06-23T21:08:42,HOLD,0,1,10.067,0.007,43.019,43.133
1782245326.508,2026-06-23T21:08:46,HOLD,0,1,10.067,0.006,43.106,43.221
1782245330.600,2026-06-23T21:08:50,HOLD,0,1,10.067,0.007,45.289,45.409
1782245334.687,2026-06-23T21:08:54,HOLD,0,1,10.067,0.008,43.236,43.353
1782245338.781,2026-06-23T21:08:58,HOLD,0,1,10.067,0.007,44.116,44.234
1782245342.832,2026-06-23T21:09:02,HOLD,0,1,10.067,0.007,44.043,44.160
1782245346.920,2026-06-23T21:09:06,HOLD,0,1,10.067,0.007,42.903,43.018
1782245351.009,2026-06-23T21:09:11,HOLD,0,1,10.067,0.007,44.577,44.726
1782245355.100,2026-06-23T21:09:15,HOLD,0,1,10.067,0.008,42.884,42.984
1782245359.192,2026-06-23T21:09:19,HOLD,0,1,10.067,0.008,43.888,44.007
1782245363.277,2026-06-23T21:09:23,HOLD,0,1,10.067,0.008,40.309,40.413
1782245367.361,2026-06-23T21:09:27,HOLD,0,1,10.067,0.007,42.933,43.049
1782245371.451,2026-06-23T21:09:31,HOLD,0,1,10.067,0.007,42.756,42.871
1782245375.537,2026-06-23T21:09:35,HOLD,0,1,10.067,0.008,42.907,43.022
1782245379.626,2026-06-23T21:09:39,HOLD,0,1,10.067,0.008,43.143,43.259
1782245383.670,2026-06-23T21:09:43,HOLD,0,1,10.067,0.007,42.877,42.992
1782245387.755,2026-06-23T21:09:47,HOLD,0,1,10.067,0.006,43.669,43.787
1782245391.837,2026-06-23T21:09:51,HOLD,0,1,10.067,0.007,42.751,42.865
1782245395.922,2026-06-23T21:09:55,HOLD,0,1,10.067,0.007,43.073,43.188
1782245400.011,2026-06-23T21:10:00,HOLD,0,1,10.067,0.007,42.933,43.046
1782245404.096,2026-06-23T21:10:04,HOLD,0,1,10.067,0.007,42.981,43.096
1782245408.184,2026-06-23T21:10:08,HOLD,0,1,10.067,0.007,42.957,43.074
1782245412.269,2026-06-23T21:10:12,HOLD,0,1,10.067,0.008,43.103,43.219
1782245416.358,2026-06-23T21:10:16,HOLD,0,1,10.067,0.007,43.091,43.206
1782245420.452,2026-06-23T21:10:20,HOLD,0,1,10.067,0.007,44.306,44.422
1782245424.500,2026-06-23T21:10:24,HOLD,0,1,10.067,0.007,44.537,44.634
1782245428.589,2026-06-23T21:10:28,HOLD,0,1,10.067,0.008,44.477,44.594
1782245432.682,2026-06-23T21:10:32,HOLD,0,1,10.067,0.008,44.058,44.175
1782245436.711,2026-06-23T21:10:36,HOLD,0,1,10.067,0.005,29.141,29.221
1782245440.774,2026-06-23T21:10:40,HOLD,0,1,10.067,0.007,45.100,45.215
1782245444.864,2026-06-23T21:10:44,HOLD,0,1,10.067,0.008,44.269,44.388
1782245448.959,2026-06-23T21:10:48,HOLD,0,1,10.067,0.007,44.051,44.167
1782245453.050,2026-06-23T21:10:53,HOLD,0,1,10.067,0.007,42.902,43.016
1782245457.135,2026-06-23T21:10:57,HOLD,0,1,10.067,0.021,40.946,41.063
1782245461.220,2026-06-23T21:11:01,HOLD,0,1,10.067,0.008,42.796,42.912
1782245465.261,2026-06-23T21:11:05,HOLD,0,1,10.067,0.007,42.771,42.886
1782245469.343,2026-06-23T21:11:09,HOLD,0,1,10.067,0.008,40.689,40.794
1782245473.435,2026-06-23T21:11:13,HOLD,0,1,10.067,0.007,43.823,43.926
1782245477.531,2026-06-23T21:11:17,HOLD,0,1,10.067,0.008,44.662,44.774
1782245481.619,2026-06-23T21:11:21,HOLD,0,1,10.067,0.007,43.340,43.454
1782245485.709,2026-06-23T21:11:25,HOLD,0,1,10.067,0.007,44.086,44.202
1782245489.794,2026-06-23T21:11:29,HOLD,0,1,10.067,0.008,43.698,43.813
1782245493.881,2026-06-23T21:11:33,HOLD,0,1,10.067,0.008,42.931,43.045
1782245497.968,2026-06-23T21:11:37,HOLD,0,1,10.067,0.007,41.484,41.593
1782245502.054,2026-06-23T21:11:42,HOLD,0,1,10.067,0.007,42.904,43.020
1782245506.096,2026-06-23T21:11:46,HOLD,0,1,10.067,0.007,43.154,43.269
1782245510.181,2026-06-23T21:11:50,HOLD,0,1,10.067,0.007,42.978,43.106
1782245514.270,2026-06-23T21:11:54,HOLD,0,1,10.067,0.007,46.483,46.601
1782245518.354,2026-06-23T21:11:58,HOLD,0,1,10.067,0.007,42.937,43.051
1782245522.444,2026-06-23T21:12:02,HOLD,0,1,10.067,0.008,42.887,43.002
1782245526.532,2026-06-23T21:12:06,HOLD,0,1,10.067,0.007,41.549,41.650
1782245530.618,2026-06-23T21:12:10,HOLD,0,1,10.067,0.007,43.834,43.950
1782245534.707,2026-06-23T21:12:14,HOLD,0,1,10.067,0.008,42.964,43.082
1782245538.792,2026-06-23T21:12:18,HOLD,0,1,10.067,0.007,41.714,41.823
1782245542.879,2026-06-23T21:12:22,HOLD,0,1,10.067,0.007,42.822,42.937
1782245546.923,2026-06-23T21:12:26,HOLD,0,1,10.067,0.007,43.058,43.171
1782245551.010,2026-06-23T21:12:31,HOLD,0,1,10.067,0.007,42.966,43.118
1782245555.092,2026-06-23T21:12:35,HOLD,0,1,10.067,0.007,41.413,41.518
1782245559.178,2026-06-23T21:12:39,HOLD,0,1,10.067,0.007,42.977,43.093
1782245563.271,2026-06-23T21:12:43,HOLD,0,1,10.067,0.007,43.114,43.230
1782245567.356,2026-06-23T21:12:47,HOLD,0,1,10.067,0.007,42.966,43.083
1782245571.443,2026-06-23T21:12:51,HOLD,0,1,10.067,0.007,43.099,43.213
1782245575.530,2026-06-23T21:12:55,HOLD,0,1,10.067,0.007,42.950,43.063
1782245579.616,2026-06-23T21:12:59,HOLD,0,1,10.067,0.008,41.353,41.458
1782245583.704,2026-06-23T21:13:03,HOLD,0,1,10.067,0.008,43.004,43.119
1782245587.746,2026-06-23T21:13:07,HOLD,0,1,10.067,0.007,42.964,43.079
1782245591.832,2026-06-23T21:13:11,HOLD,0,1,10.067,0.007,41.650,41.759
1782245595.914,2026-06-23T21:13:15,HOLD,0,1,10.067,0.006,42.065,42.165
1782245600.001,2026-06-23T21:13:20,HOLD,0,1,10.067,0.006,43.288,43.402
1782245604.086,2026-06-23T21:13:24,HOLD,0,1,10.067,0.007,42.832,42.948
1782245608.168,2026-06-23T21:13:28,HOLD,0,1,10.067,0.007,43.018,43.132
1782245612.255,2026-06-23T21:13:32,HOLD,0,1,10.067,0.007,42.918,43.029
1782245616.340,2026-06-23T21:13:36,HOLD,0,1,10.067,0.007,40.394,40.500
1782245620.425,2026-06-23T21:13:40,HOLD,0,1,10.067,0.007,41.455,41.564
1782245624.510,2026-06-23T21:13:44,HOLD,0,1,10.067,0.007,42.947,43.064
1782245628.549,2026-06-23T21:13:48,HOLD,0,1,10.067,0.008,40.956,41.068
1782245632.635,2026-06-23T21:13:52,HOLD,0,1,10.067,0.007,43.651,43.765
1782245636.721,2026-06-23T21:13:56,HOLD,0,1,10.067,0.007,42.981,43.108
1782245640.808,2026-06-23T21:14:00,HOLD,0,1,10.067,0.007,42.949,43.066
1782245644.893,2026-06-23T21:14:04,HOLD,0,1,10.067,0.007,43.279,43.396
1782245648.978,2026-06-23T21:14:08,HOLD,0,1,10.067,0.008,43.580,43.696
1782245653.063,2026-06-23T21:14:13,HOLD,0,1,10.067,0.007,40.858,40.962
1782245657.146,2026-06-23T21:14:17,HOLD,0,1,10.067,0.006,43.061,43.177
1782245661.235,2026-06-23T21:14:21,HOLD,0,1,10.067,0.007,42.890,43.004
1782245665.319,2026-06-23T21:14:25,HOLD,0,1,10.067,0.007,42.851,42.965
1782245669.362,2026-06-23T21:14:29,HOLD,0,1,10.067,0.008,42.973,43.089
1782245673.447,2026-06-23T21:14:33,HOLD,0,1,10.067,0.007,43.254,43.371
1782245677.533,2026-06-23T21:14:37,HOLD,0,1,10.067,0.007,43.205,43.320
1782245681.618,2026-06-23T21:14:41,HOLD,0,1,10.067,0.006,43.058,43.172
1782245685.702,2026-06-23T21:14:45,HOLD,0,1,10.067,0.007,41.547,41.656
1782245689.788,2026-06-23T21:14:49,HOLD,0,1,10.067,0.007,40.990,41.095
1782245693.877,2026-06-23T21:14:53,HOLD,0,1,10.067,0.007,42.241,42.340
1782245697.963,2026-06-23T21:14:57,HOLD,0,1,10.067,0.007,43.061,43.176
1782245702.048,2026-06-23T21:15:02,HOLD,0,1,10.067,0.007,42.935,43.049
1782245706.129,2026-06-23T21:15:06,HOLD,0,1,10.067,0.007,41.109,41.213
1782245710.172,2026-06-23T21:15:10,HOLD,0,1,10.067,0.007,43.115,43.228
1782245714.259,2026-06-23T21:15:14,HOLD,0,1,10.067,0.008,43.131,43.246
1782245718.343,2026-06-23T21:15:18,HOLD,0,1,10.067,0.007,43.107,43.223
1782245722.427,2026-06-23T21:15:22,HOLD,0,1,10.067,0.008,43.086,43.202
1782245726.509,2026-06-23T21:15:26,HOLD,0,1,10.067,0.006,41.007,41.110
1782245730.595,2026-06-23T21:15:30,HOLD,0,1,10.067,0.007,42.934,43.049
1782245734.682,2026-06-23T21:15:34,HOLD,0,1,10.067,0.007,42.909,43.028
1782245738.768,2026-06-23T21:15:38,HOLD,0,1,10.067,0.008,42.984,43.097
1782245742.853,2026-06-23T21:15:42,HOLD,0,1,10.067,0.008,42.857,42.975
1782245746.936,2026-06-23T21:15:46,HOLD,0,1,10.067,0.007,41.120,41.231
1782245750.976,2026-06-23T21:15:50,HOLD,0,1,10.067,0.008,42.975,43.091
1782245755.061,2026-06-23T21:15:55,HOLD,0,1,10.067,0.007,42.917,43.038
1782245759.149,2026-06-23T21:15:59,HOLD,0,1,10.067,0.007,43.297,43.414
1782245763.234,2026-06-23T21:16:03,HOLD,0,1,10.067,0.007,42.829,42.941
1782245767.319,2026-06-23T21:16:07,HOLD,0,1,10.067,0.007,42.974,43.089
1782245771.404,2026-06-23T21:16:11,HOLD,0,1,10.067,0.007,41.204,41.314
1782245775.492,2026-06-23T21:16:15,HOLD,0,1,10.067,0.007,42.828,42.943
1782245779.577,2026-06-23T21:16:19,HOLD,0,1,10.067,0.007,42.832,42.949
1782245783.661,2026-06-23T21:16:23,HOLD,0,1,10.067,0.008,41.275,41.383
1782245787.744,2026-06-23T21:16:27,HOLD,0,1,10.067,0.008,41.599,41.704
1782245791.785,2026-06-23T21:16:31,HOLD,0,1,10.067,0.008,42.885,43.004
1782245795.874,2026-06-23T21:16:35,HOLD,0,1,10.067,0.007,41.722,41.822
1782245799.958,2026-06-23T21:16:39,HOLD,0,1,10.067,0.007,41.066,41.171
1782245804.046,2026-06-23T21:16:44,HOLD,0,1,10.067,0.008,43.345,43.462
1782245808.130,2026-06-23T21:16:48,HOLD,0,1,10.067,0.008,42.861,42.975
1782245812.215,2026-06-23T21:16:52,HOLD,0,1,10.067,0.008,42.993,43.110
1782245816.299,2026-06-23T21:16:56,HOLD,0,1,10.067,0.007,42.988,43.106
1782245820.387,2026-06-23T21:17:00,HOLD,0,1,10.067,0.007,41.143,41.251
1782245824.472,2026-06-23T21:17:04,HOLD,0,1,10.067,0.007,41.336,41.439
1782245828.559,2026-06-23T21:17:08,HOLD,0,1,10.067,0.008,43.089,43.204
1782245832.598,2026-06-23T21:17:12,HOLD,0,1,10.067,0.008,40.849,40.959
1782245836.684,2026-06-23T21:17:16,HOLD,0,1,10.067,0.007,43.109,43.226
1782245840.771,2026-06-23T21:17:20,HOLD,0,1,10.067,0.007,42.925,43.039
1782245844.859,2026-06-23T21:17:24,HOLD,0,1,10.067,0.007,42.902,43.017
1782245848.941,2026-06-23T21:17:28,HOLD,0,1,10.067,0.008,43.134,43.252
1782245853.029,2026-06-23T21:17:33,HOLD,0,1,10.067,0.007,43.954,44.070
1782245857.120,2026-06-23T21:17:37,HOLD,0,1,10.067,0.007,41.855,41.964
1782245861.211,2026-06-23T21:17:41,HOLD,0,1,10.067,0.007,41.710,41.816
1782245865.301,2026-06-23T21:17:45,HOLD,0,1,10.067,0.007,44.639,44.754
1782245869.393,2026-06-23T21:17:49,HOLD,0,1,10.067,0.008,43.320,43.423
1782245873.442,2026-06-23T21:17:53,HOLD,0,1,10.067,0.007,43.643,43.758
1782245877.533,2026-06-23T21:17:57,HOLD,0,1,10.067,0.008,43.637,43.753
1782245881.614,2026-06-23T21:18:01,HOLD,0,1,10.067,0.008,40.547,40.653
1782245885.699,2026-06-23T21:18:05,HOLD,0,1,10.067,0.008,42.782,42.879
1782245889.783,2026-06-23T21:18:09,HOLD,0,1,10.067,0.007,43.005,43.120
1782245893.865,2026-06-23T21:18:13,HOLD,0,1,10.067,0.007,43.632,43.749
1782245897.951,2026-06-23T21:18:17,HOLD,0,1,10.067,0.007,43.089,43.205
1782245902.036,2026-06-23T21:18:22,HOLD,0,1,10.067,0.007,42.874,42.989
1782245906.128,2026-06-23T21:18:26,HOLD,0,1,10.067,0.008,43.837,43.953
1782245910.219,2026-06-23T21:18:30,HOLD,0,1,10.067,0.007,44.633,44.750
1782245914.265,2026-06-23T21:18:34,HOLD,0,1,10.067,0.008,44.686,44.818
1782245918.357,2026-06-23T21:18:38,HOLD,0,1,10.067,0.007,44.145,44.262
1782245922.450,2026-06-23T21:18:42,HOLD,0,1,10.067,0.007,42.617,42.727
1782245926.543,2026-06-23T21:18:46,HOLD,0,1,10.067,0.007,44.050,44.166
1782245930.632,2026-06-23T21:18:50,HOLD,0,1,10.067,0.007,44.256,44.375
1782245934.727,2026-06-23T21:18:54,HOLD,0,1,10.067,0.007,44.171,44.287
1782245938.818,2026-06-23T21:18:58,HOLD,0,1,10.067,0.008,42.459,42.562
1782245942.911,2026-06-23T21:19:02,HOLD,0,1,10.067,0.008,44.798,44.913
1782245946.999,2026-06-23T21:19:06,HOLD,0,1,10.067,0.008,44.016,44.147
1782245951.092,2026-06-23T21:19:11,HOLD,0,1,10.067,0.008,44.002,44.116
1782245955.140,2026-06-23T21:19:15,HOLD,0,1,10.067,0.007,42.871,42.987
1782245959.228,2026-06-23T21:19:19,HOLD,0,1,10.067,0.007,42.916,43.031
1782245963.318,2026-06-23T21:19:23,HOLD,0,1,10.067,0.007,44.437,44.534
1782245967.411,2026-06-23T21:19:27,HOLD,0,1,10.067,0.008,43.338,43.450
1782245971.499,2026-06-23T21:19:31,HOLD,0,1,10.067,0.007,43.392,43.506
1782245975.587,2026-06-23T21:19:35,HOLD,0,1,10.067,0.007,43.181,43.294
1782245979.671,2026-06-23T21:19:39,HOLD,0,1,10.067,0.007,42.783,42.898
1782245983.757,2026-06-23T21:19:43,HOLD,0,1,10.067,0.008,42.892,43.007
1782245987.849,2026-06-23T21:19:47,HOLD,0,1,10.067,0.008,44.437,44.559
1782245991.941,2026-06-23T21:19:51,HOLD,0,1,10.067,0.007,44.238,44.354
1782245995.993,2026-06-23T21:19:55,HOLD,0,1,10.067,0.007,44.345,44.459
1782246000.082,2026-06-23T21:20:00,HOLD,0,1,10.067,0.007,42.301,42.408
1782246004.174,2026-06-23T21:20:04,HOLD,0,1,10.067,0.008,44.600,44.716
1782246008.271,2026-06-23T21:20:08,HOLD,0,1,10.067,0.007,45.022,45.139
1782246012.364,2026-06-23T21:20:12,HOLD,0,1,10.067,0.007,44.218,44.333
1782246016.447,2026-06-23T21:20:16,HOLD,0,1,10.067,0.007,42.940,43.055
1782246020.537,2026-06-23T21:20:20,HOLD,0,1,10.067,0.007,42.954,43.067
1782246024.627,2026-06-23T21:20:24,HOLD,0,1,10.067,0.007,43.094,43.210
1782246028.710,2026-06-23T21:20:28,HOLD,0,1,10.067,0.007,40.845,40.949
1782246032.796,2026-06-23T21:20:32,HOLD,0,1,10.067,0.007,43.021,43.134
1782246036.843,2026-06-23T21:20:36,HOLD,0,1,10.067,0.008,46.634,46.750
1782246040.930,2026-06-23T21:20:40,HOLD,0,1,10.067,0.006,40.896,41.004
1782246045.012,2026-06-23T21:20:45,HOLD,0,1,10.067,0.007,41.078,41.178
1782246049.100,2026-06-23T21:20:49,HOLD,0,1,10.067,0.008,42.986,43.101
1782246053.187,2026-06-23T21:20:53,HOLD,0,1,10.067,0.007,43.767,43.882
1782246057.273,2026-06-23T21:20:57,HOLD,0,1,10.067,0.007,42.895,43.011
1782246061.363,2026-06-23T21:21:01,HOLD,0,1,10.067,0.007,43.097,43.211
1782246065.450,2026-06-23T21:21:05,HOLD,0,1,10.067,0.006,43.166,43.280
1782246069.534,2026-06-23T21:21:09,HOLD,0,1,10.067,0.007,40.959,41.065
1782246073.620,2026-06-23T21:21:13,HOLD,0,1,10.067,0.007,43.103,43.217
1782246077.664,2026-06-23T21:21:17,HOLD,0,1,10.067,0.008,42.835,42.951
1782246081.751,2026-06-23T21:21:21,HOLD,0,1,10.067,0.007,41.424,41.532
1782246085.834,2026-06-23T21:21:25,HOLD,0,1,10.067,0.007,42.171,42.270
1782246089.923,2026-06-23T21:21:29,HOLD,0,1,10.067,0.007,42.973,43.089
1782246094.009,2026-06-23T21:21:34,HOLD,0,1,10.067,0.006,43.082,43.196
1782246098.094,2026-06-23T21:21:38,HOLD,0,1,10.067,0.006,42.858,42.970
1782246102.183,2026-06-23T21:21:42,HOLD,0,1,10.067,0.007,44.291,44.406
1782246106.274,2026-06-23T21:21:46,HOLD,0,1,10.067,0.007,43.430,43.610
1782246110.365,2026-06-23T21:21:50,HOLD,0,1,10.067,0.007,44.171,44.287
1782246114.456,2026-06-23T21:21:54,HOLD,0,1,10.067,0.009,44.440,44.558
1782246118.507,2026-06-23T21:21:58,HOLD,0,1,10.067,0.008,44.122,44.235
1782246122.598,2026-06-23T21:22:02,HOLD,0,1,10.067,0.007,43.702,43.814
1782246126.685,2026-06-23T21:22:06,HOLD,0,1,10.067,0.007,41.034,41.145
1782246130.771,2026-06-23T21:22:10,HOLD,0,1,10.067,0.007,41.563,41.667
1782246134.857,2026-06-23T21:22:14,HOLD,0,1,10.067,0.007,42.929,43.046
1782246138.944,2026-06-23T21:22:18,HOLD,0,1,10.067,0.007,43.553,43.668
1782246143.029,2026-06-23T21:22:23,HOLD,0,1,10.067,0.007,42.983,43.098
1782246147.114,2026-06-23T21:22:27,HOLD,0,1,10.067,0.007,42.902,43.017
1782246151.198,2026-06-23T21:22:31,HOLD,0,1,10.067,0.007,41.241,41.350
1782246155.285,2026-06-23T21:22:35,HOLD,0,1,10.067,0.007,42.080,42.185
1782246159.332,2026-06-23T21:22:39,HOLD,0,1,10.067,0.007,43.076,43.191
1782246163.420,2026-06-23T21:22:43,HOLD,0,1,10.067,0.008,43.170,43.285
1782246167.502,2026-06-23T21:22:47,HOLD,0,1,10.067,0.009,40.672,40.776
1782246171.586,2026-06-23T21:22:51,HOLD,0,1,10.067,0.008,41.581,41.688
1782246175.672,2026-06-23T21:22:55,HOLD,0,1,10.067,0.007,42.916,43.028
1782246179.756,2026-06-23T21:22:59,HOLD,0,1,10.067,0.008,42.896,43.010
1782246183.841,2026-06-23T21:23:03,HOLD,0,1,10.067,0.008,42.843,42.959
1782246187.931,2026-06-23T21:23:07,HOLD,0,1,10.067,0.007,43.036,43.149
1782246192.015,2026-06-23T21:23:12,HOLD,0,1,10.067,0.007,40.786,40.889
1782246196.099,2026-06-23T21:23:16,HOLD,0,1,10.067,0.007,42.949,43.063
1782246200.144,2026-06-23T21:23:20,HOLD,0,1,10.067,0.007,42.892,43.005
1782246204.234,2026-06-23T21:23:24,HOLD,0,1,10.067,0.008,42.960,43.072
1782246208.320,2026-06-23T21:23:28,HOLD,0,1,10.067,0.008,43.010,43.123
1782246212.404,2026-06-23T21:23:32,HOLD,0,1,10.067,0.007,43.039,43.167
1782246216.490,2026-06-23T21:23:36,HOLD,0,1,10.067,0.007,42.838,42.951
1782246220.583,2026-06-23T21:23:40,HOLD,0,1,10.067,0.007,44.945,45.060
1782246224.674,2026-06-23T21:23:44,HOLD,0,1,10.067,0.007,43.528,43.644
1782246228.761,2026-06-23T21:23:48,HOLD,0,1,10.067,0.008,42.787,42.901
1782246232.845,2026-06-23T21:23:52,HOLD,0,1,10.067,0.008,42.961,43.075
1782246236.931,2026-06-23T21:23:56,HOLD,0,1,10.067,0.007,41.985,42.084
1782246240.981,2026-06-23T21:24:00,HOLD,0,1,10.067,0.007,42.785,42.895
1782246245.073,2026-06-23T21:24:05,HOLD,0,1,10.067,0.007,42.910,43.024
1782246249.165,2026-06-23T21:24:09,HOLD,0,1,10.067,0.008,44.272,44.388
1782246253.249,2026-06-23T21:24:13,HOLD,0,1,10.067,0.008,43.972,44.091
1782246257.335,2026-06-23T21:24:17,HOLD,0,1,10.067,0.008,43.051,43.165
1782246261.422,2026-06-23T21:24:21,HOLD,0,1,10.067,0.008,42.934,43.048
1782246265.515,2026-06-23T21:24:25,HOLD,0,1,10.067,0.008,44.086,44.204
1782246269.606,2026-06-23T21:24:29,HOLD,0,1,10.067,0.007,43.972,44.087
1782246273.693,2026-06-23T21:24:33,HOLD,0,1,10.067,0.008,43.664,43.778
1782246277.779,2026-06-23T21:24:37,HOLD,0,1,10.067,0.008,43.884,43.999
1782246281.820,2026-06-23T21:24:41,HOLD,0,1,10.067,0.008,42.954,43.053
1782246285.912,2026-06-23T21:24:45,HOLD,0,1,10.067,0.007,44.148,44.264
1782246290.003,2026-06-23T21:24:50,HOLD,0,1,10.067,0.006,42.905,43.015
1782246294.087,2026-06-23T21:24:54,HOLD,0,1,10.067,0.008,43.092,43.208
1782246298.178,2026-06-23T21:24:58,HOLD,0,1,10.067,0.007,42.687,42.791
1782246302.270,2026-06-23T21:25:02,HOLD,0,1,10.067,0.007,42.719,42.820
1782246306.364,2026-06-23T21:25:06,HOLD,0,1,10.067,0.008,43.475,43.589
1782246310.451,2026-06-23T21:25:10,HOLD,0,1,10.067,0.007,43.168,43.285
1782246314.533,2026-06-23T21:25:14,HOLD,0,1,10.067,0.008,43.147,43.267
1782246318.620,2026-06-23T21:25:18,HOLD,0,1,10.067,0.008,42.934,43.046
1782246322.666,2026-06-23T21:25:22,HOLD,0,1,10.067,0.008,45.229,45.347
1782246326.751,2026-06-23T21:25:26,HOLD,0,1,10.067,0.007,43.694,43.809
1782246330.837,2026-06-23T21:25:30,HOLD,0,1,10.067,0.007,42.966,43.083
1782246334.922,2026-06-23T21:25:34,HOLD,0,1,10.067,0.008,42.961,43.074
1782246339.010,2026-06-23T21:25:39,HOLD,0,1,10.067,0.006,42.985,43.098
1782246343.094,2026-06-23T21:25:43,HOLD,0,1,10.067,0.007,40.670,40.776
1782246347.181,2026-06-23T21:25:47,HOLD,0,1,10.067,0.007,42.853,42.966
1782246351.263,2026-06-23T21:25:51,HOLD,0,1,10.067,0.008,42.901,43.031
1782246355.351,2026-06-23T21:25:55,HOLD,0,1,10.067,0.007,43.640,43.755
1782246359.451,2026-06-23T21:25:59,HOLD,0,1,10.067,0.008,42.875,42.989
1782246363.498,2026-06-23T21:26:03,HOLD,0,1,10.067,0.008,44.349,44.473
1782246367.586,2026-06-23T21:26:07,HOLD,0,1,10.067,0.007,41.605,41.712
1782246371.672,2026-06-23T21:26:11,HOLD,0,1,10.067,0.007,42.895,43.009
1782246375.763,2026-06-23T21:26:15,HOLD,0,1,10.067,0.007,43.431,43.545
1782246379.846,2026-06-23T21:26:19,HOLD,0,1,10.067,0.007,40.757,40.861
1782246383.932,2026-06-23T21:26:23,HOLD,0,1,10.067,0.008,41.971,42.076
1782246388.020,2026-06-23T21:26:28,HOLD,0,1,10.067,0.007,42.821,42.936
1782246392.113,2026-06-23T21:26:32,HOLD,0,1,10.067,0.008,44.441,44.557
1782246396.207,2026-06-23T21:26:36,HOLD,0,1,10.067,0.007,44.147,44.264
1782246400.298,2026-06-23T21:26:40,HOLD,0,1,10.067,0.007,44.136,44.249
1782246404.346,2026-06-23T21:26:44,HOLD,0,1,10.067,0.009,43.164,43.289
1782246408.436,2026-06-23T21:26:48,HOLD,0,1,10.067,0.007,42.945,43.059
1782246412.521,2026-06-23T21:26:52,HOLD,0,1,10.067,0.007,42.907,43.020
1782246416.605,2026-06-23T21:26:56,HOLD,0,1,10.067,0.007,41.493,41.603
1782246420.696,2026-06-23T21:27:00,HOLD,0,1,10.067,0.007,43.262,43.379
1782246424.786,2026-06-23T21:27:04,HOLD,0,1,10.067,0.008,43.332,43.448
1782246428.870,2026-06-23T21:27:08,HOLD,0,1,10.067,0.008,42.954,43.068
1782246432.955,2026-06-23T21:27:12,HOLD,0,1,10.067,0.008,43.078,43.192
1782246437.039,2026-06-23T21:27:17,HOLD,0,1,10.067,0.008,42.896,43.013
1782246441.128,2026-06-23T21:27:21,HOLD,0,1,10.067,0.006,41.105,41.213
1782246445.169,2026-06-23T21:27:25,HOLD,0,1,10.067,0.007,41.229,41.327
1782246449.259,2026-06-23T21:27:29,HOLD,0,1,10.067,0.008,43.036,43.150
1782246453.344,2026-06-23T21:27:33,HOLD,0,1,10.067,0.008,43.004,43.135
1782246457.436,2026-06-23T21:27:37,HOLD,0,1,10.067,0.007,43.205,43.318
1782246461.522,2026-06-23T21:27:41,HOLD,0,1,10.067,0.007,42.853,42.969
1782246465.608,2026-06-23T21:27:45,HOLD,0,1,10.067,0.008,42.897,43.013
1782246469.690,2026-06-23T21:27:49,HOLD,0,1,10.067,0.008,43.160,43.279
1782246473.777,2026-06-23T21:27:53,HOLD,0,1,10.067,0.007,42.653,42.750
1782246477.867,2026-06-23T21:27:57,HOLD,0,1,10.067,0.006,43.167,43.283
1782246481.954,2026-06-23T21:28:01,HOLD,0,1,10.067,0.008,44.191,44.308
1782246485.998,2026-06-23T21:28:05,HOLD,0,1,10.067,0.007,41.902,42.004
1782246490.085,2026-06-23T21:28:10,HOLD,0,1,10.067,0.007,43.032,43.147
1782246494.170,2026-06-23T21:28:14,HOLD,0,1,10.067,0.008,43.426,43.543
1782246498.254,2026-06-23T21:28:18,HOLD,0,1,10.067,0.008,43.588,43.703
1782246502.338,2026-06-23T21:28:22,HOLD,0,1,10.067,0.008,42.897,43.011
1782246506.422,2026-06-23T21:28:26,HOLD,0,1,10.067,0.007,41.503,41.613
1782246510.508,2026-06-23T21:28:30,HOLD,0,1,10.067,0.007,42.384,42.483
1782246514.601,2026-06-23T21:28:34,HOLD,0,1,10.067,0.007,47.273,47.387
1782246518.689,2026-06-23T21:28:38,HOLD,0,1,10.067,0.008,43.197,43.310
1782246522.780,2026-06-23T21:28:42,HOLD,0,1,10.067,0.007,42.799,42.912
1782246526.824,2026-06-23T21:28:46,HOLD,0,1,10.067,0.007,43.224,43.339
1782246530.911,2026-06-23T21:28:50,HOLD,0,1,10.067,0.008,44.653,44.767
1782246534.999,2026-06-23T21:28:54,HOLD,0,1,10.067,0.007,42.794,42.910
1782246539.086,2026-06-23T21:28:59,HOLD,0,1,10.067,0.008,44.688,44.807
1782246543.179,2026-06-23T21:29:03,HOLD,0,1,10.067,0.008,44.013,44.129
1782246547.270,2026-06-23T21:29:07,HOLD,0,1,10.067,0.007,43.446,43.562
1782246551.357,2026-06-23T21:29:11,HOLD,0,1,10.067,0.007,42.933,43.050
1782246555.447,2026-06-23T21:29:15,HOLD,0,1,10.067,0.007,42.791,42.895
1782246559.539,2026-06-23T21:29:19,HOLD,0,1,10.067,0.008,42.037,42.139
1782246563.626,2026-06-23T21:29:23,HOLD,0,1,10.067,0.008,42.851,42.978
1782246567.667,2026-06-23T21:29:27,HOLD,0,1,10.067,0.007,41.295,41.404
1782246571.752,2026-06-23T21:29:31,HOLD,0,1,10.067,0.007,42.919,43.036
1782246575.842,2026-06-23T21:29:35,HOLD,0,1,10.067,0.007,43.820,43.935
1782246579.932,2026-06-23T21:29:39,HOLD,0,1,10.067,0.008,43.122,43.238
1782246584.015,2026-06-23T21:29:44,HOLD,0,1,10.067,0.008,43.072,43.186
1782246588.101,2026-06-23T21:29:48,HOLD,0,1,10.067,0.008,42.917,43.033
1782246592.188,2026-06-23T21:29:52,HOLD,0,1,10.067,0.007,41.146,41.253
1782246596.279,2026-06-23T21:29:56,HOLD,0,1,10.067,0.007,41.820,41.923
1782246600.365,2026-06-23T21:30:00,HOLD,0,1,10.067,0.007,42.963,43.076
1782246604.454,2026-06-23T21:30:04,HOLD,0,1,10.067,0.008,43.769,43.885
1782246608.496,2026-06-23T21:30:08,HOLD,0,1,10.067,0.008,41.275,41.385
1782246612.582,2026-06-23T21:30:12,HOLD,0,1,10.067,0.008,42.795,42.895
1782246616.668,2026-06-23T21:30:16,HOLD,0,1,10.067,0.008,42.758,42.873
1782246620.759,2026-06-23T21:30:20,HOLD,0,1,10.067,0.008,43.074,43.188
1782246624.846,2026-06-23T21:30:24,HOLD,0,1,10.067,0.006,42.880,42.994
1782246628.930,2026-06-23T21:30:28,HOLD,0,1,10.067,0.007,43.698,43.813
1782246633.015,2026-06-23T21:30:33,HOLD,0,1,10.067,0.008,42.910,43.028
1782246637.100,2026-06-23T21:30:37,HOLD,0,1,10.067,0.007,40.686,40.793
1782246641.186,2026-06-23T21:30:41,HOLD,0,1,10.067,0.007,42.843,42.941
1782246645.274,2026-06-23T21:30:45,HOLD,0,1,10.067,0.007,43.842,43.959
1782246649.313,2026-06-23T21:30:49,HOLD,0,1,10.067,0.007,41.088,41.210
1782246653.398,2026-06-23T21:30:53,HOLD,0,1,10.067,0.007,43.066,43.180
1782246657.483,2026-06-23T21:30:57,HOLD,0,1,10.067,0.007,43.167,43.284
1782246661.568,2026-06-23T21:31:01,HOLD,0,1,10.067,0.007,41.224,41.343
1782246665.660,2026-06-23T21:31:05,HOLD,0,1,10.067,0.007,42.830,42.942
1782246669.749,2026-06-23T21:31:09,HOLD,0,1,10.067,0.007,43.992,44.104
1782246673.836,2026-06-23T21:31:13,HOLD,0,1,10.067,0.007,42.561,42.672
1782246677.926,2026-06-23T21:31:17,HOLD,0,1,10.067,0.007,44.913,45.030
1782246682.019,2026-06-23T21:31:22,HOLD,0,1,10.067,0.007,44.025,44.137
1782246686.116,2026-06-23T21:31:26,HOLD,0,1,10.067,0.008,44.861,44.975
1782246690.161,2026-06-23T21:31:30,HOLD,0,1,10.067,0.007,43.100,43.227
1782246694.251,2026-06-23T21:31:34,HOLD,0,1,10.067,0.008,44.721,44.838
1782246698.341,2026-06-23T21:31:38,HOLD,0,1,10.067,0.008,43.514,43.630
1782246702.434,2026-06-23T21:31:42,HOLD,0,1,10.067,0.007,42.145,42.243
1782246706.526,2026-06-23T21:31:46,HOLD,0,1,10.067,0.007,43.886,44.003
1782246710.621,2026-06-23T21:31:50,HOLD,0,1,10.067,0.007,44.605,44.723
1782246714.713,2026-06-23T21:31:54,HOLD,0,1,10.067,0.007,43.830,43.948
1782246718.805,2026-06-23T21:31:58,HOLD,0,1,10.067,0.007,43.883,43.999
1782246722.897,2026-06-23T21:32:02,HOLD,0,1,10.067,0.007,42.274,42.386
1782246726.990,2026-06-23T21:32:06,HOLD,0,1,10.067,0.007,43.334,43.449
1782246731.034,2026-06-23T21:32:11,HOLD,0,1,10.067,0.008,43.684,43.802
1782246735.123,2026-06-23T21:32:15,HOLD,0,1,10.067,0.007,44.358,44.474
1782246739.216,2026-06-23T21:32:19,HOLD,0,1,10.067,0.008,44.258,44.376
1782246743.316,2026-06-23T21:32:23,HOLD,0,1,10.067,0.008,47.900,48.014
1782246747.402,2026-06-23T21:32:27,HOLD,0,1,10.067,0.008,42.857,42.973
1782246751.488,2026-06-23T21:32:31,HOLD,0,1,10.067,0.007,40.922,41.032
1782246755.574,2026-06-23T21:32:35,HOLD,0,1,10.067,0.007,41.311,41.415
1782246759.662,2026-06-23T21:32:39,HOLD,0,1,10.067,0.008,43.674,43.790
1782246763.744,2026-06-23T21:32:43,HOLD,0,1,10.067,0.008,42.993,43.110
1782246767.835,2026-06-23T21:32:47,HOLD,0,1,10.067,0.007,42.906,43.019
1782246771.877,2026-06-23T21:32:51,HOLD,0,1,10.067,0.007,41.847,41.947
1782246775.963,2026-06-23T21:32:55,HOLD,0,1,10.067,0.008,41.223,41.334
1782246780.050,2026-06-23T21:33:00,HOLD,0,1,10.067,0.007,42.758,42.871
1782246784.141,2026-06-23T21:33:04,HOLD,0,1,10.067,0.007,42.787,42.898
1782246788.224,2026-06-23T21:33:08,HOLD,0,1,10.067,0.007,42.994,43.110
1782246792.313,2026-06-23T21:33:12,HOLD,0,1,10.067,0.008,42.628,42.740
1782246796.402,2026-06-23T21:33:16,HOLD,0,1,10.067,0.007,40.674,40.778
1782246800.493,2026-06-23T21:33:20,HOLD,0,1,10.067,0.007,43.784,43.898
1782246804.579,2026-06-23T21:33:24,HOLD,0,1,10.067,0.008,42.995,43.111
1782246808.667,2026-06-23T21:33:28,HOLD,0,1,10.067,0.007,43.758,43.873
1782246812.713,2026-06-23T21:33:32,HOLD,0,1,10.067,0.007,41.139,41.243
1782246816.801,2026-06-23T21:33:36,HOLD,0,1,10.067,0.007,43.366,43.522
1782246820.889,2026-06-23T21:33:40,HOLD,0,1,10.067,0.007,42.965,43.082
1782246824.978,2026-06-23T21:33:44,HOLD,0,1,10.067,0.007,43.046,43.159
1782246829.062,2026-06-23T21:33:49,HOLD,0,1,10.067,0.007,43.235,43.351
1782246833.151,2026-06-23T21:33:53,HOLD,0,1,10.067,0.007,43.000,43.116
1782246837.236,2026-06-23T21:33:57,HOLD,0,1,10.067,0.007,43.056,43.168
1782246841.324,2026-06-23T21:34:01,HOLD,0,1,10.067,0.008,42.873,42.988
1782246845.412,2026-06-23T21:34:05,HOLD,0,1,10.067,0.008,43.271,43.387
1782246849.495,2026-06-23T21:34:09,HOLD,0,1,10.067,0.007,43.130,43.250
1782246853.534,2026-06-23T21:34:13,HOLD,0,1,10.067,0.007,41.284,41.385
1782246857.624,2026-06-23T21:34:17,HOLD,0,1,10.067,0.007,43.942,44.055
1782246861.712,2026-06-23T21:34:21,HOLD,0,1,10.067,0.007,42.587,42.689
1782246865.803,2026-06-23T21:34:25,HOLD,0,1,10.067,0.007,44.592,44.706
1782246869.890,2026-06-23T21:34:29,HOLD,0,1,10.067,0.007,44.443,44.561
1782246873.980,2026-06-23T21:34:33,HOLD,0,1,10.067,0.007,43.856,43.973
1782246878.067,2026-06-23T21:34:38,HOLD,0,1,10.067,0.008,41.350,41.466
1782246882.155,2026-06-23T21:34:42,HOLD,0,1,10.067,0.007,43.300,43.415
1782246886.241,2026-06-23T21:34:46,HOLD,0,1,10.067,0.007,42.900,43.015
1782246890.329,2026-06-23T21:34:50,HOLD,0,1,10.067,0.008,43.549,43.663
1782246894.375,2026-06-23T21:34:54,HOLD,0,1,10.067,0.008,41.534,41.645
1782246898.460,2026-06-23T21:34:58,HOLD,0,1,10.067,0.008,41.720,41.820
1782246902.548,2026-06-23T21:35:02,HOLD,0,1,10.067,0.008,42.995,43.112
1782246906.638,2026-06-23T21:35:06,HOLD,0,1,10.067,0.007,42.997,43.114
1782246910.723,2026-06-23T21:35:10,HOLD,0,1,10.067,0.007,42.771,42.902
1782246914.807,2026-06-23T21:35:14,HOLD,0,1,10.067,0.007,43.168,43.308
1782246918.895,2026-06-23T21:35:18,HOLD,0,1,10.067,0.007,41.173,41.281
1782246922.983,2026-06-23T21:35:22,HOLD,0,1,10.067,0.007,43.000,43.117
1782246927.067,2026-06-23T21:35:27,HOLD,0,1,10.067,0.007,42.758,42.871
1782246931.149,2026-06-23T21:35:31,HOLD,0,1,10.067,0.007,42.814,42.928
1782246935.194,2026-06-23T21:35:35,HOLD,0,1,10.067,0.007,42.885,42.999
1782246939.280,2026-06-23T21:35:39,HOLD,0,1,10.067,0.008,42.878,42.994
1782246943.369,2026-06-23T21:35:43,HOLD,0,1,10.067,0.007,42.942,43.057
1782246947.454,2026-06-23T21:35:47,HOLD,0,1,10.067,0.006,42.773,42.885
1782246951.538,2026-06-23T21:35:51,HOLD,0,1,10.067,0.007,42.850,42.964
1782246955.624,2026-06-23T21:35:55,HOLD,0,1,10.067,0.007,42.981,43.098
1782246959.715,2026-06-23T21:35:59,HOLD,0,1,10.067,0.007,41.812,41.921
1782246963.801,2026-06-23T21:36:03,HOLD,0,1,10.067,0.007,42.653,42.765
1782246967.887,2026-06-23T21:36:07,HOLD,0,1,10.067,0.007,43.013,43.142
1782246971.971,2026-06-23T21:36:11,HOLD,0,1,10.067,0.007,41.270,41.379
1782246976.013,2026-06-23T21:36:16,HOLD,0,1,10.067,0.007,42.894,43.006
1782246980.101,2026-06-23T21:36:20,HOLD,0,1,10.067,0.007,43.022,43.134
1782246984.188,2026-06-23T21:36:24,HOLD,0,1,10.067,0.008,43.110,43.225
1782246988.272,2026-06-23T21:36:28,HOLD,0,1,10.067,0.007,43.842,43.957
1782246992.357,2026-06-23T21:36:32,HOLD,0,1,10.067,0.008,42.999,43.113
1782246996.444,2026-06-23T21:36:36,HOLD,0,1,10.067,0.007,42.902,43.015
1782247000.529,2026-06-23T21:36:40,HOLD,0,1,10.067,0.007,42.786,42.901
1782247004.617,2026-06-23T21:36:44,HOLD,0,1,10.067,0.007,43.955,44.072
1782247008.703,2026-06-23T21:36:48,HOLD,0,1,10.067,0.007,42.883,42.996
1782247012.784,2026-06-23T21:36:52,HOLD,0,1,10.067,0.007,43.082,43.195
1782247016.830,2026-06-23T21:36:56,HOLD,0,1,10.067,0.008,43.106,43.221
1782247020.916,2026-06-23T21:37:00,HOLD,0,1,10.067,0.008,42.948,43.062
1782247025.000,2026-06-23T21:37:04,HOLD,0,1,10.067,0.007,42.842,42.960
1782247029.087,2026-06-23T21:37:09,HOLD,0,1,10.067,0.007,42.948,43.062
1782247033.178,2026-06-23T21:37:13,HOLD,0,1,10.067,0.007,42.875,42.993
1782247037.262,2026-06-23T21:37:17,HOLD,0,1,10.067,0.007,42.959,43.074
1782247041.348,2026-06-23T21:37:21,HOLD,0,1,10.067,0.006,41.566,41.673
1782247045.437,2026-06-23T21:37:25,HOLD,0,1,10.067,0.007,42.545,42.646
1782247049.527,2026-06-23T21:37:29,HOLD,0,1,10.067,0.008,43.398,43.517
1782247053.612,2026-06-23T21:37:33,HOLD,0,1,10.067,0.008,43.697,43.811
1782247057.658,2026-06-23T21:37:37,HOLD,0,1,10.067,0.008,44.449,44.565
1782247061.753,2026-06-23T21:37:41,HOLD,0,1,10.067,0.007,44.003,44.117
1782247065.842,2026-06-23T21:37:45,HOLD,0,1,10.067,0.007,42.981,43.094
1782247069.929,2026-06-23T21:37:49,HOLD,0,1,10.067,0.007,42.964,43.079
1782247074.013,2026-06-23T21:37:54,HOLD,0,1,10.067,0.008,43.750,43.868
1782247078.097,2026-06-23T21:37:58,HOLD,0,1,10.067,0.007,40.621,40.727
1782247082.189,2026-06-23T21:38:02,HOLD,0,1,10.067,0.008,41.699,41.804
1782247086.279,2026-06-23T21:38:06,HOLD,0,1,10.067,0.007,43.142,43.257
1782247090.373,2026-06-23T21:38:10,HOLD,0,1,10.067,0.008,44.460,44.579
1782247094.469,2026-06-23T21:38:14,HOLD,0,1,10.067,0.008,44.685,44.803
1782247098.516,2026-06-23T21:38:18,HOLD,0,1,10.067,0.007,42.559,42.669
1782247102.604,2026-06-23T21:38:22,HOLD,0,1,10.067,0.008,45.057,45.173
1782247106.689,2026-06-23T21:38:26,HOLD,0,1,10.067,0.007,43.058,43.174
1782247110.775,2026-06-23T21:38:30,HOLD,0,1,10.067,0.007,42.870,42.986
1782247114.855,2026-06-23T21:38:34,HOLD,0,1,10.067,0.007,42.963,43.083
1782247118.942,2026-06-23T21:38:38,HOLD,0,1,10.067,0.008,43.723,43.837
1782247123.030,2026-06-23T21:38:43,HOLD,0,1,10.067,0.007,42.929,43.042
1782247127.116,2026-06-23T21:38:47,HOLD,0,1,10.067,0.019,40.909,41.023
1782247131.199,2026-06-23T21:38:51,HOLD,0,1,10.067,0.007,42.869,42.985
1782247135.283,2026-06-23T21:38:55,HOLD,0,1,10.067,0.007,43.565,43.680
1782247139.325,2026-06-23T21:38:59,HOLD,0,1,10.067,0.008,41.135,41.240
1782247143.412,2026-06-23T21:39:03,HOLD,0,1,10.067,0.007,44.526,44.622
1782247147.505,2026-06-23T21:39:07,HOLD,0,1,10.067,0.007,44.397,44.511
1782247151.593,2026-06-23T21:39:11,HOLD,0,1,10.067,0.007,43.943,44.058
1782247155.684,2026-06-23T21:39:15,HOLD,0,1,10.067,0.007,42.964,43.076
1782247159.769,2026-06-23T21:39:19,HOLD,0,1,10.067,0.007,43.010,43.125
1782247163.853,2026-06-23T21:39:23,HOLD,0,1,10.067,0.007,41.052,41.162
1782247167.941,2026-06-23T21:39:27,HOLD,0,1,10.067,0.007,43.068,43.181
1782247172.030,2026-06-23T21:39:32,HOLD,0,1,10.067,0.007,42.900,43.012
1782247176.118,2026-06-23T21:39:36,HOLD,0,1,10.067,0.007,43.022,43.138
1782247180.163,2026-06-23T21:39:40,HOLD,0,1,10.067,0.007,42.073,42.180
1782247184.255,2026-06-23T21:39:44,HOLD,0,1,10.067,0.008,42.820,42.935
1782247188.348,2026-06-23T21:39:48,HOLD,0,1,10.067,0.008,42.867,42.966
1782247192.440,2026-06-23T21:39:52,HOLD,0,1,10.067,0.008,43.688,43.809
1782247196.532,2026-06-23T21:39:56,HOLD,0,1,10.067,0.008,44.904,45.021
1782247200.623,2026-06-23T21:40:00,HOLD,0,1,10.067,0.007,44.098,44.201
1782247204.718,2026-06-23T21:40:04,HOLD,0,1,10.067,0.007,43.320,43.437
1782247208.806,2026-06-23T21:40:08,HOLD,0,1,10.067,0.008,44.310,44.427
1782247212.898,2026-06-23T21:40:12,HOLD,0,1,10.067,0.007,43.875,43.991
1782247216.985,2026-06-23T21:40:16,HOLD,0,1,10.067,0.007,41.188,41.296
1782247221.026,2026-06-23T21:40:21,HOLD,0,1,10.067,0.007,42.839,42.952
1782247225.112,2026-06-23T21:40:25,HOLD,0,1,10.067,0.007,43.064,43.179
1782247229.197,2026-06-23T21:40:29,HOLD,0,1,10.067,0.008,40.970,41.081
1782247233.281,2026-06-23T21:40:33,HOLD,0,1,10.067,0.007,43.725,43.827
1782247237.369,2026-06-23T21:40:37,HOLD,0,1,10.067,0.007,42.019,42.119
1782247241.458,2026-06-23T21:40:41,HOLD,0,1,10.067,0.006,43.083,43.195
1782247245.543,2026-06-23T21:40:45,HOLD,0,1,10.067,0.007,43.073,43.188
1782247249.632,2026-06-23T21:40:49,HOLD,0,1,10.067,0.008,45.652,45.769
1782247253.723,2026-06-23T21:40:53,HOLD,0,1,10.067,0.007,43.087,43.202
1782247257.814,2026-06-23T21:40:57,HOLD,0,1,10.067,0.007,43.575,43.689
1782247261.860,2026-06-23T21:41:01,HOLD,0,1,10.067,0.008,43.803,43.919
1782247265.946,2026-06-23T21:41:05,HOLD,0,1,10.067,0.007,42.961,43.074
1782247270.034,2026-06-23T21:41:10,HOLD,0,1,10.067,0.007,41.376,41.483
1782247274.118,2026-06-23T21:41:14,HOLD,0,1,10.067,0.008,41.422,41.533
1782247278.206,2026-06-23T21:41:18,HOLD,0,1,10.067,0.007,42.891,43.008
1782247282.296,2026-06-23T21:41:22,HOLD,0,1,10.067,0.007,42.994,43.113
1782247286.384,2026-06-23T21:41:26,HOLD,0,1,10.067,0.008,42.871,42.987
1782247290.469,2026-06-23T21:41:30,HOLD,0,1,10.067,0.007,43.159,43.274
1782247294.553,2026-06-23T21:41:34,HOLD,0,1,10.067,0.008,41.930,42.040
1782247298.644,2026-06-23T21:41:38,HOLD,0,1,10.067,0.008,41.523,41.627
1782247302.690,2026-06-23T21:41:42,HOLD,0,1,10.067,0.008,43.022,43.137
1782247306.775,2026-06-23T21:41:46,HOLD,0,1,10.067,0.007,42.974,43.088
1782247310.860,2026-06-23T21:41:50,HOLD,0,1,10.067,0.008,42.892,43.010
1782247314.945,2026-06-23T21:41:54,HOLD,0,1,10.067,0.007,41.462,41.564
1782247319.030,2026-06-23T21:41:59,HOLD,0,1,10.067,0.008,41.094,41.195
1782247323.117,2026-06-23T21:42:03,HOLD,0,1,10.067,0.007,42.852,42.964
1782247327.205,2026-06-23T21:42:07,HOLD,0,1,10.067,0.007,41.010,41.119
1782247331.289,2026-06-23T21:42:11,HOLD,0,1,10.067,0.007,43.114,43.229
1782247335.377,2026-06-23T21:42:15,HOLD,0,1,10.067,0.007,42.930,43.045
1782247339.461,2026-06-23T21:42:19,HOLD,0,1,10.067,0.008,41.710,41.819
1782247343.502,2026-06-23T21:42:23,HOLD,0,1,10.067,0.008,43.077,43.193
1782247347.587,2026-06-23T21:42:27,HOLD,0,1,10.067,0.007,42.977,43.093
1782247351.673,2026-06-23T21:42:31,HOLD,0,1,10.067,0.006,41.068,41.177
1782247355.761,2026-06-23T21:42:35,HOLD,0,1,10.067,0.007,43.084,43.200
1782247359.848,2026-06-23T21:42:39,HOLD,0,1,10.067,0.007,43.156,43.271
1782247363.935,2026-06-23T21:42:43,HOLD,0,1,10.067,0.007,44.046,44.163
1782247368.025,2026-06-23T21:42:48,HOLD,0,1,10.067,0.007,44.861,44.978
1782247372.119,2026-06-23T21:42:52,HOLD,0,1,10.067,0.008,44.371,44.491
1782247376.213,2026-06-23T21:42:56,HOLD,0,1,10.067,0.008,44.223,44.338
1782247380.307,2026-06-23T21:43:00,HOLD,0,1,10.067,0.007,45.308,45.423
1782247384.358,2026-06-23T21:43:04,HOLD,0,1,10.067,0.008,42.858,42.974
1782247388.448,2026-06-23T21:43:08,HOLD,0,1,10.067,0.008,43.711,43.825
1782247392.535,2026-06-23T21:43:12,HOLD,0,1,10.067,0.008,43.221,43.337
1782247396.622,2026-06-23T21:43:16,HOLD,0,1,10.067,0.007,43.047,43.160
1782247400.712,2026-06-23T21:43:20,HOLD,0,1,10.067,0.006,40.881,40.988
1782247404.798,2026-06-23T21:43:24,HOLD,0,1,10.067,0.007,43.317,43.436
1782247408.881,2026-06-23T21:43:28,HOLD,0,1,10.067,0.008,42.326,42.427
1782247412.965,2026-06-23T21:43:32,HOLD,0,1,10.067,0.008,41.676,41.783
1782247417.058,2026-06-23T21:43:37,HOLD,0,1,10.067,0.007,42.904,43.033
1782247421.144,2026-06-23T21:43:41,HOLD,0,1,10.067,0.007,42.963,43.077
1782247425.184,2026-06-23T21:43:45,HOLD,0,1,10.067,0.007,42.825,42.939
1782247429.274,2026-06-23T21:43:49,HOLD,0,1,10.067,0.008,43.165,43.282
1782247433.358,2026-06-23T21:43:53,HOLD,0,1,10.067,0.007,42.833,42.948
1782247437.446,2026-06-23T21:43:57,HOLD,0,1,10.067,0.007,42.899,43.013
1782247441.530,2026-06-23T21:44:01,HOLD,0,1,10.067,0.007,43.020,43.135
1782247445.613,2026-06-23T21:44:05,HOLD,0,1,10.067,0.008,42.819,42.934
1782247449.703,2026-06-23T21:44:09,HOLD,0,1,10.067,0.007,43.341,43.456
1782247453.790,2026-06-23T21:44:13,HOLD,0,1,10.067,0.007,42.921,43.036
1782247457.875,2026-06-23T21:44:17,HOLD,0,1,10.067,0.007,43.044,43.159
1782247461.960,2026-06-23T21:44:21,HOLD,0,1,10.067,0.007,42.877,42.993
1782247466.005,2026-06-23T21:44:26,HOLD,0,1,10.067,0.007,42.949,43.062
1782247470.095,2026-06-23T21:44:30,HOLD,0,1,10.067,0.007,43.697,43.811
1782247474.182,2026-06-23T21:44:34,HOLD,0,1,10.067,0.008,43.561,43.677
1782247478.274,2026-06-23T21:44:38,HOLD,0,1,10.067,0.007,43.210,43.325
1782247482.361,2026-06-23T21:44:42,HOLD,0,1,10.067,0.007,42.007,42.106
1782247486.448,2026-06-23T21:44:46,HOLD,0,1,10.067,0.007,43.018,43.135
1782247490.531,2026-06-23T21:44:50,HOLD,0,1,10.067,0.008,43.009,43.122
1782247494.619,2026-06-23T21:44:54,HOLD,0,1,10.067,0.008,44.511,44.627
1782247498.704,2026-06-23T21:44:58,HOLD,0,1,10.067,0.007,42.847,42.960
1782247502.790,2026-06-23T21:45:02,HOLD,0,1,10.067,0.008,43.062,43.177
1782247506.834,2026-06-23T21:45:06,HOLD,0,1,10.067,0.007,43.132,43.249
1782247510.919,2026-06-23T21:45:10,HOLD,0,1,10.067,0.008,43.122,43.238
1782247515.004,2026-06-23T21:45:15,HOLD,0,1,10.067,0.007,42.883,43.000
1782247519.089,2026-06-23T21:45:19,HOLD,0,1,10.067,0.009,42.950,43.066
1782247523.174,2026-06-23T21:45:23,HOLD,0,1,10.067,0.008,42.911,43.027
1782247527.261,2026-06-23T21:45:27,HOLD,0,1,10.067,0.007,42.510,42.611
1782247531.348,2026-06-23T21:45:31,HOLD,0,1,10.067,0.007,42.938,43.054
1782247535.434,2026-06-23T21:45:35,HOLD,0,1,10.067,0.007,42.996,43.112
1782247539.518,2026-06-23T21:45:39,HOLD,0,1,10.067,0.008,43.405,43.520
1782247543.605,2026-06-23T21:45:43,HOLD,0,1,10.067,0.008,43.405,43.519
1782247547.648,2026-06-23T21:45:47,HOLD,0,1,10.067,0.007,42.308,42.412
1782247551.743,2026-06-23T21:45:51,HOLD,0,1,10.067,0.008,43.749,43.861
1782247555.828,2026-06-23T21:45:55,HOLD,0,1,10.067,0.007,43.038,43.154
1782247559.916,2026-06-23T21:45:59,HOLD,0,1,10.067,0.009,42.559,42.670
1782247563.995,2026-06-23T21:46:03,HOLD,0,1,10.067,0.010,41.128,41.250
1782247568.076,2026-06-23T21:46:08,HOLD,0,1,10.067,0.009,43.213,43.329
1782247572.154,2026-06-23T21:46:12,HOLD,0,1,10.067,0.008,42.026,42.125
1782247576.232,2026-06-23T21:46:16,HOLD,0,1,10.067,0.008,43.228,43.344
1782247580.316,2026-06-23T21:46:20,HOLD,0,1,10.067,0.009,42.711,42.822
1782247584.401,2026-06-23T21:46:24,HOLD,0,1,10.067,0.009,42.801,42.961
1782247588.444,2026-06-23T21:46:28,HOLD,0,1,10.067,0.009,44.638,44.782
1782247592.529,2026-06-23T21:46:32,HOLD,0,1,10.067,0.009,42.142,42.255
1782247596.609,2026-06-23T21:46:36,HOLD,0,1,10.067,0.009,41.640,41.741
1782247600.695,2026-06-23T21:46:40,HOLD,0,1,10.067,0.010,43.524,43.639
1782247604.778,2026-06-23T21:46:44,HOLD,0,1,10.067,0.008,43.216,43.335
1782247608.858,2026-06-23T21:46:48,HOLD,0,1,10.067,0.009,42.998,43.116
1782247612.937,2026-06-23T21:46:52,HOLD,0,1,10.067,0.010,41.577,41.690
1782247617.016,2026-06-23T21:46:57,HOLD,0,1,10.067,0.009,42.826,42.942
1782247621.104,2026-06-23T21:47:01,HOLD,0,1,10.067,0.009,44.734,44.855
1782247625.185,2026-06-23T21:47:05,HOLD,0,1,10.067,0.009,45.404,45.520
1782247629.227,2026-06-23T21:47:09,HOLD,0,1,10.067,0.010,44.370,44.487
1782247633.309,2026-06-23T21:47:13,HOLD,0,1,10.067,0.010,43.406,43.525
1782247637.394,2026-06-23T21:47:17,HOLD,0,1,10.067,0.010,44.334,44.449
1782247641.474,2026-06-23T21:47:21,HOLD,0,1,10.067,0.009,42.394,42.508
1782247645.558,2026-06-23T21:47:25,HOLD,0,1,10.067,0.009,42.258,42.382
1782247649.640,2026-06-23T21:47:29,HOLD,0,1,10.067,0.010,43.238,43.357
1782247653.722,2026-06-23T21:47:33,HOLD,0,1,10.067,0.010,42.990,43.091
1782247657.807,2026-06-23T21:47:37,HOLD,0,1,10.067,0.023,44.124,44.257
1782247661.891,2026-06-23T21:47:41,HOLD,0,1,10.067,0.008,43.001,43.115
1782247665.973,2026-06-23T21:47:45,HOLD,0,1,10.067,0.010,41.759,41.871
1782247670.012,2026-06-23T21:47:50,HOLD,0,1,10.067,0.010,43.641,43.756
1782247674.094,2026-06-23T21:47:54,HOLD,0,1,10.067,0.010,44.556,44.668
1782247678.175,2026-06-23T21:47:58,HOLD,0,1,10.067,0.009,41.425,41.534
1782247682.259,2026-06-23T21:48:02,HOLD,0,1,10.067,0.009,43.330,43.435
1782247686.343,2026-06-23T21:48:06,HOLD,0,1,10.067,0.010,42.849,42.984
1782247690.424,2026-06-23T21:48:10,HOLD,0,1,10.067,0.010,43.042,43.157
1782247694.506,2026-06-23T21:48:14,HOLD,0,1,10.067,0.011,41.643,41.753
1782247698.586,2026-06-23T21:48:18,HOLD,0,1,10.067,0.010,41.494,41.626
1782247702.664,2026-06-23T21:48:22,HOLD,0,1,10.067,0.008,42.763,42.880
1782247706.742,2026-06-23T21:48:26,HOLD,0,1,10.067,0.008,42.855,42.974
1782247710.777,2026-06-23T21:48:30,HOLD,0,1,10.067,0.008,42.661,42.758
1782247714.853,2026-06-23T21:48:34,HOLD,0,1,10.067,0.007,41.056,41.160
1782247718.931,2026-06-23T21:48:38,HOLD,0,1,10.067,0.007,42.653,42.781
1782247723.011,2026-06-23T21:48:43,HOLD,0,1,10.067,0.006,43.082,43.195
1782247727.086,2026-06-23T21:48:47,HOLD,0,1,10.067,0.008,42.946,43.061
1782247731.164,2026-06-23T21:48:51,HOLD,0,1,10.067,0.008,41.491,41.601
1782247735.241,2026-06-23T21:48:55,HOLD,0,1,10.067,0.008,42.860,42.974
1782247739.318,2026-06-23T21:48:59,HOLD,0,1,10.067,0.009,42.878,42.995
1782247743.395,2026-06-23T21:49:03,HOLD,0,1,10.067,0.007,40.906,41.013
1782247747.472,2026-06-23T21:49:07,HOLD,0,1,10.067,0.008,42.261,42.364
1782247751.505,2026-06-23T21:49:11,HOLD,0,1,10.067,0.008,41.003,41.114
1782247755.582,2026-06-23T21:49:15,HOLD,0,1,10.067,0.007,42.940,43.056
1782247759.663,2026-06-23T21:49:19,HOLD,0,1,10.067,0.007,43.118,43.233
1782247763.741,2026-06-23T21:49:23,HOLD,0,1,10.067,0.008,42.862,42.979
1782247767.818,2026-06-23T21:49:27,HOLD,0,1,10.067,0.008,42.906,43.024
1782247771.898,2026-06-23T21:49:31,HOLD,0,1,10.067,0.007,42.999,43.116
1782247775.974,2026-06-23T21:49:35,HOLD,0,1,10.067,0.007,42.760,42.875
1782247780.051,2026-06-23T21:49:40,HOLD,0,1,10.067,0.008,41.139,41.245
1782247784.130,2026-06-23T21:49:44,HOLD,0,1,10.067,0.007,42.861,42.976
1782247788.209,2026-06-23T21:49:48,HOLD,0,1,10.067,0.008,43.034,43.149
1782247792.242,2026-06-23T21:49:52,HOLD,0,1,10.067,0.007,40.785,40.889
1782247796.320,2026-06-23T21:49:56,HOLD,0,1,10.067,0.008,42.747,42.861
1782247800.396,2026-06-23T21:50:00,HOLD,0,1,10.067,0.007,40.694,40.798
1782247804.474,2026-06-23T21:50:04,HOLD,0,1,10.067,0.009,42.854,42.972
1782247808.551,2026-06-23T21:50:08,HOLD,0,1,10.067,0.007,42.914,43.027
1782247812.629,2026-06-23T21:50:12,HOLD,0,1,10.067,0.007,42.957,43.074
1782247816.705,2026-06-23T21:50:16,HOLD,0,1,10.067,0.007,41.364,41.463
1782247820.784,2026-06-23T21:50:20,HOLD,0,1,10.067,0.008,42.749,42.865
1782247824.862,2026-06-23T21:50:24,HOLD,0,1,10.067,0.008,42.945,43.060
1782247828.936,2026-06-23T21:50:28,HOLD,0,1,10.067,0.007,41.064,41.168
1782247832.972,2026-06-23T21:50:32,HOLD,0,1,10.067,0.008,42.735,42.848
1782247837.047,2026-06-23T21:50:37,HOLD,0,1,10.067,0.007,40.844,40.945
1782247841.126,2026-06-23T21:50:41,HOLD,0,1,10.067,0.008,42.830,42.948
1782247845.205,2026-06-23T21:50:45,HOLD,0,1,10.067,0.008,42.937,43.051
1782247849.282,2026-06-23T21:50:49,HOLD,0,1,10.067,0.008,41.351,41.458
1782247853.359,2026-06-23T21:50:53,HOLD,0,1,10.067,0.007,42.869,42.983
1782247857.440,2026-06-23T21:50:57,HOLD,0,1,10.067,0.008,42.611,42.726
1782247861.514,2026-06-23T21:51:01,HOLD,0,1,10.067,0.008,42.744,42.861
1782247865.593,2026-06-23T21:51:05,HOLD,0,1,10.067,0.008,41.467,41.577
1782247869.669,2026-06-23T21:51:09,HOLD,0,1,10.067,0.007,42.710,42.805
1782247873.677,2026-06-23T21:51:13,HOLD,0,1,10.067,0.007,214.865,214.949
1782247877.695,2026-06-23T21:51:17,HOLD,0,1,10.067,0.006,28.001,28.084
1782247881.773,2026-06-23T21:51:21,HOLD,0,1,10.067,0.007,42.835,42.948
1782247885.850,2026-06-23T21:51:25,HOLD,0,1,10.067,0.008,43.311,43.425
1782247889.928,2026-06-23T21:51:29,HOLD,0,1,10.067,0.007,42.731,42.845
1782247894.004,2026-06-23T21:51:34,HOLD,0,1,10.067,0.008,40.303,40.407
1782247898.082,2026-06-23T21:51:38,HOLD,0,1,10.067,0.007,42.797,42.911
1782247902.160,2026-06-23T21:51:42,HOLD,0,1,10.067,0.008,43.661,43.775
1782247906.237,2026-06-23T21:51:46,HOLD,0,1,10.067,0.008,42.738,42.851
1782247910.311,2026-06-23T21:51:50,HOLD,0,1,10.067,0.008,40.825,40.928
1782247914.346,2026-06-23T21:51:54,HOLD,0,1,10.067,0.008,42.828,42.945
1782247918.423,2026-06-23T21:51:58,HOLD,0,1,10.067,0.007,41.361,41.487
1782247922.503,2026-06-23T21:52:02,HOLD,0,1,10.067,0.008,42.839,42.953
1782247926.580,2026-06-23T21:52:06,HOLD,0,1,10.067,0.008,42.814,42.928
1782247930.656,2026-06-23T21:52:10,HOLD,0,1,10.067,0.007,42.655,42.769
1782247934.733,2026-06-23T21:52:14,HOLD,0,1,10.067,0.007,41.243,41.353
1782247938.810,2026-06-23T21:52:18,HOLD,0,1,10.067,0.008,42.801,42.917
1782247942.887,2026-06-23T21:52:22,HOLD,0,1,10.067,0.008,42.663,42.778
1782247946.965,2026-06-23T21:52:26,HOLD,0,1,10.067,0.007,42.590,42.704
1782247951.042,2026-06-23T21:52:31,HOLD,0,1,10.067,0.008,42.944,43.059
1782247955.076,2026-06-23T21:52:35,HOLD,0,1,10.067,0.008,41.030,41.140
1782247959.153,2026-06-23T21:52:39,HOLD,0,1,10.067,0.006,42.686,42.783
1782247963.229,2026-06-23T21:52:43,HOLD,0,1,10.067,0.008,42.675,42.790
1782247967.308,2026-06-23T21:52:47,HOLD,0,1,10.067,0.008,42.746,42.862
1782247971.384,2026-06-23T21:52:51,HOLD,0,1,10.067,0.008,42.786,42.900
1782247975.463,2026-06-23T21:52:55,HOLD,0,1,10.067,0.008,42.894,43.011
1782247979.538,2026-06-23T21:52:59,HOLD,0,1,10.067,0.008,42.716,42.834
1782247983.615,2026-06-23T21:53:03,HOLD,0,1,10.067,0.007,43.159,43.275
1782247987.692,2026-06-23T21:53:07,HOLD,0,1,10.067,0.009,42.629,42.747
1782247991.768,2026-06-23T21:53:11,HOLD,0,1,10.067,0.007,42.766,42.882
1782247995.804,2026-06-23T21:53:15,HOLD,0,1,10.067,0.008,42.702,42.819
1782247999.879,2026-06-23T21:53:19,HOLD,0,1,10.067,0.008,42.740,42.854
1782248003.956,2026-06-23T21:53:23,HOLD,0,1,10.067,0.008,42.025,42.127
1782248008.034,2026-06-23T21:53:28,HOLD,0,1,10.067,0.009,42.653,42.767
1782248012.092,2026-06-23T21:53:32,HOLD,0,1,10.067,0.008,28.303,28.388
1782248016.126,2026-06-23T21:53:36,HOLD,0,1,10.067,0.008,42.617,42.732
1782248020.208,2026-06-23T21:53:40,HOLD,0,1,10.067,0.008,42.961,43.077
1782248024.286,2026-06-23T21:53:44,HOLD,0,1,10.067,0.007,41.389,41.497
1782248028.364,2026-06-23T21:53:48,HOLD,0,1,10.067,0.008,42.828,42.943
1782248032.441,2026-06-23T21:53:52,HOLD,0,1,10.067,0.008,43.927,44.043
1782248036.477,2026-06-23T21:53:56,HOLD,0,1,10.067,0.009,42.779,42.896
1782248040.552,2026-06-23T21:54:00,HOLD,0,1,10.067,0.009,42.749,42.866
1782248044.628,2026-06-23T21:54:04,HOLD,0,1,10.067,0.008,41.132,41.234
1782248048.708,2026-06-23T21:54:08,HOLD,0,1,10.067,0.008,43.152,43.270
1782248052.784,2026-06-23T21:54:12,HOLD,0,1,10.067,0.008,42.775,42.889
1782248056.861,2026-06-23T21:54:16,HOLD,0,1,10.067,0.009,41.102,41.214
1782248060.939,2026-06-23T21:54:20,HOLD,0,1,10.067,0.008,42.759,42.874
1782248065.015,2026-06-23T21:54:25,HOLD,0,1,10.067,0.008,42.645,42.761
1782248069.095,2026-06-23T21:54:29,HOLD,0,1,10.067,0.009,40.996,41.107
1782248073.172,2026-06-23T21:54:33,HOLD,0,1,10.067,0.008,42.234,42.336
1782248077.205,2026-06-23T21:54:37,HOLD,0,1,10.067,0.008,40.761,40.870
1782248081.283,2026-06-23T21:54:41,HOLD,0,1,10.067,0.008,42.817,42.943
1782248085.359,2026-06-23T21:54:45,HOLD,0,1,10.067,0.009,42.771,42.888
1782248089.435,2026-06-23T21:54:49,HOLD,0,1,10.067,0.008,40.725,40.834
1782248093.510,2026-06-23T21:54:53,HOLD,0,1,10.067,0.008,41.803,41.902
1782248097.588,2026-06-23T21:54:57,HOLD,0,1,10.067,0.008,42.642,42.758
1782248101.666,2026-06-23T21:55:01,HOLD,0,1,10.067,0.007,44.389,44.505
1782248105.743,2026-06-23T21:55:05,HOLD,0,1,10.067,0.008,41.079,41.190
1782248109.821,2026-06-23T21:55:09,HOLD,0,1,10.067,0.008,42.805,42.921
1782248113.896,2026-06-23T21:55:13,HOLD,0,1,10.067,0.008,42.747,42.862
1782248117.932,2026-06-23T21:55:17,HOLD,0,1,10.067,0.008,42.655,42.772
1782248122.008,2026-06-23T21:55:22,HOLD,0,1,10.067,0.009,42.529,42.629
1782248126.088,2026-06-23T21:55:26,HOLD,0,1,10.067,0.007,40.691,40.796
1782248130.166,2026-06-23T21:55:30,HOLD,0,1,10.067,0.008,42.702,42.816
1782248134.242,2026-06-23T21:55:34,HOLD,0,1,10.067,0.008,42.863,42.976
1782248138.320,2026-06-23T21:55:38,HOLD,0,1,10.067,0.008,42.814,42.909
1782248142.398,2026-06-23T21:55:42,HOLD,0,1,10.067,0.009,42.858,42.973
1782248146.476,2026-06-23T21:55:46,HOLD,0,1,10.067,0.008,42.918,43.036
1782248150.554,2026-06-23T21:55:50,HOLD,0,1,10.067,0.008,41.910,42.019
1782248154.631,2026-06-23T21:55:54,HOLD,0,1,10.067,0.008,40.871,40.974
1782248158.667,2026-06-23T21:55:58,HOLD,0,1,10.067,0.009,42.991,43.105
1782248162.744,2026-06-23T21:56:02,HOLD,0,1,10.067,0.008,41.424,41.527
1782248166.824,2026-06-23T21:56:06,HOLD,0,1,10.067,0.008,42.852,42.968
1782248170.900,2026-06-23T21:56:10,HOLD,0,1,10.067,0.008,42.835,42.949
1782248174.977,2026-06-23T21:56:14,HOLD,0,1,10.067,0.008,41.036,41.147
1782248179.054,2026-06-23T21:56:19,HOLD,0,1,10.067,0.008,42.910,43.026
1782248183.131,2026-06-23T21:56:23,HOLD,0,1,10.067,0.008,42.726,42.841
1782248187.206,2026-06-23T21:56:27,HOLD,0,1,10.067,0.008,41.030,41.138
1782248191.283,2026-06-23T21:56:31,HOLD,0,1,10.067,0.008,42.740,42.837
1782248195.359,2026-06-23T21:56:35,HOLD,0,1,10.067,0.007,42.768,42.881
1782248199.393,2026-06-23T21:56:39,HOLD,0,1,10.067,0.007,42.432,42.532
1782248203.470,2026-06-23T21:56:43,HOLD,0,1,10.067,0.008,42.606,42.721
1782248207.546,2026-06-23T21:56:47,HOLD,0,1,10.067,0.008,40.888,40.999
1782248211.621,2026-06-23T21:56:51,HOLD,0,1,10.067,0.008,42.195,42.296
1782248215.698,2026-06-23T21:56:55,HOLD,0,1,10.067,0.008,42.748,42.863
1782248219.774,2026-06-23T21:56:59,HOLD,0,1,10.067,0.008,42.769,42.884
1782248223.850,2026-06-23T21:57:03,HOLD,0,1,10.067,0.008,42.513,42.613
1782248227.929,2026-06-23T21:57:07,HOLD,0,1,10.067,0.008,42.616,42.734
1782248232.004,2026-06-23T21:57:12,HOLD,0,1,10.067,0.008,40.777,40.882
1782248236.079,2026-06-23T21:57:16,HOLD,0,1,10.067,0.008,40.257,40.361
1782248240.113,2026-06-23T21:57:20,HOLD,0,1,10.067,0.008,42.863,42.978
1782248244.189,2026-06-23T21:57:24,HOLD,0,1,10.067,0.006,41.879,41.982
1782248248.269,2026-06-23T21:57:28,HOLD,0,1,10.067,0.008,43.516,43.629
1782248252.344,2026-06-23T21:57:32,HOLD,0,1,10.067,0.008,42.876,42.991
1782248256.422,2026-06-23T21:57:36,HOLD,0,1,10.067,0.008,41.291,41.400
1782248260.499,2026-06-23T21:57:40,HOLD,0,1,10.067,0.008,43.020,43.135
1782248264.577,2026-06-23T21:57:44,HOLD,0,1,10.067,0.007,43.333,43.447
1782248268.654,2026-06-23T21:57:48,HOLD,0,1,10.067,0.008,42.798,42.919
1782248272.729,2026-06-23T21:57:52,HOLD,0,1,10.067,0.008,40.832,40.940
1782248276.807,2026-06-23T21:57:56,HOLD,0,1,10.067,0.007,42.747,42.861
1782248280.841,2026-06-23T21:58:00,HOLD,0,1,10.067,0.008,42.973,43.085
1782248284.916,2026-06-23T21:58:04,HOLD,0,1,10.067,0.007,42.759,42.874
1782248288.992,2026-06-23T21:58:08,HOLD,0,1,10.067,0.008,40.982,41.095
1782248293.069,2026-06-23T21:58:13,HOLD,0,1,10.067,0.008,42.238,42.338
1782248297.150,2026-06-23T21:58:17,HOLD,0,1,10.067,0.008,42.809,42.926
1782248301.228,2026-06-23T21:58:21,HOLD,0,1,10.067,0.009,42.877,42.993
1782248305.303,2026-06-23T21:58:25,HOLD,0,1,10.067,0.008,41.122,41.224
1782248309.382,2026-06-23T21:58:29,HOLD,0,1,10.067,0.008,42.959,43.074
1782248313.461,2026-06-23T21:58:33,HOLD,0,1,10.067,0.007,41.445,41.553
1782248317.539,2026-06-23T21:58:37,HOLD,0,1,10.067,0.009,43.022,43.138
1782248321.573,2026-06-23T21:58:41,HOLD,0,1,10.067,0.008,41.157,41.266
1782248325.650,2026-06-23T21:58:45,HOLD,0,1,10.067,0.008,42.342,42.442
1782248329.729,2026-06-23T21:58:49,HOLD,0,1,10.067,0.008,42.737,42.850
1782248333.805,2026-06-23T21:58:53,HOLD,0,1,10.067,0.007,43.054,43.171
1782248337.884,2026-06-23T21:58:57,HOLD,0,1,10.067,0.006,43.024,43.141
1782248341.961,2026-06-23T21:59:01,HOLD,0,1,10.067,0.008,42.013,42.114
1782248346.040,2026-06-23T21:59:06,HOLD,0,1,10.067,0.008,42.937,43.051
1782248350.115,2026-06-23T21:59:10,HOLD,0,1,10.067,0.008,42.727,42.842
1782248354.192,2026-06-23T21:59:14,HOLD,0,1,10.067,0.008,41.162,41.271
1782248358.270,2026-06-23T21:59:18,HOLD,0,1,10.067,0.008,42.784,42.897
1782248362.304,2026-06-23T21:59:22,HOLD,0,1,10.067,0.007,42.825,42.926
1782248366.381,2026-06-23T21:59:26,HOLD,0,1,10.067,0.009,42.710,42.825
1782248370.456,2026-06-23T21:59:30,HOLD,0,1,10.067,0.008,42.722,42.837
1782248374.532,2026-06-23T21:59:34,HOLD,0,1,10.067,0.008,40.451,40.555
1782248378.610,2026-06-23T21:59:38,HOLD,0,1,10.067,0.008,43.293,43.409
1782248382.687,2026-06-23T21:59:42,HOLD,0,1,10.067,0.008,42.860,42.975
1782248386.764,2026-06-23T21:59:46,HOLD,0,1,10.067,0.008,41.193,41.306
1782248390.842,2026-06-23T21:59:50,HOLD,0,1,10.067,0.008,42.845,42.962
1782248394.919,2026-06-23T21:59:54,HOLD,0,1,10.067,0.008,41.552,41.661
1782248398.995,2026-06-23T21:59:58,HOLD,0,1,10.067,0.008,42.126,42.228
1782248403.030,2026-06-23T22:00:03,HOLD,0,1,10.067,0.016,42.880,43.003
1782248407.106,2026-06-23T22:00:07,HOLD,0,1,10.067,0.008,41.162,41.264
1782248411.186,2026-06-23T22:00:11,HOLD,0,1,10.067,0.008,42.913,43.031
1782248415.261,2026-06-23T22:00:15,HOLD,0,1,10.067,0.007,42.813,42.927
1782248419.340,2026-06-23T22:00:19,HOLD,0,1,10.067,0.008,43.015,43.130
1782248423.416,2026-06-23T22:00:23,HOLD,0,1,10.067,0.009,41.380,41.477
1782248427.497,2026-06-23T22:00:27,HOLD,0,1,10.067,0.008,42.848,42.963
1782248431.572,2026-06-23T22:00:31,HOLD,0,1,10.067,0.007,42.762,42.873
1782248435.651,2026-06-23T22:00:35,HOLD,0,1,10.067,0.009,42.900,43.016
1782248439.726,2026-06-23T22:00:39,HOLD,0,1,10.067,0.008,41.589,41.705
1782248443.762,2026-06-23T22:00:43,HOLD,0,1,10.067,0.008,42.821,42.934
1782248447.840,2026-06-23T22:00:47,HOLD,0,1,10.067,0.008,42.758,42.871
1782248451.915,2026-06-23T22:00:51,HOLD,0,1,10.067,0.007,42.659,42.772
1782248455.991,2026-06-23T22:00:55,HOLD,0,1,10.067,0.007,41.169,41.281
