timestamp_unix,timestamp_iso,loop_ms,voltage_v,current_a,power_kw,soc_pct
1782236655.151,2026-06-23T18:44:15,0.953,20000.00,0.000,0.000,0.0
1782236659.253,2026-06-23T18:44:19,1.121,550.40,9.084,5.000,50.0
1782236663.310,2026-06-23T18:44:23,0.749,550.40,18.170,10.001,50.0
1782236667.317,2026-06-23T18:44:27,1.419,550.40,27.250,14.998,50.0
1782236671.325,2026-06-23T18:44:31,1.136,550.40,36.340,20.002,50.0
1782236675.327,2026-06-23T18:44:35,0.684,550.40,45.420,24.999,50.0
1782236679.326,2026-06-23T18:44:39,0.631,550.40,54.510,30.002,50.0
1782236683.432,2026-06-23T18:44:43,0.860,550.40,63.590,35.000,50.0
1782236687.389,2026-06-23T18:44:47,0.652,550.40,72.670,39.998,50.0
1782236691.391,2026-06-23T18:44:51,0.633,550.40,81.760,45.001,50.0
1782236695.398,2026-06-23T18:44:55,0.864,550.40,90.840,49.998,50.0
1782236699.407,2026-06-23T18:44:59,0.814,550.40,99.930,55.001,50.0
1782236703.513,2026-06-23T18:45:03,0.549,550.40,109.000,59.994,50.0
1782236707.609,2026-06-23T18:45:07,1.094,550.40,118.100,65.002,51.0
1782236711.665,2026-06-23T18:45:11,0.845,550.40,127.200,70.011,51.0
1782236715.761,2026-06-23T18:45:15,0.826,550.40,136.300,75.020,51.0
1782236719.769,2026-06-23T18:45:19,1.767,550.40,145.300,79.973,51.0
1782236723.863,2026-06-23T18:45:23,0.624,550.40,154.400,84.982,51.0
1782236727.960,2026-06-23T18:45:27,0.674,550.40,163.500,89.990,51.0
1782236732.058,2026-06-23T18:45:32,0.516,550.40,172.600,94.999,51.0
1782236736.157,2026-06-23T18:45:36,0.671,550.40,181.700,100.008,51.0
1782236740.256,2026-06-23T18:45:40,0.704,550.40,190.800,105.016,51.0
1782236744.362,2026-06-23T18:45:44,0.759,550.40,199.900,110.025,52.0
1782236748.410,2026-06-23T18:45:48,0.690,550.40,208.900,114.979,52.0
1782236752.517,2026-06-23T18:45:52,0.554,550.40,218.000,119.987,52.0
1782236756.513,2026-06-23T18:45:56,0.874,550.40,227.100,124.996,52.0
1782236760.613,2026-06-23T18:46:00,0.512,550.40,236.200,130.004,52.0
1782236764.613,2026-06-23T18:46:04,0.783,550.40,245.300,135.013,52.0
1782236768.713,2026-06-23T18:46:08,0.648,550.40,254.400,140.022,53.0
1782236772.813,2026-06-23T18:46:12,0.578,550.40,263.400,144.975,53.0
1782236776.912,2026-06-23T18:46:16,0.503,550.40,272.500,149.984,53.0
1782236780.861,2026-06-23T18:46:20,0.603,550.40,281.600,154.993,53.0
1782236784.956,2026-06-23T18:46:24,0.642,550.40,281.600,154.993,53.0
1782236789.053,2026-06-23T18:46:29,0.684,550.40,281.600,154.993,54.0
1782236793.151,2026-06-23T18:46:33,0.815,550.40,281.600,154.993,54.0
1782236797.247,2026-06-23T18:46:37,0.538,550.40,281.600,154.993,54.0
1782236801.343,2026-06-23T18:46:41,0.841,550.40,281.600,154.993,54.0
1782236805.435,2026-06-23T18:46:45,0.601,550.40,281.600,154.993,55.0
1782236809.531,2026-06-23T18:46:49,0.510,550.40,281.600,154.993,55.0
1782236813.625,2026-06-23T18:46:53,0.659,550.40,281.600,154.993,55.0
1782236817.674,2026-06-23T18:46:57,0.722,550.40,281.600,154.993,55.0
1782236821.774,2026-06-23T18:47:01,0.893,550.40,281.600,154.993,55.0
1782236825.869,2026-06-23T18:47:05,0.604,550.40,281.600,154.993,56.0
1782236829.960,2026-06-23T18:47:09,0.585,550.40,281.600,154.993,56.0
1782236834.056,2026-06-23T18:47:14,1.057,550.40,281.600,154.993,56.0
1782236838.151,2026-06-23T18:47:18,0.543,550.40,281.600,154.993,56.0
1782236842.244,2026-06-23T18:47:22,0.518,550.40,281.600,154.993,56.0
1782236846.341,2026-06-23T18:47:26,0.731,550.40,281.600,154.993,57.0
1782236850.431,2026-06-23T18:47:30,0.686,550.40,281.600,154.993,57.0
1782236854.519,2026-06-23T18:47:34,0.501,550.40,281.600,154.993,57.0
1782236858.562,2026-06-23T18:47:38,0.511,550.40,281.600,154.993,57.0
1782236862.652,2026-06-23T18:47:42,0.514,550.40,281.600,154.993,57.0
1782236866.740,2026-06-23T18:47:46,0.504,550.40,281.600,154.993,58.0
1782236870.830,2026-06-23T18:47:50,0.763,550.40,281.600,154.993,58.0
1782236874.918,2026-06-23T18:47:54,0.504,550.40,281.600,154.993,58.0
1782236879.007,2026-06-23T18:47:59,0.510,550.40,281.600,154.993,58.0
1782236883.104,2026-06-23T18:48:03,0.619,550.40,281.600,154.993,58.0
1782236887.198,2026-06-23T18:48:07,0.680,550.40,281.600,154.993,59.0
1782236891.292,2026-06-23T18:48:11,0.561,550.40,281.600,154.993,59.0
1782236895.387,2026-06-23T18:48:15,0.510,550.40,281.600,154.993,59.0
1782236899.437,2026-06-23T18:48:19,0.738,550.40,281.600,154.993,59.0
1782236903.534,2026-06-23T18:48:23,0.560,550.40,281.600,154.993,60.0
1782236907.636,2026-06-23T18:48:27,0.662,550.40,281.600,154.993,60.0
1782236911.735,2026-06-23T18:48:31,0.542,550.40,263.400,144.975,60.0
1782236915.741,2026-06-23T18:48:35,0.500,550.40,245.300,135.013,60.0
1782236919.745,2026-06-23T18:48:39,0.657,550.40,227.100,124.996,60.0
1782236923.849,2026-06-23T18:48:43,0.530,550.40,208.900,114.979,60.0
1782236927.949,2026-06-23T18:48:47,0.632,550.40,190.800,105.016,61.0
1782236932.008,2026-06-23T18:48:52,0.560,550.40,172.600,94.999,61.0
1782236936.012,2026-06-23T18:48:56,0.502,550.40,154.400,84.982,61.0
1782236940.017,2026-06-23T18:49:00,0.501,550.40,136.300,75.020,61.0
1782236944.022,2026-06-23T18:49:04,0.628,550.40,118.100,65.002,61.0
1782236948.126,2026-06-23T18:49:08,0.513,550.40,99.930,55.001,61.0
1782236952.220,2026-06-23T18:49:12,0.607,550.40,81.760,45.001,61.0
1782236956.323,2026-06-23T18:49:16,0.588,550.40,63.590,35.000,61.0
1782236960.281,2026-06-23T18:49:20,0.695,550.40,45.420,24.999,61.0
1782236964.281,2026-06-23T18:49:24,0.506,550.40,27.250,14.998,61.0
1782236968.279,2026-06-23T18:49:28,0.506,550.40,9.084,5.000,61.0
1782236972.379,2026-06-23T18:49:32,0.608,550.40,0.000,0.000,61.0
1782236976.482,2026-06-23T18:49:36,0.541,550.40,9.084,5.000,61.0
1782236980.589,2026-06-23T18:49:40,0.547,550.40,0.000,0.000,61.0
1782236984.685,2026-06-23T18:49:44,0.507,550.40,9.084,5.000,61.0
1782236988.733,2026-06-23T18:49:48,0.491,550.40,0.000,0.000,61.0
1782236992.827,2026-06-23T18:49:52,0.502,550.40,9.084,5.000,61.0
1782236996.934,2026-06-23T18:49:56,0.707,550.40,18.170,10.001,61.0
1782237000.941,2026-06-23T18:50:00,0.500,550.40,0.000,0.000,61.0
1782237004.936,2026-06-23T18:50:04,0.578,550.40,9.084,5.000,61.0
1782237009.030,2026-06-23T18:50:09,0.681,550.40,0.000,0.000,61.0
1782237013.122,2026-06-23T18:50:13,0.505,550.40,9.084,5.000,61.0
1782237017.213,2026-06-23T18:50:17,0.634,550.40,0.000,0.000,61.0
1782237021.263,2026-06-23T18:50:21,0.523,550.40,9.084,5.000,61.0
1782237025.365,2026-06-23T18:50:25,0.510,550.40,18.170,10.001,61.0
1782237029.367,2026-06-23T18:50:29,0.502,550.40,0.000,0.000,61.0
1782237033.461,2026-06-23T18:50:33,0.504,550.40,9.084,5.000,61.0
1782237037.561,2026-06-23T18:50:37,0.602,550.40,0.000,0.000,61.0
1782237041.658,2026-06-23T18:50:41,0.579,550.40,9.084,5.000,61.0
1782237045.756,2026-06-23T18:50:45,0.508,550.40,0.000,0.000,61.0
1782237049.850,2026-06-23T18:50:49,0.521,550.40,9.084,5.000,61.0
1782237053.945,2026-06-23T18:50:53,0.508,550.40,0.000,0.000,61.0
1782237057.994,2026-06-23T18:50:57,0.533,550.40,9.084,5.000,61.0
1782237062.091,2026-06-23T18:51:02,0.510,550.40,0.000,0.000,61.0
1782237066.189,2026-06-23T18:51:06,0.509,550.40,9.084,5.000,61.0
1782237070.289,2026-06-23T18:51:10,0.498,550.40,0.000,0.000,61.0
1782237074.381,2026-06-23T18:51:14,0.504,550.40,9.084,5.000,61.0
1782237078.481,2026-06-23T18:51:18,0.534,550.40,0.000,0.000,61.0
1782237082.485,2026-06-23T18:51:22,0.523,550.40,9.084,5.000,61.0
1782237086.588,2026-06-23T18:51:26,0.499,550.40,0.000,0.000,61.0
1782237090.685,2026-06-23T18:51:30,0.503,550.40,-18.170,-10.001,61.0
1782237094.733,2026-06-23T18:51:34,0.502,550.40,-9.084,-5.000,61.0
1782237098.823,2026-06-23T18:51:38,0.613,550.40,0.000,0.000,61.0
1782237102.918,2026-06-23T18:51:42,0.515,550.40,9.084,5.000,61.0
1782237107.023,2026-06-23T18:51:47,0.602,550.40,18.170,10.001,61.0
1782237111.014,2026-06-23T18:51:51,0.694,550.40,0.000,0.000,61.0
1782237115.112,2026-06-23T18:51:55,0.511,550.40,9.084,5.000,61.0
1782237119.213,2026-06-23T18:51:59,0.606,550.40,0.000,0.000,61.0
1782237123.303,2026-06-23T18:52:03,0.540,550.40,9.084,5.000,61.0
1782237127.407,2026-06-23T18:52:07,0.502,550.40,0.000,0.000,61.0
1782237131.361,2026-06-23T18:52:11,0.514,550.40,9.084,5.000,61.0
1782237135.472,2026-06-23T18:52:15,0.502,550.40,18.170,10.001,61.0
1782237139.468,2026-06-23T18:52:19,0.600,550.40,0.000,0.000,61.0
1782237143.565,2026-06-23T18:52:23,0.501,550.40,9.084,5.000,61.0
1782237147.568,2026-06-23T18:52:27,0.500,550.40,0.000,0.000,61.0
1782237151.661,2026-06-23T18:52:31,0.505,550.40,9.084,5.000,61.0
1782237155.760,2026-06-23T18:52:35,1.105,550.40,0.000,0.000,61.0
1782237159.720,2026-06-23T18:52:39,0.713,550.40,9.084,5.000,61.0
1782237163.824,2026-06-23T18:52:43,0.627,550.40,0.000,0.000,61.0
1782237167.823,2026-06-23T18:52:47,0.504,550.40,9.084,5.000,61.0
1782237171.826,2026-06-23T18:52:51,0.615,550.40,0.000,0.000,61.0
1782237175.924,2026-06-23T18:52:55,0.549,550.40,9.084,5.000,61.0
1782237180.023,2026-06-23T18:53:00,0.517,550.40,0.000,0.000,61.0
1782237184.129,2026-06-23T18:53:04,0.720,550.40,9.084,5.000,61.0
1782237188.174,2026-06-23T18:53:08,0.505,550.40,0.000,0.000,62.0
1782237192.273,2026-06-23T18:53:12,0.503,550.40,9.084,5.000,62.0
1782237196.369,2026-06-23T18:53:16,0.545,550.40,0.000,0.000,62.0
1782237200.462,2026-06-23T18:53:20,0.503,550.40,9.084,5.000,62.0
1782237204.557,2026-06-23T18:53:24,0.544,550.40,0.000,0.000,62.0
1782237208.655,2026-06-23T18:53:28,0.509,550.40,9.084,5.000,62.0
1782237212.752,2026-06-23T18:53:32,0.568,550.40,0.000,0.000,62.0
1782237216.841,2026-06-23T18:53:36,0.511,550.40,9.084,5.000,62.0
1782237220.934,2026-06-23T18:53:40,0.643,550.40,0.000,0.000,62.0
1782237225.027,2026-06-23T18:53:45,0.572,550.40,9.084,5.000,62.0
1782237229.074,2026-06-23T18:53:49,0.555,550.40,0.000,0.000,62.0
1782237233.194,2026-06-23T18:53:53,0.557,550.40,9.084,5.000,62.0
1782237237.194,2026-06-23T18:53:57,0.630,550.40,18.170,10.001,62.0
1782237241.189,2026-06-23T18:54:01,0.523,550.40,0.000,0.000,62.0
1782237245.291,2026-06-23T18:54:05,0.716,550.40,9.084,5.000,62.0
1782237249.387,2026-06-23T18:54:09,0.621,550.40,0.000,0.000,62.0
1782237253.485,2026-06-23T18:54:13,0.550,550.40,9.084,5.000,62.0
1782237257.588,2026-06-23T18:54:17,0.511,550.40,0.000,0.000,62.0
1782237261.541,2026-06-23T18:54:21,0.575,550.40,9.084,5.000,62.0
1782237265.637,2026-06-23T18:54:25,0.600,550.40,18.170,10.001,62.0
1782237269.730,2026-06-23T18:54:29,0.618,550.40,0.000,0.000,62.0
1782237273.828,2026-06-23T18:54:33,0.578,550.40,9.084,5.000,62.0
1782237277.824,2026-06-23T18:54:37,0.508,550.40,0.000,0.000,62.0
1782237281.922,2026-06-23T18:54:41,0.588,550.40,9.084,5.000,62.0
1782237286.027,2026-06-23T18:54:46,0.759,550.40,0.000,0.000,62.0
1782237290.132,2026-06-23T18:54:50,0.689,550.40,9.084,5.000,62.0
1782237294.086,2026-06-23T18:54:54,0.555,550.40,0.000,0.000,62.0
1782237298.187,2026-06-23T18:54:58,0.674,550.40,9.084,5.000,62.0
1782237302.195,2026-06-23T18:55:02,0.501,550.40,0.000,0.000,62.0
1782237306.196,2026-06-23T18:55:06,0.504,550.40,9.084,5.000,62.0
1782237310.197,2026-06-23T18:55:10,0.583,550.40,0.000,0.000,62.0
1782237314.296,2026-06-23T18:55:14,0.798,550.40,9.084,5.000,62.0
1782237318.249,2026-06-23T18:55:18,0.506,550.40,0.000,0.000,62.0
1782237322.342,2026-06-23T18:55:22,0.551,550.40,9.084,5.000,62.0
1782237326.441,2026-06-23T18:55:26,0.550,550.40,0.000,0.000,62.0
1782237330.535,2026-06-23T18:55:30,0.553,550.40,9.084,5.000,62.0
1782237334.632,2026-06-23T18:55:34,0.503,550.40,0.000,0.000,62.0
1782237338.725,2026-06-23T18:55:38,0.666,550.40,9.084,5.000,62.0
1782237342.821,2026-06-23T18:55:42,0.723,550.40,0.000,0.000,62.0
1782237346.915,2026-06-23T18:55:46,0.500,550.40,9.084,5.000,62.0
1782237351.012,2026-06-23T18:55:51,0.600,550.40,0.000,0.000,62.0
1782237355.061,2026-06-23T18:55:55,0.693,550.40,-18.170,-10.001,62.0
1782237359.156,2026-06-23T18:55:59,0.503,550.40,-9.084,-5.000,62.0
1782237363.256,2026-06-23T18:56:03,0.499,550.40,0.000,0.000,62.0
1782237367.353,2026-06-23T18:56:07,0.528,550.40,9.084,5.000,62.0
1782237371.452,2026-06-23T18:56:11,0.503,550.40,0.000,0.000,62.0
1782237375.546,2026-06-23T18:56:15,0.583,550.40,-18.170,-10.001,62.0
1782237379.544,2026-06-23T18:56:19,0.555,550.40,-9.084,-5.000,62.0
1782237383.648,2026-06-23T18:56:23,0.539,550.40,0.000,0.000,62.0
1782237387.756,2026-06-23T18:56:27,0.541,550.40,9.084,5.000,62.0
1782237391.715,2026-06-23T18:56:31,0.509,550.40,0.000,0.000,62.0
1782237395.712,2026-06-23T18:56:35,0.642,550.40,-18.170,-10.001,62.0
1782237399.716,2026-06-23T18:56:39,0.562,550.40,-9.084,-5.000,62.0
1782237403.814,2026-06-23T18:56:43,0.506,550.40,0.000,0.000,62.0
1782237407.815,2026-06-23T18:56:47,0.645,550.40,9.084,5.000,62.0
1782237411.911,2026-06-23T18:56:51,0.572,550.40,0.000,0.000,62.0
1782237415.964,2026-06-23T18:56:55,0.504,550.40,9.084,5.000,62.0
1782237419.967,2026-06-23T18:56:59,0.502,550.40,18.170,10.001,62.0
1782237423.960,2026-06-23T18:57:03,0.744,550.40,0.000,0.000,62.0
1782237428.053,2026-06-23T18:57:08,0.510,550.40,9.084,5.000,62.0
1782237432.148,2026-06-23T18:57:12,0.500,550.40,0.000,0.000,62.0
1782237436.244,2026-06-23T18:57:16,0.546,550.40,9.084,5.000,62.0
1782237440.340,2026-06-23T18:57:20,0.529,550.40,0.000,0.000,62.0
1782237444.445,2026-06-23T18:57:24,0.687,550.40,9.084,5.000,62.0
1782237448.492,2026-06-23T18:57:28,0.492,550.40,0.000,0.000,62.0
1782237452.584,2026-06-23T18:57:32,0.629,550.40,9.084,5.000,62.0
1782237456.680,2026-06-23T18:57:36,0.559,550.40,0.000,0.000,62.0
1782237460.782,2026-06-23T18:57:40,0.556,550.40,9.084,5.000,62.0
1782237464.788,2026-06-23T18:57:44,0.547,550.40,0.000,0.000,62.0
1782237468.791,2026-06-23T18:57:48,0.500,550.40,9.084,5.000,62.0
1782237472.897,2026-06-23T18:57:52,0.575,550.40,0.000,0.000,62.0
1782237477.001,2026-06-23T18:57:57,0.548,550.40,9.084,5.000,62.0
1782237480.959,2026-06-23T18:58:00,0.586,550.40,0.000,0.000,62.0
1782237484.960,2026-06-23T18:58:04,0.517,550.40,9.084,5.000,62.0
1782237488.956,2026-06-23T18:58:08,0.543,550.40,0.000,0.000,62.0
1782237493.063,2026-06-23T18:58:13,0.509,550.40,9.084,5.000,62.0
1782237497.063,2026-06-23T18:58:17,0.497,550.40,0.000,0.000,62.0
1782237501.156,2026-06-23T18:58:21,0.506,550.40,9.084,5.000,62.0
1782237505.116,2026-06-23T18:58:25,0.503,550.40,0.000,0.000,62.0
1782237509.114,2026-06-23T18:58:29,0.510,550.40,9.084,5.000,62.0
1782237513.215,2026-06-23T18:58:33,0.497,550.40,0.000,0.000,62.0
1782237517.223,2026-06-23T18:58:37,0.671,550.40,9.084,5.000,62.0
1782237521.223,2026-06-23T18:58:41,0.699,550.40,0.000,0.000,62.0
1782237525.326,2026-06-23T18:58:45,0.555,550.40,9.084,5.000,62.0
1782237529.280,2026-06-23T18:58:49,0.542,550.40,0.000,0.000,62.0
1782237533.382,2026-06-23T18:58:53,0.612,550.40,9.084,5.000,62.0
1782237537.480,2026-06-23T18:58:57,0.502,550.40,0.000,0.000,62.0
1782237541.476,2026-06-23T18:59:01,0.520,550.40,9.084,5.000,62.0
1782237545.580,2026-06-23T18:59:05,0.682,550.40,0.000,0.000,62.0
1782237549.575,2026-06-23T18:59:09,0.640,550.40,9.084,5.000,62.0
1782237553.671,2026-06-23T18:59:13,0.500,550.40,0.000,0.000,62.0
1782237557.723,2026-06-23T18:59:17,0.496,550.40,9.084,5.000,62.0
1782237561.819,2026-06-23T18:59:21,0.573,550.40,0.000,0.000,62.0
1782237565.915,2026-06-23T18:59:25,0.634,550.40,9.084,5.000,62.0
1782237570.015,2026-06-23T18:59:30,0.522,550.40,18.170,10.001,62.0
1782237574.017,2026-06-23T18:59:34,0.539,550.40,0.000,0.000,62.0
1782237578.019,2026-06-23T18:59:38,0.571,550.40,-18.170,-10.001,62.0
1782237582.116,2026-06-23T18:59:42,0.505,550.40,-9.084,-5.000,62.0
1782237586.208,2026-06-23T18:59:46,0.575,550.40,0.000,0.000,62.0
1782237590.267,2026-06-23T18:59:50,0.607,550.40,9.084,5.000,62.0
1782237594.263,2026-06-23T18:59:54,0.535,550.40,18.170,10.001,62.0
1782237598.357,2026-06-23T18:59:58,0.501,550.40,0.000,0.000,62.0
1782237602.454,2026-06-23T19:00:02,0.509,550.40,9.084,5.000,62.0
1782237606.546,2026-06-23T19:00:06,0.508,550.40,0.000,0.000,62.0
1782237610.635,2026-06-23T19:00:10,0.563,550.40,9.084,5.000,62.0
1782237614.738,2026-06-23T19:00:14,0.553,550.40,0.000,0.000,62.0
1782237618.844,2026-06-23T19:00:18,0.695,550.40,9.084,5.000,62.0
1782237622.948,2026-06-23T19:00:22,0.499,550.40,0.000,0.000,62.0
1782237626.997,2026-06-23T19:00:26,0.524,550.40,9.084,5.000,62.0
1782237631.094,2026-06-23T19:00:31,0.524,550.40,0.000,0.000,62.0
1782237635.187,2026-06-23T19:00:35,0.515,550.40,9.084,5.000,62.0
1782237639.279,2026-06-23T19:00:39,0.511,550.40,0.000,0.000,62.0
1782237643.372,2026-06-23T19:00:43,0.516,550.40,9.084,5.000,62.0
1782237647.467,2026-06-23T19:00:47,0.508,550.40,0.000,0.000,62.0
1782237651.559,2026-06-23T19:00:51,0.564,550.40,9.084,5.000,62.0
1782237655.651,2026-06-23T19:00:55,0.576,550.40,0.000,0.000,62.0
1782237659.739,2026-06-23T19:00:59,0.565,550.40,9.084,5.000,62.0
1782237663.828,2026-06-23T19:01:03,0.708,550.40,0.000,0.000,62.0
1782237667.882,2026-06-23T19:01:07,0.499,550.40,9.084,5.000,62.0
1782237671.979,2026-06-23T19:01:11,0.674,550.40,0.000,0.000,62.0
1782237676.075,2026-06-23T19:01:16,0.508,550.40,9.084,5.000,62.0
1782237680.171,2026-06-23T19:01:20,0.597,550.40,0.000,0.000,62.0
1782237684.266,2026-06-23T19:01:24,0.664,550.40,9.084,5.000,62.0
1782237688.368,2026-06-23T19:01:28,0.511,550.40,0.000,0.000,62.0
1782237692.463,2026-06-23T19:01:32,0.504,550.40,9.084,5.000,62.0
1782237696.560,2026-06-23T19:01:36,0.666,550.40,0.000,0.000,62.0
1782237700.656,2026-06-23T19:01:40,0.503,550.40,9.084,5.000,62.0
1782237704.751,2026-06-23T19:01:44,0.489,550.40,0.000,0.000,62.0
1782237708.799,2026-06-23T19:01:48,0.552,550.40,9.084,5.000,62.0
1782237712.903,2026-06-23T19:01:52,0.600,550.40,18.170,10.001,62.0
1782237716.899,2026-06-23T19:01:56,0.541,550.40,0.000,0.000,62.0
1782237720.900,2026-06-23T19:02:00,0.609,550.40,9.084,5.000,62.0
1782237724.997,2026-06-23T19:02:04,0.596,550.40,0.000,0.000,62.0
1782237729.093,2026-06-23T19:02:09,0.514,550.40,9.084,5.000,62.0
1782237733.186,2026-06-23T19:02:13,0.550,550.40,0.000,0.000,62.0
1782237737.280,2026-06-23T19:02:17,0.840,550.40,9.084,5.000,62.0
1782237741.337,2026-06-23T19:02:21,0.589,550.40,0.000,0.000,62.0
1782237745.340,2026-06-23T19:02:25,0.514,550.40,9.084,5.000,62.0
1782237749.438,2026-06-23T19:02:29,0.508,550.40,0.000,0.000,62.0
1782237753.533,2026-06-23T19:02:33,0.540,550.40,9.084,5.000,62.0
1782237757.635,2026-06-23T19:02:37,0.511,550.40,0.000,0.000,62.0
1782237761.734,2026-06-23T19:02:41,0.518,550.40,9.084,5.000,62.0
1782237765.735,2026-06-23T19:02:45,0.536,550.40,0.000,0.000,62.0
1782237769.837,2026-06-23T19:02:49,0.557,550.40,9.084,5.000,62.0
1782237773.792,2026-06-23T19:02:53,0.536,550.40,0.000,0.000,62.0
1782237777.795,2026-06-23T19:02:57,0.513,550.40,9.084,5.000,62.0
1782237781.790,2026-06-23T19:03:01,0.543,550.40,0.000,0.000,62.0
1782237785.885,2026-06-23T19:03:05,0.803,550.40,9.084,5.000,62.0
1782237789.999,2026-06-23T19:03:09,0.534,550.40,0.000,0.000,62.0
1782237794.103,2026-06-23T19:03:14,0.569,550.40,9.084,5.000,62.0
1782237798.201,2026-06-23T19:03:18,0.563,550.40,0.000,0.000,62.0
1782237802.252,2026-06-23T19:03:22,0.597,550.40,9.084,5.000,62.0
1782237806.359,2026-06-23T19:03:26,0.507,550.40,0.000,0.000,62.0
1782237810.359,2026-06-23T19:03:30,0.506,550.40,-18.170,-10.001,62.0
1782237814.358,2026-06-23T19:03:34,0.549,550.40,-9.084,-5.000,62.0
1782237818.456,2026-06-23T19:03:38,0.499,550.40,0.000,0.000,62.0
1782237822.551,2026-06-23T19:03:42,0.573,550.40,9.084,5.000,62.0
1782237826.642,2026-06-23T19:03:46,0.539,550.40,0.000,0.000,62.0
1782237830.738,2026-06-23T19:03:50,0.596,550.40,9.084,5.000,62.0
1782237834.790,2026-06-23T19:03:54,0.508,550.40,0.000,0.000,62.0
1782237838.792,2026-06-23T19:03:58,0.648,550.40,-18.170,-10.001,62.0
1782237842.890,2026-06-23T19:04:02,0.504,550.40,-9.084,-5.000,62.0
1782237846.981,2026-06-23T19:04:06,0.496,550.40,0.000,0.000,62.0
1782237851.077,2026-06-23T19:04:11,0.511,550.40,9.084,5.000,62.0
1782237855.138,2026-06-23T19:04:15,1.086,550.40,0.000,0.000,62.0
1782237859.213,2026-06-23T19:04:19,0.613,550.40,9.084,5.000,62.0
1782237863.310,2026-06-23T19:04:23,0.558,550.40,0.000,0.000,62.0
1782237867.406,2026-06-23T19:04:27,0.557,550.40,9.084,5.000,62.0
1782237871.460,2026-06-23T19:04:31,0.573,550.40,0.000,0.000,62.0
1782237875.557,2026-06-23T19:04:35,0.866,550.40,9.084,5.000,62.0
1782237879.653,2026-06-23T19:04:39,0.507,550.40,0.000,0.000,62.0
1782237883.744,2026-06-23T19:04:43,0.506,550.40,9.084,5.000,62.0
1782237887.841,2026-06-23T19:04:47,0.540,550.40,0.000,0.000,62.0
1782237891.932,2026-06-23T19:04:51,0.724,550.40,9.084,5.000,62.0
1782237896.028,2026-06-23T19:04:56,0.499,550.40,0.000,0.000,62.0
1782237900.022,2026-06-23T19:05:00,0.514,550.40,9.084,5.000,62.0
1782237904.117,2026-06-23T19:05:04,0.498,550.40,0.000,0.000,62.0
1782237908.169,2026-06-23T19:05:08,0.554,550.40,9.084,5.000,62.0
1782237912.163,2026-06-23T19:05:12,0.498,550.40,0.000,0.000,62.0
1782237916.258,2026-06-23T19:05:16,0.598,550.40,9.084,5.000,62.0
1782237920.350,2026-06-23T19:05:20,0.513,550.40,0.000,0.000,62.0
1782237924.441,2026-06-23T19:05:24,0.503,550.40,9.084,5.000,62.0
1782237928.535,2026-06-23T19:05:28,0.512,550.40,18.170,10.001,62.0
1782237932.632,2026-06-23T19:05:32,0.508,550.40,0.000,0.000,62.0
1782237936.729,2026-06-23T19:05:36,0.605,550.40,9.084,5.000,62.0
1782237940.826,2026-06-23T19:05:40,0.557,550.40,0.000,0.000,62.0
1782237944.871,2026-06-23T19:05:44,0.520,550.40,9.084,5.000,62.0
1782237948.969,2026-06-23T19:05:48,0.551,550.40,18.170,10.001,62.0
1782237953.068,2026-06-23T19:05:53,0.534,550.40,0.000,0.000,62.0
1782237957.064,2026-06-23T19:05:57,0.518,550.40,-18.170,-10.001,62.0
1782237961.164,2026-06-23T19:06:01,0.618,550.40,-9.084,-5.000,62.0
1782237965.162,2026-06-23T19:06:05,0.600,550.40,0.000,0.000,62.0
1782237969.263,2026-06-23T19:06:09,0.759,550.40,9.084,5.000,62.0
1782237973.354,2026-06-23T19:06:13,0.521,550.40,0.000,0.000,62.0
1782237977.407,2026-06-23T19:06:17,0.543,550.40,9.084,5.000,62.0
1782237981.502,2026-06-23T19:06:21,1.094,550.40,18.170,10.001,62.0
1782237985.594,2026-06-23T19:06:25,0.578,550.40,0.000,0.000,62.0
1782237989.691,2026-06-23T19:06:29,0.631,550.40,9.084,5.000,62.0
1782237993.781,2026-06-23T19:06:33,0.701,550.40,0.000,0.000,62.0
1782237997.878,2026-06-23T19:06:37,0.610,550.40,9.084,5.000,62.0
1782238001.971,2026-06-23T19:06:41,0.500,550.40,0.000,0.000,62.0
1782238006.059,2026-06-23T19:06:46,0.517,550.40,9.084,5.000,62.0
1782238010.153,2026-06-23T19:06:50,0.515,550.40,0.000,0.000,62.0
1782238014.242,2026-06-23T19:06:54,0.721,550.40,9.084,5.000,62.0
1782238018.292,2026-06-23T19:06:58,0.503,550.40,0.000,0.000,62.0
1782238022.385,2026-06-23T19:07:02,0.502,550.40,9.084,5.000,62.0
1782238026.481,2026-06-23T19:07:06,0.633,550.40,0.000,0.000,62.0
1782238030.571,2026-06-23T19:07:10,0.512,550.40,9.084,5.000,62.0
1782238034.667,2026-06-23T19:07:14,0.592,550.40,0.000,0.000,62.0
1782238038.759,2026-06-23T19:07:18,0.500,550.40,-18.170,-10.001,62.0
1782238042.862,2026-06-23T19:07:22,0.515,550.40,-9.084,-5.000,62.0
1782238046.953,2026-06-23T19:07:26,0.566,550.40,0.000,0.000,62.0
1782238051.058,2026-06-23T19:07:31,0.514,550.40,9.084,5.000,62.0
1782238055.157,2026-06-23T19:07:35,0.657,550.40,0.000,0.000,62.0
1782238059.207,2026-06-23T19:07:39,0.501,550.40,9.084,5.000,62.0
1782238063.301,2026-06-23T19:07:43,0.505,550.40,18.170,10.001,62.0
1782238067.297,2026-06-23T19:07:47,0.498,550.40,0.000,0.000,62.0
1782238071.392,2026-06-23T19:07:51,0.507,550.40,9.084,5.000,62.0
1782238075.483,2026-06-23T19:07:55,0.667,550.40,0.000,0.000,62.0
1782238079.581,2026-06-23T19:07:59,0.524,550.40,9.084,5.000,62.0
1782238083.678,2026-06-23T19:08:03,0.512,550.40,0.000,0.000,62.0
1782238087.766,2026-06-23T19:08:07,0.549,550.40,9.084,5.000,62.0
1782238091.863,2026-06-23T19:08:11,0.580,550.40,0.000,0.000,62.0
1782238095.917,2026-06-23T19:08:15,0.518,550.40,9.084,5.000,62.0
1782238100.025,2026-06-23T19:08:20,0.555,550.40,0.000,0.000,62.0
1782238104.011,2026-06-23T19:08:24,0.598,550.40,9.084,5.000,62.0
1782238108.108,2026-06-23T19:08:28,0.516,550.40,0.000,0.000,62.0
1782238112.208,2026-06-23T19:08:32,0.504,550.40,9.084,5.000,62.0
1782238116.300,2026-06-23T19:08:36,1.408,550.40,0.000,0.000,62.0
1782238120.392,2026-06-23T19:08:40,0.505,550.40,9.084,5.000,62.0
1782238124.492,2026-06-23T19:08:44,0.600,550.40,0.000,0.000,62.0
1782238128.584,2026-06-23T19:08:48,0.562,550.40,9.084,5.000,62.0
1782238132.639,2026-06-23T19:08:52,0.606,550.40,18.170,10.001,62.0
1782238136.725,2026-06-23T19:08:56,0.517,550.40,0.000,0.000,62.0
1782238140.822,2026-06-23T19:09:00,0.566,550.40,9.084,5.000,62.0
1782238144.916,2026-06-23T19:09:04,0.548,550.40,0.000,0.000,62.0
1782238149.008,2026-06-23T19:09:09,0.558,550.40,9.084,5.000,62.0
1782238153.103,2026-06-23T19:09:13,0.496,550.40,0.000,0.000,62.0
1782238157.189,2026-06-23T19:09:17,0.526,550.40,-18.170,-10.001,62.0
1782238161.282,2026-06-23T19:09:21,0.587,550.40,-9.084,-5.000,62.0
1782238165.379,2026-06-23T19:09:25,0.511,550.40,0.000,0.000,62.0
1782238169.467,2026-06-23T19:09:29,0.548,550.40,9.084,5.000,62.0
1782238173.517,2026-06-23T19:09:33,0.630,550.40,0.000,0.000,62.0
1782238177.610,2026-06-23T19:09:37,0.593,550.40,-18.170,-10.001,62.0
1782238181.709,2026-06-23T19:09:41,0.615,550.40,-9.084,-5.000,62.0
1782238185.798,2026-06-23T19:09:45,0.626,550.40,0.000,0.000,62.0
1782238189.890,2026-06-23T19:09:49,0.502,550.40,9.084,5.000,62.0
1782238193.978,2026-06-23T19:09:53,0.516,550.40,0.000,0.000,62.0
1782238198.064,2026-06-23T19:09:58,0.507,550.40,9.084,5.000,62.0
1782238202.152,2026-06-23T19:10:02,0.506,550.40,0.000,0.000,62.0
1782238206.242,2026-06-23T19:10:06,0.501,550.40,9.084,5.000,62.0
1782238210.334,2026-06-23T19:10:10,0.727,550.40,0.000,0.000,62.0
1782238214.390,2026-06-23T19:10:14,0.501,550.40,9.084,5.000,62.0
1782238218.484,2026-06-23T19:10:18,0.513,550.40,0.000,0.000,62.0
1782238222.571,2026-06-23T19:10:22,0.527,550.40,9.084,5.000,62.0
1782238226.664,2026-06-23T19:10:26,0.596,550.40,0.000,0.000,62.0
1782238230.747,2026-06-23T19:10:30,0.506,550.40,9.084,5.000,62.0
1782238234.841,2026-06-23T19:10:34,0.526,550.40,0.000,0.000,62.0
1782238238.931,2026-06-23T19:10:38,0.553,550.40,9.084,5.000,62.0
1782238243.018,2026-06-23T19:10:43,0.503,550.40,0.000,0.000,62.0
1782238247.118,2026-06-23T19:10:47,0.533,550.40,-18.170,-10.001,62.0
1782238251.210,2026-06-23T19:10:51,0.512,550.40,-9.084,-5.000,62.0
1782238255.262,2026-06-23T19:10:55,0.617,550.40,0.000,0.000,62.0
1782238259.362,2026-06-23T19:10:59,0.538,550.40,9.084,5.000,62.0
1782238263.363,2026-06-23T19:11:03,0.553,550.40,0.000,0.000,62.0
1782238267.450,2026-06-23T19:11:07,0.501,550.40,9.084,5.000,62.0
1782238271.545,2026-06-23T19:11:11,0.611,550.40,0.000,0.000,62.0
1782238275.637,2026-06-23T19:11:15,0.591,550.40,9.084,5.000,62.0
1782238279.727,2026-06-23T19:11:19,0.497,550.40,0.000,0.000,62.0
1782238283.819,2026-06-23T19:11:23,0.498,550.40,9.084,5.000,62.0
1782238287.911,2026-06-23T19:11:27,0.501,550.40,0.000,0.000,62.0
1782238291.965,2026-06-23T19:11:31,0.512,550.40,9.084,5.000,62.0
1782238296.060,2026-06-23T19:11:36,0.586,550.40,18.170,10.001,62.0
1782238300.151,2026-06-23T19:11:40,0.768,550.40,0.000,0.000,62.0
1782238304.239,2026-06-23T19:11:44,0.615,550.40,9.084,5.000,62.0
1782238308.324,2026-06-23T19:11:48,0.575,550.40,0.000,0.000,62.0
1782238312.420,2026-06-23T19:11:52,0.501,550.40,9.084,5.000,62.0
1782238316.510,2026-06-23T19:11:56,0.502,550.40,0.000,0.000,62.0
1782238320.604,2026-06-23T19:12:00,0.513,550.40,9.084,5.000,62.0
1782238324.697,2026-06-23T19:12:04,0.525,550.40,0.000,0.000,62.0
1782238328.789,2026-06-23T19:12:08,0.511,550.40,9.084,5.000,62.0
1782238332.844,2026-06-23T19:12:12,0.622,550.40,0.000,0.000,62.0
1782238336.841,2026-06-23T19:12:16,0.615,550.40,9.084,5.000,62.0
1782238340.935,2026-06-23T19:12:20,0.505,550.40,0.000,0.000,62.0
1782238345.061,2026-06-23T19:12:25,0.508,550.40,9.084,5.000,62.0
1782238349.052,2026-06-23T19:12:29,0.547,550.40,0.000,0.000,62.0
1782238353.141,2026-06-23T19:12:33,0.508,550.40,9.084,5.000,62.0
1782238357.235,2026-06-23T19:12:37,0.623,550.40,0.000,0.000,62.0
1782238361.324,2026-06-23T19:12:41,0.503,550.40,9.084,5.000,62.0
1782238365.367,2026-06-23T19:12:45,0.504,550.40,0.000,0.000,62.0
1782238369.460,2026-06-23T19:12:49,0.563,550.40,9.084,5.000,62.0
1782238373.556,2026-06-23T19:12:53,0.533,550.40,0.000,0.000,62.0
1782238377.653,2026-06-23T19:12:57,0.620,550.40,9.084,5.000,62.0
1782238381.747,2026-06-23T19:13:01,0.495,550.40,0.000,0.000,62.0
1782238385.842,2026-06-23T19:13:05,0.517,550.40,-18.170,-10.001,62.0
1782238389.929,2026-06-23T19:13:09,0.608,550.40,-9.084,-5.000,62.0
1782238394.015,2026-06-23T19:13:14,0.513,550.40,0.000,0.000,62.0
1782238398.108,2026-06-23T19:13:18,0.599,550.40,9.084,5.000,62.0
1782238402.200,2026-06-23T19:13:22,0.615,550.40,0.000,0.000,62.0
1782238406.247,2026-06-23T19:13:26,0.724,550.40,9.084,5.000,62.0
1782238410.350,2026-06-23T19:13:30,0.530,550.40,18.170,10.001,62.0
1782238414.355,2026-06-23T19:13:34,0.510,550.40,0.000,0.000,62.0
1782238418.450,2026-06-23T19:13:38,0.502,550.40,9.084,5.000,62.0
1782238422.544,2026-06-23T19:13:42,0.536,550.40,0.000,0.000,62.0
1782238426.642,2026-06-23T19:13:46,0.598,550.40,9.084,5.000,62.0
1782238430.736,2026-06-23T19:13:50,0.539,550.40,0.000,0.000,62.0
1782238434.824,2026-06-23T19:13:54,0.502,550.40,9.084,5.000,62.0
1782238438.912,2026-06-23T19:13:58,0.514,550.40,0.000,0.000,62.0
1782238442.963,2026-06-23T19:14:02,0.585,550.40,9.084,5.000,62.0
1782238447.057,2026-06-23T19:14:07,0.558,550.40,0.000,0.000,62.0
1782238451.149,2026-06-23T19:14:11,0.523,550.40,9.084,5.000,62.0
1782238455.234,2026-06-23T19:14:15,0.616,550.40,0.000,0.000,62.0
1782238459.327,2026-06-23T19:14:19,0.509,550.40,9.084,5.000,62.0
1782238463.414,2026-06-23T19:14:23,0.610,550.40,0.000,0.000,62.0
1782238467.507,2026-06-23T19:14:27,0.502,550.40,9.084,5.000,62.0
1782238471.610,2026-06-23T19:14:31,0.519,550.40,0.000,0.000,62.0
1782238475.701,2026-06-23T19:14:35,0.555,550.40,9.084,5.000,62.0
1782238479.792,2026-06-23T19:14:39,0.565,550.40,0.000,0.000,62.0
1782238483.838,2026-06-23T19:14:43,0.512,550.40,9.084,5.000,62.0
1782238487.923,2026-06-23T19:14:47,0.620,550.40,18.170,10.001,62.0
1782238492.019,2026-06-23T19:14:52,0.500,550.40,0.000,0.000,62.0
1782238496.107,2026-06-23T19:14:56,0.504,550.40,9.084,5.000,62.0
1782238500.197,2026-06-23T19:15:00,0.579,550.40,0.000,0.000,62.0
1782238504.289,2026-06-23T19:15:04,0.557,550.40,9.084,5.000,62.0
1782238508.288,2026-06-23T19:15:08,0.662,550.40,0.000,0.000,62.0
1782238512.376,2026-06-23T19:15:12,0.505,550.40,9.084,5.000,62.0
1782238516.465,2026-06-23T19:15:16,0.528,550.40,0.000,0.000,62.0
1782238520.514,2026-06-23T19:15:20,0.505,550.40,9.084,5.000,62.0
1782238524.615,2026-06-23T19:15:24,0.503,550.40,18.170,10.001,62.0
1782238528.699,2026-06-23T19:15:28,0.514,550.40,0.000,0.000,62.0
1782238532.790,2026-06-23T19:15:32,0.507,550.40,9.084,5.000,62.0
1782238536.793,2026-06-23T19:15:36,0.498,550.40,0.000,0.000,62.0
1782238540.887,2026-06-23T19:15:40,0.500,550.40,9.084,5.000,62.0
1782238544.979,2026-06-23T19:15:44,0.605,550.40,0.000,0.000,62.0
1782238549.064,2026-06-23T19:15:49,0.547,550.40,9.084,5.000,62.0
1782238553.165,2026-06-23T19:15:53,0.504,550.40,0.000,0.000,62.0
1782238557.206,2026-06-23T19:15:57,0.514,550.40,9.084,5.000,62.0
1782238561.296,2026-06-23T19:16:01,0.509,550.40,0.000,0.000,62.0
1782238565.388,2026-06-23T19:16:05,0.566,550.40,9.084,5.000,62.0
1782238569.487,2026-06-23T19:16:09,0.501,550.40,0.000,0.000,62.0
1782238573.579,2026-06-23T19:16:13,0.595,550.40,9.084,5.000,62.0
1782238577.682,2026-06-23T19:16:17,0.533,550.40,0.000,0.000,62.0
1782238581.775,2026-06-23T19:16:21,0.534,550.40,9.084,5.000,62.0
1782238585.863,2026-06-23T19:16:25,0.506,550.40,0.000,0.000,62.0
1782238589.959,2026-06-23T19:16:29,0.545,550.40,9.084,5.000,62.0
1782238594.058,2026-06-23T19:16:34,0.502,550.40,0.000,0.000,62.0
1782238598.107,2026-06-23T19:16:38,0.513,550.40,9.084,5.000,62.0
1782238602.192,2026-06-23T19:16:42,0.599,550.40,0.000,0.000,62.0
1782238606.289,2026-06-23T19:16:46,0.553,550.40,9.084,5.000,62.0
1782238610.386,2026-06-23T19:16:50,0.529,550.40,0.000,0.000,62.0
1782238614.481,2026-06-23T19:16:54,0.569,550.40,-18.170,-10.001,62.0
1782238618.574,2026-06-23T19:16:58,0.591,550.40,-9.084,-5.000,62.0
1782238622.660,2026-06-23T19:17:02,0.679,550.40,0.000,0.000,62.0
1782238626.746,2026-06-23T19:17:06,0.512,550.40,9.084,5.000,62.0
1782238630.837,2026-06-23T19:17:10,0.499,550.40,0.000,0.000,62.0
1782238634.925,2026-06-23T19:17:14,0.562,550.40,9.084,5.000,62.0
1782238638.981,2026-06-23T19:17:18,0.504,550.40,0.000,0.000,62.0
1782238643.073,2026-06-23T19:17:23,0.548,550.40,-18.170,-10.001,62.0
1782238647.161,2026-06-23T19:17:27,0.525,550.40,-9.084,-5.000,62.0
1782238651.245,2026-06-23T19:17:31,0.507,550.40,0.000,0.000,62.0
1782238655.333,2026-06-23T19:17:35,0.529,550.40,9.084,5.000,62.0
1782238659.425,2026-06-23T19:17:39,0.684,550.40,0.000,0.000,62.0
1782238663.515,2026-06-23T19:17:43,0.554,550.40,9.084,5.000,62.0
1782238667.629,2026-06-23T19:17:47,0.723,550.40,0.000,0.000,62.0
1782238671.723,2026-06-23T19:17:51,0.543,550.40,9.084,5.000,62.0
1782238675.813,2026-06-23T19:17:55,0.596,550.40,0.000,0.000,62.0
1782238679.867,2026-06-23T19:17:59,0.634,550.40,9.084,5.000,62.0
1782238683.956,2026-06-23T19:18:03,0.505,550.40,0.000,0.000,62.0
1782238688.050,2026-06-23T19:18:08,0.507,550.40,9.084,5.000,62.0
1782238692.145,2026-06-23T19:18:12,0.492,550.40,0.000,0.000,62.0
1782238696.237,2026-06-23T19:18:16,0.564,550.40,9.084,5.000,62.0
1782238700.327,2026-06-23T19:18:20,0.507,550.40,0.000,0.000,62.0
1782238704.413,2026-06-23T19:18:24,0.512,550.40,9.084,5.000,62.0
1782238708.508,2026-06-23T19:18:28,0.500,550.40,0.000,0.000,62.0
1782238712.595,2026-06-23T19:18:32,0.543,550.40,9.084,5.000,62.0
1782238716.688,2026-06-23T19:18:36,0.533,550.40,0.000,0.000,62.0
1782238720.740,2026-06-23T19:18:40,0.515,550.40,9.084,5.000,62.0
1782238724.827,2026-06-23T19:18:44,0.502,550.40,0.000,0.000,62.0
1782238728.915,2026-06-23T19:18:48,0.544,550.40,9.084,5.000,63.0
1782238733.006,2026-06-23T19:18:53,0.504,550.40,0.000,0.000,63.0
1782238737.104,2026-06-23T19:18:57,0.545,550.40,9.084,5.000,63.0
1782238741.191,2026-06-23T19:19:01,0.528,550.40,0.000,0.000,63.0
1782238745.276,2026-06-23T19:19:05,0.526,550.40,9.084,5.000,63.0
1782238749.368,2026-06-23T19:19:09,0.505,550.40,0.000,0.000,63.0
1782238753.458,2026-06-23T19:19:13,0.617,550.40,9.084,5.000,63.0
1782238757.549,2026-06-23T19:19:17,0.509,550.40,0.000,0.000,63.0
1782238761.597,2026-06-23T19:19:21,0.584,550.40,9.084,5.000,63.0
1782238765.681,2026-06-23T19:19:25,0.501,550.40,0.000,0.000,63.0
1782238769.767,2026-06-23T19:19:29,0.516,550.40,9.084,5.000,63.0
1782238773.861,2026-06-23T19:19:33,0.496,550.40,0.000,0.000,63.0
1782238777.952,2026-06-23T19:19:37,0.613,550.40,9.084,5.000,63.0
1782238782.047,2026-06-23T19:19:42,0.519,550.40,0.000,0.000,63.0
1782238786.143,2026-06-23T19:19:46,0.514,550.40,9.084,5.000,63.0
1782238790.235,2026-06-23T19:19:50,0.496,550.40,0.000,0.000,63.0
1782238794.320,2026-06-23T19:19:54,0.626,550.40,9.084,5.000,63.0
1782238798.414,2026-06-23T19:19:58,0.944,550.40,0.000,0.000,63.0
1782238802.463,2026-06-23T19:20:02,0.499,550.40,9.084,5.000,63.0
1782238806.551,2026-06-23T19:20:06,0.497,550.40,0.000,0.000,63.0
1782238810.639,2026-06-23T19:20:10,0.518,550.40,9.084,5.000,63.0
1782238814.724,2026-06-23T19:20:14,0.539,550.40,0.000,0.000,63.0
1782238818.816,2026-06-23T19:20:18,0.516,550.40,9.084,5.000,63.0
1782238822.912,2026-06-23T19:20:22,0.503,550.40,0.000,0.000,63.0
1782238827.007,2026-06-23T19:20:27,0.511,550.40,-18.170,-10.001,63.0
1782238831.100,2026-06-23T19:20:31,0.607,550.40,-9.084,-5.000,63.0
1782238835.195,2026-06-23T19:20:35,0.584,550.40,0.000,0.000,63.0
1782238839.292,2026-06-23T19:20:39,0.715,550.40,9.084,5.000,63.0
1782238843.347,2026-06-23T19:20:43,0.497,550.40,0.000,0.000,63.0
1782238847.444,2026-06-23T19:20:47,0.497,550.40,-18.170,-10.001,63.0
1782238851.442,2026-06-23T19:20:51,0.506,550.40,-9.084,-5.000,63.0
1782238855.442,2026-06-23T19:20:55,0.602,550.40,0.000,0.000,63.0
1782238859.539,2026-06-23T19:20:59,0.510,550.40,9.084,5.000,63.0
1782238863.644,2026-06-23T19:21:03,0.507,550.40,0.000,0.000,63.0
1782238867.744,2026-06-23T19:21:07,0.506,550.40,9.084,5.000,63.0
1782238871.840,2026-06-23T19:21:11,0.547,550.40,0.000,0.000,63.0
1782238875.896,2026-06-23T19:21:15,0.518,550.40,9.084,5.000,63.0
1782238879.989,2026-06-23T19:21:19,0.540,550.40,0.000,0.000,63.0
1782238884.084,2026-06-23T19:21:24,0.550,550.40,9.084,5.000,63.0
1782238888.179,2026-06-23T19:21:28,0.503,550.40,0.000,0.000,63.0
1782238892.272,2026-06-23T19:21:32,0.546,550.40,9.084,5.000,63.0
1782238896.363,2026-06-23T19:21:36,0.513,550.40,0.000,0.000,63.0
1782238900.366,2026-06-23T19:21:40,0.527,550.40,9.084,5.000,63.0
1782238904.458,2026-06-23T19:21:44,0.508,550.40,0.000,0.000,63.0
1782238908.553,2026-06-23T19:21:48,0.514,550.40,9.084,5.000,63.0
1782238912.595,2026-06-23T19:21:52,0.591,550.40,0.000,0.000,63.0
1782238916.682,2026-06-23T19:21:56,0.510,550.40,9.084,5.000,63.0
1782238920.796,2026-06-23T19:22:00,0.499,550.40,0.000,0.000,63.0
1782238924.781,2026-06-23T19:22:04,0.613,550.40,-18.170,-10.001,63.0
1782238928.879,2026-06-23T19:22:08,0.570,550.40,-9.084,-5.000,63.0
1782238932.976,2026-06-23T19:22:12,0.551,550.40,0.000,0.000,63.0
1782238937.064,2026-06-23T19:22:17,0.517,550.40,9.084,5.000,63.0
1782238941.154,2026-06-23T19:22:21,0.511,550.40,0.000,0.000,63.0
1782238945.247,2026-06-23T19:22:25,0.619,550.40,9.084,5.000,63.0
1782238949.300,2026-06-23T19:22:29,0.499,550.40,0.000,0.000,63.0
1782238953.391,2026-06-23T19:22:33,0.523,550.40,-18.170,-10.001,63.0
1782238957.484,2026-06-23T19:22:37,0.575,550.40,-9.084,-5.000,63.0
1782238961.575,2026-06-23T19:22:41,0.589,550.40,0.000,0.000,63.0
1782238965.668,2026-06-23T19:22:45,0.626,550.40,9.084,5.000,63.0
1782238969.759,2026-06-23T19:22:49,0.566,550.40,0.000,0.000,63.0
1782238973.852,2026-06-23T19:22:53,0.510,550.40,9.084,5.000,63.0
1782238977.937,2026-06-23T19:22:57,0.501,550.40,0.000,0.000,63.0
1782238982.024,2026-06-23T19:23:02,0.540,550.40,9.084,5.000,63.0
1782238986.112,2026-06-23T19:23:06,0.501,550.40,0.000,0.000,63.0
1782238990.163,2026-06-23T19:23:10,0.516,550.40,9.084,5.000,63.0
1782238994.254,2026-06-23T19:23:14,0.505,550.40,0.000,0.000,63.0
1782238998.341,2026-06-23T19:23:18,0.519,550.40,9.084,5.000,63.0
1782239002.434,2026-06-23T19:23:22,0.621,550.40,0.000,0.000,63.0
1782239006.522,2026-06-23T19:23:26,0.717,550.40,9.084,5.000,63.0
1782239010.609,2026-06-23T19:23:30,0.502,550.40,0.000,0.000,63.0
1782239014.701,2026-06-23T19:23:34,0.514,550.40,9.084,5.000,63.0
1782239018.795,2026-06-23T19:23:38,0.624,550.40,0.000,0.000,63.0
1782239022.885,2026-06-23T19:23:42,0.553,550.40,9.084,5.000,63.0
1782239026.974,2026-06-23T19:23:46,0.690,550.40,0.000,0.000,63.0
1782239031.019,2026-06-23T19:23:51,0.506,550.40,9.084,5.000,63.0
1782239035.106,2026-06-23T19:23:55,0.497,550.40,0.000,0.000,63.0
1782239039.196,2026-06-23T19:23:59,0.602,550.40,9.084,5.000,63.0
1782239043.292,2026-06-23T19:24:03,0.512,550.40,0.000,0.000,63.0
1782239047.374,2026-06-23T19:24:07,0.525,550.40,-18.170,-10.001,63.0
1782239051.474,2026-06-23T19:24:11,0.621,550.40,-9.084,-5.000,63.0
1782239055.564,2026-06-23T19:24:15,0.503,550.40,0.000,0.000,63.0
1782239059.658,2026-06-23T19:24:19,0.520,550.40,9.084,5.000,63.0
1782239063.747,2026-06-23T19:24:23,0.512,550.40,0.000,0.000,63.0
1782239067.844,2026-06-23T19:24:27,0.521,550.40,9.084,5.000,63.0
1782239071.894,2026-06-23T19:24:31,0.581,550.40,0.000,0.000,63.0
1782239075.986,2026-06-23T19:24:35,0.548,550.40,-18.170,-10.001,63.0
1782239080.081,2026-06-23T19:24:40,0.614,550.40,-9.084,-5.000,63.0
1782239084.166,2026-06-23T19:24:44,0.524,550.40,0.000,0.000,63.0
1782239088.253,2026-06-23T19:24:48,0.503,550.40,9.084,5.000,63.0
1782239092.345,2026-06-23T19:24:52,0.519,550.40,0.000,0.000,63.0
1782239096.436,2026-06-23T19:24:56,0.557,550.40,9.084,5.000,63.0
1782239100.531,2026-06-23T19:25:00,0.497,550.40,0.000,0.000,63.0
1782239104.620,2026-06-23T19:25:04,0.541,550.40,9.084,5.000,63.0
1782239108.711,2026-06-23T19:25:08,0.667,550.40,0.000,0.000,63.0
1782239112.763,2026-06-23T19:25:12,0.591,550.40,9.084,5.000,63.0
1782239116.857,2026-06-23T19:25:16,0.499,550.40,0.000,0.000,63.0
1782239120.943,2026-06-23T19:25:20,0.504,550.40,9.084,5.000,63.0
1782239125.037,2026-06-23T19:25:25,0.541,550.40,0.000,0.000,63.0
1782239129.129,2026-06-23T19:25:29,0.559,550.40,9.084,5.000,63.0
1782239133.216,2026-06-23T19:25:33,0.522,550.40,0.000,0.000,63.0
1782239137.306,2026-06-23T19:25:37,0.500,550.40,9.084,5.000,63.0
1782239141.399,2026-06-23T19:25:41,0.738,550.40,0.000,0.000,63.0
1782239145.488,2026-06-23T19:25:45,0.628,550.40,9.084,5.000,63.0
1782239149.575,2026-06-23T19:25:49,0.495,550.40,0.000,0.000,63.0
1782239153.621,2026-06-23T19:25:53,0.506,550.40,9.084,5.000,63.0
1782239157.718,2026-06-23T19:25:57,0.621,550.40,18.170,10.001,63.0
1782239161.813,2026-06-23T19:26:01,0.505,550.40,0.000,0.000,63.0
1782239165.906,2026-06-23T19:26:05,0.518,550.40,-18.170,-10.001,63.0
1782239170.002,2026-06-23T19:26:10,0.511,550.40,-9.084,-5.000,63.0
1782239174.088,2026-06-23T19:26:14,0.508,550.40,0.000,0.000,63.0
1782239178.176,2026-06-23T19:26:18,0.573,550.40,9.084,5.000,63.0
1782239182.264,2026-06-23T19:26:22,0.539,550.40,0.000,0.000,63.0
1782239186.357,2026-06-23T19:26:26,0.501,550.40,9.084,5.000,63.0
1782239190.454,2026-06-23T19:26:30,0.582,550.40,0.000,0.000,63.0
1782239194.499,2026-06-23T19:26:34,0.516,550.40,9.084,5.000,63.0
1782239198.594,2026-06-23T19:26:38,0.510,550.40,0.000,0.000,63.0
1782239202.682,2026-06-23T19:26:42,0.509,550.40,9.084,5.000,63.0
1782239206.769,2026-06-23T19:26:46,0.505,550.40,0.000,0.000,63.0
1782239210.862,2026-06-23T19:26:50,0.536,550.40,9.084,5.000,63.0
1782239214.948,2026-06-23T19:26:54,0.506,550.40,0.000,0.000,63.0
1782239219.039,2026-06-23T19:26:59,0.689,550.40,9.084,5.000,63.0
1782239223.132,2026-06-23T19:27:03,0.599,550.40,0.000,0.000,63.0
1782239227.226,2026-06-23T19:27:07,0.654,550.40,9.084,5.000,63.0
1782239231.320,2026-06-23T19:27:11,0.592,550.40,0.000,0.000,63.0
1782239235.373,2026-06-23T19:27:15,0.537,550.40,-18.170,-10.001,63.0
1782239239.469,2026-06-23T19:27:19,0.518,550.40,-9.084,-5.000,63.0
1782239243.558,2026-06-23T19:27:23,0.501,550.40,0.000,0.000,63.0
1782239247.656,2026-06-23T19:27:27,0.533,550.40,9.084,5.000,63.0
1782239251.744,2026-06-23T19:27:31,0.634,550.40,0.000,0.000,63.0
1782239255.841,2026-06-23T19:27:35,0.553,550.40,9.084,5.000,63.0
1782239259.847,2026-06-23T19:27:39,0.526,550.40,18.170,10.001,63.0
1782239263.939,2026-06-23T19:27:43,0.498,550.40,0.000,0.000,63.0
1782239268.027,2026-06-23T19:27:48,0.566,550.40,9.084,5.000,63.0
1782239272.081,2026-06-23T19:27:52,0.586,550.40,0.000,0.000,63.0
1782239276.172,2026-06-23T19:27:56,0.510,550.40,-18.170,-10.001,63.0
1782239280.265,2026-06-23T19:28:00,0.501,550.40,-9.084,-5.000,63.0
1782239284.358,2026-06-23T19:28:04,0.503,550.40,0.000,0.000,63.0
1782239288.449,2026-06-23T19:28:08,0.512,550.40,9.084,5.000,63.0
1782239292.538,2026-06-23T19:28:12,0.668,550.40,0.000,0.000,63.0
1782239296.628,2026-06-23T19:28:16,0.503,550.40,9.084,5.000,63.0
1782239300.721,2026-06-23T19:28:20,0.520,550.40,0.000,0.000,63.0
1782239304.814,2026-06-23T19:28:24,0.508,550.40,9.084,5.000,63.0
1782239308.906,2026-06-23T19:28:28,0.497,550.40,0.000,0.000,63.0
1782239312.953,2026-06-23T19:28:32,0.511,550.40,9.084,5.000,63.0
1782239317.042,2026-06-23T19:28:37,0.505,550.40,0.000,0.000,63.0
1782239321.128,2026-06-23T19:28:41,0.500,550.40,9.084,5.000,63.0
1782239325.213,2026-06-23T19:28:45,0.496,550.40,0.000,0.000,63.0
1782239329.299,2026-06-23T19:28:49,0.522,550.40,9.084,5.000,63.0
1782239333.392,2026-06-23T19:28:53,0.550,550.40,0.000,0.000,63.0
1782239337.481,2026-06-23T19:28:57,0.503,550.40,9.084,5.000,63.0
1782239341.566,2026-06-23T19:29:01,0.619,550.40,0.000,0.000,63.0
1782239345.658,2026-06-23T19:29:05,0.627,550.40,9.084,5.000,63.0
1782239349.750,2026-06-23T19:29:09,0.506,550.40,0.000,0.000,63.0
1782239353.797,2026-06-23T19:29:13,0.519,550.40,9.084,5.000,63.0
1782239357.890,2026-06-23T19:29:17,0.504,550.40,0.000,0.000,63.0
1782239361.977,2026-06-23T19:29:21,0.512,550.40,9.084,5.000,63.0
1782239366.068,2026-06-23T19:29:26,0.599,550.40,0.000,0.000,63.0
1782239370.160,2026-06-23T19:29:30,0.554,550.40,9.084,5.000,63.0
1782239374.255,2026-06-23T19:29:34,0.573,550.40,0.000,0.000,63.0
1782239378.350,2026-06-23T19:29:38,0.543,550.40,9.084,5.000,63.0
1782239382.446,2026-06-23T19:29:42,0.513,550.40,0.000,0.000,63.0
1782239386.542,2026-06-23T19:29:46,0.550,550.40,9.084,5.000,63.0
1782239390.637,2026-06-23T19:29:50,0.606,550.40,0.000,0.000,63.0
1782239394.685,2026-06-23T19:29:54,0.512,550.40,9.084,5.000,63.0
1782239398.788,2026-06-23T19:29:58,0.518,550.40,18.170,10.001,63.0
1782239402.882,2026-06-23T19:30:02,0.500,550.40,0.000,0.000,63.0
1782239406.973,2026-06-23T19:30:06,0.517,550.40,9.084,5.000,63.0
1782239411.061,2026-06-23T19:30:11,0.542,550.40,0.000,0.000,63.0
1782239415.157,2026-06-23T19:30:15,0.508,550.40,9.084,5.000,63.0
1782239419.245,2026-06-23T19:30:19,0.500,550.40,0.000,0.000,63.0
1782239423.333,2026-06-23T19:30:23,0.573,550.40,9.084,5.000,63.0
1782239427.424,2026-06-23T19:30:27,0.540,550.40,0.000,0.000,63.0
1782239431.519,2026-06-23T19:30:31,0.683,550.40,9.084,5.000,63.0
1782239435.569,2026-06-23T19:30:35,0.567,550.40,0.000,0.000,63.0
1782239439.656,2026-06-23T19:30:39,0.507,550.40,9.084,5.000,63.0
1782239443.745,2026-06-23T19:30:43,0.502,550.40,0.000,0.000,63.0
1782239447.840,2026-06-23T19:30:47,0.506,550.40,9.084,5.000,63.0
1782239451.941,2026-06-23T19:30:51,0.536,550.40,18.170,10.001,63.0
1782239455.938,2026-06-23T19:30:55,0.569,550.40,0.000,0.000,63.0
1782239460.034,2026-06-23T19:31:00,0.542,550.40,9.084,5.000,63.0
1782239464.125,2026-06-23T19:31:04,0.499,550.40,0.000,0.000,63.0
1782239468.219,2026-06-23T19:31:08,0.504,550.40,9.084,5.000,63.0
1782239472.270,2026-06-23T19:31:12,0.498,550.40,0.000,0.000,63.0
1782239476.363,2026-06-23T19:31:16,0.506,550.40,9.084,5.000,63.0
1782239480.455,2026-06-23T19:31:20,0.518,550.40,0.000,0.000,63.0
1782239484.549,2026-06-23T19:31:24,0.580,550.40,-18.170,-10.001,63.0
1782239488.639,2026-06-23T19:31:28,0.508,550.40,-9.084,-5.000,63.0
1782239492.728,2026-06-23T19:31:32,0.537,550.40,0.000,0.000,63.0
1782239496.820,2026-06-23T19:31:36,0.510,550.40,9.084,5.000,63.0
1782239500.909,2026-06-23T19:31:40,0.503,550.40,0.000,0.000,63.0
1782239504.998,2026-06-23T19:31:44,0.504,550.40,9.084,5.000,63.0
1782239509.085,2026-06-23T19:31:49,0.501,550.40,0.000,0.000,63.0
1782239513.127,2026-06-23T19:31:53,0.518,550.40,9.084,5.000,63.0
1782239517.219,2026-06-23T19:31:57,0.559,550.40,0.000,0.000,63.0
1782239521.312,2026-06-23T19:32:01,0.523,550.40,9.084,5.000,63.0
1782239525.406,2026-06-23T19:32:05,0.499,550.40,0.000,0.000,63.0
1782239529.497,2026-06-23T19:32:09,0.609,550.40,9.084,5.000,63.0
1782239533.589,2026-06-23T19:32:13,0.596,550.40,0.000,0.000,63.0
1782239537.679,2026-06-23T19:32:17,0.503,550.40,9.084,5.000,63.0
1782239541.771,2026-06-23T19:32:21,0.579,550.40,0.000,0.000,63.0
1782239545.864,2026-06-23T19:32:25,0.509,550.40,9.084,5.000,63.0
1782239549.958,2026-06-23T19:32:29,0.611,550.40,0.000,0.000,63.0
1782239554.003,2026-06-23T19:32:34,0.522,550.40,9.084,5.000,63.0
1782239558.103,2026-06-23T19:32:38,0.507,550.40,0.000,0.000,63.0
1782239562.100,2026-06-23T19:32:42,0.545,550.40,9.084,5.000,63.0
1782239566.211,2026-06-23T19:32:46,0.540,550.40,0.000,0.000,63.0
1782239570.208,2026-06-23T19:32:50,0.550,550.40,9.084,5.000,63.0
1782239574.300,2026-06-23T19:32:54,0.551,550.40,0.000,0.000,63.0
1782239578.390,2026-06-23T19:32:58,0.524,550.40,9.084,5.000,63.0
1782239582.482,2026-06-23T19:33:02,0.538,550.40,0.000,0.000,63.0
1782239586.533,2026-06-23T19:33:06,0.651,550.40,9.084,5.000,63.0
1782239590.633,2026-06-23T19:33:10,0.861,550.40,0.000,0.000,63.0
1782239594.724,2026-06-23T19:33:14,0.565,550.40,-18.170,-10.001,63.0
1782239598.817,2026-06-23T19:33:18,0.535,550.40,-9.084,-5.000,63.0
1782239602.911,2026-06-23T19:33:22,0.631,550.40,0.000,0.000,63.0
1782239607.003,2026-06-23T19:33:27,0.518,550.40,9.084,5.000,63.0
1782239611.098,2026-06-23T19:33:31,0.613,550.40,0.000,0.000,63.0
1782239615.187,2026-06-23T19:33:35,0.520,550.40,9.084,5.000,63.0
1782239619.283,2026-06-23T19:33:39,0.495,550.40,0.000,0.000,63.0
1782239623.373,2026-06-23T19:33:43,0.510,550.40,9.084,5.000,63.0
1782239627.426,2026-06-23T19:33:47,0.499,550.40,0.000,0.000,63.0
1782239631.513,2026-06-23T19:33:51,0.510,550.40,9.084,5.000,63.0
1782239635.610,2026-06-23T19:33:55,0.510,550.40,0.000,0.000,63.0
1782239639.708,2026-06-23T19:33:59,0.588,550.40,9.084,5.000,63.0
1782239643.802,2026-06-23T19:34:03,0.504,550.40,0.000,0.000,63.0
1782239647.890,2026-06-23T19:34:07,0.762,550.40,9.084,5.000,63.0
1782239651.983,2026-06-23T19:34:11,0.541,550.40,0.000,0.000,63.0
1782239656.076,2026-06-23T19:34:16,0.549,550.40,9.084,5.000,63.0
1782239660.172,2026-06-23T19:34:20,0.691,550.40,0.000,0.000,63.0
1782239664.270,2026-06-23T19:34:24,0.599,550.40,9.084,5.000,63.0
1782239668.227,2026-06-23T19:34:28,0.501,550.40,0.000,0.000,63.0
1782239672.228,2026-06-23T19:34:32,0.510,550.40,9.084,5.000,63.0
1782239676.324,2026-06-23T19:34:36,0.498,550.40,0.000,0.000,63.0
1782239680.422,2026-06-23T19:34:40,0.517,550.40,9.084,5.000,63.0
1782239684.516,2026-06-23T19:34:44,0.543,550.40,0.000,0.000,63.0
1782239688.609,2026-06-23T19:34:48,0.500,550.40,9.084,5.000,63.0
1782239692.701,2026-06-23T19:34:52,0.586,550.40,0.000,0.000,63.0
1782239696.794,2026-06-23T19:34:56,0.733,550.40,9.084,5.000,63.0
1782239700.847,2026-06-23T19:35:00,0.499,550.40,0.000,0.000,63.0
1782239704.943,2026-06-23T19:35:04,0.507,550.40,9.084,5.000,63.0
1782239709.043,2026-06-23T19:35:09,0.537,550.40,18.170,10.001,63.0
1782239713.037,2026-06-23T19:35:13,0.497,550.40,0.000,0.000,63.0
1782239717.129,2026-06-23T19:35:17,0.603,550.40,9.084,5.000,63.0
1782239721.225,2026-06-23T19:35:21,0.497,550.40,0.000,0.000,63.0
1782239725.315,2026-06-23T19:35:25,0.519,550.40,9.084,5.000,63.0
1782239729.409,2026-06-23T19:35:29,0.594,550.40,0.000,0.000,63.0
1782239733.504,2026-06-23T19:35:33,0.509,550.40,9.084,5.000,63.0
1782239737.557,2026-06-23T19:35:37,0.502,550.40,0.000,0.000,63.0
1782239741.645,2026-06-23T19:35:41,0.578,550.40,9.084,5.000,63.0
1782239745.737,2026-06-23T19:35:45,0.539,550.40,0.000,0.000,63.0
1782239749.835,2026-06-23T19:35:49,0.595,550.40,9.084,5.000,63.0
1782239753.831,2026-06-23T19:35:53,0.544,550.40,0.000,0.000,63.0
1782239757.931,2026-06-23T19:35:57,0.627,550.40,9.084,5.000,63.0
1782239761.935,2026-06-23T19:36:01,0.632,550.40,0.000,0.000,63.0
1782239766.032,2026-06-23T19:36:06,0.536,550.40,9.084,5.000,63.0
1782239770.087,2026-06-23T19:36:10,0.558,550.40,0.000,0.000,63.0
1782239774.178,2026-06-23T19:36:14,0.525,550.40,9.084,5.000,63.0
1782239778.272,2026-06-23T19:36:18,0.512,550.40,0.000,0.000,63.0
1782239782.365,2026-06-23T19:36:22,0.547,550.40,9.084,5.000,63.0
1782239786.458,2026-06-23T19:36:26,0.514,550.40,0.000,0.000,63.0
1782239790.552,2026-06-23T19:36:30,0.510,550.40,9.084,5.000,63.0
1782239794.650,2026-06-23T19:36:34,0.503,550.40,0.000,0.000,63.0
1782239798.644,2026-06-23T19:36:38,0.520,550.40,-18.170,-10.001,63.0
1782239802.741,2026-06-23T19:36:42,0.501,550.40,-9.084,-5.000,63.0
1782239806.792,2026-06-23T19:36:46,0.579,550.40,0.000,0.000,63.0
1782239810.891,2026-06-23T19:36:50,0.607,550.40,9.084,5.000,63.0
1782239814.982,2026-06-23T19:36:54,0.499,550.40,0.000,0.000,63.0
1782239819.081,2026-06-23T19:36:59,0.653,550.40,9.084,5.000,63.0
1782239823.182,2026-06-23T19:37:03,0.515,550.40,18.170,10.001,63.0
1782239827.276,2026-06-23T19:37:07,0.664,550.40,0.000,0.000,63.0
1782239831.373,2026-06-23T19:37:11,0.504,550.40,9.084,5.000,63.0
1782239835.381,2026-06-23T19:37:15,0.510,550.40,0.000,0.000,63.0
1782239839.481,2026-06-23T19:37:19,0.504,550.40,9.084,5.000,63.0
1782239843.536,2026-06-23T19:37:23,0.595,550.40,0.000,0.000,63.0
1782239847.624,2026-06-23T19:37:27,0.557,550.40,9.084,5.000,63.0
1782239851.713,2026-06-23T19:37:31,0.510,550.40,0.000,0.000,63.0
1782239855.805,2026-06-23T19:37:35,0.505,550.40,9.084,5.000,63.0
1782239859.902,2026-06-23T19:37:39,0.500,550.40,0.000,0.000,63.0
1782239864.024,2026-06-23T19:37:44,0.582,550.40,9.084,5.000,63.0
1782239868.011,2026-06-23T19:37:48,0.496,550.40,0.000,0.000,63.0
1782239872.109,2026-06-23T19:37:52,0.509,550.40,9.084,5.000,63.0
1782239876.210,2026-06-23T19:37:56,0.508,550.40,0.000,0.000,63.0
1782239880.266,2026-06-23T19:38:00,0.508,550.40,9.084,5.000,63.0
1782239884.355,2026-06-23T19:38:04,0.498,550.40,0.000,0.000,63.0
1782239888.458,2026-06-23T19:38:08,0.500,550.40,9.084,5.000,63.0
1782239892.463,2026-06-23T19:38:12,0.494,550.40,0.000,0.000,63.0
1782239896.558,2026-06-23T19:38:16,0.508,550.40,9.084,5.000,63.0
1782239900.653,2026-06-23T19:38:20,0.583,550.40,0.000,0.000,63.0
1782239904.742,2026-06-23T19:38:24,0.515,550.40,9.084,5.000,63.0
1782239908.835,2026-06-23T19:38:28,0.606,550.40,0.000,0.000,63.0
1782239912.937,2026-06-23T19:38:32,0.512,550.40,9.084,5.000,63.0
1782239916.896,2026-06-23T19:38:36,0.626,550.40,0.000,0.000,63.0
1782239920.987,2026-06-23T19:38:40,0.596,550.40,9.084,5.000,63.0
1782239925.082,2026-06-23T19:38:45,0.512,550.40,18.170,10.001,63.0
1782239929.182,2026-06-23T19:38:49,0.513,550.40,0.000,0.000,63.0
1782239933.174,2026-06-23T19:38:53,0.542,550.40,-18.170,-10.001,63.0
1782239937.262,2026-06-23T19:38:57,0.509,550.40,-9.084,-5.000,63.0
1782239941.355,2026-06-23T19:39:01,0.560,550.40,0.000,0.000,63.0
1782239945.451,2026-06-23T19:39:05,0.676,550.40,9.084,5.000,63.0
1782239949.527,2026-06-23T19:39:09,0.625,550.40,0.000,0.000,63.0
1782239953.518,2026-06-23T19:39:13,0.561,550.40,-18.170,-10.001,63.0
1782239957.610,2026-06-23T19:39:17,0.514,550.40,-9.084,-5.000,63.0
1782239961.706,2026-06-23T19:39:21,0.573,550.40,0.000,0.000,63.0
1782239965.806,2026-06-23T19:39:25,0.503,550.40,9.084,5.000,63.0
1782239969.894,2026-06-23T19:39:29,0.498,550.40,0.000,0.000,63.0
1782239973.983,2026-06-23T19:39:33,0.504,550.40,9.084,5.000,63.0
1782239978.079,2026-06-23T19:39:38,0.538,550.40,0.000,0.000,63.0
1782239982.179,2026-06-23T19:39:42,0.519,550.40,9.084,5.000,63.0
1782239986.228,2026-06-23T19:39:46,0.511,550.40,0.000,0.000,63.0
1782239990.324,2026-06-23T19:39:50,0.553,550.40,9.084,5.000,63.0
1782239994.429,2026-06-23T19:39:54,0.516,550.40,0.000,0.000,63.0
1782239998.427,2026-06-23T19:39:58,0.637,550.40,9.084,5.000,63.0
1782240002.519,2026-06-23T19:40:02,0.498,550.40,0.000,0.000,63.0
1782240006.611,2026-06-23T19:40:06,0.522,550.40,9.084,5.000,63.0
1782240010.705,2026-06-23T19:40:10,0.509,550.40,0.000,0.000,63.0
1782240014.801,2026-06-23T19:40:14,0.497,550.40,9.084,5.000,63.0
1782240018.896,2026-06-23T19:40:18,0.541,550.40,0.000,0.000,63.0
1782240022.949,2026-06-23T19:40:22,0.608,550.40,9.084,5.000,63.0
1782240027.043,2026-06-23T19:40:27,0.628,550.40,0.000,0.000,63.0
1782240031.040,2026-06-23T19:40:31,0.507,550.40,-18.170,-10.001,63.0
1782240035.136,2026-06-23T19:40:35,0.529,550.40,-9.084,-5.000,63.0
1782240039.229,2026-06-23T19:40:39,0.580,550.40,0.000,0.000,63.0
1782240043.325,2026-06-23T19:40:43,0.507,550.40,9.084,5.000,63.0
1782240047.320,2026-06-23T19:40:47,0.498,550.40,0.000,0.000,63.0
1782240051.418,2026-06-23T19:40:51,0.516,550.40,9.084,5.000,63.0
1782240055.480,2026-06-23T19:40:55,0.494,550.40,0.000,0.000,63.0
1782240059.478,2026-06-23T19:40:59,0.600,550.40,-18.170,-10.001,63.0
1782240063.575,2026-06-23T19:41:03,0.524,550.40,-9.084,-5.000,63.0
1782240067.670,2026-06-23T19:41:07,0.502,550.40,0.000,0.000,63.0
1782240071.765,2026-06-23T19:41:11,0.511,550.40,9.084,5.000,63.0
1782240075.859,2026-06-23T19:41:15,0.546,550.40,0.000,0.000,63.0
1782240079.957,2026-06-23T19:41:19,0.510,550.40,9.084,5.000,63.0
1782240084.048,2026-06-23T19:41:24,0.496,550.40,0.000,0.000,63.0
1782240088.143,2026-06-23T19:41:28,0.538,550.40,9.084,5.000,63.0
1782240092.196,2026-06-23T19:41:32,0.540,550.40,0.000,0.000,63.0
1782240096.304,2026-06-23T19:41:36,0.511,550.40,9.084,5.000,63.0
1782240100.296,2026-06-23T19:41:40,0.503,550.40,0.000,0.000,63.0
1782240104.395,2026-06-23T19:41:44,0.505,550.40,9.084,5.000,63.0
1782240108.493,2026-06-23T19:41:48,0.510,550.40,0.000,0.000,63.0
1782240112.586,2026-06-23T19:41:52,0.540,550.40,9.084,5.000,63.0
1782240116.681,2026-06-23T19:41:56,0.517,550.40,0.000,0.000,63.0
1782240120.771,2026-06-23T19:42:00,0.553,550.40,9.084,5.000,63.0
1782240124.867,2026-06-23T19:42:04,0.500,550.40,0.000,0.000,63.0
1782240128.820,2026-06-23T19:42:08,0.503,550.40,9.084,5.000,63.0
1782240132.917,2026-06-23T19:42:12,0.494,550.40,0.000,0.000,63.0
1782240137.010,2026-06-23T19:42:17,0.509,550.40,9.084,5.000,63.0
1782240141.106,2026-06-23T19:42:21,0.517,550.40,0.000,0.000,63.0
1782240145.201,2026-06-23T19:42:25,0.670,550.40,9.084,5.000,63.0
1782240149.294,2026-06-23T19:42:29,0.609,550.40,0.000,0.000,63.0
1782240153.392,2026-06-23T19:42:33,0.621,550.40,9.084,5.000,63.0
1782240157.483,2026-06-23T19:42:37,0.619,550.40,0.000,0.000,63.0
1782240161.573,2026-06-23T19:42:41,0.611,550.40,9.084,5.000,63.0
1782240165.627,2026-06-23T19:42:45,0.629,550.40,0.000,0.000,63.0
1782240169.721,2026-06-23T19:42:49,0.601,550.40,-18.170,-10.001,63.0
1782240173.818,2026-06-23T19:42:53,0.640,550.40,-9.084,-5.000,63.0
1782240177.907,2026-06-23T19:42:57,0.497,550.40,0.000,0.000,63.0
1782240181.997,2026-06-23T19:43:01,0.644,550.40,9.084,5.000,63.0
1782240186.085,2026-06-23T19:43:06,0.624,550.40,0.000,0.000,63.0
1782240190.177,2026-06-23T19:43:10,0.503,550.40,9.084,5.000,63.0
1782240194.177,2026-06-23T19:43:14,0.568,550.40,0.000,0.000,63.0
1782240198.267,2026-06-23T19:43:18,0.619,550.40,9.084,5.000,63.0
1782240202.311,2026-06-23T19:43:22,0.570,550.40,0.000,0.000,63.0
1782240206.400,2026-06-23T19:43:26,0.541,550.40,9.084,5.000,63.0
1782240210.497,2026-06-23T19:43:30,0.542,550.40,0.000,0.000,63.0
1782240214.592,2026-06-23T19:43:34,0.613,550.40,9.084,5.000,63.0
1782240218.688,2026-06-23T19:43:38,0.544,550.40,0.000,0.000,63.0
1782240222.790,2026-06-23T19:43:42,0.576,550.40,9.084,5.000,63.0
1782240226.879,2026-06-23T19:43:46,0.546,550.40,0.000,0.000,63.0
1782240230.966,2026-06-23T19:43:50,0.508,550.40,9.084,5.000,63.0
1782240235.057,2026-06-23T19:43:55,0.637,550.40,0.000,0.000,63.0
1782240239.158,2026-06-23T19:43:59,0.688,550.40,9.084,5.000,63.0
1782240243.106,2026-06-23T19:44:03,0.532,550.40,0.000,0.000,63.0
1782240247.203,2026-06-23T19:44:07,0.503,550.40,9.084,5.000,63.0
1782240251.297,2026-06-23T19:44:11,0.736,550.40,0.000,0.000,63.0
1782240255.386,2026-06-23T19:44:15,0.514,550.40,9.084,5.000,63.0
1782240259.474,2026-06-23T19:44:19,0.535,550.40,0.000,0.000,63.0
1782240263.568,2026-06-23T19:44:23,0.497,550.40,9.084,5.000,63.0
1782240267.666,2026-06-23T19:44:27,0.509,550.40,0.000,0.000,63.0
1782240271.763,2026-06-23T19:44:31,0.589,550.40,9.084,5.000,63.0
1782240275.858,2026-06-23T19:44:35,0.554,550.40,0.000,0.000,63.0
1782240279.906,2026-06-23T19:44:39,0.621,550.40,9.084,5.000,63.0
1782240284.000,2026-06-23T19:44:44,0.514,550.40,18.170,10.001,63.0
1782240288.097,2026-06-23T19:44:48,0.510,550.40,0.000,0.000,63.0
1782240292.191,2026-06-23T19:44:52,0.622,550.40,9.084,5.000,63.0
1782240296.287,2026-06-23T19:44:56,0.573,550.40,0.000,0.000,63.0
1782240300.379,2026-06-23T19:45:00,0.654,550.40,9.084,5.000,63.0
1782240304.471,2026-06-23T19:45:04,0.594,550.40,0.000,0.000,63.0
1782240308.566,2026-06-23T19:45:08,0.560,550.40,9.084,5.000,63.0
1782240312.670,2026-06-23T19:45:12,0.630,550.40,0.000,0.000,63.0
1782240316.760,2026-06-23T19:45:16,0.504,550.40,9.084,5.000,63.0
1782240320.806,2026-06-23T19:45:20,0.594,550.40,0.000,0.000,63.0
1782240324.903,2026-06-23T19:45:24,0.630,550.40,9.084,5.000,63.0
1782240328.916,2026-06-23T19:45:28,0.602,550.40,0.000,0.000,63.0
1782240332.996,2026-06-23T19:45:32,0.552,550.40,9.084,5.000,63.0
1782240337.092,2026-06-23T19:45:37,0.557,550.40,0.000,0.000,63.0
1782240341.187,2026-06-23T19:45:41,0.516,550.40,9.084,5.000,63.0
1782240345.273,2026-06-23T19:45:45,0.502,550.40,0.000,0.000,63.0
1782240349.367,2026-06-23T19:45:49,0.512,550.40,9.084,5.000,63.0
1782240353.463,2026-06-23T19:45:53,0.512,550.40,0.000,0.000,63.0
1782240357.560,2026-06-23T19:45:57,0.543,550.40,9.084,5.000,63.0
1782240361.616,2026-06-23T19:46:01,0.619,550.40,0.000,0.000,63.0
1782240365.704,2026-06-23T19:46:05,0.601,550.40,-18.170,-10.001,63.0
1782240369.795,2026-06-23T19:46:09,0.512,550.40,-9.084,-5.000,63.0
1782240373.887,2026-06-23T19:46:13,0.507,550.40,0.000,0.000,63.0
1782240377.980,2026-06-23T19:46:17,0.498,550.40,9.084,5.000,63.0
1782240382.076,2026-06-23T19:46:22,0.664,550.40,0.000,0.000,63.0
1782240386.172,2026-06-23T19:46:26,0.519,550.40,9.084,5.000,63.0
1782240390.263,2026-06-23T19:46:30,0.509,550.40,0.000,0.000,63.0
1782240394.360,2026-06-23T19:46:34,0.501,550.40,9.084,5.000,63.0
1782240398.453,2026-06-23T19:46:38,0.539,550.40,0.000,0.000,63.0
1782240402.499,2026-06-23T19:46:42,0.509,550.40,9.084,5.000,63.0
1782240406.587,2026-06-23T19:46:46,0.501,550.40,0.000,0.000,63.0
1782240410.680,2026-06-23T19:46:50,0.501,550.40,9.084,5.000,63.0
1782240414.768,2026-06-23T19:46:54,0.528,550.40,0.000,0.000,63.0
1782240418.864,2026-06-23T19:46:58,0.502,550.40,9.084,5.000,63.0
1782240422.960,2026-06-23T19:47:02,0.603,550.40,0.000,0.000,63.0
1782240427.047,2026-06-23T19:47:07,0.509,550.40,9.084,5.000,63.0
1782240431.139,2026-06-23T19:47:11,0.540,550.40,0.000,0.000,63.0
1782240435.228,2026-06-23T19:47:15,0.515,550.40,9.084,5.000,63.0
1782240439.324,2026-06-23T19:47:19,0.622,550.40,0.000,0.000,63.0
1782240443.379,2026-06-23T19:47:23,0.511,550.40,9.084,5.000,63.0
1782240447.472,2026-06-23T19:47:27,0.502,550.40,0.000,0.000,63.0
1782240451.560,2026-06-23T19:47:31,0.505,550.40,9.084,5.000,63.0
1782240455.658,2026-06-23T19:47:35,0.553,550.40,0.000,0.000,63.0
1782240459.756,2026-06-23T19:47:39,0.661,550.40,9.084,5.000,63.0
1782240463.846,2026-06-23T19:47:43,0.668,550.40,0.000,0.000,63.0
1782240467.935,2026-06-23T19:47:47,0.592,550.40,9.084,5.000,63.0
1782240472.032,2026-06-23T19:47:52,0.614,550.40,0.000,0.000,63.0
1782240476.125,2026-06-23T19:47:56,0.704,550.40,9.084,5.000,63.0
1782240480.228,2026-06-23T19:48:00,0.554,550.40,0.000,0.000,63.0
1782240484.179,2026-06-23T19:48:04,0.512,550.40,9.084,5.000,63.0
1782240488.278,2026-06-23T19:48:08,0.593,550.40,18.170,10.001,63.0
1782240492.375,2026-06-23T19:48:12,0.721,550.40,0.000,0.000,63.0
1782240496.464,2026-06-23T19:48:16,0.718,550.40,9.084,5.000,63.0
1782240500.564,2026-06-23T19:48:20,0.508,550.40,0.000,0.000,64.0
1782240504.660,2026-06-23T19:48:24,0.596,550.40,9.084,5.000,64.0
1782240508.760,2026-06-23T19:48:28,0.513,550.40,0.000,0.000,64.0
1782240512.853,2026-06-23T19:48:32,0.506,550.40,9.084,5.000,64.0
1782240516.950,2026-06-23T19:48:36,0.602,550.40,0.000,0.000,64.0
1782240521.000,2026-06-23T19:48:41,0.501,550.40,9.084,5.000,64.0
1782240525.096,2026-06-23T19:48:45,0.564,550.40,0.000,0.000,64.0
1782240529.182,2026-06-23T19:48:49,0.599,550.40,9.084,5.000,64.0
1782240533.271,2026-06-23T19:48:53,0.567,550.40,0.000,0.000,64.0
1782240537.367,2026-06-23T19:48:57,0.502,550.40,9.084,5.000,64.0
1782240541.460,2026-06-23T19:49:01,0.500,550.40,0.000,0.000,64.0
1782240545.560,2026-06-23T19:49:05,0.566,550.40,9.084,5.000,64.0
1782240549.653,2026-06-23T19:49:09,0.628,550.40,0.000,0.000,64.0
1782240553.747,2026-06-23T19:49:13,0.736,550.40,9.084,5.000,64.0
1782240557.840,2026-06-23T19:49:17,0.568,550.40,0.000,0.000,64.0
1782240561.895,2026-06-23T19:49:21,0.502,550.40,9.084,5.000,64.0
1782240565.987,2026-06-23T19:49:25,0.503,550.40,0.000,0.000,64.0
1782240570.086,2026-06-23T19:49:30,0.505,550.40,9.084,5.000,64.0
1782240574.180,2026-06-23T19:49:34,0.586,550.40,0.000,0.000,64.0
1782240578.270,2026-06-23T19:49:38,0.638,550.40,-18.170,-10.001,64.0
1782240582.367,2026-06-23T19:49:42,0.553,550.40,-9.084,-5.000,64.0
1782240586.458,2026-06-23T19:49:46,0.615,550.40,0.000,0.000,64.0
1782240590.553,2026-06-23T19:49:50,0.518,550.40,9.084,5.000,64.0
1782240594.648,2026-06-23T19:49:54,0.548,550.40,0.000,0.000,64.0
1782240598.743,2026-06-23T19:49:58,0.591,550.40,9.084,5.000,64.0
1782240602.789,2026-06-23T19:50:02,0.620,550.40,0.000,0.000,64.0
1782240606.884,2026-06-23T19:50:06,0.547,550.40,9.084,5.000,64.0
1782240610.980,2026-06-23T19:50:10,0.591,550.40,0.000,0.000,64.0
1782240615.082,2026-06-23T19:50:15,0.592,550.40,9.084,5.000,64.0
1782240619.078,2026-06-23T19:50:19,0.548,550.40,0.000,0.000,64.0
1782240623.184,2026-06-23T19:50:23,0.510,550.40,9.084,5.000,64.0
1782240627.181,2026-06-23T19:50:27,0.534,550.40,0.000,0.000,64.0
1782240631.268,2026-06-23T19:50:31,0.556,550.40,9.084,5.000,64.0
1782240635.322,2026-06-23T19:50:35,0.585,550.40,0.000,0.000,64.0
1782240639.419,2026-06-23T19:50:39,0.595,550.40,9.084,5.000,64.0
1782240643.519,2026-06-23T19:50:43,0.508,550.40,0.000,0.000,64.0
1782240647.613,2026-06-23T19:50:47,0.510,550.40,9.084,5.000,64.0
1782240651.712,2026-06-23T19:50:51,0.612,550.40,0.000,0.000,64.0
1782240655.712,2026-06-23T19:50:55,0.609,550.40,9.084,5.000,64.0
1782240659.711,2026-06-23T19:50:59,0.506,550.40,0.000,0.000,64.0
1782240663.804,2026-06-23T19:51:03,0.756,550.40,9.084,5.000,64.0
1782240667.861,2026-06-23T19:51:07,0.508,550.40,0.000,0.000,64.0
1782240671.953,2026-06-23T19:51:11,0.505,550.40,9.084,5.000,64.0
1782240676.058,2026-06-23T19:51:16,0.506,550.40,0.000,0.000,64.0
1782240680.145,2026-06-23T19:51:20,0.541,550.40,-18.170,-10.001,64.0
1782240684.238,2026-06-23T19:51:24,0.514,550.40,-9.084,-5.000,64.0
1782240688.336,2026-06-23T19:51:28,0.512,550.40,0.000,0.000,64.0
1782240692.427,2026-06-23T19:51:32,0.608,550.40,9.084,5.000,64.0
1782240696.521,2026-06-23T19:51:36,0.506,550.40,0.000,0.000,64.0
1782240700.624,2026-06-23T19:51:40,0.514,550.40,9.084,5.000,64.0
1782240704.722,2026-06-23T19:51:44,0.508,550.40,0.000,0.000,64.0
1782240708.774,2026-06-23T19:51:48,0.505,550.40,9.084,5.000,64.0
1782240712.866,2026-06-23T19:51:52,0.518,550.40,18.170,10.001,64.0
1782240716.958,2026-06-23T19:51:56,0.507,550.40,0.000,0.000,64.0
1782240721.057,2026-06-23T19:52:01,0.514,550.40,9.084,5.000,64.0
1782240725.144,2026-06-23T19:52:05,0.494,550.40,0.000,0.000,64.0
1782240729.231,2026-06-23T19:52:09,0.577,550.40,9.084,5.000,64.0
1782240733.321,2026-06-23T19:52:13,0.519,550.40,0.000,0.000,64.0
1782240737.424,2026-06-23T19:52:17,0.572,550.40,9.084,5.000,64.0
1782240741.527,2026-06-23T19:52:21,0.643,550.40,0.000,0.000,64.0
1782240745.626,2026-06-23T19:52:25,0.654,550.40,9.084,5.000,64.0
1782240749.579,2026-06-23T19:52:29,0.520,550.40,0.000,0.000,64.0
1782240753.674,2026-06-23T19:52:33,0.615,550.40,9.084,5.000,64.0
1782240757.767,2026-06-23T19:52:37,0.551,550.40,0.000,0.000,64.0
1782240761.863,2026-06-23T19:52:41,0.509,550.40,9.084,5.000,64.0
1782240765.962,2026-06-23T19:52:45,0.542,550.40,18.170,10.001,64.0
1782240770.064,2026-06-23T19:52:50,0.601,550.40,0.000,0.000,64.0
1782240774.060,2026-06-23T19:52:54,0.520,550.40,9.084,5.000,64.0
1782240778.159,2026-06-23T19:52:58,0.521,550.40,0.000,0.000,64.0
1782240782.206,2026-06-23T19:53:02,0.652,550.40,9.084,5.000,64.0
1782240786.304,2026-06-23T19:53:06,0.620,550.40,0.000,0.000,64.0
1782240790.404,2026-06-23T19:53:10,0.534,550.40,9.084,5.000,64.0
1782240794.500,2026-06-23T19:53:14,0.668,550.40,0.000,0.000,64.0
1782240798.499,2026-06-23T19:53:18,0.538,550.40,9.084,5.000,64.0
1782240802.508,2026-06-23T19:53:22,0.498,550.40,0.000,0.000,64.0
1782240806.621,2026-06-23T19:53:26,0.500,550.40,9.084,5.000,64.0
1782240810.725,2026-06-23T19:53:30,0.504,550.40,0.000,0.000,64.0
1782240814.680,2026-06-23T19:53:34,0.549,550.40,9.084,5.000,64.0
1782240818.776,2026-06-23T19:53:38,0.512,550.40,18.170,10.001,64.0
1782240822.870,2026-06-23T19:53:42,0.511,550.40,0.000,0.000,64.0
1782240826.963,2026-06-23T19:53:46,0.542,550.40,9.084,5.000,64.0
1782240831.062,2026-06-23T19:53:51,0.513,550.40,0.000,0.000,64.0
1782240835.154,2026-06-23T19:53:55,0.515,550.40,9.084,5.000,64.0
1782240839.250,2026-06-23T19:53:59,0.501,550.40,0.000,0.000,64.0
1782240843.342,2026-06-23T19:54:03,0.508,550.40,9.084,5.000,64.0
1782240847.445,2026-06-23T19:54:07,0.513,550.40,0.000,0.000,64.0
1782240851.395,2026-06-23T19:54:11,0.512,550.40,9.084,5.000,64.0
1782240855.493,2026-06-23T19:54:15,0.562,550.40,0.000,0.000,64.0
1782240859.585,2026-06-23T19:54:19,0.503,550.40,9.084,5.000,64.0
1782240863.681,2026-06-23T19:54:23,0.502,550.40,0.000,0.000,64.0
1782240867.786,2026-06-23T19:54:27,0.525,550.40,9.084,5.000,64.0
1782240871.782,2026-06-23T19:54:31,0.507,550.40,0.000,0.000,64.0
1782240875.874,2026-06-23T19:54:35,0.594,550.40,9.084,5.000,64.0
1782240879.969,2026-06-23T19:54:39,0.493,550.40,0.000,0.000,64.0
1782240884.022,2026-06-23T19:54:44,0.547,550.40,9.084,5.000,64.0
1782240888.118,2026-06-23T19:54:48,0.505,550.40,0.000,0.000,64.0
1782240892.214,2026-06-23T19:54:52,0.518,550.40,9.084,5.000,64.0
1782240896.315,2026-06-23T19:54:56,0.517,550.40,0.000,0.000,64.0
1782240900.316,2026-06-23T19:55:00,0.520,550.40,9.084,5.000,64.0
1782240904.412,2026-06-23T19:55:04,0.501,550.40,0.000,0.000,64.0
1782240908.508,2026-06-23T19:55:08,0.539,550.40,9.084,5.000,64.0
1782240912.596,2026-06-23T19:55:12,0.499,550.40,0.000,0.000,64.0
1782240916.692,2026-06-23T19:55:16,0.521,550.40,9.084,5.000,64.0
1782240920.748,2026-06-23T19:55:20,0.517,550.40,0.000,0.000,64.0
1782240924.838,2026-06-23T19:55:24,0.559,550.40,-18.170,-10.001,64.0
1782240928.929,2026-06-23T19:55:28,0.515,550.40,-9.084,-5.000,64.0
1782240933.022,2026-06-23T19:55:33,0.516,550.40,0.000,0.000,64.0
1782240937.117,2026-06-23T19:55:37,0.510,550.40,9.084,5.000,64.0
1782240941.222,2026-06-23T19:55:41,0.609,550.40,0.000,0.000,64.0
1782240945.223,2026-06-23T19:55:45,0.502,550.40,9.084,5.000,64.0
1782240949.321,2026-06-23T19:55:49,0.613,550.40,0.000,0.000,64.0
1782240953.425,2026-06-23T19:55:53,0.513,550.40,9.084,5.000,64.0
1782240957.381,2026-06-23T19:55:57,0.507,550.40,0.000,0.000,64.0
1782240961.475,2026-06-23T19:56:01,0.623,550.40,-18.170,-10.001,64.0
1782240965.570,2026-06-23T19:56:05,0.611,550.40,-9.084,-5.000,64.0
1782240969.672,2026-06-23T19:56:09,0.509,550.40,0.000,0.000,64.0
1782240973.766,2026-06-23T19:56:13,0.515,550.40,9.084,5.000,64.0
1782240977.860,2026-06-23T19:56:17,0.644,550.40,0.000,0.000,64.0
1782240981.958,2026-06-23T19:56:21,0.515,550.40,9.084,5.000,64.0
1782240986.053,2026-06-23T19:56:26,0.539,550.40,0.000,0.000,64.0
1782240990.143,2026-06-23T19:56:30,0.712,550.40,9.084,5.000,64.0
1782240994.198,2026-06-23T19:56:34,0.542,550.40,0.000,0.000,64.0
1782240998.292,2026-06-23T19:56:38,0.567,550.40,9.084,5.000,64.0
1782241002.384,2026-06-23T19:56:42,0.508,550.40,0.000,0.000,64.0
1782241006.486,2026-06-23T19:56:46,0.529,550.40,9.084,5.000,64.0
1782241010.477,2026-06-23T19:56:50,0.504,550.40,0.000,0.000,64.0
1782241014.479,2026-06-23T19:56:54,0.596,550.40,9.084,5.000,64.0
1782241018.572,2026-06-23T19:56:58,0.544,550.40,0.000,0.000,64.0
1782241022.663,2026-06-23T19:57:02,0.514,550.40,9.084,5.000,64.0
1782241026.713,2026-06-23T19:57:06,0.510,550.40,18.170,10.001,64.0
1782241030.807,2026-06-23T19:57:10,0.502,550.40,0.000,0.000,64.0
1782241034.905,2026-06-23T19:57:14,0.510,550.40,-18.170,-10.001,64.0
1782241038.995,2026-06-23T19:57:18,0.512,550.40,-9.084,-5.000,64.0
1782241043.089,2026-06-23T19:57:23,0.542,550.40,0.000,0.000,64.0
1782241047.186,2026-06-23T19:57:27,0.512,550.40,9.084,5.000,64.0
1782241051.277,2026-06-23T19:57:31,0.702,550.40,0.000,0.000,64.0
1782241055.374,2026-06-23T19:57:35,0.543,550.40,9.084,5.000,64.0
1782241059.474,2026-06-23T19:57:39,0.505,550.40,0.000,0.000,64.0
1782241063.566,2026-06-23T19:57:43,0.505,550.40,9.084,5.000,64.0
1782241067.627,2026-06-23T19:57:47,0.561,550.40,0.000,0.000,64.0
1782241071.624,2026-06-23T19:57:51,0.553,550.40,-18.170,-10.001,64.0
1782241075.720,2026-06-23T19:57:55,0.586,550.40,-9.084,-5.000,64.0
1782241079.816,2026-06-23T19:57:59,0.572,550.40,0.000,0.000,64.0
1782241083.910,2026-06-23T19:58:03,0.593,550.40,9.084,5.000,64.0
1782241088.009,2026-06-23T19:58:08,0.549,550.40,0.000,0.000,64.0
1782241092.097,2026-06-23T19:58:12,0.514,550.40,9.084,5.000,64.0
1782241096.188,2026-06-23T19:58:16,0.603,550.40,0.000,0.000,64.0
1782241100.284,2026-06-23T19:58:20,0.539,550.40,9.084,5.000,64.0
1782241104.336,2026-06-23T19:58:24,0.498,550.40,0.000,0.000,64.0
1782241108.433,2026-06-23T19:58:28,0.507,550.40,9.084,5.000,64.0
1782241112.528,2026-06-23T19:58:32,0.563,550.40,0.000,0.000,64.0
1782241116.622,2026-06-23T19:58:36,0.509,550.40,9.084,5.000,64.0
1782241120.720,2026-06-23T19:58:40,0.503,550.40,0.000,0.000,64.0
1782241124.820,2026-06-23T19:58:44,0.620,550.40,9.084,5.000,64.0
1782241128.919,2026-06-23T19:58:48,0.596,550.40,0.000,0.000,64.0
1782241133.014,2026-06-23T19:58:53,0.504,550.40,9.084,5.000,64.0
1782241137.109,2026-06-23T19:58:57,0.502,550.40,0.000,0.000,64.0
1782241141.198,2026-06-23T19:59:01,0.708,550.40,9.084,5.000,64.0
1782241145.244,2026-06-23T19:59:05,0.512,550.40,0.000,0.000,64.0
1782241149.341,2026-06-23T19:59:09,0.515,550.40,9.084,5.000,64.0
1782241153.350,2026-06-23T19:59:13,0.517,550.40,18.170,10.001,64.0
1782241157.349,2026-06-23T19:59:17,0.514,550.40,0.000,0.000,64.0
1782241161.444,2026-06-23T19:59:21,0.515,550.40,9.084,5.000,64.0
1782241165.541,2026-06-23T19:59:25,0.533,550.40,0.000,0.000,64.0
1782241169.647,2026-06-23T19:59:29,0.639,550.40,9.084,5.000,64.0
1782241173.745,2026-06-23T19:59:33,0.582,550.40,0.000,0.000,64.0
1782241177.794,2026-06-23T19:59:37,0.515,550.40,9.084,5.000,64.0
1782241181.896,2026-06-23T19:59:41,0.517,550.40,18.170,10.001,64.0
1782241185.893,2026-06-23T19:59:45,0.545,550.40,0.000,0.000,64.0
1782241189.986,2026-06-23T19:59:49,0.547,550.40,9.084,5.000,64.0
1782241194.074,2026-06-23T19:59:54,0.725,550.40,0.000,0.000,64.0
1782241198.166,2026-06-23T19:59:58,0.594,550.40,9.084,5.000,64.0
1782241202.266,2026-06-23T20:00:02,0.498,550.40,0.000,0.000,64.0
1782241206.363,2026-06-23T20:00:06,0.521,550.40,9.084,5.000,64.0
1782241210.455,2026-06-23T20:00:10,0.501,550.40,0.000,0.000,64.0
1782241214.503,2026-06-23T20:00:14,0.604,550.40,9.084,5.000,64.0
1782241218.596,2026-06-23T20:00:18,0.503,550.40,0.000,0.000,64.0
1782241222.695,2026-06-23T20:00:22,0.568,550.40,9.084,5.000,64.0
1782241226.794,2026-06-23T20:00:26,0.505,550.40,0.000,0.000,64.0
1782241230.889,2026-06-23T20:00:30,0.506,550.40,9.084,5.000,64.0
1782241234.983,2026-06-23T20:00:34,0.507,550.40,0.000,0.000,64.0
1782241239.074,2026-06-23T20:00:39,0.512,550.40,9.084,5.000,64.0
1782241243.170,2026-06-23T20:00:43,0.581,550.40,0.000,0.000,64.0
1782241247.266,2026-06-23T20:00:47,0.619,550.40,9.084,5.000,64.0
1782241251.370,2026-06-23T20:00:51,0.512,550.40,0.000,0.000,64.0
1782241255.324,2026-06-23T20:00:55,0.507,550.40,9.084,5.000,64.0
1782241259.423,2026-06-23T20:00:59,0.518,550.40,18.170,10.001,64.0
1782241263.523,2026-06-23T20:01:03,0.648,550.40,0.000,0.000,64.0
1782241267.619,2026-06-23T20:01:07,0.510,550.40,-18.170,-10.001,64.0
1782241271.622,2026-06-23T20:01:11,0.622,550.40,-9.084,-5.000,64.0
1782241275.628,2026-06-23T20:01:15,0.497,550.40,0.000,0.000,64.0
1782241279.732,2026-06-23T20:01:19,0.543,550.40,9.084,5.000,64.0
1782241283.698,2026-06-23T20:01:23,0.503,550.40,0.000,0.000,64.0
1782241287.701,2026-06-23T20:01:27,0.534,550.40,-18.170,-10.001,64.0
1782241291.807,2026-06-23T20:01:31,0.563,550.40,-9.084,-5.000,64.0
1782241295.805,2026-06-23T20:01:35,0.516,550.40,0.000,0.000,64.0
1782241299.807,2026-06-23T20:01:39,0.511,550.40,9.084,5.000,64.0
1782241303.908,2026-06-23T20:01:43,0.500,550.40,0.000,0.000,64.0
1782241307.859,2026-06-23T20:01:47,0.508,550.40,9.084,5.000,64.0
1782241311.957,2026-06-23T20:01:51,0.513,550.40,18.170,10.001,64.0
1782241315.958,2026-06-23T20:01:55,0.592,550.40,0.000,0.000,64.0
1782241319.955,2026-06-23T20:01:59,0.515,550.40,9.084,5.000,64.0
1782241324.059,2026-06-23T20:02:04,0.546,550.40,0.000,0.000,64.0
1782241328.153,2026-06-23T20:02:08,0.611,550.40,9.084,5.000,64.0
1782241332.260,2026-06-23T20:02:12,0.515,550.40,0.000,0.000,64.0
1782241336.210,2026-06-23T20:02:16,0.504,550.40,9.084,5.000,64.0
1782241340.304,2026-06-23T20:02:20,0.499,550.40,0.000,0.000,64.0
1782241344.399,2026-06-23T20:02:24,0.615,550.40,9.084,5.000,64.0
1782241348.499,2026-06-23T20:02:28,0.498,550.40,0.000,0.000,64.0
1782241352.588,2026-06-23T20:02:32,0.554,550.40,9.084,5.000,64.0
1782241356.683,2026-06-23T20:02:36,0.580,550.40,0.000,0.000,64.0
1782241360.677,2026-06-23T20:02:40,0.520,550.40,9.084,5.000,64.0
1782241364.774,2026-06-23T20:02:44,0.587,550.40,0.000,0.000,64.0
1782241368.824,2026-06-23T20:02:48,0.572,550.40,9.084,5.000,64.0
1782241372.923,2026-06-23T20:02:52,0.500,550.40,0.000,0.000,64.0
1782241377.022,2026-06-23T20:02:57,0.505,550.40,9.084,5.000,64.0
1782241381.028,2026-06-23T20:03:01,0.543,550.40,0.000,0.000,64.0
1782241385.024,2026-06-23T20:03:05,0.508,550.40,9.084,5.000,64.0
1782241389.117,2026-06-23T20:03:09,0.499,550.40,0.000,0.000,64.0
1782241393.211,2026-06-23T20:03:13,0.520,550.40,9.084,5.000,64.0
1782241397.310,2026-06-23T20:03:17,0.519,550.40,0.000,0.000,64.0
1782241401.358,2026-06-23T20:03:21,0.508,550.40,9.084,5.000,64.0
1782241405.459,2026-06-23T20:03:25,0.514,550.40,0.000,0.000,64.0
1782241409.454,2026-06-23T20:03:29,0.533,550.40,-18.170,-10.001,64.0
1782241413.557,2026-06-23T20:03:33,0.520,550.40,-9.084,-5.000,64.0
1782241417.559,2026-06-23T20:03:37,0.729,550.40,0.000,0.000,64.0
1782241421.566,2026-06-23T20:03:41,0.633,550.40,9.084,5.000,64.0
1782241425.663,2026-06-23T20:03:45,0.499,550.40,0.000,0.000,64.0
1782241429.619,2026-06-23T20:03:49,0.521,550.40,9.084,5.000,64.0
1782241433.714,2026-06-23T20:03:53,0.506,550.40,18.170,10.001,64.0
1782241437.849,2026-06-23T20:03:57,0.511,550.40,0.000,0.000,64.0
1782241441.842,2026-06-23T20:04:01,0.622,550.40,-18.170,-10.001,64.0
1782241445.932,2026-06-23T20:04:05,0.516,550.40,-9.084,-5.000,64.0
1782241450.024,2026-06-23T20:04:10,0.634,550.40,0.000,0.000,64.0
1782241454.119,2026-06-23T20:04:14,0.535,550.40,9.084,5.000,64.0
1782241458.217,2026-06-23T20:04:18,0.517,550.40,0.000,0.000,64.0
1782241462.271,2026-06-23T20:04:22,0.515,550.40,9.084,5.000,64.0
1782241466.361,2026-06-23T20:04:26,0.498,550.40,18.170,10.001,64.0
1782241470.459,2026-06-23T20:04:30,0.522,550.40,0.000,0.000,64.0
1782241474.555,2026-06-23T20:04:34,0.510,550.40,9.084,5.000,64.0
1782241478.664,2026-06-23T20:04:38,0.521,550.40,0.000,0.000,64.0
1782241482.663,2026-06-23T20:04:42,0.518,550.40,9.084,5.000,64.0
1782241486.761,2026-06-23T20:04:46,0.500,550.40,0.000,0.000,64.0
1782241490.852,2026-06-23T20:04:50,0.508,550.40,9.084,5.000,64.0
1782241494.950,2026-06-23T20:04:54,0.622,550.40,0.000,0.000,64.0
1782241499.000,2026-06-23T20:04:59,0.714,550.40,9.084,5.000,64.0
1782241503.092,2026-06-23T20:05:03,0.509,550.40,0.000,0.000,64.0
1782241507.181,2026-06-23T20:05:07,0.550,550.40,9.084,5.000,64.0
1782241511.271,2026-06-23T20:05:11,0.527,550.40,0.000,0.000,64.0
1782241515.367,2026-06-23T20:05:15,0.583,550.40,9.084,5.000,64.0
1782241519.486,2026-06-23T20:05:19,0.509,550.40,18.170,10.001,64.0
1782241523.482,2026-06-23T20:05:23,0.541,550.40,0.000,0.000,64.0
1782241527.581,2026-06-23T20:05:27,0.652,550.40,9.084,5.000,64.0
1782241531.683,2026-06-23T20:05:31,0.601,550.40,0.000,0.000,64.0
1782241535.636,2026-06-23T20:05:35,0.604,550.40,9.084,5.000,64.0
1782241539.740,2026-06-23T20:05:39,0.615,550.40,18.170,10.001,64.0
1782241543.743,2026-06-23T20:05:43,0.501,550.40,0.000,0.000,64.0
1782241547.743,2026-06-23T20:05:47,0.604,550.40,-18.170,-10.001,64.0
1782241551.846,2026-06-23T20:05:51,0.505,550.40,-9.084,-5.000,64.0
1782241555.955,2026-06-23T20:05:55,0.499,550.40,0.000,0.000,64.0
1782241560.051,2026-06-23T20:06:00,0.506,550.40,9.084,5.000,64.0
1782241564.104,2026-06-23T20:06:04,0.598,550.40,0.000,0.000,64.0
1782241568.106,2026-06-23T20:06:08,0.600,550.40,-18.170,-10.001,64.0
1782241572.106,2026-06-23T20:06:12,0.558,550.40,-9.084,-5.000,64.0
1782241576.202,2026-06-23T20:06:16,0.504,550.40,0.000,0.000,64.0
1782241580.302,2026-06-23T20:06:20,0.646,550.40,9.084,5.000,64.0
1782241584.394,2026-06-23T20:06:24,0.608,550.40,0.000,0.000,64.0
1782241588.488,2026-06-23T20:06:28,0.632,550.40,9.084,5.000,64.0
1782241592.589,2026-06-23T20:06:32,0.597,550.40,0.000,0.000,64.0
1782241596.643,2026-06-23T20:06:36,0.586,550.40,9.084,5.000,64.0
1782241600.646,2026-06-23T20:06:40,0.555,550.40,0.000,0.000,64.0
1782241604.650,2026-06-23T20:06:44,0.558,550.40,9.084,5.000,64.0
1782241608.647,2026-06-23T20:06:48,0.559,550.40,0.000,0.000,64.0
1782241612.750,2026-06-23T20:06:52,0.658,550.40,9.084,5.000,64.0
1782241616.850,2026-06-23T20:06:56,0.543,550.40,0.000,0.000,64.0
1782241620.949,2026-06-23T20:07:00,0.617,550.40,9.084,5.000,64.0
1782241624.998,2026-06-23T20:07:04,0.500,550.40,0.000,0.000,64.0
1782241629.095,2026-06-23T20:07:09,0.528,550.40,9.084,5.000,64.0
1782241633.196,2026-06-23T20:07:13,0.583,550.40,0.000,0.000,64.0
1782241637.292,2026-06-23T20:07:17,0.596,550.40,9.084,5.000,64.0
1782241641.381,2026-06-23T20:07:21,0.538,550.40,0.000,0.000,64.0
1782241645.478,2026-06-23T20:07:25,0.706,550.40,9.084,5.000,64.0
1782241649.571,2026-06-23T20:07:29,0.509,550.40,0.000,0.000,64.0
1782241653.671,2026-06-23T20:07:33,0.512,550.40,9.084,5.000,64.0
1782241657.767,2026-06-23T20:07:37,0.501,550.40,0.000,0.000,64.0
1782241661.871,2026-06-23T20:07:41,0.504,550.40,9.084,5.000,64.0
1782241665.821,2026-06-23T20:07:45,0.501,550.40,0.000,0.000,64.0
1782241669.915,2026-06-23T20:07:49,0.506,550.40,9.084,5.000,64.0
1782241673.919,2026-06-23T20:07:53,0.563,550.40,0.000,0.000,64.0
1782241678.013,2026-06-23T20:07:58,0.504,550.40,9.084,5.000,64.0
1782241682.107,2026-06-23T20:08:02,0.516,550.40,0.000,0.000,64.0
1782241686.197,2026-06-23T20:08:06,0.513,550.40,9.084,5.000,64.0
1782241690.299,2026-06-23T20:08:10,0.522,550.40,0.000,0.000,64.0
1782241694.402,2026-06-23T20:08:14,0.527,550.40,9.084,5.000,64.0
1782241698.363,2026-06-23T20:08:18,0.570,550.40,0.000,0.000,64.0
1782241702.367,2026-06-23T20:08:22,0.508,550.40,-18.170,-10.001,64.0
1782241706.369,2026-06-23T20:08:26,0.515,550.40,-9.084,-5.000,64.0
1782241710.471,2026-06-23T20:08:30,0.743,550.40,0.000,0.000,64.0
1782241714.562,2026-06-23T20:08:34,0.585,550.40,9.084,5.000,64.0
1782241718.656,2026-06-23T20:08:38,0.626,550.40,0.000,0.000,64.0
1782241722.753,2026-06-23T20:08:42,0.500,550.40,9.084,5.000,64.0
1782241726.711,2026-06-23T20:08:46,0.507,550.40,0.000,0.000,64.0
1782241730.715,2026-06-23T20:08:50,0.516,550.40,9.084,5.000,64.0
1782241734.718,2026-06-23T20:08:54,0.513,550.40,0.000,0.000,64.0
1782241738.722,2026-06-23T20:08:58,0.586,550.40,9.084,5.000,64.0
1782241742.823,2026-06-23T20:09:02,0.509,550.40,0.000,0.000,64.0
1782241746.921,2026-06-23T20:09:06,0.587,550.40,9.084,5.000,64.0
1782241750.982,2026-06-23T20:09:10,0.513,550.40,0.000,0.000,64.0
1782241754.984,2026-06-23T20:09:14,0.521,550.40,9.084,5.000,64.0
1782241758.987,2026-06-23T20:09:18,0.604,550.40,0.000,0.000,64.0
1782241762.990,2026-06-23T20:09:22,0.520,550.40,9.084,5.000,64.0
1782241766.991,2026-06-23T20:09:26,0.512,550.40,0.000,0.000,64.0
1782241771.093,2026-06-23T20:09:31,0.520,550.40,9.084,5.000,64.0
1782241775.051,2026-06-23T20:09:35,0.513,550.40,0.000,0.000,64.0
1782241779.055,2026-06-23T20:09:39,0.541,550.40,9.084,5.000,64.0
1782241783.055,2026-06-23T20:09:43,0.600,550.40,0.000,0.000,64.0
1782241787.055,2026-06-23T20:09:47,0.504,550.40,9.084,5.000,64.0
1782241791.156,2026-06-23T20:09:51,0.702,550.40,0.000,0.000,64.0
1782241795.257,2026-06-23T20:09:55,0.720,550.40,9.084,5.000,64.0
1782241799.316,2026-06-23T20:09:59,0.594,550.40,0.000,0.000,64.0
1782241803.416,2026-06-23T20:10:03,0.626,550.40,9.084,5.000,64.0
1782241807.513,2026-06-23T20:10:07,0.694,550.40,0.000,0.000,64.0
1782241811.610,2026-06-23T20:10:11,0.616,550.40,9.084,5.000,64.0
1782241815.607,2026-06-23T20:10:15,0.562,550.40,0.000,0.000,64.0
1782241819.699,2026-06-23T20:10:19,0.546,550.40,9.084,5.000,64.0
1782241823.794,2026-06-23T20:10:23,0.626,550.40,0.000,0.000,64.0
1782241827.894,2026-06-23T20:10:27,0.559,550.40,9.084,5.000,64.0
1782241831.999,2026-06-23T20:10:31,0.501,550.40,0.000,0.000,64.0
1782241835.954,2026-06-23T20:10:35,0.521,550.40,9.084,5.000,64.0
1782241840.048,2026-06-23T20:10:40,0.528,550.40,0.000,0.000,64.0
1782241844.155,2026-06-23T20:10:44,0.514,550.40,9.084,5.000,64.0
1782241848.158,2026-06-23T20:10:48,0.503,550.40,0.000,0.000,64.0
1782241852.162,2026-06-23T20:10:52,0.560,550.40,9.084,5.000,64.0
1782241856.260,2026-06-23T20:10:56,0.511,550.40,0.000,0.000,64.0
1782241860.350,2026-06-23T20:11:00,0.511,550.40,9.084,5.000,64.0
1782241864.403,2026-06-23T20:11:04,0.546,550.40,0.000,0.000,64.0
1782241868.500,2026-06-23T20:11:08,0.592,550.40,-18.170,-10.001,64.0
1782241872.589,2026-06-23T20:11:12,0.599,550.40,-9.084,-5.000,64.0
1782241876.684,2026-06-23T20:11:16,0.504,550.40,0.000,0.000,64.0
1782241880.775,2026-06-23T20:11:20,0.595,550.40,9.084,5.000,64.0
1782241884.868,2026-06-23T20:11:24,0.597,550.40,0.000,0.000,64.0
1782241888.960,2026-06-23T20:11:28,0.529,550.40,9.084,5.000,64.0
1782241893.053,2026-06-23T20:11:33,0.504,550.40,0.000,0.000,64.0
1782241897.143,2026-06-23T20:11:37,0.595,550.40,9.084,5.000,64.0
1782241901.236,2026-06-23T20:11:41,0.503,550.40,0.000,0.000,64.0
1782241905.193,2026-06-23T20:11:45,0.512,550.40,9.084,5.000,64.0
1782241909.292,2026-06-23T20:11:49,0.693,550.40,0.000,0.000,64.0
1782241913.388,2026-06-23T20:11:53,0.643,550.40,9.084,5.000,64.0
1782241917.391,2026-06-23T20:11:57,0.621,550.40,0.000,0.000,64.0
1782241921.395,2026-06-23T20:12:01,0.661,550.40,9.084,5.000,64.0
1782241925.496,2026-06-23T20:12:05,0.517,550.40,0.000,0.000,64.0
1782241929.595,2026-06-23T20:12:09,0.500,550.40,9.084,5.000,64.0
1782241933.648,2026-06-23T20:12:13,0.543,550.40,0.000,0.000,64.0
1782241937.650,2026-06-23T20:12:17,0.658,550.40,9.084,5.000,64.0
1782241941.748,2026-06-23T20:12:21,0.565,550.40,0.000,0.000,64.0
1782241945.843,2026-06-23T20:12:25,0.627,550.40,9.084,5.000,64.0
1782241949.940,2026-06-23T20:12:29,0.545,550.40,0.000,0.000,64.0
1782241954.039,2026-06-23T20:12:34,0.504,550.40,9.084,5.000,64.0
1782241958.132,2026-06-23T20:12:38,0.495,550.40,0.000,0.000,64.0
1782241962.227,2026-06-23T20:12:42,0.515,550.40,9.084,5.000,64.0
1782241966.321,2026-06-23T20:12:46,0.569,550.40,0.000,0.000,64.0
1782241970.367,2026-06-23T20:12:50,0.545,550.40,9.084,5.000,64.0
1782241974.466,2026-06-23T20:12:54,0.521,550.40,18.170,10.001,64.0
1782241978.572,2026-06-23T20:12:58,0.610,550.40,0.000,0.000,64.0
1782241982.568,2026-06-23T20:13:02,0.587,550.40,-18.170,-10.001,64.0
1782241986.664,2026-06-23T20:13:06,0.504,550.40,-9.084,-5.000,64.0
1782241990.763,2026-06-23T20:13:10,0.507,550.40,0.000,0.000,64.0
1782241994.860,2026-06-23T20:13:14,0.499,550.40,9.084,5.000,64.0
1782241998.956,2026-06-23T20:13:18,0.583,550.40,0.000,0.000,64.0
1782242003.053,2026-06-23T20:13:23,0.575,550.40,9.084,5.000,64.0
1782242007.113,2026-06-23T20:13:27,0.498,550.40,0.000,0.000,64.0
1782242011.114,2026-06-23T20:13:31,0.508,550.40,-18.170,-10.001,64.0
1782242015.202,2026-06-23T20:13:35,0.634,550.40,-9.084,-5.000,64.0
1782242019.296,2026-06-23T20:13:39,0.501,550.40,0.000,0.000,64.0
1782242023.389,2026-06-23T20:13:43,0.532,550.40,9.084,5.000,64.0
1782242027.482,2026-06-23T20:13:47,0.538,550.40,0.000,0.000,64.0
1782242031.580,2026-06-23T20:13:51,0.554,550.40,9.084,5.000,64.0
1782242035.671,2026-06-23T20:13:55,0.515,550.40,0.000,0.000,64.0
1782242039.761,2026-06-23T20:13:59,0.557,550.40,9.084,5.000,64.0
1782242043.816,2026-06-23T20:14:03,0.498,550.40,0.000,0.000,64.0
1782242047.915,2026-06-23T20:14:07,0.585,550.40,9.084,5.000,64.0
1782242052.011,2026-06-23T20:14:12,0.626,550.40,0.000,0.000,64.0
1782242056.008,2026-06-23T20:14:16,0.554,550.40,9.084,5.000,64.0
1782242060.108,2026-06-23T20:14:20,0.629,550.40,0.000,0.000,64.0
1782242064.105,2026-06-23T20:14:24,0.505,550.40,9.084,5.000,64.0
1782242068.205,2026-06-23T20:14:28,0.671,550.40,0.000,0.000,64.0
1782242072.299,2026-06-23T20:14:32,0.612,550.40,9.084,5.000,64.0
1782242076.257,2026-06-23T20:14:36,0.574,550.40,0.000,0.000,64.0
1782242080.355,2026-06-23T20:14:40,0.519,550.40,9.084,5.000,64.0
1782242084.354,2026-06-23T20:14:44,0.554,550.40,0.000,0.000,64.0
1782242088.451,2026-06-23T20:14:48,0.513,550.40,9.084,5.000,64.0
1782242092.556,2026-06-23T20:14:52,0.611,550.40,0.000,0.000,64.0
1782242096.552,2026-06-23T20:14:56,0.557,550.40,-18.170,-10.001,64.0
1782242100.652,2026-06-23T20:15:00,0.549,550.40,-9.084,-5.000,64.0
1782242104.708,2026-06-23T20:15:04,0.507,550.40,0.000,0.000,64.0
1782242108.812,2026-06-23T20:15:08,0.581,550.40,9.084,5.000,64.0
1782242112.823,2026-06-23T20:15:12,0.598,550.40,0.000,0.000,64.0
1782242116.831,2026-06-23T20:15:16,0.501,550.40,-18.170,-10.001,64.0
1782242120.834,2026-06-23T20:15:20,0.554,550.40,-9.084,-5.000,64.0
1782242124.930,2026-06-23T20:15:24,0.501,550.40,0.000,0.000,64.0
1782242129.028,2026-06-23T20:15:29,0.533,550.40,9.084,5.000,64.0
1782242133.079,2026-06-23T20:15:33,0.592,550.40,0.000,0.000,64.0
1782242137.172,2026-06-23T20:15:37,0.602,550.40,-18.170,-10.001,64.0
1782242141.276,2026-06-23T20:15:41,0.543,550.40,-9.084,-5.000,64.0
1782242145.283,2026-06-23T20:15:45,0.519,550.40,0.000,0.000,64.0
1782242149.322,2026-06-23T20:15:49,0.616,550.40,9.084,5.000,64.0
1782242153.317,2026-06-23T20:15:53,0.505,550.40,0.000,0.000,64.0
1782242157.409,2026-06-23T20:15:57,0.507,550.40,9.084,5.000,64.0
1782242161.508,2026-06-23T20:16:01,0.526,550.40,0.000,0.000,64.0
1782242165.464,2026-06-23T20:16:05,0.511,550.40,9.084,5.000,64.0
1782242169.555,2026-06-23T20:16:09,0.561,550.40,0.000,0.000,64.0
1782242173.652,2026-06-23T20:16:13,0.671,550.40,9.084,5.000,64.0
1782242177.750,2026-06-23T20:16:17,0.504,550.40,0.000,0.000,64.0
1782242181.848,2026-06-23T20:16:21,0.597,550.40,9.084,5.000,64.0
1782242185.945,2026-06-23T20:16:25,0.496,550.40,0.000,0.000,64.0
1782242190.037,2026-06-23T20:16:30,0.583,550.40,9.084,5.000,64.0
1782242194.136,2026-06-23T20:16:34,0.509,550.40,0.000,0.000,64.0
1782242198.233,2026-06-23T20:16:38,0.530,550.40,9.084,5.000,64.0
1782242202.284,2026-06-23T20:16:42,0.527,550.40,0.000,0.000,64.0
1782242206.376,2026-06-23T20:16:46,0.512,550.40,9.084,5.000,64.0
1782242210.475,2026-06-23T20:16:50,0.547,550.40,0.000,0.000,64.0
1782242214.568,2026-06-23T20:16:54,0.527,550.40,9.084,5.000,64.0
1782242218.668,2026-06-23T20:16:58,0.621,550.40,0.000,0.000,64.0
1782242222.765,2026-06-23T20:17:02,0.640,550.40,9.084,5.000,64.0
1782242226.862,2026-06-23T20:17:06,0.512,550.40,0.000,0.000,64.0
1782242230.954,2026-06-23T20:17:10,0.556,550.40,9.084,5.000,64.0
1782242235.044,2026-06-23T20:17:15,0.504,550.40,0.000,0.000,64.0
1782242239.142,2026-06-23T20:17:19,0.504,550.40,9.084,5.000,64.0
1782242243.199,2026-06-23T20:17:23,0.723,550.40,0.000,0.000,64.0
1782242247.195,2026-06-23T20:17:27,0.506,550.40,-18.170,-10.001,64.0
1782242251.292,2026-06-23T20:17:31,0.518,550.40,-9.084,-5.000,64.0
1782242255.382,2026-06-23T20:17:35,0.505,550.40,0.000,0.000,64.0
1782242259.482,2026-06-23T20:17:39,0.519,550.40,9.084,5.000,64.0
1782242263.576,2026-06-23T20:17:43,0.510,550.40,0.000,0.000,64.0
1782242267.681,2026-06-23T20:17:47,0.517,550.40,9.084,5.000,64.0
1782242271.778,2026-06-23T20:17:51,0.545,550.40,0.000,0.000,64.0
1782242275.876,2026-06-23T20:17:55,0.515,550.40,9.084,5.000,64.0
1782242279.933,2026-06-23T20:17:59,0.522,550.40,0.000,0.000,64.0
1782242284.030,2026-06-23T20:18:04,0.622,550.40,9.084,5.000,65.0
1782242288.120,2026-06-23T20:18:08,0.634,550.40,0.000,0.000,65.0
1782242292.210,2026-06-23T20:18:12,0.503,550.40,0.000,0.000,65.0
1782242296.300,2026-06-23T20:18:16,0.544,550.40,0.000,0.000,65.0
1782242300.382,2026-06-23T20:18:20,0.582,550.40,0.000,0.000,65.0
1782242304.471,2026-06-23T20:18:24,0.569,550.40,0.000,0.000,65.0
1782242308.558,2026-06-23T20:18:28,0.572,550.40,0.000,0.000,65.0
1782242312.642,2026-06-23T20:18:32,0.508,550.40,0.000,0.000,65.0
1782242316.725,2026-06-23T20:18:36,0.638,550.40,0.000,0.000,65.0
1782242320.765,2026-06-23T20:18:40,0.698,550.40,0.000,0.000,65.0
1782242324.850,2026-06-23T20:18:44,0.589,550.40,0.000,0.000,65.0
1782242328.937,2026-06-23T20:18:48,0.542,550.40,0.000,0.000,65.0
1782242333.023,2026-06-23T20:18:53,0.635,550.40,0.000,0.000,65.0
1782242337.110,2026-06-23T20:18:57,0.601,550.40,0.000,0.000,65.0
1782242341.198,2026-06-23T20:19:01,0.510,550.40,0.000,0.000,65.0
1782242345.281,2026-06-23T20:19:05,0.569,550.40,0.000,0.000,65.0
1782242349.370,2026-06-23T20:19:09,0.557,550.40,0.000,0.000,65.0
1782242353.462,2026-06-23T20:19:13,0.627,550.40,0.000,0.000,65.0
1782242357.559,2026-06-23T20:19:17,0.502,550.40,0.000,0.000,65.0
1782242361.607,2026-06-23T20:19:21,0.507,550.40,0.000,0.000,65.0
1782242365.697,2026-06-23T20:19:25,0.534,550.40,0.000,0.000,65.0
1782242369.790,2026-06-23T20:19:29,0.706,550.40,0.000,0.000,65.0
1782242373.878,2026-06-23T20:19:33,0.613,550.40,0.000,0.000,65.0
1782242377.965,2026-06-23T20:19:37,0.494,550.40,0.000,0.000,65.0
1782242382.054,2026-06-23T20:19:42,0.541,550.40,0.000,0.000,65.0
1782242386.138,2026-06-23T20:19:46,0.503,550.40,0.000,0.000,65.0
1782242390.226,2026-06-23T20:19:50,0.693,550.40,0.000,0.000,65.0
1782242394.310,2026-06-23T20:19:54,0.596,550.40,0.000,0.000,65.0
1782242398.400,2026-06-23T20:19:58,0.507,550.40,0.000,0.000,65.0
1782242402.445,2026-06-23T20:20:02,0.564,550.40,0.000,0.000,65.0
1782242406.529,2026-06-23T20:20:06,0.630,550.40,0.000,0.000,65.0
1782242410.612,2026-06-23T20:20:10,0.496,550.40,0.000,0.000,65.0
1782242414.697,2026-06-23T20:20:14,0.500,550.40,0.000,0.000,65.0
1782242418.781,2026-06-23T20:20:18,0.606,550.40,0.000,0.000,65.0
1782242422.865,2026-06-23T20:20:22,0.507,550.40,0.000,0.000,65.0
1782242426.953,2026-06-23T20:20:26,0.513,550.40,0.000,0.000,65.0
1782242431.033,2026-06-23T20:20:31,0.568,550.40,0.000,0.000,65.0
1782242435.118,2026-06-23T20:20:35,0.498,550.40,0.000,0.000,65.0
1782242439.203,2026-06-23T20:20:39,0.507,550.40,0.000,0.000,65.0
1782242443.247,2026-06-23T20:20:43,0.517,550.40,0.000,0.000,65.0
1782242447.331,2026-06-23T20:20:47,0.541,550.40,0.000,0.000,65.0
1782242451.418,2026-06-23T20:20:51,0.567,550.40,0.000,0.000,65.0
1782242455.505,2026-06-23T20:20:55,0.513,550.40,0.000,0.000,65.0
1782242459.590,2026-06-23T20:20:59,0.596,550.40,0.000,0.000,65.0
1782242463.674,2026-06-23T20:21:03,0.542,550.40,0.000,0.000,65.0
1782242467.760,2026-06-23T20:21:07,0.510,550.40,0.000,0.000,65.0
1782242471.846,2026-06-23T20:21:11,0.516,550.40,0.000,0.000,65.0
1782242475.933,2026-06-23T20:21:15,0.596,550.40,0.000,0.000,65.0
1782242480.019,2026-06-23T20:21:20,0.625,550.40,0.000,0.000,65.0
1782242484.065,2026-06-23T20:21:24,0.582,550.40,0.000,0.000,65.0
1782242488.151,2026-06-23T20:21:28,0.507,550.40,0.000,0.000,65.0
1782242492.235,2026-06-23T20:21:32,0.513,550.40,0.000,0.000,65.0
1782242496.317,2026-06-23T20:21:36,0.562,550.40,0.000,0.000,65.0
1782242500.403,2026-06-23T20:21:40,0.495,550.40,0.000,0.000,65.0
1782242504.488,2026-06-23T20:21:44,0.506,550.40,0.000,0.000,65.0
1782242508.574,2026-06-23T20:21:48,0.504,550.40,0.000,0.000,65.0
1782242512.660,2026-06-23T20:21:52,0.589,550.40,0.000,0.000,65.0
1782242516.745,2026-06-23T20:21:56,0.514,550.40,0.000,0.000,65.0
1782242520.830,2026-06-23T20:22:00,0.497,550.40,0.000,0.000,65.0
1782242524.873,2026-06-23T20:22:04,0.507,550.40,0.000,0.000,65.0
1782242528.957,2026-06-23T20:22:08,0.546,550.40,0.000,0.000,65.0
1782242533.041,2026-06-23T20:22:13,0.497,550.40,0.000,0.000,65.0
1782242537.124,2026-06-23T20:22:17,0.549,550.40,0.000,0.000,65.0
1782242541.207,2026-06-23T20:22:21,0.513,550.40,0.000,0.000,65.0
1782242545.291,2026-06-23T20:22:25,0.543,550.40,0.000,0.000,65.0
1782242549.383,2026-06-23T20:22:29,0.497,550.40,0.000,0.000,65.0
1782242553.469,2026-06-23T20:22:33,0.504,550.40,0.000,0.000,65.0
1782242557.554,2026-06-23T20:22:37,0.502,550.40,0.000,0.000,65.0
1782242561.638,2026-06-23T20:22:41,0.613,550.40,0.000,0.000,65.0
1782242565.676,2026-06-23T20:22:45,0.601,550.40,0.000,0.000,65.0
1782242569.760,2026-06-23T20:22:49,0.634,550.40,0.000,0.000,65.0
1782242573.845,2026-06-23T20:22:53,0.592,550.40,0.000,0.000,65.0
1782242577.929,2026-06-23T20:22:57,0.552,550.40,0.000,0.000,65.0
1782242582.019,2026-06-23T20:23:02,0.586,550.40,0.000,0.000,65.0
1782242586.106,2026-06-23T20:23:06,0.610,550.40,0.000,0.000,65.0
1782242590.193,2026-06-23T20:23:10,0.503,550.40,0.000,0.000,65.0
1782242594.281,2026-06-23T20:23:14,0.506,550.40,0.000,0.000,65.0
1782242598.367,2026-06-23T20:23:18,0.501,550.40,0.000,0.000,65.0
1782242602.454,2026-06-23T20:23:22,0.624,550.40,0.000,0.000,65.0
1782242606.498,2026-06-23T20:23:26,0.632,550.40,0.000,0.000,65.0
1782242610.588,2026-06-23T20:23:30,0.523,550.40,0.000,0.000,65.0
1782242614.683,2026-06-23T20:23:34,0.510,550.40,0.000,0.000,65.0
1782242618.771,2026-06-23T20:23:38,0.584,550.40,0.000,0.000,65.0
1782242622.860,2026-06-23T20:23:42,0.616,550.40,0.000,0.000,65.0
1782242626.951,2026-06-23T20:23:46,0.504,550.40,0.000,0.000,65.0
1782242631.042,2026-06-23T20:23:51,0.545,550.40,0.000,0.000,65.0
1782242635.135,2026-06-23T20:23:55,0.546,550.40,0.000,0.000,65.0
1782242639.226,2026-06-23T20:23:59,0.500,550.40,0.000,0.000,65.0
1782242643.316,2026-06-23T20:24:03,0.515,550.40,0.000,0.000,65.0
1782242647.363,2026-06-23T20:24:07,0.508,550.40,0.000,0.000,65.0
1782242651.457,2026-06-23T20:24:11,0.507,550.40,0.000,0.000,65.0
1782242655.547,2026-06-23T20:24:15,0.499,550.40,0.000,0.000,65.0
1782242659.641,2026-06-23T20:24:19,0.508,550.40,0.000,0.000,65.0
1782242663.728,2026-06-23T20:24:23,0.513,550.40,0.000,0.000,65.0
1782242667.818,2026-06-23T20:24:27,0.516,550.40,0.000,0.000,65.0
1782242671.911,2026-06-23T20:24:31,0.510,550.40,0.000,0.000,65.0
1782242675.997,2026-06-23T20:24:35,0.596,550.40,0.000,0.000,65.0
1782242680.085,2026-06-23T20:24:40,0.517,550.40,0.000,0.000,65.0
1782242684.169,2026-06-23T20:24:44,0.501,550.40,0.000,0.000,65.0
1782242688.213,2026-06-23T20:24:48,0.509,550.40,0.000,0.000,65.0
1782242692.296,2026-06-23T20:24:52,0.495,550.40,0.000,0.000,65.0
1782242696.383,2026-06-23T20:24:56,0.499,550.40,0.000,0.000,65.0
1782242700.470,2026-06-23T20:25:00,0.505,550.40,0.000,0.000,65.0
1782242704.555,2026-06-23T20:25:04,0.517,550.40,0.000,0.000,65.0
1782242708.639,2026-06-23T20:25:08,0.516,550.40,0.000,0.000,65.0
1782242712.727,2026-06-23T20:25:12,0.513,550.40,0.000,0.000,65.0
1782242716.816,2026-06-23T20:25:16,0.504,550.40,0.000,0.000,65.0
1782242720.901,2026-06-23T20:25:20,0.504,550.40,0.000,0.000,65.0
1782242724.984,2026-06-23T20:25:24,0.570,550.40,0.000,0.000,65.0
1782242729.025,2026-06-23T20:25:29,0.509,550.40,0.000,0.000,65.0
1782242733.110,2026-06-23T20:25:33,0.512,550.40,0.000,0.000,65.0
1782242737.196,2026-06-23T20:25:37,0.593,550.40,0.000,0.000,65.0
1782242741.283,2026-06-23T20:25:41,0.593,550.40,0.000,0.000,65.0
1782242745.366,2026-06-23T20:25:45,0.591,550.40,0.000,0.000,65.0
1782242749.449,2026-06-23T20:25:49,0.615,550.40,0.000,0.000,65.0
1782242753.536,2026-06-23T20:25:53,0.541,550.40,0.000,0.000,65.0
1782242757.626,2026-06-23T20:25:57,0.529,550.40,0.000,0.000,65.0
1782242761.712,2026-06-23T20:26:01,0.516,550.40,0.000,0.000,65.0
1782242765.794,2026-06-23T20:26:05,0.501,550.40,0.000,0.000,65.0
1782242769.839,2026-06-23T20:26:09,0.530,550.40,0.000,0.000,65.0
1782242773.928,2026-06-23T20:26:13,0.564,550.40,0.000,0.000,65.0
1782242778.013,2026-06-23T20:26:18,0.498,550.40,0.000,0.000,65.0
1782242782.101,2026-06-23T20:26:22,0.562,550.40,0.000,0.000,65.0
1782242786.196,2026-06-23T20:26:26,0.549,550.40,0.000,0.000,65.0
1782242790.290,2026-06-23T20:26:30,0.541,550.40,0.000,0.000,65.0
1782242794.383,2026-06-23T20:26:34,0.498,550.40,0.000,0.000,65.0
1782242798.478,2026-06-23T20:26:38,0.609,550.40,0.000,0.000,65.0
1782242802.568,2026-06-23T20:26:42,0.617,550.40,0.000,0.000,65.0
1782242806.660,2026-06-23T20:26:46,0.596,550.40,0.000,0.000,65.0
1782242810.706,2026-06-23T20:26:50,0.513,550.40,0.000,0.000,65.0
1782242814.797,2026-06-23T20:26:54,0.539,550.40,0.000,0.000,65.0
1782242818.884,2026-06-23T20:26:58,0.507,550.40,0.000,0.000,65.0
1782242822.970,2026-06-23T20:27:02,0.504,550.40,0.000,0.000,65.0
1782242827.055,2026-06-23T20:27:07,0.509,550.40,0.000,0.000,65.0
1782242831.137,2026-06-23T20:27:11,0.496,550.40,0.000,0.000,65.0
1782242835.234,2026-06-23T20:27:15,0.512,550.40,0.000,0.000,65.0
1782242839.324,2026-06-23T20:27:19,0.516,550.40,0.000,0.000,65.0
1782242843.411,2026-06-23T20:27:23,0.500,550.40,0.000,0.000,65.0
1782242847.501,2026-06-23T20:27:27,0.499,550.40,0.000,0.000,65.0
1782242851.507,2026-06-23T20:27:31,0.639,550.40,0.000,0.000,65.0
1782242855.543,2026-06-23T20:27:35,0.593,550.40,0.000,0.000,65.0
1782242859.631,2026-06-23T20:27:39,0.490,550.40,0.000,0.000,65.0
1782242863.718,2026-06-23T20:27:43,0.496,550.40,0.000,0.000,65.0
1782242867.800,2026-06-23T20:27:47,0.690,550.40,0.000,0.000,65.0
1782242871.893,2026-06-23T20:27:51,0.540,550.40,0.000,0.000,65.0
1782242875.984,2026-06-23T20:27:55,0.505,550.40,0.000,0.000,65.0
1782242880.068,2026-06-23T20:28:00,0.503,550.40,0.000,0.000,65.0
1782242884.152,2026-06-23T20:28:04,0.507,550.40,0.000,0.000,65.0
1782242888.236,2026-06-23T20:28:08,0.499,550.40,0.000,0.000,65.0
1782242892.277,2026-06-23T20:28:12,0.508,550.40,0.000,0.000,65.0
1782242896.366,2026-06-23T20:28:16,0.499,550.40,0.000,0.000,65.0
1782242900.458,2026-06-23T20:28:20,0.501,550.40,0.000,0.000,65.0
1782242904.554,2026-06-23T20:28:24,0.495,550.40,0.000,0.000,65.0
1782242908.644,2026-06-23T20:28:28,0.546,550.40,0.000,0.000,65.0
1782242912.733,2026-06-23T20:28:32,0.519,550.40,0.000,0.000,65.0
1782242916.826,2026-06-23T20:28:36,0.544,550.40,0.000,0.000,65.0
1782242920.916,2026-06-23T20:28:40,0.514,550.40,0.000,0.000,65.0
1782242925.005,2026-06-23T20:28:45,0.611,550.40,0.000,0.000,65.0
1782242929.094,2026-06-23T20:28:49,0.516,550.40,0.000,0.000,65.0
1782242933.140,2026-06-23T20:28:53,0.513,550.40,0.000,0.000,65.0
1782242937.232,2026-06-23T20:28:57,0.615,550.40,0.000,0.000,65.0
1782242941.318,2026-06-23T20:29:01,0.565,550.40,0.000,0.000,65.0
1782242945.402,2026-06-23T20:29:05,0.508,550.40,0.000,0.000,65.0
1782242949.489,2026-06-23T20:29:09,0.497,550.40,0.000,0.000,65.0
1782242953.572,2026-06-23T20:29:13,0.579,550.40,0.000,0.000,65.0
1782242957.659,2026-06-23T20:29:17,0.623,550.40,0.000,0.000,65.0
1782242961.749,2026-06-23T20:29:21,0.616,550.40,0.000,0.000,65.0
1782242965.830,2026-06-23T20:29:25,0.606,550.40,0.000,0.000,65.0
1782242969.917,2026-06-23T20:29:29,0.554,550.40,0.000,0.000,65.0
1782242973.961,2026-06-23T20:29:33,0.598,550.40,0.000,0.000,65.0
1782242978.042,2026-06-23T20:29:38,0.536,550.40,0.000,0.000,65.0
1782242982.127,2026-06-23T20:29:42,0.564,550.40,0.000,0.000,65.0
1782242986.214,2026-06-23T20:29:46,0.623,550.40,0.000,0.000,65.0
1782242990.299,2026-06-23T20:29:50,0.596,550.40,0.000,0.000,65.0
1782242994.382,2026-06-23T20:29:54,0.551,550.40,0.000,0.000,65.0
1782242998.467,2026-06-23T20:29:58,0.503,550.40,0.000,0.000,65.0
1782243002.560,2026-06-23T20:30:02,0.539,550.40,0.000,0.000,65.0
1782243006.652,2026-06-23T20:30:06,0.613,550.40,0.000,0.000,65.0
1782243010.745,2026-06-23T20:30:10,0.537,550.40,0.000,0.000,65.0
1782243014.794,2026-06-23T20:30:14,0.602,550.40,0.000,0.000,65.0
1782243018.890,2026-06-23T20:30:18,0.588,550.40,0.000,0.000,65.0
1782243022.979,2026-06-23T20:30:22,0.550,550.40,0.000,0.000,65.0
1782243027.071,2026-06-23T20:30:27,0.689,550.40,0.000,0.000,65.0
1782243031.162,2026-06-23T20:30:31,0.585,550.40,0.000,0.000,65.0
1782243035.255,2026-06-23T20:30:35,0.529,550.40,0.000,0.000,65.0
1782243039.344,2026-06-23T20:30:39,0.503,550.40,0.000,0.000,65.0
1782243043.432,2026-06-23T20:30:43,0.638,550.40,0.000,0.000,65.0
1782243047.519,2026-06-23T20:30:47,0.535,550.40,0.000,0.000,65.0
1782243051.612,2026-06-23T20:30:51,0.557,550.40,0.000,0.000,65.0
1782243055.660,2026-06-23T20:30:55,0.515,550.40,0.000,0.000,65.0
1782243059.690,2026-06-23T20:30:59,0.537,550.40,0.000,0.000,65.0
1782243063.769,2026-06-23T20:31:03,0.501,550.40,0.000,0.000,65.0
1782243067.863,2026-06-23T20:31:07,0.509,550.40,0.000,0.000,65.0
1782243071.954,2026-06-23T20:31:11,0.545,550.40,0.000,0.000,65.0
1782243076.038,2026-06-23T20:31:16,0.496,550.40,0.000,0.000,65.0
1782243080.129,2026-06-23T20:31:20,0.627,550.40,0.000,0.000,65.0
1782243084.218,2026-06-23T20:31:24,0.502,550.40,0.000,0.000,65.0
1782243088.311,2026-06-23T20:31:28,0.607,550.40,0.000,0.000,65.0
1782243092.403,2026-06-23T20:31:32,0.615,550.40,0.000,0.000,65.0
1782243096.449,2026-06-23T20:31:36,0.507,550.40,0.000,0.000,65.0
1782243100.539,2026-06-23T20:31:40,0.583,550.40,0.000,0.000,65.0
1782243104.621,2026-06-23T20:31:44,0.625,550.40,0.000,0.000,65.0
1782243108.705,2026-06-23T20:31:48,0.635,550.40,0.000,0.000,65.0
1782243112.788,2026-06-23T20:31:52,0.498,550.40,0.000,0.000,65.0
1782243116.871,2026-06-23T20:31:56,0.592,550.40,0.000,0.000,65.0
1782243120.961,2026-06-23T20:32:00,0.592,550.40,0.000,0.000,65.0
1782243125.047,2026-06-23T20:32:05,0.508,550.40,0.000,0.000,65.0
1782243129.131,2026-06-23T20:32:09,0.652,550.40,0.000,0.000,65.0
1782243133.217,2026-06-23T20:32:13,0.615,550.40,0.000,0.000,65.0
1782243137.257,2026-06-23T20:32:17,0.633,550.40,0.000,0.000,65.0
1782243141.342,2026-06-23T20:32:21,0.603,550.40,0.000,0.000,65.0
1782243145.426,2026-06-23T20:32:25,0.591,550.40,0.000,0.000,65.0
1782243149.509,2026-06-23T20:32:29,0.605,550.40,0.000,0.000,65.0
1782243153.593,2026-06-23T20:32:33,0.586,550.40,0.000,0.000,65.0
1782243157.676,2026-06-23T20:32:37,0.561,550.40,0.000,0.000,65.0
1782243161.762,2026-06-23T20:32:41,0.501,550.40,0.000,0.000,65.0
1782243165.847,2026-06-23T20:32:45,0.510,550.40,0.000,0.000,65.0
1782243169.929,2026-06-23T20:32:49,0.503,550.40,0.000,0.000,65.0
1782243174.015,2026-06-23T20:32:54,0.497,550.40,0.000,0.000,65.0
1782243178.056,2026-06-23T20:32:58,0.501,550.40,0.000,0.000,65.0
1782243182.145,2026-06-23T20:33:02,0.546,550.40,0.000,0.000,65.0
1782243186.229,2026-06-23T20:33:06,0.499,550.40,0.000,0.000,65.0
1782243190.312,2026-06-23T20:33:10,0.525,550.40,0.000,0.000,65.0
1782243194.397,2026-06-23T20:33:14,0.500,550.40,0.000,0.000,65.0
1782243198.484,2026-06-23T20:33:18,0.535,550.40,0.000,0.000,65.0
1782243202.572,2026-06-23T20:33:22,0.504,550.40,0.000,0.000,65.0
1782243206.663,2026-06-23T20:33:26,0.497,550.40,0.000,0.000,65.0
1782243210.745,2026-06-23T20:33:30,0.518,550.40,0.000,0.000,65.0
1782243214.832,2026-06-23T20:33:34,0.542,550.40,0.000,0.000,65.0
1782243218.877,2026-06-23T20:33:38,0.508,550.40,0.000,0.000,65.0
1782243222.974,2026-06-23T20:33:42,0.687,550.40,0.000,0.000,65.0
1782243227.066,2026-06-23T20:33:47,0.516,550.40,0.000,0.000,65.0
1782243231.156,2026-06-23T20:33:51,0.558,550.40,0.000,0.000,65.0
1782243235.242,2026-06-23T20:33:55,0.502,550.40,0.000,0.000,65.0
1782243239.330,2026-06-23T20:33:59,0.515,550.40,0.000,0.000,65.0
1782243243.422,2026-06-23T20:34:03,0.504,550.40,0.000,0.000,65.0
1782243247.510,2026-06-23T20:34:07,0.612,550.40,0.000,0.000,65.0
1782243251.601,2026-06-23T20:34:11,0.534,550.40,0.000,0.000,65.0
1782243255.693,2026-06-23T20:34:15,0.598,550.40,0.000,0.000,65.0
1782243259.743,2026-06-23T20:34:19,0.504,550.40,0.000,0.000,65.0
1782243263.832,2026-06-23T20:34:23,0.589,550.40,0.000,0.000,65.0
1782243267.916,2026-06-23T20:34:27,0.502,550.40,0.000,0.000,65.0
1782243272.004,2026-06-23T20:34:32,0.543,550.40,0.000,0.000,65.0
1782243276.095,2026-06-23T20:34:36,0.517,550.40,0.000,0.000,65.0
1782243280.178,2026-06-23T20:34:40,0.504,550.40,0.000,0.000,65.0
1782243284.262,2026-06-23T20:34:44,0.510,550.40,0.000,0.000,65.0
1782243288.347,2026-06-23T20:34:48,0.516,550.40,0.000,0.000,65.0
1782243292.434,2026-06-23T20:34:52,0.503,550.40,0.000,0.000,65.0
1782243296.519,2026-06-23T20:34:56,0.513,550.40,0.000,0.000,65.0
1782243300.560,2026-06-23T20:35:00,0.504,550.40,0.000,0.000,65.0
1782243304.644,2026-06-23T20:35:04,0.585,550.40,0.000,0.000,65.0
1782243308.731,2026-06-23T20:35:08,0.608,550.40,0.000,0.000,65.0
1782243312.819,2026-06-23T20:35:12,0.579,550.40,0.000,0.000,65.0
1782243316.903,2026-06-23T20:35:16,0.740,550.40,0.000,0.000,65.0
1782243320.991,2026-06-23T20:35:20,0.611,550.40,0.000,0.000,65.0
1782243325.079,2026-06-23T20:35:25,0.541,550.40,0.000,0.000,65.0
1782243329.163,2026-06-23T20:35:29,0.496,550.40,0.000,0.000,65.0
1782243333.245,2026-06-23T20:35:33,0.570,550.40,0.000,0.000,65.0
1782243337.332,2026-06-23T20:35:37,0.696,550.40,0.000,0.000,65.0
1782243341.378,2026-06-23T20:35:41,0.500,550.40,0.000,0.000,65.0
1782243345.462,2026-06-23T20:35:45,0.497,550.40,0.000,0.000,65.0
1782243349.552,2026-06-23T20:35:49,0.510,550.40,0.000,0.000,65.0
1782243353.639,2026-06-23T20:35:53,0.628,550.40,0.000,0.000,65.0
1782243357.735,2026-06-23T20:35:57,0.602,550.40,0.000,0.000,65.0
1782243361.826,2026-06-23T20:36:01,0.496,550.40,0.000,0.000,65.0
1782243365.919,2026-06-23T20:36:05,0.501,550.40,0.000,0.000,65.0
1782243370.003,2026-06-23T20:36:10,0.507,550.40,0.000,0.000,65.0
1782243374.088,2026-06-23T20:36:14,0.601,550.40,0.000,0.000,65.0
1782243378.173,2026-06-23T20:36:18,0.529,550.40,0.000,0.000,65.0
1782243382.220,2026-06-23T20:36:22,0.505,550.40,0.000,0.000,65.0
1782243386.308,2026-06-23T20:36:26,0.500,550.40,0.000,0.000,65.0
1782243390.399,2026-06-23T20:36:30,0.543,550.40,0.000,0.000,65.0
1782243394.494,2026-06-23T20:36:34,0.506,550.40,0.000,0.000,65.0
1782243398.581,2026-06-23T20:36:38,0.491,550.40,0.000,0.000,65.0
1782243402.665,2026-06-23T20:36:42,0.516,550.40,0.000,0.000,65.0
1782243406.749,2026-06-23T20:36:46,0.540,550.40,0.000,0.000,65.0
1782243410.836,2026-06-23T20:36:50,0.501,550.40,0.000,0.000,65.0
1782243414.922,2026-06-23T20:36:54,0.697,550.40,0.000,0.000,65.0
1782243419.008,2026-06-23T20:36:59,0.553,550.40,0.000,0.000,65.0
1782243423.052,2026-06-23T20:37:03,0.500,550.40,0.000,0.000,65.0
1782243427.143,2026-06-23T20:37:07,0.516,550.40,0.000,0.000,65.0
1782243431.225,2026-06-23T20:37:11,0.587,550.40,0.000,0.000,65.0
1782243435.308,2026-06-23T20:37:15,0.527,550.40,0.000,0.000,65.0
1782243439.399,2026-06-23T20:37:19,0.497,550.40,0.000,0.000,65.0
1782243443.488,2026-06-23T20:37:23,0.505,550.40,0.000,0.000,65.0
1782243447.573,2026-06-23T20:37:27,0.515,550.40,0.000,0.000,65.0
1782243451.658,2026-06-23T20:37:31,0.494,550.40,0.000,0.000,65.0
1782243455.744,2026-06-23T20:37:35,0.513,550.40,0.000,0.000,65.0
1782243459.830,2026-06-23T20:37:39,0.544,550.40,0.000,0.000,65.0
1782243463.879,2026-06-23T20:37:43,0.496,550.40,0.000,0.000,65.0
1782243467.969,2026-06-23T20:37:47,0.631,550.40,0.000,0.000,65.0
1782243472.056,2026-06-23T20:37:52,0.503,550.40,0.000,0.000,65.0
1782243476.140,2026-06-23T20:37:56,0.506,550.40,0.000,0.000,65.0
1782243480.231,2026-06-23T20:38:00,0.497,550.40,0.000,0.000,65.0
1782243484.321,2026-06-23T20:38:04,0.538,550.40,0.000,0.000,65.0
1782243488.411,2026-06-23T20:38:08,0.511,550.40,0.000,0.000,65.0
1782243492.501,2026-06-23T20:38:12,0.510,550.40,0.000,0.000,65.0
1782243496.590,2026-06-23T20:38:16,0.582,550.40,0.000,0.000,65.0
1782243500.682,2026-06-23T20:38:20,0.595,550.40,0.000,0.000,65.0
1782243504.731,2026-06-23T20:38:24,0.533,550.40,0.000,0.000,65.0
1782243508.817,2026-06-23T20:38:28,0.508,550.40,0.000,0.000,65.0
1782243512.908,2026-06-23T20:38:32,0.505,550.40,0.000,0.000,65.0
1782243517.006,2026-06-23T20:38:37,0.502,550.40,0.000,0.000,65.0
1782243521.097,2026-06-23T20:38:41,0.512,550.40,0.000,0.000,65.0
1782243525.186,2026-06-23T20:38:45,0.508,550.40,0.000,0.000,65.0
1782243529.278,2026-06-23T20:38:49,0.499,550.40,0.000,0.000,65.0
1782243533.375,2026-06-23T20:38:53,0.500,550.40,0.000,0.000,65.0
1782243537.472,2026-06-23T20:38:57,0.501,550.40,0.000,0.000,65.0
1782243541.568,2026-06-23T20:39:01,0.543,550.40,0.000,0.000,65.0
1782243545.612,2026-06-23T20:39:05,0.562,550.40,0.000,0.000,65.0
1782243549.701,2026-06-23T20:39:09,0.515,550.40,0.000,0.000,65.0
1782243553.792,2026-06-23T20:39:13,0.541,550.40,0.000,0.000,65.0
1782243557.888,2026-06-23T20:39:17,0.497,550.40,0.000,0.000,65.0
1782243561.981,2026-06-23T20:39:21,0.501,550.40,0.000,0.000,65.0
1782243566.073,2026-06-23T20:39:26,0.512,550.40,0.000,0.000,65.0
1782243570.166,2026-06-23T20:39:30,0.506,550.40,0.000,0.000,65.0
1782243574.255,2026-06-23T20:39:34,0.513,550.40,0.000,0.000,65.0
1782243578.343,2026-06-23T20:39:38,0.572,550.40,0.000,0.000,65.0
1782243582.431,2026-06-23T20:39:42,0.500,550.40,0.000,0.000,65.0
1782243586.473,2026-06-23T20:39:46,0.508,550.40,0.000,0.000,65.0
1782243590.565,2026-06-23T20:39:50,0.502,550.40,0.000,0.000,65.0
1782243594.656,2026-06-23T20:39:54,0.613,550.40,0.000,0.000,65.0
1782243598.745,2026-06-23T20:39:58,0.503,550.40,0.000,0.000,65.0
1782243602.835,2026-06-23T20:40:02,0.571,550.40,0.000,0.000,65.0
1782243606.929,2026-06-23T20:40:06,0.501,550.40,0.000,0.000,65.0
1782243611.022,2026-06-23T20:40:11,0.587,550.40,0.000,0.000,65.0
1782243615.112,2026-06-23T20:40:15,0.600,550.40,0.000,0.000,65.0
1782243619.199,2026-06-23T20:40:19,0.585,550.40,0.000,0.000,65.0
1782243623.284,2026-06-23T20:40:23,0.499,550.40,0.000,0.000,65.0
1782243627.327,2026-06-23T20:40:27,0.547,550.40,0.000,0.000,65.0
1782243631.412,2026-06-23T20:40:31,0.548,550.40,0.000,0.000,65.0
1782243635.495,2026-06-23T20:40:35,0.499,550.40,0.000,0.000,65.0
1782243639.586,2026-06-23T20:40:39,0.503,550.40,0.000,0.000,65.0
1782243643.669,2026-06-23T20:40:43,0.497,550.40,0.000,0.000,65.0
1782243647.752,2026-06-23T20:40:47,0.527,550.40,0.000,0.000,65.0
1782243651.838,2026-06-23T20:40:51,0.601,550.40,0.000,0.000,65.0
1782243655.923,2026-06-23T20:40:55,0.625,550.40,0.000,0.000,65.0
1782243660.009,2026-06-23T20:41:00,0.511,550.40,0.000,0.000,65.0
1782243664.096,2026-06-23T20:41:04,0.496,550.40,0.000,0.000,65.0
1782243668.142,2026-06-23T20:41:08,0.515,550.40,0.000,0.000,65.0
1782243672.230,2026-06-23T20:41:12,0.511,550.40,0.000,0.000,65.0
1782243676.316,2026-06-23T20:41:16,0.543,550.40,0.000,0.000,65.0
1782243680.410,2026-06-23T20:41:20,0.501,550.40,0.000,0.000,65.0
1782243684.498,2026-06-23T20:41:24,0.510,550.40,0.000,0.000,65.0
1782243688.587,2026-06-23T20:41:28,0.547,550.40,0.000,0.000,65.0
1782243692.678,2026-06-23T20:41:32,0.595,550.40,0.000,0.000,65.0
1782243696.764,2026-06-23T20:41:36,0.620,550.40,0.000,0.000,65.0
1782243700.858,2026-06-23T20:41:40,0.572,550.40,0.000,0.000,65.0
1782243704.952,2026-06-23T20:41:44,0.521,550.40,0.000,0.000,65.0
1782243708.996,2026-06-23T20:41:48,0.503,550.40,0.000,0.000,65.0
1782243713.088,2026-06-23T20:41:53,0.566,550.40,0.000,0.000,65.0
1782243717.185,2026-06-23T20:41:57,0.643,550.40,0.000,0.000,65.0
1782243721.279,2026-06-23T20:42:01,0.516,550.40,0.000,0.000,65.0
1782243725.366,2026-06-23T20:42:05,0.581,550.40,0.000,0.000,65.0
1782243729.457,2026-06-23T20:42:09,0.508,550.40,0.000,0.000,65.0
1782243733.546,2026-06-23T20:42:13,0.519,550.40,0.000,0.000,65.0
1782243737.640,2026-06-23T20:42:17,0.512,550.40,0.000,0.000,65.0
1782243741.731,2026-06-23T20:42:21,0.539,550.40,0.000,0.000,65.0
1782243745.824,2026-06-23T20:42:25,0.588,550.40,0.000,0.000,65.0
1782243749.870,2026-06-23T20:42:29,0.514,550.40,0.000,0.000,65.0
1782243753.965,2026-06-23T20:42:33,0.515,550.40,0.000,0.000,65.0
1782243758.055,2026-06-23T20:42:38,0.498,550.40,0.000,0.000,65.0
1782243762.141,2026-06-23T20:42:42,0.506,550.40,0.000,0.000,65.0
1782243766.237,2026-06-23T20:42:46,0.523,550.40,0.000,0.000,65.0
1782243770.327,2026-06-23T20:42:50,0.511,550.40,0.000,0.000,65.0
1782243774.412,2026-06-23T20:42:54,0.536,550.40,0.000,0.000,65.0
1782243778.503,2026-06-23T20:42:58,0.533,550.40,0.000,0.000,65.0
1782243782.598,2026-06-23T20:43:02,0.502,550.40,0.000,0.000,65.0
1782243786.688,2026-06-23T20:43:06,0.544,550.40,0.000,0.000,65.0
1782243790.736,2026-06-23T20:43:10,0.597,550.40,0.000,0.000,65.0
1782243794.832,2026-06-23T20:43:14,0.517,550.40,0.000,0.000,65.0
1782243798.923,2026-06-23T20:43:18,0.506,550.40,0.000,0.000,65.0
1782243803.014,2026-06-23T20:43:23,0.585,550.40,0.000,0.000,65.0
1782243807.109,2026-06-23T20:43:27,0.498,550.40,0.000,0.000,65.0
1782243811.201,2026-06-23T20:43:31,0.513,550.40,0.000,0.000,65.0
1782243815.292,2026-06-23T20:43:35,0.514,550.40,0.000,0.000,65.0
1782243819.383,2026-06-23T20:43:39,0.607,550.40,0.000,0.000,65.0
1782243823.470,2026-06-23T20:43:43,0.504,550.40,0.000,0.000,65.0
1782243827.559,2026-06-23T20:43:47,0.510,550.40,0.000,0.000,65.0
1782243831.602,2026-06-23T20:43:51,0.512,550.40,0.000,0.000,65.0
1782243835.685,2026-06-23T20:43:55,0.542,550.40,0.000,0.000,65.0
1782243839.773,2026-06-23T20:43:59,0.507,550.40,0.000,0.000,65.0
1782243843.859,2026-06-23T20:44:03,0.558,550.40,0.000,0.000,65.0
1782243847.942,2026-06-23T20:44:07,0.599,550.40,0.000,0.000,65.0
1782243852.024,2026-06-23T20:44:12,0.545,550.40,0.000,0.000,65.0
1782243856.109,2026-06-23T20:44:16,0.651,550.40,0.000,0.000,65.0
1782243860.193,2026-06-23T20:44:20,0.538,550.40,0.000,0.000,65.0
1782243864.282,2026-06-23T20:44:24,0.503,550.40,0.000,0.000,65.0
1782243868.366,2026-06-23T20:44:28,0.502,550.40,0.000,0.000,65.0
1782243872.408,2026-06-23T20:44:32,0.508,550.40,0.000,0.000,65.0
1782243876.494,2026-06-23T20:44:36,0.524,550.40,0.000,0.000,65.0
1782243880.577,2026-06-23T20:44:40,0.613,550.40,0.000,0.000,65.0
1782243884.663,2026-06-23T20:44:44,0.510,550.40,0.000,0.000,65.0
1782243888.746,2026-06-23T20:44:48,0.538,550.40,0.000,0.000,65.0
1782243892.834,2026-06-23T20:44:52,0.587,550.40,0.000,0.000,65.0
1782243896.919,2026-06-23T20:44:56,0.511,550.40,0.000,0.000,65.0
1782243901.006,2026-06-23T20:45:01,0.661,550.40,0.000,0.000,65.0
1782243905.089,2026-06-23T20:45:05,0.530,550.40,0.000,0.000,65.0
1782243909.171,2026-06-23T20:45:09,0.582,550.40,0.000,0.000,65.0
1782243913.216,2026-06-23T20:45:13,0.552,550.40,0.000,0.000,65.0
1782243917.303,2026-06-23T20:45:17,0.586,550.40,0.000,0.000,65.0
1782243921.390,2026-06-23T20:45:21,0.502,550.40,0.000,0.000,65.0
1782243925.474,2026-06-23T20:45:25,0.530,550.40,0.000,0.000,65.0
1782243929.563,2026-06-23T20:45:29,0.564,550.40,0.000,0.000,65.0
1782243933.648,2026-06-23T20:45:33,0.589,550.40,0.000,0.000,65.0
1782243937.739,2026-06-23T20:45:37,0.501,550.40,0.000,0.000,65.0
1782243941.826,2026-06-23T20:45:41,0.511,550.40,0.000,0.000,65.0
1782243945.910,2026-06-23T20:45:45,0.532,550.40,0.000,0.000,65.0
1782243949.995,2026-06-23T20:45:49,0.540,550.40,0.000,0.000,65.0
1782243954.038,2026-06-23T20:45:54,0.608,550.40,0.000,0.000,65.0
1782243958.123,2026-06-23T20:45:58,0.580,550.40,0.000,0.000,65.0
1782243962.211,2026-06-23T20:46:02,0.515,550.40,0.000,0.000,65.0
1782243966.299,2026-06-23T20:46:06,0.614,550.40,0.000,0.000,65.0
1782243970.384,2026-06-23T20:46:10,0.618,550.40,0.000,0.000,65.0
1782243974.469,2026-06-23T20:46:14,0.536,550.40,0.000,0.000,65.0
1782243978.557,2026-06-23T20:46:18,0.505,550.40,0.000,0.000,65.0
1782243982.648,2026-06-23T20:46:22,0.630,550.40,0.000,0.000,65.0
1782243986.739,2026-06-23T20:46:26,0.554,550.40,0.000,0.000,65.0
1782243990.832,2026-06-23T20:46:30,0.554,550.40,0.000,0.000,65.0
1782243994.884,2026-06-23T20:46:34,0.493,550.40,0.000,0.000,65.0
1782243998.974,2026-06-23T20:46:38,0.604,550.40,0.000,0.000,65.0
1782244003.062,2026-06-23T20:46:43,0.522,550.40,0.000,0.000,65.0
1782244007.149,2026-06-23T20:46:47,0.540,550.40,0.000,0.000,65.0
1782244011.242,2026-06-23T20:46:51,0.627,550.40,0.000,0.000,65.0
1782244015.336,2026-06-23T20:46:55,0.596,550.40,0.000,0.000,65.0
1782244019.433,2026-06-23T20:46:59,0.544,550.40,0.000,0.000,65.0
1782244023.526,2026-06-23T20:47:03,0.986,550.40,0.000,0.000,65.0
1782244027.620,2026-06-23T20:47:07,0.586,550.40,0.000,0.000,65.0
1782244031.711,2026-06-23T20:47:11,0.594,550.40,0.000,0.000,65.0
1782244035.756,2026-06-23T20:47:15,0.496,550.40,0.000,0.000,65.0
1782244039.845,2026-06-23T20:47:19,0.503,550.40,0.000,0.000,65.0
1782244043.941,2026-06-23T20:47:23,0.604,550.40,0.000,0.000,65.0
1782244048.032,2026-06-23T20:47:28,0.512,550.40,0.000,0.000,65.0
1782244052.124,2026-06-23T20:47:32,0.513,550.40,0.000,0.000,65.0
1782244056.213,2026-06-23T20:47:36,0.658,550.40,0.000,0.000,65.0
1782244060.306,2026-06-23T20:47:40,0.515,550.40,0.000,0.000,65.0
1782244064.393,2026-06-23T20:47:44,0.513,550.40,0.000,0.000,65.0
1782244068.477,2026-06-23T20:47:48,0.502,550.40,0.000,0.000,65.0
1782244072.562,2026-06-23T20:47:52,0.504,550.40,0.000,0.000,65.0
1782244076.604,2026-06-23T20:47:56,0.508,550.40,0.000,0.000,65.0
1782244080.689,2026-06-23T20:48:00,0.498,550.40,0.000,0.000,65.0
1782244084.779,2026-06-23T20:48:04,0.539,550.40,0.000,0.000,65.0
1782244088.871,2026-06-23T20:48:08,0.531,550.40,0.000,0.000,65.0
1782244092.960,2026-06-23T20:48:12,0.498,550.40,0.000,0.000,65.0
1782244097.051,2026-06-23T20:48:17,0.509,550.40,0.000,0.000,65.0
1782244101.137,2026-06-23T20:48:21,0.520,550.40,0.000,0.000,65.0
1782244105.223,2026-06-23T20:48:25,0.507,550.40,0.000,0.000,65.0
1782244109.307,2026-06-23T20:48:29,0.507,550.40,0.000,0.000,65.0
1782244113.391,2026-06-23T20:48:33,0.503,550.40,0.000,0.000,65.0
1782244117.434,2026-06-23T20:48:37,0.515,550.40,0.000,0.000,65.0
1782244121.524,2026-06-23T20:48:41,0.510,550.40,0.000,0.000,65.0
1782244125.613,2026-06-23T20:48:45,0.521,550.40,0.000,0.000,65.0
1782244129.705,2026-06-23T20:48:49,0.497,550.40,0.000,0.000,65.0
1782244133.792,2026-06-23T20:48:53,0.523,550.40,0.000,0.000,65.0
1782244137.880,2026-06-23T20:48:57,0.523,550.40,0.000,0.000,65.0
1782244141.972,2026-06-23T20:49:01,0.561,550.40,0.000,0.000,65.0
1782244146.065,2026-06-23T20:49:06,0.582,550.40,0.000,0.000,65.0
1782244150.156,2026-06-23T20:49:10,0.509,550.40,0.000,0.000,65.0
1782244154.251,2026-06-23T20:49:14,0.495,550.40,0.000,0.000,65.0
1782244158.299,2026-06-23T20:49:18,0.508,550.40,0.000,0.000,65.0
1782244162.385,2026-06-23T20:49:22,0.539,550.40,0.000,0.000,65.0
1782244166.471,2026-06-23T20:49:26,0.498,550.40,0.000,0.000,65.0
1782244170.554,2026-06-23T20:49:30,0.499,550.40,0.000,0.000,65.0
1782244174.640,2026-06-23T20:49:34,0.528,550.40,0.000,0.000,65.0
1782244178.733,2026-06-23T20:49:38,0.512,550.40,0.000,0.000,65.0
1782244182.823,2026-06-23T20:49:42,0.512,550.40,0.000,0.000,65.0
1782244186.915,2026-06-23T20:49:46,0.623,550.40,0.000,0.000,65.0
1782244191.006,2026-06-23T20:49:51,0.505,550.40,0.000,0.000,65.0
1782244195.100,2026-06-23T20:49:55,0.587,550.40,0.000,0.000,65.0
1782244199.151,2026-06-23T20:49:59,0.512,550.40,0.000,0.000,65.0
1782244203.243,2026-06-23T20:50:03,0.514,550.40,0.000,0.000,65.0
1782244207.332,2026-06-23T20:50:07,0.601,550.40,0.000,0.000,65.0
1782244211.421,2026-06-23T20:50:11,0.499,550.40,0.000,0.000,65.0
1782244215.513,2026-06-23T20:50:15,0.506,550.40,0.000,0.000,65.0
1782244219.608,2026-06-23T20:50:19,0.502,550.40,0.000,0.000,65.0
1782244223.702,2026-06-23T20:50:23,0.637,550.40,0.000,0.000,65.0
1782244227.796,2026-06-23T20:50:27,0.577,550.40,0.000,0.000,65.0
1782244231.889,2026-06-23T20:50:31,0.673,550.40,0.000,0.000,65.0
1782244235.980,2026-06-23T20:50:35,0.508,550.40,0.000,0.000,65.0
1782244240.036,2026-06-23T20:50:40,0.513,550.40,0.000,0.000,65.0
1782244244.132,2026-06-23T20:50:44,0.605,550.40,0.000,0.000,65.0
1782244248.223,2026-06-23T20:50:48,0.505,550.40,0.000,0.000,65.0
1782244252.311,2026-06-23T20:50:52,0.702,550.40,0.000,0.000,65.0
1782244256.401,2026-06-23T20:50:56,0.607,550.40,0.000,0.000,65.0
1782244260.494,2026-06-23T20:51:00,0.601,550.40,0.000,0.000,65.0
1782244264.583,2026-06-23T20:51:04,0.550,550.40,0.000,0.000,65.0
1782244268.667,2026-06-23T20:51:08,0.517,550.40,0.000,0.000,65.0
1782244272.754,2026-06-23T20:51:12,0.499,550.40,0.000,0.000,65.0
1782244276.843,2026-06-23T20:51:16,0.502,550.40,0.000,0.000,65.0
1782244280.892,2026-06-23T20:51:20,0.486,550.40,0.000,0.000,65.0
1782244284.984,2026-06-23T20:51:24,0.570,550.40,0.000,0.000,65.0
1782244289.078,2026-06-23T20:51:29,0.553,550.40,0.000,0.000,65.0
1782244293.171,2026-06-23T20:51:33,0.505,550.40,0.000,0.000,65.0
1782244297.261,2026-06-23T20:51:37,0.503,550.40,0.000,0.000,65.0
1782244301.352,2026-06-23T20:51:41,0.497,550.40,0.000,0.000,65.0
1782244305.440,2026-06-23T20:51:45,0.502,550.40,0.000,0.000,65.0
1782244309.532,2026-06-23T20:51:49,0.491,550.40,0.000,0.000,65.0
1782244313.627,2026-06-23T20:51:53,0.509,550.40,0.000,0.000,65.0
1782244317.723,2026-06-23T20:51:57,0.499,550.40,0.000,0.000,65.0
1782244321.771,2026-06-23T20:52:01,0.536,550.40,0.000,0.000,65.0
1782244325.862,2026-06-23T20:52:05,0.502,550.40,0.000,0.000,65.0
1782244329.952,2026-06-23T20:52:09,0.539,550.40,0.000,0.000,65.0
1782244334.042,2026-06-23T20:52:14,0.525,550.40,0.000,0.000,65.0
1782244338.133,2026-06-23T20:52:18,0.504,550.40,0.000,0.000,65.0
1782244342.224,2026-06-23T20:52:22,0.502,550.40,0.000,0.000,65.0
1782244346.313,2026-06-23T20:52:26,0.534,550.40,0.000,0.000,65.0
1782244350.406,2026-06-23T20:52:30,0.501,550.40,0.000,0.000,65.0
1782244354.501,2026-06-23T20:52:34,0.534,550.40,0.000,0.000,65.0
1782244358.590,2026-06-23T20:52:38,0.511,550.40,0.000,0.000,65.0
1782244362.634,2026-06-23T20:52:42,0.520,550.40,0.000,0.000,65.0
1782244366.720,2026-06-23T20:52:46,0.504,550.40,0.000,0.000,65.0
1782244370.806,2026-06-23T20:52:50,0.502,550.40,0.000,0.000,65.0
1782244374.890,2026-06-23T20:52:54,0.498,550.40,0.000,0.000,65.0
1782244378.978,2026-06-23T20:52:58,0.501,550.40,0.000,0.000,65.0
1782244383.064,2026-06-23T20:53:03,0.726,550.40,0.000,0.000,65.0
1782244387.148,2026-06-23T20:53:07,0.537,550.40,0.000,0.000,65.0
1782244391.233,2026-06-23T20:53:11,0.596,550.40,0.000,0.000,65.0
1782244395.321,2026-06-23T20:53:15,0.599,550.40,0.000,0.000,65.0
1782244399.407,2026-06-23T20:53:19,0.501,550.40,0.000,0.000,65.0
1782244403.446,2026-06-23T20:53:23,0.523,550.40,0.000,0.000,65.0
1782244407.535,2026-06-23T20:53:27,0.529,550.40,0.000,0.000,65.0
1782244411.620,2026-06-23T20:53:31,0.500,550.40,0.000,0.000,65.0
1782244415.708,2026-06-23T20:53:35,0.505,550.40,0.000,0.000,65.0
1782244419.795,2026-06-23T20:53:39,0.606,550.40,0.000,0.000,65.0
1782244423.885,2026-06-23T20:53:43,0.552,550.40,0.000,0.000,65.0
1782244427.969,2026-06-23T20:53:47,0.564,550.40,0.000,0.000,65.0
1782244432.056,2026-06-23T20:53:52,0.500,550.40,0.000,0.000,65.0
1782244436.142,2026-06-23T20:53:56,0.502,550.40,0.000,0.000,65.0
1782244440.232,2026-06-23T20:54:00,0.554,550.40,0.000,0.000,65.0
1782244444.273,2026-06-23T20:54:04,0.511,550.40,0.000,0.000,65.0
1782244448.358,2026-06-23T20:54:08,0.689,550.40,0.000,0.000,65.0
1782244452.441,2026-06-23T20:54:12,0.528,550.40,0.000,0.000,65.0
1782244456.529,2026-06-23T20:54:16,0.622,550.40,0.000,0.000,65.0
1782244460.615,2026-06-23T20:54:20,0.507,550.40,0.000,0.000,65.0
1782244464.699,2026-06-23T20:54:24,0.557,550.40,0.000,0.000,65.0
1782244468.786,2026-06-23T20:54:28,0.498,550.40,0.000,0.000,65.0
1782244472.873,2026-06-23T20:54:32,0.588,550.40,0.000,0.000,65.0
1782244476.959,2026-06-23T20:54:36,0.555,550.40,0.000,0.000,65.0
1782244481.045,2026-06-23T20:54:41,0.505,550.40,0.000,0.000,65.0
1782244485.090,2026-06-23T20:54:45,0.506,550.40,0.000,0.000,65.0
1782244489.177,2026-06-23T20:54:49,0.576,550.40,0.000,0.000,65.0
1782244493.260,2026-06-23T20:54:53,0.508,550.40,0.000,0.000,65.0
1782244497.346,2026-06-23T20:54:57,0.548,550.40,0.000,0.000,65.0
1782244501.441,2026-06-23T20:55:01,0.510,550.40,0.000,0.000,65.0
1782244505.535,2026-06-23T20:55:05,0.521,550.40,0.000,0.000,65.0
1782244509.619,2026-06-23T20:55:09,0.587,550.40,0.000,0.000,65.0
1782244513.704,2026-06-23T20:55:13,0.504,550.40,0.000,0.000,65.0
1782244517.793,2026-06-23T20:55:17,0.509,550.40,0.000,0.000,65.0
1782244521.878,2026-06-23T20:55:21,0.498,550.40,0.000,0.000,65.0
1782244525.919,2026-06-23T20:55:25,0.512,550.40,0.000,0.000,65.0
1782244530.012,2026-06-23T20:55:30,0.516,550.40,0.000,0.000,65.0
1782244534.104,2026-06-23T20:55:34,0.622,550.40,0.000,0.000,65.0
1782244538.196,2026-06-23T20:55:38,0.489,550.40,0.000,0.000,65.0
1782244542.289,2026-06-23T20:55:42,0.513,550.40,0.000,0.000,65.0
1782244546.384,2026-06-23T20:55:46,0.536,550.40,0.000,0.000,65.0
1782244550.474,2026-06-23T20:55:50,0.522,550.40,0.000,0.000,65.0
1782244554.566,2026-06-23T20:55:54,0.570,550.40,0.000,0.000,65.0
1782244558.656,2026-06-23T20:55:58,0.504,550.40,0.000,0.000,65.0
1782244562.746,2026-06-23T20:56:02,0.520,550.40,0.000,0.000,65.0
1782244566.794,2026-06-23T20:56:06,0.509,550.40,0.000,0.000,65.0
1782244570.886,2026-06-23T20:56:10,0.579,550.40,0.000,0.000,65.0
1782244574.981,2026-06-23T20:56:14,0.548,550.40,0.000,0.000,65.0
1782244579.071,2026-06-23T20:56:19,0.498,550.40,0.000,0.000,65.0
1782244583.156,2026-06-23T20:56:23,0.540,550.40,0.000,0.000,65.0
1782244587.248,2026-06-23T20:56:27,0.532,550.40,0.000,0.000,65.0
1782244591.338,2026-06-23T20:56:31,0.508,550.40,0.000,0.000,65.0
1782244595.425,2026-06-23T20:56:35,0.498,550.40,0.000,0.000,65.0
1782244599.514,2026-06-23T20:56:39,0.577,550.40,0.000,0.000,65.0
1782244603.606,2026-06-23T20:56:43,0.544,550.40,0.000,0.000,65.0
1782244607.653,2026-06-23T20:56:47,0.502,550.40,0.000,0.000,65.0
1782244611.734,2026-06-23T20:56:51,0.507,550.40,0.000,0.000,65.0
1782244615.824,2026-06-23T20:56:55,0.510,550.40,0.000,0.000,65.0
1782244619.907,2026-06-23T20:56:59,0.602,550.40,0.000,0.000,65.0
1782244623.993,2026-06-23T20:57:03,0.504,550.40,0.000,0.000,65.0
1782244628.076,2026-06-23T20:57:08,0.590,550.40,0.000,0.000,65.0
1782244632.160,2026-06-23T20:57:12,0.515,550.40,0.000,0.000,65.0
1782244636.245,2026-06-23T20:57:16,0.814,550.40,0.000,0.000,65.0
1782244640.330,2026-06-23T20:57:20,0.499,550.40,0.000,0.000,65.0
1782244644.419,2026-06-23T20:57:24,0.508,550.40,0.000,0.000,65.0
1782244648.464,2026-06-23T20:57:28,0.499,550.40,0.000,0.000,65.0
1782244652.553,2026-06-23T20:57:32,0.507,550.40,0.000,0.000,65.0
1782244656.641,2026-06-23T20:57:36,0.587,550.40,0.000,0.000,65.0
1782244660.726,2026-06-23T20:57:40,0.502,550.40,0.000,0.000,65.0
1782244664.811,2026-06-23T20:57:44,0.553,550.40,0.000,0.000,65.0
1782244668.897,2026-06-23T20:57:48,0.511,550.40,0.000,0.000,65.0
1782244672.983,2026-06-23T20:57:52,0.521,550.40,0.000,0.000,65.0
1782244677.069,2026-06-23T20:57:57,0.602,550.40,0.000,0.000,65.0
1782244681.155,2026-06-23T20:58:01,0.504,550.40,0.000,0.000,65.0
1782244685.241,2026-06-23T20:58:05,0.534,550.40,0.000,0.000,65.0
1782244689.284,2026-06-23T20:58:09,0.503,550.40,0.000,0.000,65.0
1782244693.371,2026-06-23T20:58:13,0.500,550.40,0.000,0.000,65.0
1782244697.456,2026-06-23T20:58:17,0.598,550.40,0.000,0.000,65.0
1782244701.539,2026-06-23T20:58:21,0.579,550.40,0.000,0.000,65.0
1782244705.628,2026-06-23T20:58:25,0.512,550.40,0.000,0.000,65.0
1782244709.715,2026-06-23T20:58:29,0.505,550.40,0.000,0.000,65.0
1782244713.799,2026-06-23T20:58:33,0.504,550.40,0.000,0.000,65.0
1782244717.887,2026-06-23T20:58:37,0.606,550.40,0.000,0.000,65.0
1782244721.975,2026-06-23T20:58:41,0.510,550.40,0.000,0.000,65.0
1782244726.057,2026-06-23T20:58:46,0.546,550.40,0.000,0.000,65.0
1782244730.106,2026-06-23T20:58:50,0.538,550.40,0.000,0.000,65.0
1782244734.197,2026-06-23T20:58:54,0.521,550.40,0.000,0.000,65.0
1782244738.292,2026-06-23T20:58:58,0.630,550.40,0.000,0.000,65.0
1782244742.381,2026-06-23T20:59:02,0.509,550.40,0.000,0.000,65.0
1782244746.476,2026-06-23T20:59:06,0.598,550.40,0.000,0.000,65.0
1782244750.566,2026-06-23T20:59:10,0.513,550.40,0.000,0.000,65.0
1782244754.660,2026-06-23T20:59:14,0.503,550.40,0.000,0.000,65.0
1782244758.756,2026-06-23T20:59:18,0.504,550.40,0.000,0.000,65.0
1782244762.849,2026-06-23T20:59:22,0.628,550.40,0.000,0.000,65.0
1782244766.942,2026-06-23T20:59:26,0.545,550.40,0.000,0.000,65.0
1782244770.986,2026-06-23T20:59:30,0.568,550.40,0.000,0.000,65.0
1782244775.072,2026-06-23T20:59:35,0.507,550.40,0.000,0.000,65.0
1782244779.165,2026-06-23T20:59:39,0.594,550.40,0.000,0.000,65.0
1782244783.251,2026-06-23T20:59:43,0.506,550.40,0.000,0.000,65.0
1782244787.335,2026-06-23T20:59:47,0.590,550.40,0.000,0.000,65.0
1782244791.419,2026-06-23T20:59:51,0.497,550.40,0.000,0.000,65.0
1782244795.504,2026-06-23T20:59:55,0.498,550.40,0.000,0.000,65.0
1782244799.592,2026-06-23T20:59:59,0.696,550.40,0.000,0.000,65.0
1782244803.678,2026-06-23T21:00:03,0.506,550.40,0.000,0.000,65.0
1782244807.761,2026-06-23T21:00:07,0.515,550.40,0.000,0.000,65.0
1782244811.801,2026-06-23T21:00:11,0.545,550.40,0.000,0.000,65.0
1782244815.887,2026-06-23T21:00:15,0.606,550.40,0.000,0.000,65.0
1782244819.969,2026-06-23T21:00:19,0.572,550.40,0.000,0.000,65.0
1782244824.060,2026-06-23T21:00:24,0.502,550.40,0.000,0.000,65.0
1782244828.154,2026-06-23T21:00:28,0.551,550.40,0.000,0.000,65.0
1782244832.241,2026-06-23T21:00:32,0.623,550.40,0.000,0.000,65.0
1782244836.325,2026-06-23T21:00:36,0.505,550.40,0.000,0.000,65.0
1782244840.413,2026-06-23T21:00:40,0.592,550.40,0.000,0.000,65.0
1782244844.500,2026-06-23T21:00:44,0.549,550.40,0.000,0.000,65.0
1782244848.585,2026-06-23T21:00:48,0.511,550.40,0.000,0.000,65.0
1782244852.628,2026-06-23T21:00:52,0.553,550.40,0.000,0.000,65.0
1782244856.714,2026-06-23T21:00:56,0.586,550.40,0.000,0.000,65.0
1782244860.801,2026-06-23T21:01:00,0.505,550.40,0.000,0.000,65.0
1782244864.889,2026-06-23T21:01:04,0.655,550.40,0.000,0.000,65.0
1782244868.973,2026-06-23T21:01:08,0.541,550.40,0.000,0.000,65.0
1782244873.057,2026-06-23T21:01:13,0.504,550.40,0.000,0.000,65.0
1782244877.146,2026-06-23T21:01:17,0.511,550.40,0.000,0.000,65.0
1782244881.241,2026-06-23T21:01:21,0.505,550.40,0.000,0.000,65.0
1782244885.331,2026-06-23T21:01:25,0.511,550.40,0.000,0.000,65.0
1782244889.424,2026-06-23T21:01:29,0.510,550.40,0.000,0.000,65.0
1782244893.471,2026-06-23T21:01:33,0.511,550.40,0.000,0.000,65.0
1782244897.565,2026-06-23T21:01:37,0.516,550.40,0.000,0.000,65.0
1782244901.655,2026-06-23T21:01:41,0.498,550.40,0.000,0.000,65.0
1782244905.750,2026-06-23T21:01:45,0.505,550.40,0.000,0.000,65.0
1782244909.838,2026-06-23T21:01:49,0.542,550.40,0.000,0.000,65.0
1782244913.924,2026-06-23T21:01:53,0.507,550.40,0.000,0.000,65.0
1782244918.018,2026-06-23T21:01:58,0.549,550.40,0.000,0.000,65.0
1782244922.109,2026-06-23T21:02:02,0.540,550.40,0.000,0.000,65.0
1782244926.194,2026-06-23T21:02:06,0.503,550.40,0.000,0.000,65.0
1782244930.278,2026-06-23T21:02:10,0.502,550.40,0.000,0.000,65.0
1782244934.320,2026-06-23T21:02:14,0.562,550.40,0.000,0.000,65.0
1782244938.404,2026-06-23T21:02:18,0.503,550.40,0.000,0.000,65.0
1782244942.489,2026-06-23T21:02:22,0.502,550.40,0.000,0.000,65.0
1782244946.575,2026-06-23T21:02:26,0.542,550.40,0.000,0.000,65.0
1782244950.661,2026-06-23T21:02:30,0.588,550.40,0.000,0.000,65.0
1782244954.744,2026-06-23T21:02:34,0.521,550.40,0.000,0.000,65.0
1782244958.837,2026-06-23T21:02:38,0.588,550.40,0.000,0.000,65.0
1782244962.931,2026-06-23T21:02:42,0.506,550.40,0.000,0.000,65.0
1782244967.021,2026-06-23T21:02:47,0.501,550.40,0.000,0.000,65.0
1782244971.112,2026-06-23T21:02:51,0.704,550.40,0.000,0.000,65.0
1782244975.160,2026-06-23T21:02:55,0.588,550.40,0.000,0.000,65.0
1782244979.251,2026-06-23T21:02:59,0.612,550.40,0.000,0.000,65.0
1782244983.337,2026-06-23T21:03:03,0.573,550.40,0.000,0.000,65.0
1782244987.422,2026-06-23T21:03:07,0.546,550.40,0.000,0.000,65.0
1782244991.514,2026-06-23T21:03:11,0.595,550.40,0.000,0.000,65.0
1782244995.600,2026-06-23T21:03:15,0.534,550.40,0.000,0.000,65.0
1782244999.690,2026-06-23T21:03:19,0.502,550.40,0.000,0.000,65.0
1782245003.775,2026-06-23T21:03:23,0.514,550.40,0.000,0.000,65.0
1782245007.863,2026-06-23T21:03:27,0.619,550.40,0.000,0.000,65.0
1782245011.952,2026-06-23T21:03:31,0.624,550.40,0.000,0.000,65.0
1782245015.995,2026-06-23T21:03:35,0.588,550.40,0.000,0.000,65.0
1782245020.083,2026-06-23T21:03:40,0.576,550.40,0.000,0.000,65.0
1782245024.166,2026-06-23T21:03:44,0.635,550.40,0.000,0.000,65.0
1782245028.249,2026-06-23T21:03:48,0.568,550.40,0.000,0.000,65.0
1782245032.333,2026-06-23T21:03:52,0.604,550.40,0.000,0.000,65.0
1782245036.415,2026-06-23T21:03:56,0.504,550.40,0.000,0.000,65.0
1782245040.505,2026-06-23T21:04:00,0.505,550.40,0.000,0.000,65.0
1782245044.593,2026-06-23T21:04:04,0.716,550.40,0.000,0.000,65.0
1782245048.679,2026-06-23T21:04:08,0.596,550.40,0.000,0.000,65.0
1782245052.770,2026-06-23T21:04:12,0.694,550.40,0.000,0.000,65.0
1782245056.820,2026-06-23T21:04:16,0.553,550.40,0.000,0.000,65.0
1782245060.913,2026-06-23T21:04:20,0.643,550.40,0.000,0.000,65.0
1782245065.005,2026-06-23T21:04:25,0.594,550.40,0.000,0.000,65.0
1782245069.097,2026-06-23T21:04:29,0.505,550.40,0.000,0.000,65.0
1782245073.187,2026-06-23T21:04:33,0.506,550.40,0.000,0.000,65.0
1782245077.281,2026-06-23T21:04:37,0.594,550.40,0.000,0.000,65.0
1782245081.374,2026-06-23T21:04:41,0.576,550.40,0.000,0.000,65.0
1782245085.471,2026-06-23T21:04:45,0.614,550.40,0.000,0.000,65.0
1782245089.564,2026-06-23T21:04:49,0.617,550.40,0.000,0.000,65.0
1782245093.656,2026-06-23T21:04:53,0.550,550.40,0.000,0.000,65.0
1782245097.705,2026-06-23T21:04:57,0.502,550.40,0.000,0.000,65.0
1782245101.798,2026-06-23T21:05:01,0.499,550.40,0.000,0.000,65.0
1782245105.890,2026-06-23T21:05:05,0.574,550.40,0.000,0.000,65.0
1782245109.987,2026-06-23T21:05:09,0.644,550.40,0.000,0.000,65.0
1782245114.081,2026-06-23T21:05:14,0.501,550.40,0.000,0.000,65.0
1782245118.169,2026-06-23T21:05:18,0.615,550.40,0.000,0.000,65.0
1782245122.258,2026-06-23T21:05:22,0.614,550.40,0.000,0.000,65.0
1782245126.351,2026-06-23T21:05:26,0.547,550.40,0.000,0.000,65.0
1782245130.446,2026-06-23T21:05:30,0.510,550.40,0.000,0.000,65.0
1782245134.531,2026-06-23T21:05:34,0.569,550.40,0.000,0.000,65.0
1782245138.572,2026-06-23T21:05:38,0.672,550.40,0.000,0.000,65.0
1782245142.664,2026-06-23T21:05:42,0.593,550.40,0.000,0.000,65.0
1782245146.758,2026-06-23T21:05:46,0.610,550.40,0.000,0.000,65.0
1782245150.849,2026-06-23T21:05:50,0.744,550.40,0.000,0.000,65.0
1782245154.935,2026-06-23T21:05:54,0.507,550.40,0.000,0.000,65.0
1782245159.030,2026-06-23T21:05:59,0.503,550.40,0.000,0.000,65.0
1782245163.122,2026-06-23T21:06:03,0.615,550.40,0.000,0.000,65.0
1782245167.218,2026-06-23T21:06:07,0.585,550.40,0.000,0.000,65.0
1782245171.308,2026-06-23T21:06:11,0.595,550.40,0.000,0.000,65.0
1782245175.390,2026-06-23T21:06:15,0.541,550.40,0.000,0.000,65.0
1782245179.435,2026-06-23T21:06:19,0.514,550.40,0.000,0.000,65.0
1782245183.522,2026-06-23T21:06:23,0.511,550.40,0.000,0.000,65.0
1782245187.607,2026-06-23T21:06:27,0.502,550.40,0.000,0.000,65.0
1782245191.695,2026-06-23T21:06:31,0.556,550.40,0.000,0.000,65.0
1782245195.779,2026-06-23T21:06:35,0.508,550.40,0.000,0.000,65.0
1782245199.862,2026-06-23T21:06:39,0.526,550.40,0.000,0.000,65.0
1782245203.956,2026-06-23T21:06:43,0.507,550.40,0.000,0.000,65.0
1782245208.052,2026-06-23T21:06:48,0.503,550.40,0.000,0.000,65.0
1782245212.145,2026-06-23T21:06:52,0.590,550.40,0.000,0.000,65.0
1782245216.235,2026-06-23T21:06:56,0.508,550.40,0.000,0.000,65.0
1782245220.277,2026-06-23T21:07:00,0.520,550.40,0.000,0.000,65.0
1782245224.366,2026-06-23T21:07:04,0.612,550.40,0.000,0.000,65.0
1782245228.459,2026-06-23T21:07:08,0.504,550.40,0.000,0.000,65.0
1782245232.546,2026-06-23T21:07:12,0.507,550.40,0.000,0.000,65.0
1782245236.628,2026-06-23T21:07:16,0.516,550.40,0.000,0.000,65.0
1782245240.719,2026-06-23T21:07:20,0.533,550.40,0.000,0.000,65.0
1782245244.805,2026-06-23T21:07:24,0.499,550.40,0.000,0.000,65.0
1782245248.892,2026-06-23T21:07:28,0.531,550.40,0.000,0.000,65.0
1782245252.977,2026-06-23T21:07:32,0.495,550.40,0.000,0.000,65.0
1782245257.062,2026-06-23T21:07:37,0.503,550.40,0.000,0.000,65.0
1782245261.106,2026-06-23T21:07:41,0.613,550.40,0.000,0.000,65.0
1782245265.195,2026-06-23T21:07:45,0.537,550.40,0.000,0.000,65.0
1782245269.288,2026-06-23T21:07:49,0.602,550.40,0.000,0.000,65.0
1782245273.383,2026-06-23T21:07:53,0.607,550.40,0.000,0.000,65.0
1782245277.475,2026-06-23T21:07:57,0.517,550.40,0.000,0.000,65.0
1782245281.571,2026-06-23T21:08:01,0.499,550.40,0.000,0.000,65.0
1782245285.662,2026-06-23T21:08:05,0.540,550.40,0.000,0.000,65.0
1782245289.753,2026-06-23T21:08:09,0.510,550.40,0.000,0.000,65.0
1782245293.847,2026-06-23T21:08:13,0.496,550.40,0.000,0.000,65.0
1782245297.935,2026-06-23T21:08:17,0.523,550.40,0.000,0.000,65.0
1782245301.977,2026-06-23T21:08:21,0.571,550.40,0.000,0.000,65.0
1782245306.063,2026-06-23T21:08:26,0.501,550.40,0.000,0.000,65.0
1782245310.151,2026-06-23T21:08:30,0.532,550.40,0.000,0.000,65.0
1782245314.243,2026-06-23T21:08:34,0.506,550.40,0.000,0.000,65.0
1782245318.332,2026-06-23T21:08:38,0.512,550.40,0.000,0.000,65.0
1782245322.423,2026-06-23T21:08:42,0.503,550.40,0.000,0.000,65.0
1782245326.508,2026-06-23T21:08:46,0.567,550.40,0.000,0.000,65.0
1782245330.600,2026-06-23T21:08:50,0.503,550.40,0.000,0.000,65.0
1782245334.687,2026-06-23T21:08:54,0.501,550.40,0.000,0.000,65.0
1782245338.781,2026-06-23T21:08:58,0.505,550.40,0.000,0.000,65.0
1782245342.832,2026-06-23T21:09:02,0.505,550.40,0.000,0.000,65.0
1782245346.920,2026-06-23T21:09:06,0.505,550.40,0.000,0.000,65.0
1782245351.009,2026-06-23T21:09:11,0.507,550.40,0.000,0.000,65.0
1782245355.101,2026-06-23T21:09:15,0.514,550.40,0.000,0.000,65.0
1782245359.192,2026-06-23T21:09:19,0.499,550.40,0.000,0.000,65.0
1782245363.277,2026-06-23T21:09:23,0.630,550.40,0.000,0.000,65.0
1782245367.361,2026-06-23T21:09:27,0.510,550.40,0.000,0.000,65.0
1782245371.451,2026-06-23T21:09:31,0.514,550.40,0.000,0.000,65.0
1782245375.537,2026-06-23T21:09:35,0.497,550.40,0.000,0.000,65.0
1782245379.627,2026-06-23T21:09:39,0.509,550.40,0.000,0.000,65.0
1782245383.670,2026-06-23T21:09:43,0.500,550.40,0.000,0.000,65.0
1782245387.756,2026-06-23T21:09:47,0.588,550.40,0.000,0.000,65.0
1782245391.838,2026-06-23T21:09:51,0.563,550.40,0.000,0.000,65.0
1782245395.923,2026-06-23T21:09:55,0.518,550.40,0.000,0.000,65.0
1782245400.011,2026-06-23T21:10:00,0.509,550.40,0.000,0.000,65.0
1782245404.097,2026-06-23T21:10:04,0.510,550.40,0.000,0.000,65.0
1782245408.184,2026-06-23T21:10:08,0.592,550.40,0.000,0.000,65.0
1782245412.269,2026-06-23T21:10:12,0.506,550.40,0.000,0.000,65.0
1782245416.359,2026-06-23T21:10:16,0.559,550.40,0.000,0.000,65.0
1782245420.452,2026-06-23T21:10:20,0.506,550.40,0.000,0.000,65.0
1782245424.500,2026-06-23T21:10:24,0.509,550.40,0.000,0.000,65.0
1782245428.589,2026-06-23T21:10:28,0.492,550.40,0.000,0.000,65.0
1782245432.682,2026-06-23T21:10:32,0.612,550.40,0.000,0.000,65.0
1782245436.711,2026-06-23T21:10:36,0.529,550.40,0.000,0.000,65.0
1782245440.774,2026-06-23T21:10:40,0.504,550.40,0.000,0.000,65.0
1782245444.864,2026-06-23T21:10:44,0.506,550.40,0.000,0.000,65.0
1782245448.959,2026-06-23T21:10:48,0.506,550.40,0.000,0.000,65.0
1782245453.050,2026-06-23T21:10:53,0.543,550.40,0.000,0.000,65.0
1782245457.135,2026-06-23T21:10:57,0.528,550.40,0.000,0.000,65.0
1782245461.220,2026-06-23T21:11:01,0.509,550.40,0.000,0.000,65.0
1782245465.261,2026-06-23T21:11:05,0.507,550.40,0.000,0.000,65.0
1782245469.344,2026-06-23T21:11:09,0.617,550.40,0.000,0.000,65.0
1782245473.436,2026-06-23T21:11:13,0.501,550.40,0.000,0.000,65.0
1782245477.531,2026-06-23T21:11:17,0.576,550.40,0.000,0.000,65.0
1782245481.619,2026-06-23T21:11:21,0.512,550.40,0.000,0.000,65.0
1782245485.709,2026-06-23T21:11:25,0.589,550.40,0.000,0.000,65.0
1782245489.794,2026-06-23T21:11:29,0.786,550.40,0.000,0.000,65.0
1782245493.881,2026-06-23T21:11:33,0.640,550.40,0.000,0.000,65.0
1782245497.968,2026-06-23T21:11:37,0.566,550.40,0.000,0.000,65.0
1782245502.055,2026-06-23T21:11:42,0.552,550.40,0.000,0.000,65.0
1782245506.096,2026-06-23T21:11:46,0.631,550.40,0.000,0.000,65.0
1782245510.181,2026-06-23T21:11:50,0.606,550.40,0.000,0.000,65.0
1782245514.270,2026-06-23T21:11:54,0.501,550.40,0.000,0.000,65.0
1782245518.354,2026-06-23T21:11:58,0.578,550.40,0.000,0.000,65.0
1782245522.444,2026-06-23T21:12:02,0.538,550.40,0.000,0.000,65.0
1782245526.532,2026-06-23T21:12:06,0.630,550.40,0.000,0.000,65.0
1782245530.618,2026-06-23T21:12:10,0.510,550.40,0.000,0.000,65.0
1782245534.707,2026-06-23T21:12:14,0.600,550.40,0.000,0.000,65.0
1782245538.792,2026-06-23T21:12:18,0.598,550.40,0.000,0.000,65.0
1782245542.879,2026-06-23T21:12:22,0.565,550.40,0.000,0.000,65.0
1782245546.923,2026-06-23T21:12:26,0.994,550.40,0.000,0.000,65.0
1782245551.010,2026-06-23T21:12:31,0.600,550.40,0.000,0.000,65.0
1782245555.092,2026-06-23T21:12:35,0.590,550.40,0.000,0.000,65.0
1782245559.178,2026-06-23T21:12:39,0.547,550.40,0.000,0.000,65.0
1782245563.271,2026-06-23T21:12:43,0.661,550.40,0.000,0.000,65.0
1782245567.356,2026-06-23T21:12:47,0.616,550.40,0.000,0.000,65.0
1782245571.443,2026-06-23T21:12:51,0.595,550.40,0.000,0.000,65.0
1782245575.530,2026-06-23T21:12:55,0.602,550.40,0.000,0.000,65.0
1782245579.616,2026-06-23T21:12:59,0.618,550.40,0.000,0.000,65.0
1782245583.704,2026-06-23T21:13:03,0.594,550.40,0.000,0.000,65.0
1782245587.746,2026-06-23T21:13:07,0.691,550.40,0.000,0.000,65.0
1782245591.832,2026-06-23T21:13:11,0.564,550.40,0.000,0.000,65.0
1782245595.915,2026-06-23T21:13:15,0.498,550.40,0.000,0.000,65.0
1782245600.001,2026-06-23T21:13:20,0.497,550.40,0.000,0.000,65.0
1782245604.086,2026-06-23T21:13:24,0.531,550.40,0.000,0.000,65.0
1782245608.168,2026-06-23T21:13:28,0.533,550.40,0.000,0.000,65.0
1782245612.256,2026-06-23T21:13:32,0.496,550.40,0.000,0.000,65.0
1782245616.340,2026-06-23T21:13:36,0.609,550.40,0.000,0.000,65.0
1782245620.426,2026-06-23T21:13:40,0.641,550.40,0.000,0.000,65.0
1782245624.511,2026-06-23T21:13:44,0.499,550.40,0.000,0.000,65.0
1782245628.549,2026-06-23T21:13:48,0.499,550.40,0.000,0.000,65.0
1782245632.635,2026-06-23T21:13:52,0.651,550.40,0.000,0.000,65.0
1782245636.721,2026-06-23T21:13:56,0.601,550.40,0.000,0.000,65.0
1782245640.808,2026-06-23T21:14:00,0.511,550.40,0.000,0.000,65.0
1782245644.893,2026-06-23T21:14:04,0.504,550.40,0.000,0.000,65.0
1782245648.979,2026-06-23T21:14:08,0.504,550.40,0.000,0.000,65.0
1782245653.063,2026-06-23T21:14:13,0.544,550.40,0.000,0.000,65.0
1782245657.147,2026-06-23T21:14:17,0.520,550.40,0.000,0.000,65.0
1782245661.235,2026-06-23T21:14:21,0.526,550.40,0.000,0.000,65.0
1782245665.319,2026-06-23T21:14:25,0.517,550.40,0.000,0.000,65.0
1782245669.362,2026-06-23T21:14:29,0.500,550.40,0.000,0.000,65.0
1782245673.448,2026-06-23T21:14:33,0.672,550.40,0.000,0.000,65.0
1782245677.533,2026-06-23T21:14:37,0.503,550.40,0.000,0.000,65.0
1782245681.618,2026-06-23T21:14:41,0.497,550.40,0.000,0.000,65.0
1782245685.703,2026-06-23T21:14:45,0.498,550.40,0.000,0.000,65.0
1782245689.788,2026-06-23T21:14:49,0.540,550.40,0.000,0.000,65.0
1782245693.877,2026-06-23T21:14:53,0.509,550.40,0.000,0.000,65.0
1782245697.963,2026-06-23T21:14:57,0.665,550.40,0.000,0.000,65.0
1782245702.048,2026-06-23T21:15:02,0.508,550.40,0.000,0.000,65.0
1782245706.130,2026-06-23T21:15:06,0.530,550.40,0.000,0.000,65.0
1782245710.172,2026-06-23T21:15:10,0.505,550.40,0.000,0.000,65.0
1782245714.259,2026-06-23T21:15:14,0.501,550.40,0.000,0.000,65.0
1782245718.343,2026-06-23T21:15:18,0.497,550.40,0.000,0.000,65.0
1782245722.428,2026-06-23T21:15:22,0.620,550.40,0.000,0.000,65.0
1782245726.509,2026-06-23T21:15:26,0.502,550.40,0.000,0.000,65.0
1782245730.595,2026-06-23T21:15:30,0.501,550.40,0.000,0.000,65.0
1782245734.682,2026-06-23T21:15:34,0.505,550.40,0.000,0.000,65.0
1782245738.768,2026-06-23T21:15:38,0.592,550.40,0.000,0.000,65.0
1782245742.853,2026-06-23T21:15:42,0.501,550.40,0.000,0.000,65.0
1782245746.936,2026-06-23T21:15:46,0.504,550.40,0.000,0.000,65.0
1782245750.976,2026-06-23T21:15:50,0.508,550.40,0.000,0.000,65.0
1782245755.061,2026-06-23T21:15:55,0.603,550.40,0.000,0.000,65.0
1782245759.149,2026-06-23T21:15:59,0.557,550.40,0.000,0.000,65.0
1782245763.234,2026-06-23T21:16:03,0.584,550.40,0.000,0.000,65.0
1782245767.319,2026-06-23T21:16:07,0.499,550.40,0.000,0.000,65.0
1782245771.404,2026-06-23T21:16:11,0.577,550.40,0.000,0.000,65.0
1782245775.493,2026-06-23T21:16:15,0.507,550.40,0.000,0.000,65.0
1782245779.577,2026-06-23T21:16:19,0.507,550.40,0.000,0.000,65.0
1782245783.661,2026-06-23T21:16:23,0.505,550.40,0.000,0.000,65.0
1782245787.744,2026-06-23T21:16:27,0.537,550.40,0.000,0.000,65.0
1782245791.785,2026-06-23T21:16:31,0.507,550.40,0.000,0.000,65.0
1782245795.874,2026-06-23T21:16:35,0.507,550.40,0.000,0.000,65.0
1782245799.959,2026-06-23T21:16:39,0.626,550.40,0.000,0.000,65.0
1782245804.046,2026-06-23T21:16:44,0.509,550.40,0.000,0.000,65.0
1782245808.130,2026-06-23T21:16:48,0.494,550.40,0.000,0.000,65.0
1782245812.215,2026-06-23T21:16:52,0.611,550.40,0.000,0.000,65.0
1782245816.299,2026-06-23T21:16:56,0.504,550.40,0.000,0.000,65.0
1782245820.387,2026-06-23T21:17:00,0.546,550.40,0.000,0.000,65.0
1782245824.472,2026-06-23T21:17:04,0.496,550.40,0.000,0.000,65.0
1782245828.559,2026-06-23T21:17:08,0.574,550.40,0.000,0.000,65.0
1782245832.599,2026-06-23T21:17:12,0.515,550.40,0.000,0.000,65.0
1782245836.684,2026-06-23T21:17:16,0.614,550.40,0.000,0.000,65.0
1782245840.771,2026-06-23T21:17:20,0.507,550.40,0.000,0.000,65.0
1782245844.859,2026-06-23T21:17:24,0.497,550.40,0.000,0.000,65.0
1782245848.941,2026-06-23T21:17:28,0.524,550.40,0.000,0.000,65.0
1782245853.029,2026-06-23T21:17:33,0.503,550.40,0.000,0.000,65.0
1782245857.120,2026-06-23T21:17:37,0.530,550.40,0.000,0.000,65.0
1782245861.211,2026-06-23T21:17:41,0.510,550.40,0.000,0.000,65.0
1782245865.302,2026-06-23T21:17:45,0.518,550.40,0.000,0.000,65.0
1782245869.393,2026-06-23T21:17:49,0.507,550.40,0.000,0.000,65.0
1782245873.442,2026-06-23T21:17:53,0.502,550.40,0.000,0.000,65.0
1782245877.533,2026-06-23T21:17:57,0.554,550.40,0.000,0.000,65.0
1782245881.614,2026-06-23T21:18:01,0.547,550.40,0.000,0.000,65.0
1782245885.699,2026-06-23T21:18:05,0.514,550.40,0.000,0.000,65.0
1782245889.783,2026-06-23T21:18:09,0.578,550.40,0.000,0.000,65.0
1782245893.865,2026-06-23T21:18:13,0.497,550.40,0.000,0.000,65.0
1782245897.951,2026-06-23T21:18:17,0.528,550.40,0.000,0.000,65.0
1782245902.036,2026-06-23T21:18:22,0.502,550.40,0.000,0.000,65.0
1782245906.128,2026-06-23T21:18:26,0.515,550.40,0.000,0.000,65.0
1782245910.220,2026-06-23T21:18:30,0.498,550.40,0.000,0.000,65.0
1782245914.265,2026-06-23T21:18:34,0.531,550.40,0.000,0.000,65.0
1782245918.357,2026-06-23T21:18:38,0.502,550.40,0.000,0.000,65.0
1782245922.451,2026-06-23T21:18:42,0.507,550.40,0.000,0.000,65.0
1782245926.543,2026-06-23T21:18:46,0.505,550.40,0.000,0.000,65.0
1782245930.632,2026-06-23T21:18:50,0.543,550.40,0.000,0.000,65.0
1782245934.727,2026-06-23T21:18:54,0.552,550.40,0.000,0.000,65.0
1782245938.818,2026-06-23T21:18:58,0.537,550.40,0.000,0.000,65.0
1782245942.912,2026-06-23T21:19:02,0.621,550.40,0.000,0.000,65.0
1782245946.999,2026-06-23T21:19:06,0.608,550.40,0.000,0.000,65.0
1782245951.092,2026-06-23T21:19:11,0.581,550.40,0.000,0.000,65.0
1782245955.140,2026-06-23T21:19:15,0.505,550.40,0.000,0.000,65.0
1782245959.228,2026-06-23T21:19:19,0.510,550.40,0.000,0.000,65.0
1782245963.318,2026-06-23T21:19:23,0.628,550.40,0.000,0.000,65.0
1782245967.411,2026-06-23T21:19:27,0.510,550.40,0.000,0.000,65.0
1782245971.499,2026-06-23T21:19:31,0.499,550.40,0.000,0.000,65.0
1782245975.587,2026-06-23T21:19:35,0.560,550.40,0.000,0.000,65.0
1782245979.671,2026-06-23T21:19:39,0.513,550.40,0.000,0.000,65.0
1782245983.757,2026-06-23T21:19:43,0.498,550.40,0.000,0.000,65.0
1782245987.849,2026-06-23T21:19:47,0.572,550.40,0.000,0.000,65.0
1782245991.941,2026-06-23T21:19:51,0.517,550.40,0.000,0.000,65.0
1782245995.993,2026-06-23T21:19:55,0.522,550.40,0.000,0.000,65.0
1782246000.082,2026-06-23T21:20:00,0.498,550.40,0.000,0.000,65.0
1782246004.174,2026-06-23T21:20:04,0.506,550.40,0.000,0.000,65.0
1782246008.272,2026-06-23T21:20:08,0.596,550.40,0.000,0.000,65.0
1782246012.364,2026-06-23T21:20:12,0.528,550.40,0.000,0.000,65.0
1782246016.447,2026-06-23T21:20:16,0.513,550.40,0.000,0.000,65.0
1782246020.537,2026-06-23T21:20:20,0.495,550.40,0.000,0.000,65.0
1782246024.627,2026-06-23T21:20:24,0.498,550.40,0.000,0.000,65.0
1782246028.710,2026-06-23T21:20:28,0.596,550.40,0.000,0.000,65.0
1782246032.796,2026-06-23T21:20:32,0.503,550.40,0.000,0.000,65.0
1782246036.843,2026-06-23T21:20:36,0.499,550.40,0.000,0.000,65.0
1782246040.930,2026-06-23T21:20:40,0.549,550.40,0.000,0.000,65.0
1782246045.012,2026-06-23T21:20:45,0.613,550.40,0.000,0.000,65.0
1782246049.100,2026-06-23T21:20:49,0.560,550.40,0.000,0.000,65.0
1782246053.187,2026-06-23T21:20:53,0.509,550.40,0.000,0.000,65.0
1782246057.274,2026-06-23T21:20:57,0.501,550.40,0.000,0.000,65.0
1782246061.363,2026-06-23T21:21:01,0.503,550.40,0.000,0.000,65.0
1782246065.450,2026-06-23T21:21:05,0.602,550.40,0.000,0.000,65.0
1782246069.534,2026-06-23T21:21:09,0.508,550.40,0.000,0.000,65.0
1782246073.621,2026-06-23T21:21:13,0.510,550.40,0.000,0.000,65.0
1782246077.664,2026-06-23T21:21:17,0.528,550.40,0.000,0.000,65.0
1782246081.751,2026-06-23T21:21:21,0.503,550.40,0.000,0.000,65.0
1782246085.834,2026-06-23T21:21:25,0.522,550.40,0.000,0.000,65.0
1782246089.923,2026-06-23T21:21:29,0.498,550.40,0.000,0.000,65.0
1782246094.009,2026-06-23T21:21:34,0.614,550.40,0.000,0.000,65.0
1782246098.094,2026-06-23T21:21:38,0.500,550.40,0.000,0.000,65.0
1782246102.183,2026-06-23T21:21:42,0.507,550.40,0.000,0.000,65.0
1782246106.274,2026-06-23T21:21:46,0.620,550.40,0.000,0.000,65.0
1782246110.365,2026-06-23T21:21:50,0.573,550.40,0.000,0.000,65.0
1782246114.456,2026-06-23T21:21:54,0.521,550.40,0.000,0.000,65.0
1782246118.507,2026-06-23T21:21:58,0.506,550.40,0.000,0.000,65.0
1782246122.598,2026-06-23T21:22:02,0.530,550.40,0.000,0.000,65.0
1782246126.685,2026-06-23T21:22:06,0.498,550.40,0.000,0.000,65.0
1782246130.771,2026-06-23T21:22:10,0.514,550.40,0.000,0.000,65.0
1782246134.857,2026-06-23T21:22:14,0.594,550.40,0.000,0.000,65.0
1782246138.944,2026-06-23T21:22:18,0.508,550.40,0.000,0.000,65.0
1782246143.029,2026-06-23T21:22:23,0.514,550.40,0.000,0.000,65.0
1782246147.114,2026-06-23T21:22:27,0.514,550.40,0.000,0.000,65.0
1782246151.198,2026-06-23T21:22:31,0.512,550.40,0.000,0.000,65.0
1782246155.285,2026-06-23T21:22:35,0.494,550.40,0.000,0.000,65.0
1782246159.333,2026-06-23T21:22:39,0.597,550.40,0.000,0.000,65.0
1782246163.420,2026-06-23T21:22:43,0.571,550.40,0.000,0.000,65.0
1782246167.502,2026-06-23T21:22:47,0.523,550.40,0.000,0.000,65.0
1782246171.586,2026-06-23T21:22:51,0.631,550.40,0.000,0.000,65.0
1782246175.673,2026-06-23T21:22:55,0.501,550.40,0.000,0.000,65.0
1782246179.756,2026-06-23T21:22:59,0.499,550.40,0.000,0.000,65.0
1782246183.841,2026-06-23T21:23:03,0.544,550.40,0.000,0.000,65.0
1782246187.931,2026-06-23T21:23:07,0.506,550.40,0.000,0.000,65.0
1782246192.015,2026-06-23T21:23:12,0.562,550.40,0.000,0.000,65.0
1782246196.099,2026-06-23T21:23:16,0.579,550.40,0.000,0.000,65.0
1782246200.144,2026-06-23T21:23:20,0.575,550.40,0.000,0.000,65.0
1782246204.235,2026-06-23T21:23:24,0.511,550.40,0.000,0.000,65.0
1782246208.320,2026-06-23T21:23:28,0.509,550.40,0.000,0.000,65.0
1782246212.404,2026-06-23T21:23:32,0.511,550.40,0.000,0.000,65.0
1782246216.490,2026-06-23T21:23:36,0.508,550.40,0.000,0.000,65.0
1782246220.584,2026-06-23T21:23:40,0.509,550.40,0.000,0.000,65.0
1782246224.674,2026-06-23T21:23:44,0.520,550.40,0.000,0.000,65.0
1782246228.761,2026-06-23T21:23:48,0.498,550.40,0.000,0.000,65.0
1782246232.845,2026-06-23T21:23:52,0.513,550.40,0.000,0.000,65.0
1782246236.931,2026-06-23T21:23:56,0.507,550.40,0.000,0.000,65.0
1782246240.981,2026-06-23T21:24:00,0.506,550.40,0.000,0.000,65.0
1782246245.073,2026-06-23T21:24:05,0.502,550.40,0.000,0.000,65.0
1782246249.165,2026-06-23T21:24:09,0.521,550.40,0.000,0.000,65.0
1782246253.249,2026-06-23T21:24:13,0.508,550.40,0.000,0.000,65.0
1782246257.335,2026-06-23T21:24:17,0.595,550.40,0.000,0.000,65.0
1782246261.423,2026-06-23T21:24:21,0.652,550.40,0.000,0.000,65.0
1782246265.515,2026-06-23T21:24:25,0.517,550.40,0.000,0.000,65.0
1782246269.606,2026-06-23T21:24:29,0.497,550.40,0.000,0.000,65.0
1782246273.693,2026-06-23T21:24:33,0.504,550.40,0.000,0.000,65.0
1782246277.779,2026-06-23T21:24:37,0.495,550.40,0.000,0.000,65.0
1782246281.820,2026-06-23T21:24:41,0.504,550.40,0.000,0.000,65.0
1782246285.912,2026-06-23T21:24:45,0.509,550.40,0.000,0.000,65.0
1782246290.003,2026-06-23T21:24:50,0.500,550.40,0.000,0.000,65.0
1782246294.087,2026-06-23T21:24:54,0.499,550.40,0.000,0.000,65.0
1782246298.178,2026-06-23T21:24:58,0.506,550.40,0.000,0.000,65.0
1782246302.270,2026-06-23T21:25:02,0.510,550.40,0.000,0.000,65.0
1782246306.364,2026-06-23T21:25:06,0.543,550.40,0.000,0.000,65.0
1782246310.451,2026-06-23T21:25:10,0.503,550.40,0.000,0.000,65.0
1782246314.533,2026-06-23T21:25:14,0.542,550.40,0.000,0.000,65.0
1782246318.620,2026-06-23T21:25:18,0.517,550.40,0.000,0.000,65.0
1782246322.666,2026-06-23T21:25:22,0.496,550.40,0.000,0.000,65.0
1782246326.751,2026-06-23T21:25:26,0.551,550.40,0.000,0.000,65.0
1782246330.837,2026-06-23T21:25:30,0.550,550.40,0.000,0.000,65.0
1782246334.922,2026-06-23T21:25:34,0.505,550.40,0.000,0.000,65.0
1782246339.010,2026-06-23T21:25:39,0.510,550.40,0.000,0.000,65.0
1782246343.094,2026-06-23T21:25:43,0.528,550.40,0.000,0.000,65.0
1782246347.181,2026-06-23T21:25:47,0.512,550.40,0.000,0.000,65.0
1782246351.263,2026-06-23T21:25:51,0.519,550.40,0.000,0.000,65.0
1782246355.352,2026-06-23T21:25:55,0.523,550.40,0.000,0.000,65.0
1782246359.451,2026-06-23T21:25:59,0.516,550.40,0.000,0.000,65.0
1782246363.498,2026-06-23T21:26:03,0.512,550.40,0.000,0.000,65.0
1782246367.586,2026-06-23T21:26:07,0.501,550.40,0.000,0.000,65.0
1782246371.672,2026-06-23T21:26:11,0.499,550.40,0.000,0.000,65.0
1782246375.763,2026-06-23T21:26:15,0.525,550.40,0.000,0.000,65.0
1782246379.847,2026-06-23T21:26:19,0.498,550.40,0.000,0.000,65.0
1782246383.932,2026-06-23T21:26:23,0.541,550.40,0.000,0.000,65.0
1782246388.020,2026-06-23T21:26:28,0.497,550.40,0.000,0.000,65.0
1782246392.113,2026-06-23T21:26:32,0.507,550.40,0.000,0.000,65.0
1782246396.207,2026-06-23T21:26:36,0.551,550.40,0.000,0.000,65.0
1782246400.298,2026-06-23T21:26:40,0.519,550.40,0.000,0.000,65.0
1782246404.347,2026-06-23T21:26:44,0.606,550.40,0.000,0.000,65.0
1782246408.436,2026-06-23T21:26:48,0.498,550.40,0.000,0.000,65.0
1782246412.522,2026-06-23T21:26:52,0.506,550.40,0.000,0.000,65.0
1782246416.605,2026-06-23T21:26:56,0.501,550.40,0.000,0.000,65.0
1782246420.697,2026-06-23T21:27:00,0.522,550.40,0.000,0.000,65.0
1782246424.786,2026-06-23T21:27:04,0.495,550.40,0.000,0.000,65.0
1782246428.870,2026-06-23T21:27:08,0.506,550.40,0.000,0.000,65.0
1782246432.955,2026-06-23T21:27:12,0.558,550.40,0.000,0.000,65.0
1782246437.039,2026-06-23T21:27:17,0.500,550.40,0.000,0.000,65.0
1782246441.128,2026-06-23T21:27:21,0.498,550.40,0.000,0.000,65.0
1782246445.169,2026-06-23T21:27:25,0.531,550.40,0.000,0.000,65.0
1782246449.259,2026-06-23T21:27:29,0.512,550.40,0.000,0.000,65.0
1782246453.345,2026-06-23T21:27:33,0.495,550.40,0.000,0.000,65.0
1782246457.437,2026-06-23T21:27:37,0.600,550.40,0.000,0.000,65.0
1782246461.522,2026-06-23T21:27:41,0.588,550.40,0.000,0.000,65.0
1782246465.608,2026-06-23T21:27:45,0.537,550.40,0.000,0.000,65.0
1782246469.691,2026-06-23T21:27:49,0.553,550.40,0.000,0.000,65.0
1782246473.777,2026-06-23T21:27:53,0.613,550.40,0.000,0.000,65.0
1782246477.867,2026-06-23T21:27:57,0.498,550.40,0.000,0.000,65.0
1782246481.955,2026-06-23T21:28:01,0.518,550.40,0.000,0.000,65.0
1782246485.998,2026-06-23T21:28:05,0.672,550.40,0.000,0.000,65.0
1782246490.085,2026-06-23T21:28:10,0.499,550.40,0.000,0.000,65.0
1782246494.170,2026-06-23T21:28:14,0.503,550.40,0.000,0.000,65.0
1782246498.254,2026-06-23T21:28:18,0.513,550.40,0.000,0.000,65.0
1782246502.338,2026-06-23T21:28:22,0.512,550.40,0.000,0.000,65.0
1782246506.423,2026-06-23T21:28:26,0.504,550.40,0.000,0.000,65.0
1782246510.509,2026-06-23T21:28:30,0.506,550.40,0.000,0.000,65.0
1782246514.602,2026-06-23T21:28:34,0.502,550.40,0.000,0.000,65.0
1782246518.689,2026-06-23T21:28:38,0.540,550.40,0.000,0.000,65.0
1782246522.780,2026-06-23T21:28:42,0.498,550.40,0.000,0.000,65.0
1782246526.824,2026-06-23T21:28:46,0.500,550.40,0.000,0.000,65.0
1782246530.911,2026-06-23T21:28:50,0.525,550.40,0.000,0.000,65.0
1782246534.999,2026-06-23T21:28:54,0.588,550.40,0.000,0.000,65.0
1782246539.086,2026-06-23T21:28:59,0.549,550.40,0.000,0.000,65.0
1782246543.179,2026-06-23T21:29:03,0.607,550.40,0.000,0.000,65.0
1782246547.270,2026-06-23T21:29:07,0.517,550.40,0.000,0.000,65.0
1782246551.357,2026-06-23T21:29:11,0.498,550.40,0.000,0.000,65.0
1782246555.447,2026-06-23T21:29:15,0.513,550.40,0.000,0.000,65.0
1782246559.539,2026-06-23T21:29:19,0.504,550.40,0.000,0.000,65.0
1782246563.626,2026-06-23T21:29:23,0.585,550.40,0.000,0.000,65.0
1782246567.667,2026-06-23T21:29:27,0.499,550.40,0.000,0.000,65.0
1782246571.752,2026-06-23T21:29:31,0.617,550.40,0.000,0.000,65.0
1782246575.842,2026-06-23T21:29:35,0.603,550.40,0.000,0.000,65.0
1782246579.933,2026-06-23T21:29:39,0.736,550.40,0.000,0.000,65.0
1782246584.016,2026-06-23T21:29:44,0.543,550.40,0.000,0.000,65.0
1782246588.101,2026-06-23T21:29:48,0.592,550.40,0.000,0.000,65.0
1782246592.188,2026-06-23T21:29:52,0.551,550.40,0.000,0.000,65.0
1782246596.279,2026-06-23T21:29:56,0.651,550.40,0.000,0.000,65.0
1782246600.365,2026-06-23T21:30:00,0.591,550.40,0.000,0.000,65.0
1782246604.454,2026-06-23T21:30:04,0.497,550.40,0.000,0.000,65.0
1782246608.496,2026-06-23T21:30:08,0.553,550.40,0.000,0.000,65.0
1782246612.582,2026-06-23T21:30:12,0.620,550.40,0.000,0.000,65.0
1782246616.668,2026-06-23T21:30:16,0.491,550.40,0.000,0.000,65.0
1782246620.759,2026-06-23T21:30:20,0.611,550.40,0.000,0.000,65.0
1782246624.846,2026-06-23T21:30:24,0.543,550.40,0.000,0.000,65.0
1782246628.930,2026-06-23T21:30:28,0.594,550.40,0.000,0.000,65.0
1782246633.015,2026-06-23T21:30:33,0.610,550.40,0.000,0.000,65.0
1782246637.100,2026-06-23T21:30:37,0.498,550.40,0.000,0.000,65.0
1782246641.186,2026-06-23T21:30:41,0.597,550.40,0.000,0.000,65.0
1782246645.274,2026-06-23T21:30:45,0.534,550.40,0.000,0.000,65.0
1782246649.313,2026-06-23T21:30:49,0.592,550.40,0.000,0.000,65.0
1782246653.398,2026-06-23T21:30:53,0.502,550.40,0.000,0.000,65.0
1782246657.484,2026-06-23T21:30:57,0.500,550.40,0.000,0.000,65.0
1782246661.568,2026-06-23T21:31:01,0.512,550.40,0.000,0.000,65.0
1782246665.660,2026-06-23T21:31:05,0.505,550.40,0.000,0.000,65.0
1782246669.749,2026-06-23T21:31:09,0.520,550.40,0.000,0.000,65.0
1782246673.836,2026-06-23T21:31:13,0.511,550.40,0.000,0.000,65.0
1782246677.926,2026-06-23T21:31:17,0.502,550.40,0.000,0.000,65.0
1782246682.019,2026-06-23T21:31:22,0.539,550.40,0.000,0.000,65.0
1782246686.116,2026-06-23T21:31:26,0.500,550.40,0.000,0.000,65.0
1782246690.161,2026-06-23T21:31:30,0.503,550.40,0.000,0.000,65.0
1782246694.252,2026-06-23T21:31:34,0.512,550.40,0.000,0.000,65.0
1782246698.341,2026-06-23T21:31:38,0.500,550.40,0.000,0.000,65.0
1782246702.435,2026-06-23T21:31:42,0.512,550.40,0.000,0.000,65.0
1782246706.526,2026-06-23T21:31:46,0.501,550.40,0.000,0.000,65.0
1782246710.621,2026-06-23T21:31:50,0.496,550.40,0.000,0.000,65.0
1782246714.713,2026-06-23T21:31:54,0.500,550.40,0.000,0.000,65.0
1782246718.805,2026-06-23T21:31:58,0.511,550.40,0.000,0.000,65.0
1782246722.898,2026-06-23T21:32:02,0.513,550.40,0.000,0.000,65.0
1782246726.991,2026-06-23T21:32:06,0.518,550.40,0.000,0.000,65.0
1782246731.034,2026-06-23T21:32:11,0.522,550.40,0.000,0.000,65.0
1782246735.123,2026-06-23T21:32:15,0.515,550.40,0.000,0.000,65.0
1782246739.216,2026-06-23T21:32:19,0.504,550.40,0.000,0.000,65.0
1782246743.316,2026-06-23T21:32:23,0.502,550.40,0.000,0.000,65.0
1782246747.402,2026-06-23T21:32:27,0.552,550.40,0.000,0.000,65.0
1782246751.489,2026-06-23T21:32:31,0.509,550.40,0.000,0.000,65.0
1782246755.574,2026-06-23T21:32:35,0.502,550.40,0.000,0.000,65.0
1782246759.662,2026-06-23T21:32:39,0.606,550.40,0.000,0.000,65.0
1782246763.745,2026-06-23T21:32:43,0.527,550.40,0.000,0.000,65.0
1782246767.835,2026-06-23T21:32:47,0.516,550.40,0.000,0.000,65.0
1782246771.878,2026-06-23T21:32:51,0.557,550.40,0.000,0.000,65.0
1782246775.963,2026-06-23T21:32:55,0.549,550.40,0.000,0.000,65.0
1782246780.050,2026-06-23T21:33:00,0.544,550.40,0.000,0.000,65.0
1782246784.141,2026-06-23T21:33:04,0.532,550.40,0.000,0.000,65.0
1782246788.224,2026-06-23T21:33:08,0.499,550.40,0.000,0.000,65.0
1782246792.313,2026-06-23T21:33:12,0.581,550.40,0.000,0.000,65.0
1782246796.402,2026-06-23T21:33:16,0.511,550.40,0.000,0.000,65.0
1782246800.493,2026-06-23T21:33:20,0.499,550.40,0.000,0.000,65.0
1782246804.579,2026-06-23T21:33:24,0.513,550.40,0.000,0.000,65.0
1782246808.667,2026-06-23T21:33:28,0.511,550.40,0.000,0.000,65.0
1782246812.713,2026-06-23T21:33:32,0.517,550.40,0.000,0.000,65.0
1782246816.801,2026-06-23T21:33:36,0.502,550.40,0.000,0.000,65.0
1782246820.889,2026-06-23T21:33:40,0.550,550.40,0.000,0.000,65.0
1782246824.978,2026-06-23T21:33:44,0.612,550.40,0.000,0.000,65.0
1782246829.063,2026-06-23T21:33:49,0.502,550.40,0.000,0.000,65.0
1782246833.151,2026-06-23T21:33:53,0.500,550.40,0.000,0.000,65.0
1782246837.236,2026-06-23T21:33:57,0.495,550.40,0.000,0.000,65.0
1782246841.324,2026-06-23T21:34:01,0.498,550.40,0.000,0.000,65.0
1782246845.412,2026-06-23T21:34:05,0.498,550.40,0.000,0.000,65.0
1782246849.496,2026-06-23T21:34:09,0.497,550.40,0.000,0.000,65.0
1782246853.534,2026-06-23T21:34:13,0.497,550.40,0.000,0.000,65.0
1782246857.624,2026-06-23T21:34:17,0.504,550.40,0.000,0.000,65.0
1782246861.713,2026-06-23T21:34:21,0.534,550.40,0.000,0.000,65.0
1782246865.803,2026-06-23T21:34:25,0.511,550.40,0.000,0.000,65.0
1782246869.891,2026-06-23T21:34:29,0.506,550.40,0.000,0.000,65.0
1782246873.980,2026-06-23T21:34:33,0.540,550.40,0.000,0.000,65.0
1782246878.067,2026-06-23T21:34:38,0.517,550.40,0.000,0.000,65.0
1782246882.155,2026-06-23T21:34:42,0.527,550.40,0.000,0.000,65.0
1782246886.242,2026-06-23T21:34:46,0.504,550.40,0.000,0.000,65.0
1782246890.330,2026-06-23T21:34:50,0.526,550.40,0.000,0.000,65.0
1782246894.375,2026-06-23T21:34:54,0.530,550.40,0.000,0.000,65.0
1782246898.460,2026-06-23T21:34:58,0.500,550.40,0.000,0.000,65.0
1782246902.549,2026-06-23T21:35:02,0.550,550.40,0.000,0.000,65.0
1782246906.639,2026-06-23T21:35:06,0.513,550.40,0.000,0.000,65.0
1782246910.724,2026-06-23T21:35:10,0.513,550.40,0.000,0.000,65.0
1782246914.807,2026-06-23T21:35:14,0.606,550.40,0.000,0.000,65.0
1782246918.895,2026-06-23T21:35:18,0.630,550.40,0.000,0.000,65.0
1782246922.983,2026-06-23T21:35:22,0.540,550.40,0.000,0.000,65.0
1782246927.067,2026-06-23T21:35:27,0.631,550.40,0.000,0.000,65.0
1782246931.149,2026-06-23T21:35:31,0.569,550.40,0.000,0.000,65.0
1782246935.194,2026-06-23T21:35:35,0.608,550.40,0.000,0.000,65.0
1782246939.280,2026-06-23T21:35:39,0.549,550.40,0.000,0.000,65.0
1782246943.369,2026-06-23T21:35:43,0.697,550.40,0.000,0.000,65.0
1782246947.454,2026-06-23T21:35:47,0.609,550.40,0.000,0.000,65.0
1782246951.538,2026-06-23T21:35:51,0.501,550.40,0.000,0.000,65.0
1782246955.624,2026-06-23T21:35:55,0.585,550.40,0.000,0.000,65.0
1782246959.715,2026-06-23T21:35:59,0.598,550.40,0.000,0.000,65.0
1782246963.801,2026-06-23T21:36:03,0.511,550.40,0.000,0.000,65.0
1782246967.887,2026-06-23T21:36:07,0.563,550.40,0.000,0.000,65.0
1782246971.971,2026-06-23T21:36:11,0.543,550.40,0.000,0.000,65.0
1782246976.013,2026-06-23T21:36:16,0.507,550.40,0.000,0.000,65.0
1782246980.101,2026-06-23T21:36:20,0.693,550.40,0.000,0.000,65.0
1782246984.189,2026-06-23T21:36:24,0.559,550.40,0.000,0.000,65.0
1782246988.273,2026-06-23T21:36:28,0.514,550.40,0.000,0.000,65.0
1782246992.357,2026-06-23T21:36:32,0.501,550.40,0.000,0.000,65.0
1782246996.444,2026-06-23T21:36:36,0.511,550.40,0.000,0.000,65.0
1782247000.529,2026-06-23T21:36:40,0.563,550.40,0.000,0.000,65.0
1782247004.617,2026-06-23T21:36:44,0.512,550.40,0.000,0.000,65.0
1782247008.703,2026-06-23T21:36:48,0.548,550.40,0.000,0.000,65.0
1782247012.785,2026-06-23T21:36:52,0.687,550.40,0.000,0.000,65.0
1782247016.830,2026-06-23T21:36:56,0.508,550.40,0.000,0.000,65.0
1782247020.916,2026-06-23T21:37:00,0.512,550.40,0.000,0.000,65.0
1782247025.000,2026-06-23T21:37:04,0.497,550.40,0.000,0.000,65.0
1782247029.087,2026-06-23T21:37:09,0.629,550.40,0.000,0.000,65.0
1782247033.178,2026-06-23T21:37:13,0.604,550.40,0.000,0.000,65.0
1782247037.262,2026-06-23T21:37:17,0.525,550.40,0.000,0.000,65.0
1782247041.348,2026-06-23T21:37:21,0.503,550.40,0.000,0.000,65.0
1782247045.437,2026-06-23T21:37:25,0.519,550.40,0.000,0.000,65.0
1782247049.527,2026-06-23T21:37:29,0.584,550.40,0.000,0.000,65.0
1782247053.612,2026-06-23T21:37:33,0.496,550.40,0.000,0.000,65.0
1782247057.659,2026-06-23T21:37:37,0.595,550.40,0.000,0.000,65.0
1782247061.753,2026-06-23T21:37:41,0.525,550.40,0.000,0.000,65.0
1782247065.842,2026-06-23T21:37:45,0.627,550.40,0.000,0.000,65.0
1782247069.930,2026-06-23T21:37:49,0.603,550.40,0.000,0.000,65.0
1782247074.013,2026-06-23T21:37:54,0.523,550.40,0.000,0.000,65.0
1782247078.097,2026-06-23T21:37:58,0.534,550.40,0.000,0.000,65.0
1782247082.190,2026-06-23T21:38:02,0.622,550.40,0.000,0.000,65.0
1782247086.279,2026-06-23T21:38:06,0.550,550.40,0.000,0.000,65.0
1782247090.373,2026-06-23T21:38:10,0.576,550.40,0.000,0.000,65.0
1782247094.469,2026-06-23T21:38:14,0.505,550.40,0.000,0.000,65.0
1782247098.516,2026-06-23T21:38:18,0.588,550.40,0.000,0.000,65.0
1782247102.604,2026-06-23T21:38:22,0.538,550.40,0.000,0.000,65.0
1782247106.690,2026-06-23T21:38:26,0.600,550.40,0.000,0.000,65.0
1782247110.775,2026-06-23T21:38:30,0.508,550.40,0.000,0.000,65.0
1782247114.856,2026-06-23T21:38:34,0.587,550.40,0.000,0.000,65.0
1782247118.942,2026-06-23T21:38:38,0.498,550.40,0.000,0.000,65.0
1782247123.031,2026-06-23T21:38:43,0.595,550.40,0.000,0.000,65.0
1782247127.116,2026-06-23T21:38:47,0.526,550.40,0.000,0.000,65.0
1782247131.200,2026-06-23T21:38:51,0.514,550.40,0.000,0.000,65.0
1782247135.284,2026-06-23T21:38:55,0.507,550.40,0.000,0.000,65.0
1782247139.325,2026-06-23T21:38:59,0.509,550.40,0.000,0.000,65.0
1782247143.412,2026-06-23T21:39:03,0.509,550.40,0.000,0.000,65.0
1782247147.505,2026-06-23T21:39:07,0.501,550.40,0.000,0.000,65.0
1782247151.593,2026-06-23T21:39:11,0.503,550.40,0.000,0.000,65.0
1782247155.684,2026-06-23T21:39:15,0.510,550.40,0.000,0.000,65.0
1782247159.769,2026-06-23T21:39:19,0.578,550.40,0.000,0.000,65.0
1782247163.853,2026-06-23T21:39:23,0.512,550.40,0.000,0.000,65.0
1782247167.941,2026-06-23T21:39:27,0.634,550.40,0.000,0.000,65.0
1782247172.030,2026-06-23T21:39:32,0.507,550.40,0.000,0.000,65.0
1782247176.118,2026-06-23T21:39:36,0.506,550.40,0.000,0.000,65.0
1782247180.163,2026-06-23T21:39:40,0.495,550.40,0.000,0.000,65.0
1782247184.255,2026-06-23T21:39:44,0.490,550.40,0.000,0.000,65.0
1782247188.348,2026-06-23T21:39:48,0.505,550.40,0.000,0.000,65.0
1782247192.441,2026-06-23T21:39:52,0.504,550.40,0.000,0.000,65.0
1782247196.532,2026-06-23T21:39:56,0.505,550.40,0.000,0.000,65.0
1782247200.623,2026-06-23T21:40:00,0.629,550.40,0.000,0.000,65.0
1782247204.718,2026-06-23T21:40:04,0.543,550.40,0.000,0.000,65.0
1782247208.806,2026-06-23T21:40:08,0.580,550.40,0.000,0.000,65.0
1782247212.898,2026-06-23T21:40:12,0.503,550.40,0.000,0.000,65.0
1782247216.985,2026-06-23T21:40:16,0.543,550.40,0.000,0.000,65.0
1782247221.026,2026-06-23T21:40:21,0.694,550.40,0.000,0.000,65.0
1782247225.112,2026-06-23T21:40:25,0.541,550.40,0.000,0.000,65.0
1782247229.197,2026-06-23T21:40:29,0.635,550.40,0.000,0.000,65.0
1782247233.281,2026-06-23T21:40:33,0.497,550.40,0.000,0.000,65.0
1782247237.369,2026-06-23T21:40:37,0.504,550.40,0.000,0.000,65.0
1782247241.459,2026-06-23T21:40:41,0.507,550.40,0.000,0.000,65.0
1782247245.543,2026-06-23T21:40:45,0.503,550.40,0.000,0.000,65.0
1782247249.632,2026-06-23T21:40:49,0.500,550.40,0.000,0.000,65.0
1782247253.723,2026-06-23T21:40:53,0.506,550.40,0.000,0.000,65.0
1782247257.814,2026-06-23T21:40:57,0.579,550.40,0.000,0.000,65.0
1782247261.860,2026-06-23T21:41:01,0.537,550.40,0.000,0.000,65.0
1782247265.947,2026-06-23T21:41:05,0.509,550.40,0.000,0.000,65.0
1782247270.034,2026-06-23T21:41:10,0.544,550.40,0.000,0.000,65.0
1782247274.119,2026-06-23T21:41:14,0.508,550.40,0.000,0.000,65.0
1782247278.206,2026-06-23T21:41:18,0.503,550.40,0.000,0.000,65.0
1782247282.296,2026-06-23T21:41:22,0.613,550.40,0.000,0.000,65.0
1782247286.384,2026-06-23T21:41:26,0.507,550.40,0.000,0.000,65.0
1782247290.470,2026-06-23T21:41:30,0.538,550.40,0.000,0.000,65.0
1782247294.553,2026-06-23T21:41:34,0.509,550.40,0.000,0.000,65.0
1782247298.644,2026-06-23T21:41:38,0.506,550.40,0.000,0.000,65.0
1782247302.690,2026-06-23T21:41:42,0.535,550.40,0.000,0.000,65.0
1782247306.775,2026-06-23T21:41:46,0.526,550.40,0.000,0.000,65.0
1782247310.861,2026-06-23T21:41:50,0.503,550.40,0.000,0.000,65.0
1782247314.945,2026-06-23T21:41:54,0.501,550.40,0.000,0.000,65.0
1782247319.030,2026-06-23T21:41:59,0.572,550.40,0.000,0.000,65.0
1782247323.118,2026-06-23T21:42:03,0.501,550.40,0.000,0.000,65.0
1782247327.205,2026-06-23T21:42:07,0.644,550.40,0.000,0.000,65.0
1782247331.290,2026-06-23T21:42:11,0.508,550.40,0.000,0.000,65.0
1782247335.377,2026-06-23T21:42:15,0.502,550.40,0.000,0.000,65.0
1782247339.461,2026-06-23T21:42:19,0.500,550.40,0.000,0.000,65.0
1782247343.502,2026-06-23T21:42:23,0.536,550.40,0.000,0.000,65.0
1782247347.587,2026-06-23T21:42:27,0.892,550.40,0.000,0.000,65.0
1782247351.674,2026-06-23T21:42:31,0.505,550.40,0.000,0.000,65.0
1782247355.761,2026-06-23T21:42:35,0.501,550.40,0.000,0.000,65.0
1782247359.848,2026-06-23T21:42:39,0.605,550.40,0.000,0.000,65.0
1782247363.935,2026-06-23T21:42:43,0.524,550.40,0.000,0.000,65.0
1782247368.026,2026-06-23T21:42:48,0.599,550.40,0.000,0.000,65.0
1782247372.119,2026-06-23T21:42:52,0.508,550.40,0.000,0.000,65.0
1782247376.213,2026-06-23T21:42:56,0.540,550.40,0.000,0.000,65.0
1782247380.307,2026-06-23T21:43:00,0.497,550.40,0.000,0.000,65.0
1782247384.358,2026-06-23T21:43:04,0.513,550.40,0.000,0.000,65.0
1782247388.448,2026-06-23T21:43:08,0.514,550.40,0.000,0.000,65.0
1782247392.535,2026-06-23T21:43:12,0.526,550.40,0.000,0.000,65.0
1782247396.622,2026-06-23T21:43:16,0.512,550.40,0.000,0.000,65.0
1782247400.712,2026-06-23T21:43:20,0.513,550.40,0.000,0.000,65.0
1782247404.798,2026-06-23T21:43:24,0.510,550.40,0.000,0.000,65.0
1782247408.881,2026-06-23T21:43:28,0.502,550.40,0.000,0.000,65.0
1782247412.965,2026-06-23T21:43:32,0.579,550.40,0.000,0.000,65.0
1782247417.058,2026-06-23T21:43:37,0.536,550.40,0.000,0.000,65.0
1782247421.144,2026-06-23T21:43:41,0.601,550.40,0.000,0.000,65.0
1782247425.184,2026-06-23T21:43:45,0.503,550.40,0.000,0.000,65.0
1782247429.274,2026-06-23T21:43:49,0.505,550.40,0.000,0.000,65.0
1782247433.358,2026-06-23T21:43:53,0.588,550.40,0.000,0.000,65.0
1782247437.446,2026-06-23T21:43:57,0.495,550.40,0.000,0.000,65.0
1782247441.530,2026-06-23T21:44:01,0.613,550.40,0.000,0.000,65.0
1782247445.613,2026-06-23T21:44:05,0.509,550.40,0.000,0.000,65.0
1782247449.703,2026-06-23T21:44:09,0.631,550.40,0.000,0.000,65.0
1782247453.791,2026-06-23T21:44:13,0.504,550.40,0.000,0.000,65.0
1782247457.875,2026-06-23T21:44:17,0.518,550.40,0.000,0.000,65.0
1782247461.960,2026-06-23T21:44:21,0.575,550.40,0.000,0.000,65.0
1782247466.005,2026-06-23T21:44:26,0.533,550.40,0.000,0.000,65.0
1782247470.095,2026-06-23T21:44:30,0.518,550.40,0.000,0.000,65.0
1782247474.182,2026-06-23T21:44:34,0.502,550.40,0.000,0.000,65.0
1782247478.274,2026-06-23T21:44:38,0.510,550.40,0.000,0.000,65.0
1782247482.361,2026-06-23T21:44:42,0.605,550.40,0.000,0.000,65.0
1782247486.448,2026-06-23T21:44:46,0.601,550.40,0.000,0.000,65.0
1782247490.531,2026-06-23T21:44:50,0.595,550.40,0.000,0.000,65.0
1782247494.619,2026-06-23T21:44:54,0.513,550.40,0.000,0.000,65.0
1782247498.704,2026-06-23T21:44:58,0.545,550.40,0.000,0.000,65.0
1782247502.790,2026-06-23T21:45:02,0.584,550.40,0.000,0.000,65.0
1782247506.834,2026-06-23T21:45:06,0.512,550.40,0.000,0.000,65.0
1782247510.919,2026-06-23T21:45:10,0.535,550.40,0.000,0.000,65.0
1782247515.004,2026-06-23T21:45:15,0.544,550.40,0.000,0.000,65.0
1782247519.089,2026-06-23T21:45:19,0.500,550.40,0.000,0.000,65.0
1782247523.174,2026-06-23T21:45:23,0.592,550.40,0.000,0.000,65.0
1782247527.261,2026-06-23T21:45:27,0.605,550.40,0.000,0.000,65.0
1782247531.348,2026-06-23T21:45:31,0.620,550.40,0.000,0.000,65.0
1782247535.434,2026-06-23T21:45:35,0.569,550.40,0.000,0.000,65.0
1782247539.518,2026-06-23T21:45:39,0.646,550.40,0.000,0.000,65.0
1782247543.606,2026-06-23T21:45:43,0.530,550.40,0.000,0.000,65.0
1782247547.648,2026-06-23T21:45:47,0.525,550.40,0.000,0.000,65.0
1782247551.743,2026-06-23T21:45:51,0.570,550.40,0.000,0.000,65.0
1782247555.828,2026-06-23T21:45:55,0.524,550.40,0.000,0.000,65.0
1782247559.916,2026-06-23T21:45:59,0.500,550.40,0.000,0.000,65.0
1782247563.995,2026-06-23T21:46:03,0.547,550.40,0.000,0.000,65.0
1782247568.076,2026-06-23T21:46:08,0.507,550.40,0.000,0.000,65.0
1782247572.154,2026-06-23T21:46:12,0.501,550.40,0.000,0.000,65.0
1782247576.233,2026-06-23T21:46:16,0.497,550.40,0.000,0.000,65.0
1782247580.317,2026-06-23T21:46:20,0.496,550.40,0.000,0.000,65.0
1782247584.401,2026-06-23T21:46:24,0.501,550.40,0.000,0.000,65.0
1782247588.444,2026-06-23T21:46:28,0.504,550.40,0.000,0.000,65.0
1782247592.529,2026-06-23T21:46:32,0.542,550.40,0.000,0.000,65.0
1782247596.609,2026-06-23T21:46:36,0.504,550.40,0.000,0.000,65.0
1782247600.695,2026-06-23T21:46:40,0.497,550.40,0.000,0.000,65.0
1782247604.778,2026-06-23T21:46:44,0.526,550.40,0.000,0.000,65.0
1782247608.858,2026-06-23T21:46:48,0.614,550.40,0.000,0.000,65.0
1782247612.937,2026-06-23T21:46:52,0.510,550.40,0.000,0.000,65.0
1782247617.016,2026-06-23T21:46:57,0.500,550.40,0.000,0.000,65.0
1782247621.104,2026-06-23T21:47:01,0.507,550.40,0.000,0.000,65.0
1782247625.186,2026-06-23T21:47:05,0.513,550.40,0.000,0.000,65.0
1782247629.227,2026-06-23T21:47:09,0.581,550.40,0.000,0.000,65.0
1782247633.310,2026-06-23T21:47:13,0.498,550.40,0.000,0.000,65.0
1782247637.394,2026-06-23T21:47:17,0.502,550.40,0.000,0.000,65.0
1782247641.474,2026-06-23T21:47:21,0.561,550.40,0.000,0.000,65.0
1782247645.558,2026-06-23T21:47:25,0.622,550.40,0.000,0.000,65.0
1782247649.640,2026-06-23T21:47:29,0.538,550.40,0.000,0.000,65.0
1782247653.723,2026-06-23T21:47:33,0.501,550.40,0.000,0.000,65.0
1782247657.807,2026-06-23T21:47:37,0.601,550.40,0.000,0.000,65.0
1782247661.891,2026-06-23T21:47:41,0.497,550.40,0.000,0.000,65.0
1782247665.973,2026-06-23T21:47:45,0.501,550.40,0.000,0.000,65.0
1782247670.013,2026-06-23T21:47:50,0.599,550.40,0.000,0.000,65.0
1782247674.095,2026-06-23T21:47:54,0.511,550.40,0.000,0.000,65.0
1782247678.175,2026-06-23T21:47:58,0.500,550.40,0.000,0.000,65.0
1782247682.260,2026-06-23T21:48:02,0.512,550.40,0.000,0.000,65.0
1782247686.343,2026-06-23T21:48:06,0.545,550.40,0.000,0.000,65.0
1782247690.425,2026-06-23T21:48:10,0.580,550.40,0.000,0.000,65.0
1782247694.506,2026-06-23T21:48:14,0.502,550.40,0.000,0.000,65.0
1782247698.586,2026-06-23T21:48:18,0.444,550.40,0.000,0.000,65.0
1782247702.664,2026-06-23T21:48:22,0.444,550.40,0.000,0.000,65.0
1782247706.742,2026-06-23T21:48:26,0.444,550.40,0.000,0.000,65.0
1782247710.777,2026-06-23T21:48:30,0.444,550.40,0.000,0.000,65.0
1782247714.853,2026-06-23T21:48:34,0.444,550.40,0.000,0.000,65.0
1782247718.931,2026-06-23T21:48:38,0.444,550.40,0.000,0.000,65.0
1782247723.011,2026-06-23T21:48:43,0.444,550.40,0.000,0.000,65.0
1782247727.087,2026-06-23T21:48:47,0.444,550.40,0.000,0.000,65.0
1782247731.164,2026-06-23T21:48:51,0.444,550.40,0.000,0.000,65.0
1782247735.241,2026-06-23T21:48:55,0.444,550.40,0.000,0.000,65.0
1782247739.319,2026-06-23T21:48:59,0.444,550.40,0.000,0.000,65.0
1782247743.396,2026-06-23T21:49:03,0.444,550.40,0.000,0.000,65.0
1782247747.472,2026-06-23T21:49:07,0.444,550.40,0.000,0.000,65.0
1782247751.506,2026-06-23T21:49:11,0.444,550.40,0.000,0.000,65.0
1782247755.582,2026-06-23T21:49:15,0.444,550.40,0.000,0.000,65.0
1782247759.663,2026-06-23T21:49:19,0.444,550.40,0.000,0.000,65.0
1782247763.741,2026-06-23T21:49:23,0.444,550.40,0.000,0.000,65.0
1782247767.818,2026-06-23T21:49:27,0.444,550.40,0.000,0.000,65.0
1782247771.898,2026-06-23T21:49:31,0.444,550.40,0.000,0.000,65.0
1782247775.974,2026-06-23T21:49:35,0.444,550.40,0.000,0.000,65.0
1782247780.051,2026-06-23T21:49:40,0.444,550.40,0.000,0.000,65.0
1782247784.131,2026-06-23T21:49:44,0.444,550.40,0.000,0.000,65.0
1782247788.210,2026-06-23T21:49:48,0.444,550.40,0.000,0.000,65.0
1782247792.242,2026-06-23T21:49:52,0.444,550.40,0.000,0.000,65.0
1782247796.320,2026-06-23T21:49:56,0.444,550.40,0.000,0.000,65.0
1782247800.396,2026-06-23T21:50:00,0.444,550.40,0.000,0.000,65.0
1782247804.474,2026-06-23T21:50:04,0.444,550.40,0.000,0.000,65.0
1782247808.551,2026-06-23T21:50:08,0.444,550.40,0.000,0.000,65.0
1782247812.629,2026-06-23T21:50:12,0.444,550.40,0.000,0.000,65.0
1782247816.705,2026-06-23T21:50:16,0.444,550.40,0.000,0.000,65.0
1782247820.784,2026-06-23T21:50:20,0.444,550.40,0.000,0.000,65.0
1782247824.862,2026-06-23T21:50:24,0.444,550.40,0.000,0.000,65.0
1782247828.936,2026-06-23T21:50:28,0.444,550.40,0.000,0.000,65.0
1782247832.972,2026-06-23T21:50:32,0.444,550.40,0.000,0.000,65.0
1782247837.047,2026-06-23T21:50:37,0.444,550.40,0.000,0.000,65.0
1782247841.126,2026-06-23T21:50:41,0.444,550.40,0.000,0.000,65.0
1782247845.205,2026-06-23T21:50:45,0.444,550.40,0.000,0.000,65.0
1782247849.282,2026-06-23T21:50:49,0.444,550.40,0.000,0.000,65.0
1782247853.359,2026-06-23T21:50:53,0.444,550.40,0.000,0.000,65.0
1782247857.440,2026-06-23T21:50:57,0.444,550.40,0.000,0.000,65.0
1782247861.515,2026-06-23T21:51:01,0.444,550.40,0.000,0.000,65.0
1782247865.593,2026-06-23T21:51:05,0.444,550.40,0.000,0.000,65.0
1782247869.670,2026-06-23T21:51:09,0.444,550.40,0.000,0.000,65.0
1782247873.677,2026-06-23T21:51:13,0.444,550.40,0.000,0.000,65.0
1782247877.695,2026-06-23T21:51:17,0.444,550.40,0.000,0.000,65.0
1782247881.773,2026-06-23T21:51:21,0.444,550.40,0.000,0.000,65.0
1782247885.850,2026-06-23T21:51:25,0.444,550.40,0.000,0.000,65.0
1782247889.928,2026-06-23T21:51:29,0.444,550.40,0.000,0.000,65.0
1782247894.005,2026-06-23T21:51:34,0.444,550.40,0.000,0.000,65.0
1782247898.082,2026-06-23T21:51:38,0.444,550.40,0.000,0.000,65.0
1782247902.160,2026-06-23T21:51:42,0.444,550.40,0.000,0.000,65.0
1782247906.237,2026-06-23T21:51:46,0.444,550.40,0.000,0.000,65.0
1782247910.311,2026-06-23T21:51:50,0.444,550.40,0.000,0.000,65.0
1782247914.346,2026-06-23T21:51:54,0.444,550.40,0.000,0.000,65.0
1782247918.423,2026-06-23T21:51:58,0.444,550.40,0.000,0.000,65.0
1782247922.503,2026-06-23T21:52:02,0.444,550.40,0.000,0.000,65.0
1782247926.580,2026-06-23T21:52:06,0.444,550.40,0.000,0.000,65.0
1782247930.656,2026-06-23T21:52:10,0.444,550.40,0.000,0.000,65.0
1782247934.733,2026-06-23T21:52:14,0.444,550.40,0.000,0.000,65.0
1782247938.810,2026-06-23T21:52:18,0.444,550.40,0.000,0.000,65.0
1782247942.888,2026-06-23T21:52:22,0.444,550.40,0.000,0.000,65.0
1782247946.965,2026-06-23T21:52:26,0.444,550.40,0.000,0.000,65.0
1782247951.042,2026-06-23T21:52:31,0.444,550.40,0.000,0.000,65.0
1782247955.076,2026-06-23T21:52:35,0.444,550.40,0.000,0.000,65.0
1782247959.153,2026-06-23T21:52:39,0.444,550.40,0.000,0.000,65.0
1782247963.230,2026-06-23T21:52:43,0.444,550.40,0.000,0.000,65.0
1782247967.308,2026-06-23T21:52:47,0.444,550.40,0.000,0.000,65.0
1782247971.384,2026-06-23T21:52:51,0.444,550.40,0.000,0.000,65.0
1782247975.463,2026-06-23T21:52:55,0.444,550.40,0.000,0.000,65.0
1782247979.539,2026-06-23T21:52:59,0.444,550.40,0.000,0.000,65.0
1782247983.615,2026-06-23T21:53:03,0.444,550.40,0.000,0.000,65.0
1782247987.692,2026-06-23T21:53:07,0.444,550.40,0.000,0.000,65.0
1782247991.769,2026-06-23T21:53:11,0.444,550.40,0.000,0.000,65.0
1782247995.804,2026-06-23T21:53:15,0.444,550.40,0.000,0.000,65.0
1782247999.879,2026-06-23T21:53:19,0.444,550.40,0.000,0.000,65.0
1782248003.956,2026-06-23T21:53:23,0.444,550.40,0.000,0.000,65.0
1782248008.034,2026-06-23T21:53:28,0.444,550.40,0.000,0.000,65.0
1782248012.092,2026-06-23T21:53:32,0.444,550.40,0.000,0.000,65.0
1782248016.126,2026-06-23T21:53:36,0.444,550.40,0.000,0.000,65.0
1782248020.208,2026-06-23T21:53:40,0.444,550.40,0.000,0.000,65.0
1782248024.286,2026-06-23T21:53:44,0.444,550.40,0.000,0.000,65.0
1782248028.364,2026-06-23T21:53:48,0.444,550.40,0.000,0.000,65.0
1782248032.441,2026-06-23T21:53:52,0.444,550.40,0.000,0.000,65.0
1782248036.477,2026-06-23T21:53:56,0.444,550.40,0.000,0.000,65.0
1782248040.553,2026-06-23T21:54:00,0.444,550.40,0.000,0.000,65.0
1782248044.628,2026-06-23T21:54:04,0.444,550.40,0.000,0.000,65.0
1782248048.708,2026-06-23T21:54:08,0.444,550.40,0.000,0.000,65.0
1782248052.784,2026-06-23T21:54:12,0.444,550.40,0.000,0.000,65.0
1782248056.862,2026-06-23T21:54:16,0.444,550.40,0.000,0.000,65.0
1782248060.939,2026-06-23T21:54:20,0.444,550.40,0.000,0.000,65.0
1782248065.015,2026-06-23T21:54:25,0.444,550.40,0.000,0.000,65.0
1782248069.095,2026-06-23T21:54:29,0.444,550.40,0.000,0.000,65.0
1782248073.172,2026-06-23T21:54:33,0.444,550.40,0.000,0.000,65.0
1782248077.206,2026-06-23T21:54:37,0.444,550.40,0.000,0.000,65.0
1782248081.283,2026-06-23T21:54:41,0.444,550.40,0.000,0.000,65.0
1782248085.359,2026-06-23T21:54:45,0.444,550.40,0.000,0.000,65.0
1782248089.435,2026-06-23T21:54:49,0.444,550.40,0.000,0.000,65.0
1782248093.510,2026-06-23T21:54:53,0.444,550.40,0.000,0.000,65.0
1782248097.589,2026-06-23T21:54:57,0.444,550.40,0.000,0.000,65.0
1782248101.666,2026-06-23T21:55:01,0.444,550.40,0.000,0.000,65.0
1782248105.743,2026-06-23T21:55:05,0.444,550.40,0.000,0.000,65.0
1782248109.821,2026-06-23T21:55:09,0.444,550.40,0.000,0.000,65.0
1782248113.896,2026-06-23T21:55:13,0.444,550.40,0.000,0.000,65.0
1782248117.932,2026-06-23T21:55:17,0.444,550.40,0.000,0.000,65.0
1782248122.008,2026-06-23T21:55:22,0.444,550.40,0.000,0.000,65.0
1782248126.088,2026-06-23T21:55:26,0.444,550.40,0.000,0.000,65.0
1782248130.166,2026-06-23T21:55:30,0.444,550.40,0.000,0.000,65.0
1782248134.243,2026-06-23T21:55:34,0.444,550.40,0.000,0.000,65.0
1782248138.321,2026-06-23T21:55:38,0.444,550.40,0.000,0.000,65.0
1782248142.398,2026-06-23T21:55:42,0.444,550.40,0.000,0.000,65.0
1782248146.476,2026-06-23T21:55:46,0.444,550.40,0.000,0.000,65.0
1782248150.554,2026-06-23T21:55:50,0.444,550.40,0.000,0.000,65.0
1782248154.632,2026-06-23T21:55:54,0.444,550.40,0.000,0.000,65.0
1782248158.667,2026-06-23T21:55:58,0.444,550.40,0.000,0.000,65.0
1782248162.744,2026-06-23T21:56:02,0.444,550.40,0.000,0.000,65.0
1782248166.824,2026-06-23T21:56:06,0.444,550.40,0.000,0.000,65.0
1782248170.900,2026-06-23T21:56:10,0.444,550.40,0.000,0.000,65.0
1782248174.977,2026-06-23T21:56:14,0.444,550.40,0.000,0.000,65.0
1782248179.054,2026-06-23T21:56:19,0.444,550.40,0.000,0.000,65.0
1782248183.131,2026-06-23T21:56:23,0.444,550.40,0.000,0.000,65.0
1782248187.206,2026-06-23T21:56:27,0.444,550.40,0.000,0.000,65.0
1782248191.283,2026-06-23T21:56:31,0.444,550.40,0.000,0.000,65.0
1782248195.359,2026-06-23T21:56:35,0.444,550.40,0.000,0.000,65.0
1782248199.394,2026-06-23T21:56:39,0.444,550.40,0.000,0.000,65.0
1782248203.470,2026-06-23T21:56:43,0.444,550.40,0.000,0.000,65.0
1782248207.546,2026-06-23T21:56:47,0.444,550.40,0.000,0.000,65.0
1782248211.621,2026-06-23T21:56:51,0.444,550.40,0.000,0.000,65.0
1782248215.698,2026-06-23T21:56:55,0.444,550.40,0.000,0.000,65.0
1782248219.774,2026-06-23T21:56:59,0.444,550.40,0.000,0.000,65.0
1782248223.850,2026-06-23T21:57:03,0.444,550.40,0.000,0.000,65.0
1782248227.929,2026-06-23T21:57:07,0.444,550.40,0.000,0.000,65.0
1782248232.004,2026-06-23T21:57:12,0.444,550.40,0.000,0.000,65.0
1782248236.079,2026-06-23T21:57:16,0.444,550.40,0.000,0.000,65.0
1782248240.114,2026-06-23T21:57:20,0.444,550.40,0.000,0.000,65.0
1782248244.189,2026-06-23T21:57:24,0.444,550.40,0.000,0.000,65.0
1782248248.269,2026-06-23T21:57:28,0.444,550.40,0.000,0.000,65.0
1782248252.345,2026-06-23T21:57:32,0.444,550.40,0.000,0.000,65.0
1782248256.422,2026-06-23T21:57:36,0.444,550.40,0.000,0.000,65.0
1782248260.499,2026-06-23T21:57:40,0.444,550.40,0.000,0.000,65.0
1782248264.577,2026-06-23T21:57:44,0.444,550.40,0.000,0.000,65.0
1782248268.655,2026-06-23T21:57:48,0.444,550.40,0.000,0.000,65.0
1782248272.729,2026-06-23T21:57:52,0.444,550.40,0.000,0.000,65.0
1782248276.807,2026-06-23T21:57:56,0.444,550.40,0.000,0.000,65.0
1782248280.842,2026-06-23T21:58:00,0.444,550.40,0.000,0.000,65.0
1782248284.916,2026-06-23T21:58:04,0.444,550.40,0.000,0.000,65.0
1782248288.993,2026-06-23T21:58:08,0.444,550.40,0.000,0.000,65.0
1782248293.069,2026-06-23T21:58:13,0.444,550.40,0.000,0.000,65.0
1782248297.151,2026-06-23T21:58:17,0.444,550.40,0.000,0.000,65.0
1782248301.228,2026-06-23T21:58:21,0.444,550.40,0.000,0.000,65.0
1782248305.304,2026-06-23T21:58:25,0.444,550.40,0.000,0.000,65.0
1782248309.382,2026-06-23T21:58:29,0.444,550.40,0.000,0.000,65.0
1782248313.461,2026-06-23T21:58:33,0.444,550.40,0.000,0.000,65.0
1782248317.539,2026-06-23T21:58:37,0.444,550.40,0.000,0.000,65.0
1782248321.573,2026-06-23T21:58:41,0.444,550.40,0.000,0.000,65.0
1782248325.650,2026-06-23T21:58:45,0.444,550.40,0.000,0.000,65.0
1782248329.729,2026-06-23T21:58:49,0.444,550.40,0.000,0.000,65.0
1782248333.805,2026-06-23T21:58:53,0.444,550.40,0.000,0.000,65.0
1782248337.884,2026-06-23T21:58:57,0.444,550.40,0.000,0.000,65.0
1782248341.961,2026-06-23T21:59:01,0.444,550.40,0.000,0.000,65.0
1782248346.040,2026-06-23T21:59:06,0.444,550.40,0.000,0.000,65.0
1782248350.115,2026-06-23T21:59:10,0.444,550.40,0.000,0.000,65.0
1782248354.192,2026-06-23T21:59:14,0.444,550.40,0.000,0.000,65.0
1782248358.271,2026-06-23T21:59:18,0.444,550.40,0.000,0.000,65.0
1782248362.304,2026-06-23T21:59:22,0.444,550.40,0.000,0.000,65.0
1782248366.381,2026-06-23T21:59:26,0.444,550.40,0.000,0.000,65.0
1782248370.456,2026-06-23T21:59:30,0.444,550.40,0.000,0.000,65.0
1782248374.532,2026-06-23T21:59:34,0.444,550.40,0.000,0.000,65.0
1782248378.610,2026-06-23T21:59:38,0.444,550.40,0.000,0.000,65.0
1782248382.688,2026-06-23T21:59:42,0.444,550.40,0.000,0.000,65.0
1782248386.765,2026-06-23T21:59:46,0.444,550.40,0.000,0.000,65.0
1782248390.842,2026-06-23T21:59:50,0.444,550.40,0.000,0.000,65.0
1782248394.919,2026-06-23T21:59:54,0.444,550.40,0.000,0.000,65.0
1782248398.995,2026-06-23T21:59:58,0.444,550.40,0.000,0.000,65.0
1782248403.030,2026-06-23T22:00:03,0.444,550.40,0.000,0.000,65.0
1782248407.106,2026-06-23T22:00:07,0.444,550.40,0.000,0.000,65.0
1782248411.186,2026-06-23T22:00:11,0.444,550.40,0.000,0.000,65.0
1782248415.262,2026-06-23T22:00:15,0.444,550.40,0.000,0.000,65.0
1782248419.341,2026-06-23T22:00:19,0.444,550.40,0.000,0.000,65.0
1782248423.417,2026-06-23T22:00:23,0.444,550.40,0.000,0.000,65.0
1782248427.497,2026-06-23T22:00:27,0.444,550.40,0.000,0.000,65.0
1782248431.572,2026-06-23T22:00:31,0.444,550.40,0.000,0.000,65.0
1782248435.651,2026-06-23T22:00:35,0.444,550.40,0.000,0.000,65.0
1782248439.726,2026-06-23T22:00:39,0.444,550.40,0.000,0.000,65.0
1782248443.762,2026-06-23T22:00:43,0.444,550.40,0.000,0.000,65.0
1782248447.840,2026-06-23T22:00:47,0.444,550.40,0.000,0.000,65.0
1782248451.915,2026-06-23T22:00:51,0.444,550.40,0.000,0.000,65.0
1782248455.991,2026-06-23T22:00:55,0.444,550.40,0.000,0.000,65.0
