tick,sim_min,ev0_soc_pct,ev1_soc_pct,ev2_soc_pct,ev3_soc_pct,ev4_soc_pct,ev5_soc_pct,ev6_soc_pct,ev7_soc_pct,ev8_soc_pct,ev9_soc_pct,mean_soc_pct,total_power_kw,bus2_voltage_pu,trafo_loading_pct,line_loading_pct,cmd,bursts,cumulative_higher,cumulative_lower,grid_stress
0,0.00,20.02,24.47,28.91,33.36,37.80,42.24,46.69,51.13,55.58,60.02,40.02,170.000,0.9669,52.68,84.60,HOLD,0,0,0,0
1,0.07,20.04,24.49,28.93,33.38,37.82,42.27,46.71,51.16,55.60,60.04,40.04,170.000,0.9669,52.68,84.60,HOLD,0,0,0,0
2,0.13,20.07,24.51,28.96,33.40,37.85,42.29,46.73,51.18,55.62,60.07,40.07,170.000,0.9669,52.68,84.60,HOLD,0,0,0,0
3,0.20,20.09,24.53,28.98,33.42,37.87,42.31,46.76,51.20,55.65,60.09,40.09,170.000,0.9669,52.68,84.60,HOLD,0,0,0,0
4,0.27,20.11,24.56,29.00,33.45,37.89,42.33,46.78,51.22,55.67,60.11,40.11,170.000,0.9669,52.68,84.60,HOLD,0,0,0,0
5,0.33,20.13,24.58,29.02,33.47,37.91,42.36,46.80,51.25,55.69,60.13,40.13,170.000,0.9669,52.68,84.60,HOLD,0,0,0,0
6,0.40,20.16,24.60,29.05,33.49,37.93,42.38,46.82,51.27,55.71,60.16,40.16,170.000,0.9669,52.68,84.60,HOLD,0,0,0,0
7,0.47,20.18,24.62,29.07,33.51,37.96,42.40,46.85,51.29,55.74,60.18,40.18,170.000,0.9669,52.68,84.60,HOLD,0,0,0,0
8,0.53,20.20,24.65,29.09,33.54,37.98,42.42,46.87,51.31,55.76,60.20,40.20,170.000,0.9669,52.68,84.60,HOLD,0,0,0,0
9,0.60,20.22,24.67,29.11,33.56,38.00,42.45,46.89,51.34,55.78,60.22,40.22,170.000,0.9669,52.68,84.60,HOLD,0,0,0,0
10,0.67,20.25,24.69,29.14,33.58,38.02,42.47,46.91,51.36,55.80,60.25,40.25,170.000,0.9669,52.68,84.60,HOLD,0,0,0,0
11,0.73,20.27,24.71,29.16,33.60,38.05,42.49,46.94,51.38,55.82,60.27,40.27,170.000,0.9669,52.68,84.60,HOLD,0,0,0,0
12,0.80,20.29,24.74,29.18,33.63,38.07,42.51,46.96,51.40,55.85,60.29,40.29,170.000,0.9669,52.68,84.60,HOLD,0,0,0,0
13,0.87,20.31,24.76,29.20,33.65,38.09,42.54,46.98,51.43,55.87,60.31,40.31,170.000,0.9669,52.68,84.60,HOLD,0,0,0,0
14,0.93,20.34,24.78,29.23,33.67,38.11,42.56,47.00,51.45,55.89,60.34,40.34,170.000,0.9669,52.68,84.60,HOLD,0,0,0,0
15,1.00,20.36,24.80,29.25,33.69,38.14,42.58,47.03,51.47,55.91,60.36,40.36,170.000,0.9669,52.68,84.60,HOLD,0,0,0,0
16,1.07,20.38,24.83,29.27,33.71,38.16,42.60,47.05,51.49,55.94,60.38,40.38,170.000,0.9669,52.68,84.60,HOLD,0,0,0,0
17,1.13,20.40,24.85,29.29,33.74,38.18,42.63,47.07,51.51,55.96,60.40,40.40,170.000,0.9669,52.68,84.60,HOLD,0,0,0,0
18,1.20,20.43,24.87,29.32,33.76,38.20,42.65,47.09,51.54,55.98,60.43,40.43,170.000,0.9669,52.68,84.60,HOLD,0,0,0,0
19,1.27,20.45,24.89,29.34,33.78,38.23,42.67,47.12,51.56,56.00,60.45,40.45,170.000,0.9669,52.68,84.60,HOLD,0,0,0,0
20,1.33,20.47,24.92,29.36,33.80,38.25,42.69,47.14,51.58,56.03,60.47,40.47,170.000,0.9669,52.68,84.60,HOLD,0,0,0,0
21,1.40,20.49,24.94,29.38,33.83,38.27,42.72,47.16,51.60,56.05,60.49,40.49,170.000,0.9669,52.68,84.60,HOLD,0,0,0,0
22,1.47,20.52,24.96,29.40,33.85,38.29,42.74,47.18,51.63,56.07,60.52,40.52,170.000,0.9669,52.68,84.60,HOLD,0,0,0,0
23,1.53,20.54,24.98,29.43,33.87,38.32,42.76,47.21,51.65,56.09,60.54,40.54,170.000,0.9669,52.68,84.60,HOLD,0,0,0,0
24,1.60,20.56,25.01,29.45,33.89,38.34,42.78,47.23,51.67,56.12,60.56,40.56,170.000,0.9669,52.68,84.60,HOLD,0,0,0,0
25,1.67,20.58,25.03,29.47,33.92,38.36,42.81,47.25,51.69,56.14,60.58,40.58,170.000,0.9669,52.68,84.60,HOLD,0,0,0,0
26,1.73,20.61,25.05,29.49,33.94,38.38,42.83,47.27,51.72,56.16,60.61,40.61,170.000,0.9669,52.68,84.60,HOLD,0,0,0,0
27,1.80,20.63,25.07,29.52,33.96,38.41,42.85,47.29,51.74,56.18,60.63,40.63,170.000,0.9669,52.68,84.60,HOLD,0,0,0,0
28,1.87,20.65,25.10,29.54,33.98,38.43,42.87,47.32,51.76,56.21,60.65,40.65,170.000,0.9669,52.68,84.60,HOLD,0,0,0,0
29,1.93,20.67,25.12,29.56,34.01,38.45,42.90,47.34,51.78,56.23,60.67,40.67,170.000,0.9669,52.68,84.60,HOLD,0,0,0,0
30,2.00,20.70,25.14,29.58,34.03,38.47,42.92,47.36,51.81,56.25,60.70,40.70,170.000,0.9669,52.68,84.60,HOLD,0,0,0,0
31,2.07,20.72,25.16,29.61,34.05,38.50,42.94,47.38,51.83,56.27,60.72,40.72,170.000,0.9669,52.68,84.60,HOLD,0,0,0,0
32,2.13,20.74,25.18,29.63,34.07,38.52,42.96,47.41,51.85,56.30,60.74,40.74,170.000,0.9669,52.68,84.60,HOLD,0,0,0,0
33,2.20,20.76,25.21,29.65,34.10,38.54,42.99,47.43,51.87,56.32,60.76,40.76,170.000,0.9669,52.68,84.60,HOLD,0,0,0,0
34,2.27,20.79,25.23,29.67,34.12,38.56,43.01,47.45,51.90,56.34,60.79,40.79,170.000,0.9669,52.68,84.60,HOLD,0,0,0,0
35,2.33,20.81,25.25,29.70,34.14,38.59,43.03,47.47,51.92,56.36,60.81,40.81,170.000,0.9669,52.68,84.60,HOLD,0,0,0,0
36,2.40,20.83,25.27,29.72,34.16,38.61,43.05,47.50,51.94,56.39,60.83,40.83,170.000,0.9669,52.68,84.60,HOLD,0,0,0,0
37,2.47,20.85,25.30,29.74,34.19,38.63,43.07,47.52,51.96,56.41,60.85,40.85,170.000,0.9669,52.68,84.60,HOLD,0,0,0,0
38,2.53,20.88,25.32,29.76,34.21,38.65,43.10,47.54,51.99,56.43,60.88,40.88,170.000,0.9669,52.68,84.60,HOLD,0,0,0,0
39,2.60,20.90,25.34,29.79,34.23,38.68,43.12,47.56,52.01,56.45,60.90,40.90,170.000,0.9669,52.68,84.60,HOLD,0,0,0,0
40,2.67,20.92,25.36,29.81,34.25,38.70,43.14,47.59,52.03,56.48,60.92,40.92,170.000,0.9669,52.68,84.60,HOLD,0,0,0,0
41,2.73,20.94,25.39,29.83,34.28,38.72,43.16,47.61,52.05,56.50,60.94,40.94,170.000,0.9669,52.68,84.60,HOLD,0,0,0,0
42,2.80,20.96,25.41,29.85,34.30,38.74,43.19,47.63,52.08,56.52,60.96,40.96,170.000,0.9669,52.68,84.60,HOLD,0,0,0,0
43,2.87,20.99,25.43,29.88,34.32,38.77,43.21,47.65,52.10,56.54,60.99,40.99,170.000,0.9669,52.68,84.60,HOLD,0,0,0,0
44,2.93,21.01,25.45,29.90,34.34,38.79,43.23,47.68,52.12,56.57,61.01,41.01,170.000,0.9669,52.68,84.60,HOLD,0,0,0,0
45,3.00,21.03,25.48,29.92,34.37,38.81,43.25,47.70,52.14,56.59,61.03,41.03,170.000,0.9669,52.68,84.60,HOLD,0,0,0,0
46,3.07,21.05,25.50,29.94,34.39,38.83,43.28,47.72,52.17,56.61,61.05,41.05,170.000,0.9669,52.68,84.60,HOLD,0,0,0,0
47,3.13,21.08,25.52,29.97,34.41,38.85,43.30,47.74,52.19,56.63,61.08,41.08,170.000,0.9669,52.68,84.60,HOLD,0,0,0,0
48,3.20,21.10,25.54,29.99,34.43,38.88,43.32,47.77,52.21,56.66,61.10,41.10,170.000,0.9669,52.68,84.60,HOLD,0,0,0,0
49,3.27,21.12,25.57,30.01,34.46,38.90,43.34,47.79,52.23,56.68,61.12,41.12,170.000,0.9669,52.68,84.60,HOLD,0,0,0,0
50,3.33,21.14,25.59,30.03,34.48,38.92,43.37,47.81,52.26,56.70,61.14,41.14,170.000,0.9669,52.68,84.60,HOLD,0,0,0,0
51,3.40,21.17,25.61,30.06,34.50,38.94,43.39,47.83,52.28,56.72,61.17,41.17,170.000,0.9669,52.68,84.60,HOLD,0,0,0,0
52,3.47,21.19,25.63,30.08,34.52,38.97,43.41,47.86,52.30,56.74,61.19,41.19,170.000,0.9669,52.68,84.60,HOLD,0,0,0,0
53,3.53,21.21,25.66,30.10,34.54,38.99,43.43,47.88,52.32,56.77,61.21,41.21,170.000,0.9669,52.68,84.60,HOLD,0,0,0,0
54,3.60,21.23,25.68,30.12,34.57,39.01,43.46,47.90,52.35,56.79,61.23,41.23,170.000,0.9669,52.68,84.60,HOLD,0,0,0,0
55,3.67,21.26,25.70,30.15,34.59,39.03,43.48,47.92,52.37,56.81,61.26,41.26,170.000,0.9669,52.68,84.60,HOLD,0,0,0,0
56,3.73,21.28,25.72,30.17,34.61,39.06,43.50,47.95,52.39,56.83,61.28,41.28,170.000,0.9669,52.68,84.60,HOLD,0,0,0,0
57,3.80,21.30,25.75,30.19,34.63,39.08,43.52,47.97,52.41,56.86,61.30,41.30,170.000,0.9669,52.68,84.60,HOLD,0,0,0,0
58,3.87,21.32,25.77,30.21,34.66,39.10,43.55,47.99,52.43,56.88,61.32,41.32,170.000,0.9669,52.68,84.60,HOLD,0,0,0,0
59,3.93,21.35,25.79,30.24,34.68,39.12,43.57,48.01,52.46,56.90,61.35,41.35,170.000,0.9669,52.68,84.60,HOLD,0,0,0,0
60,4.00,21.37,25.81,30.26,34.70,39.15,43.59,48.04,52.48,56.92,61.37,41.37,170.000,0.9669,52.68,84.60,HOLD,0,0,0,0
61,4.07,21.39,25.84,30.28,34.72,39.17,43.61,48.06,52.50,56.95,61.39,41.39,170.000,0.9669,52.68,84.60,HOLD,0,0,0,0
62,4.13,21.41,25.86,30.30,34.75,39.19,43.64,48.08,52.52,56.97,61.41,41.41,170.000,0.9669,52.68,84.60,HOLD,0,0,0,0
63,4.20,21.44,25.88,30.32,34.77,39.21,43.66,48.10,52.55,56.99,61.44,41.44,170.000,0.9669,52.68,84.60,HOLD,0,0,0,0
64,4.27,21.46,25.90,30.35,34.79,39.24,43.68,48.13,52.57,57.01,61.46,41.46,170.000,0.9669,52.68,84.60,HOLD,0,0,0,0
65,4.33,21.48,25.93,30.37,34.81,39.26,43.70,48.15,52.59,57.04,61.48,41.48,170.000,0.9669,52.68,84.60,HOLD,0,0,0,0
66,4.40,21.50,25.95,30.39,34.84,39.28,43.73,48.17,52.61,57.06,61.50,41.50,170.000,0.9669,52.68,84.60,HOLD,0,0,0,0
67,4.47,21.53,25.97,30.41,34.86,39.30,43.75,48.19,52.64,57.08,61.53,41.53,170.000,0.9669,52.68,84.60,HOLD,0,0,0,0
68,4.53,21.55,25.99,30.44,34.88,39.33,43.77,48.21,52.66,57.10,61.55,41.55,170.000,0.9669,52.68,84.60,HOLD,0,0,0,0
69,4.60,21.57,26.02,30.46,34.90,39.35,43.79,48.24,52.68,57.13,61.57,41.57,170.000,0.9669,52.68,84.60,HOLD,0,0,0,0
70,4.67,21.59,26.04,30.48,34.93,39.37,43.82,48.26,52.70,57.15,61.59,41.59,170.000,0.9669,52.68,84.60,HOLD,0,0,0,0
71,4.73,21.62,26.06,30.50,34.95,39.39,43.84,48.28,52.73,57.17,61.62,41.62,170.000,0.9669,52.68,84.60,HOLD,0,0,0,0
72,4.80,21.64,26.08,30.53,34.97,39.42,43.86,48.30,52.75,57.19,61.64,41.64,170.000,0.9669,52.68,84.60,HOLD,0,0,0,0
73,4.87,21.66,26.10,30.55,34.99,39.44,43.88,48.33,52.77,57.22,61.66,41.66,170.000,0.9669,52.68,84.60,HOLD,0,0,0,0
74,4.93,21.68,26.13,30.57,35.02,39.46,43.91,48.35,52.79,57.24,61.68,41.68,170.000,0.9669,52.68,84.60,HOLD,0,0,0,0
75,5.00,21.71,26.15,30.59,35.04,39.48,43.93,48.37,52.82,57.26,61.71,41.71,170.000,0.9669,52.68,84.60,HOLD,0,0,0,0
76,5.07,21.73,26.17,30.62,35.06,39.51,43.95,48.39,52.84,57.28,61.73,41.73,170.000,0.9669,52.68,84.60,HOLD,0,0,0,0
77,5.13,21.75,26.19,30.64,35.08,39.53,43.97,48.42,52.86,57.31,61.75,41.75,170.000,0.9669,52.68,84.60,HOLD,0,0,0,0
78,5.20,21.77,26.22,30.66,35.11,39.55,43.99,48.44,52.88,57.33,61.77,41.77,170.000,0.9669,52.68,84.60,HOLD,0,0,0,0
79,5.27,21.80,26.24,30.68,35.13,39.57,44.02,48.46,52.91,57.35,61.80,41.80,170.000,0.9669,52.68,84.60,HOLD,0,0,0,0
80,5.33,21.82,26.26,30.71,35.15,39.60,44.04,48.48,52.93,57.37,61.82,41.82,170.000,0.9669,52.68,84.60,HOLD,0,0,0,0
81,5.40,21.84,26.28,30.73,35.17,39.62,44.06,48.51,52.95,57.40,61.84,41.84,170.000,0.9669,52.68,84.60,HOLD,0,0,0,0
82,5.47,21.86,26.31,30.75,35.20,39.64,44.08,48.53,52.97,57.42,61.86,41.86,170.000,0.9669,52.68,84.60,HOLD,0,0,0,0
83,5.53,21.88,26.33,30.77,35.22,39.66,44.11,48.55,53.00,57.44,61.88,41.88,170.000,0.9669,52.68,84.60,HOLD,0,0,0,0
84,5.60,21.91,26.35,30.80,35.24,39.68,44.13,48.57,53.02,57.46,61.91,41.91,170.000,0.9669,52.68,84.60,HOLD,0,0,0,0
85,5.67,21.93,26.37,30.82,35.26,39.71,44.15,48.60,53.04,57.49,61.93,41.93,170.000,0.9669,52.68,84.60,HOLD,0,0,0,0
86,5.73,21.95,26.40,30.84,35.29,39.73,44.17,48.62,53.06,57.51,61.95,41.95,170.000,0.9669,52.68,84.60,HOLD,0,0,0,0
87,5.80,21.97,26.42,30.86,35.31,39.75,44.20,48.64,53.09,57.53,61.97,41.97,170.000,0.9669,52.68,84.60,HOLD,0,0,0,0
88,5.87,22.00,26.44,30.89,35.33,39.77,44.22,48.66,53.11,57.55,62.00,42.00,170.000,0.9669,52.68,84.60,HOLD,0,0,0,0
89,5.93,22.02,26.46,30.91,35.35,39.80,44.24,48.69,53.13,57.57,62.02,42.02,170.000,0.9669,52.68,84.60,HOLD,0,0,0,0
90,6.00,22.04,26.49,30.93,35.38,39.82,44.26,48.71,53.15,57.60,62.04,42.04,170.000,0.9669,52.68,84.60,HOLD,0,0,0,0
91,6.07,22.06,26.51,30.95,35.40,39.84,44.29,48.73,53.18,57.62,62.06,42.06,170.000,0.9669,52.68,84.60,HOLD,0,0,0,0
92,6.13,22.09,26.53,30.98,35.42,39.86,44.31,48.75,53.20,57.64,62.09,42.09,170.000,0.9669,52.68,84.60,HOLD,0,0,0,0
93,6.20,22.11,26.55,31.00,35.44,39.89,44.33,48.78,53.22,57.66,62.11,42.11,170.000,0.9669,52.68,84.60,HOLD,0,0,0,0
94,6.27,22.13,26.58,31.02,35.46,39.91,44.35,48.80,53.24,57.69,62.13,42.13,170.000,0.9669,52.68,84.60,HOLD,0,0,0,0
95,6.33,22.15,26.60,31.04,35.49,39.93,44.38,48.82,53.27,57.71,62.15,42.15,170.000,0.9669,52.68,84.60,HOLD,0,0,0,0
96,6.40,22.18,26.62,31.07,35.51,39.95,44.40,48.84,53.29,57.73,62.18,42.18,170.000,0.9669,52.68,84.60,HOLD,0,0,0,0
97,6.47,22.20,26.64,31.09,35.53,39.98,44.42,48.87,53.31,57.75,62.20,42.20,170.000,0.9669,52.68,84.60,HOLD,0,0,0,0
98,6.53,22.22,26.67,31.11,35.55,40.00,44.44,48.89,53.33,57.78,62.22,42.22,170.000,0.9669,52.68,84.60,HOLD,0,0,0,0
99,6.60,22.24,26.69,31.13,35.58,40.02,44.47,48.91,53.35,57.80,62.24,42.24,170.000,0.9669,52.68,84.60,HOLD,0,0,0,0
100,6.67,22.27,26.71,31.16,35.60,40.04,44.49,48.93,53.38,57.82,62.27,42.27,170.000,0.9669,52.68,84.60,HOLD,0,0,0,0
101,6.73,22.29,26.73,31.18,35.62,40.07,44.51,48.96,53.40,57.84,62.29,42.29,170.000,0.9669,52.68,84.60,HOLD,0,0,0,0
102,6.80,22.31,26.76,31.20,35.64,40.09,44.53,48.98,53.42,57.87,62.31,42.31,170.000,0.9669,52.68,84.60,HOLD,0,0,0,0
103,6.87,22.33,26.78,31.22,35.67,40.11,44.56,49.00,53.44,57.89,62.33,42.33,170.000,0.9669,52.68,84.60,HOLD,0,0,0,0
104,6.93,22.36,26.80,31.24,35.69,40.13,44.58,49.02,53.47,57.91,62.36,42.36,170.000,0.9669,52.68,84.60,HOLD,0,0,0,0
105,7.00,22.38,26.82,31.27,35.71,40.16,44.60,49.05,53.49,57.93,62.38,42.38,170.000,0.9669,52.68,84.60,HOLD,0,0,0,0
106,7.07,22.40,26.85,31.29,35.73,40.18,44.62,49.07,53.51,57.96,62.40,42.40,170.000,0.9669,52.68,84.60,HOLD,0,0,0,0
107,7.13,22.42,26.87,31.31,35.76,40.20,44.65,49.09,53.53,57.98,62.42,42.42,170.000,0.9669,52.68,84.60,HOLD,0,0,0,0
108,7.20,22.45,26.89,31.33,35.78,40.22,44.67,49.11,53.56,58.00,62.45,42.45,170.000,0.9669,52.68,84.60,HOLD,0,0,0,0
109,7.27,22.47,26.91,31.36,35.80,40.25,44.69,49.13,53.58,58.02,62.47,42.47,170.000,0.9669,52.68,84.60,HOLD,0,0,0,0
110,7.33,22.49,26.94,31.38,35.82,40.27,44.71,49.16,53.60,58.05,62.49,42.49,170.000,0.9669,52.68,84.60,HOLD,0,0,0,0
111,7.40,22.51,26.96,31.40,35.85,40.29,44.74,49.18,53.62,58.07,62.51,42.51,170.000,0.9669,52.68,84.60,HOLD,0,0,0,0
112,7.47,22.54,26.98,31.42,35.87,40.31,44.76,49.20,53.65,58.09,62.54,42.54,170.000,0.9669,52.68,84.60,HOLD,0,0,0,0
113,7.53,22.56,27.00,31.45,35.89,40.34,44.78,49.22,53.67,58.11,62.56,42.56,170.000,0.9669,52.68,84.60,HOLD,0,0,0,0
114,7.60,22.58,27.02,31.47,35.91,40.36,44.80,49.25,53.69,58.14,62.58,42.58,170.000,0.9669,52.68,84.60,HOLD,0,0,0,0
115,7.67,22.60,27.05,31.49,35.94,40.38,44.82,49.27,53.71,58.16,62.60,42.60,170.000,0.9669,52.68,84.60,HOLD,0,0,0,0
116,7.73,22.63,27.07,31.51,35.96,40.40,44.85,49.29,53.74,58.18,62.63,42.63,170.000,0.9669,52.68,84.60,HOLD,0,0,0,0
117,7.80,22.65,27.09,31.54,35.98,40.43,44.87,49.31,53.76,58.20,62.65,42.65,170.000,0.9669,52.68,84.60,HOLD,0,0,0,0
118,7.87,22.67,27.11,31.56,36.00,40.45,44.89,49.34,53.78,58.23,62.67,42.67,170.000,0.9669,52.68,84.60,HOLD,0,0,0,0
119,7.93,22.69,27.14,31.58,36.03,40.47,44.91,49.36,53.80,58.25,62.69,42.69,170.000,0.9669,52.68,84.60,HOLD,0,0,0,0
120,8.00,22.71,27.16,31.60,36.05,40.49,44.94,49.38,53.83,58.27,62.71,42.71,170.000,0.9669,52.68,84.60,HOLD,0,0,0,0
121,8.07,22.74,27.18,31.63,36.07,40.52,44.96,49.40,53.85,58.29,62.74,42.74,170.000,0.9669,52.68,84.60,HOLD,0,0,0,0
122,8.13,22.76,27.20,31.65,36.09,40.54,44.98,49.43,53.87,58.32,62.76,42.76,170.000,0.9669,52.68,84.60,HOLD,0,0,0,0
123,8.20,22.78,27.23,31.67,36.12,40.56,45.00,49.45,53.89,58.34,62.78,42.78,170.000,0.9669,52.68,84.60,HOLD,0,0,0,0
124,8.27,22.80,27.25,31.69,36.14,40.58,45.03,49.47,53.92,58.36,62.80,42.80,170.000,0.9669,52.68,84.60,HOLD,0,0,0,0
125,8.33,22.83,27.27,31.72,36.16,40.60,45.05,49.49,53.94,58.38,62.83,42.83,170.000,0.9669,52.68,84.60,HOLD,0,0,0,0
126,8.40,22.85,27.29,31.74,36.18,40.63,45.07,49.52,53.96,58.41,62.85,42.85,170.000,0.9669,52.68,84.60,HOLD,0,0,0,0
127,8.47,22.87,27.32,31.76,36.21,40.65,45.09,49.54,53.98,58.43,62.87,42.87,170.000,0.9669,52.68,84.60,HOLD,0,0,0,0
128,8.53,22.89,27.34,31.78,36.23,40.67,45.12,49.56,54.01,58.45,62.89,42.89,170.000,0.9669,52.68,84.60,HOLD,0,0,0,0
129,8.60,22.92,27.36,31.81,36.25,40.69,45.14,49.58,54.03,58.47,62.92,42.92,170.000,0.9669,52.68,84.60,HOLD,0,0,0,0
130,8.67,22.94,27.38,31.83,36.27,40.72,45.16,49.61,54.05,58.49,62.94,42.94,170.000,0.9669,52.68,84.60,HOLD,0,0,0,0
131,8.73,22.96,27.41,31.85,36.30,40.74,45.18,49.63,54.07,58.52,62.96,42.96,170.000,0.9669,52.68,84.60,HOLD,0,0,0,0
132,8.80,22.98,27.43,31.87,36.32,40.76,45.21,49.65,54.10,58.54,62.98,42.98,170.000,0.9669,52.68,84.60,HOLD,0,0,0,0
133,8.87,23.01,27.45,31.90,36.34,40.78,45.23,49.67,54.12,58.56,63.01,43.01,170.000,0.9669,52.68,84.60,HOLD,0,0,0,0
134,8.93,23.03,27.47,31.92,36.36,40.81,45.25,49.70,54.14,58.58,63.03,43.03,170.000,0.9669,52.68,84.60,HOLD,0,0,0,0
135,9.00,23.05,27.50,31.94,36.38,40.83,45.27,49.72,54.16,58.61,63.05,43.05,170.000,0.9669,52.68,84.60,HOLD,0,0,0,0
136,9.07,23.07,27.52,31.96,36.41,40.85,45.30,49.74,54.19,58.63,63.07,43.07,170.000,0.9669,52.68,84.60,HOLD,0,0,0,0
137,9.13,23.10,27.54,31.99,36.43,40.87,45.32,49.76,54.21,58.65,63.10,43.10,170.000,0.9669,52.68,84.60,HOLD,0,0,0,0
138,9.20,23.12,27.56,32.01,36.45,40.90,45.34,49.79,54.23,58.67,63.12,43.12,170.000,0.9669,52.68,84.60,HOLD,0,0,0,0
139,9.27,23.14,27.59,32.03,36.47,40.92,45.36,49.81,54.25,58.70,63.14,43.14,170.000,0.9669,52.68,84.60,HOLD,0,0,0,0
140,9.33,23.16,27.61,32.05,36.50,40.94,45.39,49.83,54.27,58.72,63.16,43.16,170.000,0.9669,52.68,84.60,HOLD,0,0,0,0
141,9.40,23.19,27.63,32.08,36.52,40.96,45.41,49.85,54.30,58.74,63.19,43.19,170.000,0.9669,52.68,84.60,HOLD,0,0,0,0
142,9.47,23.21,27.65,32.10,36.54,40.99,45.43,49.88,54.32,58.76,63.21,43.21,170.000,0.9669,52.68,84.60,HOLD,0,0,0,0
143,9.53,23.23,27.68,32.12,36.56,41.01,45.45,49.90,54.34,58.79,63.23,43.23,170.000,0.9669,52.68,84.60,HOLD,0,0,0,0
144,9.60,23.25,27.70,32.14,36.59,41.03,45.48,49.92,54.36,58.81,63.25,43.25,170.000,0.9669,52.68,84.60,HOLD,0,0,0,0
145,9.67,23.28,27.72,32.16,36.61,41.05,45.50,49.94,54.39,58.83,63.28,43.28,170.000,0.9669,52.68,84.60,HOLD,0,0,0,0
146,9.73,23.30,27.74,32.19,36.63,41.08,45.52,49.97,54.41,58.85,63.30,43.30,170.000,0.9669,52.68,84.60,HOLD,0,0,0,0
147,9.80,23.32,27.77,32.21,36.65,41.10,45.54,49.99,54.43,58.88,63.32,43.32,170.000,0.9669,52.68,84.60,HOLD,0,0,0,0
148,9.87,23.34,27.79,32.23,36.68,41.12,45.57,50.01,54.45,58.90,63.34,43.34,170.000,0.9669,52.68,84.60,HOLD,0,0,0,0
149,9.93,23.37,27.81,32.25,36.70,41.14,45.59,50.03,54.48,58.92,63.37,43.37,170.000,0.9669,52.68,84.60,HOLD,0,0,0,0
150,10.00,23.39,27.83,32.28,36.72,41.17,45.61,50.05,54.50,58.94,63.39,43.39,170.000,0.9669,52.68,84.60,HOLD,0,0,0,0
151,10.07,23.41,27.85,32.30,36.74,41.19,45.63,50.08,54.52,58.97,63.41,43.41,170.000,0.9669,52.68,84.60,HOLD,0,0,0,0
152,10.13,23.43,27.88,32.32,36.77,41.21,45.66,50.10,54.54,58.99,63.43,43.43,170.000,0.9669,52.68,84.60,HOLD,0,0,0,0
153,10.20,23.46,27.90,32.34,36.79,41.23,45.68,50.12,54.57,59.01,63.46,43.46,170.000,0.9669,52.68,84.60,HOLD,0,0,0,0
154,10.27,23.48,27.92,32.37,36.81,41.26,45.70,50.14,54.59,59.03,63.48,43.48,170.000,0.9669,52.68,84.60,HOLD,0,0,0,0
155,10.33,23.50,27.94,32.39,36.83,41.28,45.72,50.17,54.61,59.06,63.50,43.50,170.000,0.9669,52.68,84.60,HOLD,0,0,0,0
156,10.40,23.52,27.97,32.41,36.86,41.30,45.74,50.19,54.63,59.08,63.52,43.52,170.000,0.9669,52.68,84.60,HOLD,0,0,0,0
157,10.47,23.55,27.99,32.43,36.88,41.32,45.77,50.21,54.66,59.10,63.55,43.55,170.000,0.9669,52.68,84.60,HOLD,0,0,0,0
158,10.53,23.57,28.01,32.46,36.90,41.35,45.79,50.23,54.68,59.12,63.57,43.57,170.000,0.9669,52.68,84.60,HOLD,0,0,0,0
159,10.60,23.59,28.03,32.48,36.92,41.37,45.81,50.26,54.70,59.15,63.59,43.59,170.000,0.9669,52.68,84.60,HOLD,0,0,0,0
160,10.67,23.61,28.06,32.50,36.95,41.39,45.83,50.28,54.72,59.17,63.61,43.61,170.000,0.9669,52.68,84.60,HOLD,0,0,0,0
161,10.73,23.63,28.08,32.52,36.97,41.41,45.86,50.30,54.75,59.19,63.63,43.63,170.000,0.9669,52.68,84.60,HOLD,0,0,0,0
162,10.80,23.66,28.10,32.55,36.99,41.44,45.88,50.32,54.77,59.21,63.66,43.66,170.000,0.9669,52.68,84.60,HOLD,0,0,0,0
163,10.87,23.68,28.12,32.57,37.01,41.46,45.90,50.35,54.79,59.24,63.68,43.68,170.000,0.9669,52.68,84.60,HOLD,0,0,0,0
164,10.93,23.70,28.15,32.59,37.04,41.48,45.92,50.37,54.81,59.26,63.70,43.70,170.000,0.9669,52.68,84.60,HOLD,0,0,0,0
165,11.00,23.72,28.17,32.61,37.06,41.50,45.95,50.39,54.84,59.28,63.72,43.72,170.000,0.9669,52.68,84.60,HOLD,0,0,0,0
166,11.07,23.75,28.19,32.64,37.08,41.52,45.97,50.41,54.86,59.30,63.75,43.75,170.000,0.9669,52.68,84.60,HOLD,0,0,0,0
167,11.13,23.77,28.21,32.66,37.10,41.55,45.99,50.44,54.88,59.33,63.77,43.77,170.000,0.9669,52.68,84.60,HOLD,0,0,0,0
168,11.20,23.79,28.24,32.68,37.13,41.57,46.01,50.46,54.90,59.35,63.79,43.79,170.000,0.9669,52.68,84.60,HOLD,0,0,0,0
169,11.27,23.81,28.26,32.70,37.15,41.59,46.04,50.48,54.93,59.37,63.81,43.81,170.000,0.9669,52.68,84.60,HOLD,0,0,0,0
170,11.33,23.84,28.28,32.73,37.17,41.61,46.06,50.50,54.95,59.39,63.84,43.84,170.000,0.9669,52.68,84.60,HOLD,0,0,0,0
171,11.40,23.86,28.30,32.75,37.19,41.64,46.08,50.53,54.97,59.41,63.86,43.86,170.000,0.9669,52.68,84.60,HOLD,0,0,0,0
172,11.47,23.88,28.33,32.77,37.22,41.66,46.10,50.55,54.99,59.44,63.88,43.88,170.000,0.9669,52.68,84.60,HOLD,0,0,0,0
173,11.53,23.90,28.35,32.79,37.24,41.68,46.13,50.57,55.02,59.46,63.90,43.90,170.000,0.9669,52.68,84.60,HOLD,0,0,0,0
174,11.60,23.93,28.37,32.82,37.26,41.70,46.15,50.59,55.04,59.48,63.93,43.93,170.000,0.9669,52.68,84.60,HOLD,0,0,0,0
175,11.67,23.95,28.39,32.84,37.28,41.73,46.17,50.62,55.06,59.50,63.95,43.95,170.000,0.9669,52.68,84.60,HOLD,0,0,0,0
176,11.73,23.97,28.42,32.86,37.30,41.75,46.19,50.64,55.08,59.53,63.97,43.97,170.000,0.9669,52.68,84.60,HOLD,0,0,0,0
177,11.80,23.99,28.44,32.88,37.33,41.77,46.22,50.66,55.11,59.55,63.99,43.99,170.000,0.9669,52.68,84.60,HOLD,0,0,0,0
178,11.87,24.02,28.46,32.91,37.35,41.79,46.24,50.68,55.13,59.57,64.02,44.02,170.000,0.9669,52.68,84.60,HOLD,0,0,0,0
179,11.93,24.04,28.48,32.93,37.37,41.82,46.26,50.71,55.15,59.59,64.04,44.04,170.000,0.9669,52.68,84.60,HOLD,0,0,0,0
180,12.00,24.06,28.51,32.95,37.39,41.84,46.28,50.73,55.17,59.62,64.06,44.06,170.000,0.9669,52.68,84.60,HOLD,0,0,0,0
181,12.07,24.08,28.53,32.97,37.42,41.86,46.31,50.75,55.19,59.64,64.08,44.08,170.000,0.9669,52.68,84.60,HOLD,0,0,0,0
182,12.13,24.11,28.55,32.99,37.44,41.88,46.33,50.77,55.22,59.66,64.11,44.11,170.000,0.9669,52.68,84.60,HOLD,0,0,0,0
183,12.20,24.13,28.57,33.02,37.46,41.91,46.35,50.80,55.24,59.68,64.13,44.13,170.000,0.9669,52.68,84.60,HOLD,0,0,0,0
184,12.27,24.15,28.60,33.04,37.48,41.93,46.37,50.82,55.26,59.71,64.15,44.15,170.000,0.9669,52.68,84.60,HOLD,0,0,0,0
185,12.33,24.17,28.62,33.06,37.51,41.95,46.40,50.84,55.28,59.73,64.17,44.17,170.000,0.9669,52.68,84.60,HOLD,0,0,0,0
186,12.40,24.20,28.64,33.08,37.53,41.97,46.42,50.86,55.31,59.75,64.20,44.20,170.000,0.9669,52.68,84.60,HOLD,0,0,0,0
187,12.47,24.22,28.66,33.11,37.55,42.00,46.44,50.88,55.33,59.77,64.22,44.22,170.000,0.9669,52.68,84.60,HOLD,0,0,0,0
188,12.53,24.24,28.69,33.13,37.57,42.02,46.46,50.91,55.35,59.80,64.24,44.24,170.000,0.9669,52.68,84.60,HOLD,0,0,0,0
189,12.60,24.26,28.71,33.15,37.60,42.04,46.49,50.93,55.37,59.82,64.26,44.26,170.000,0.9669,52.68,84.60,HOLD,0,0,0,0
190,12.67,24.29,28.73,33.17,37.62,42.06,46.51,50.95,55.40,59.84,64.29,44.29,170.000,0.9669,52.68,84.60,HOLD,0,0,0,0
191,12.73,24.31,28.75,33.20,37.64,42.09,46.53,50.97,55.42,59.86,64.31,44.31,170.000,0.9669,52.68,84.60,HOLD,0,0,0,0
192,12.80,24.33,28.77,33.22,37.66,42.11,46.55,51.00,55.44,59.89,64.33,44.33,170.000,0.9669,52.68,84.60,HOLD,0,0,0,0
193,12.87,24.35,28.80,33.24,37.69,42.13,46.58,51.02,55.46,59.91,64.35,44.35,170.000,0.9669,52.68,84.60,HOLD,0,0,0,0
194,12.93,24.38,28.82,33.26,37.71,42.15,46.60,51.04,55.49,59.93,64.38,44.38,170.000,0.9669,52.68,84.60,HOLD,0,0,0,0
195,13.00,24.40,28.84,33.29,37.73,42.18,46.62,51.06,55.51,59.95,64.40,44.40,170.000,0.9669,52.68,84.60,HOLD,0,0,0,0
196,13.07,24.42,28.86,33.31,37.75,42.20,46.64,51.09,55.53,59.98,64.42,44.42,170.000,0.9669,52.68,84.60,HOLD,0,0,0,0
197,13.13,24.44,28.89,33.33,37.78,42.22,46.66,51.11,55.55,60.00,64.44,44.44,170.000,0.9669,52.68,84.60,HOLD,0,0,0,0
198,13.20,24.47,28.91,33.35,37.80,42.24,46.69,51.13,55.58,60.02,64.47,44.47,170.000,0.9669,52.68,84.60,HOLD,0,0,0,0
199,13.27,24.49,28.93,33.38,37.82,42.27,46.71,51.15,55.60,60.04,64.49,44.49,170.000,0.9669,52.68,84.60,HOLD,0,0,0,0
200,13.33,24.51,28.95,33.40,37.84,42.29,46.73,51.18,55.62,60.07,64.51,44.51,170.000,0.9669,52.68,84.60,HOLD,0,0,0,0
201,13.40,24.53,28.98,33.42,37.87,42.31,46.75,51.20,55.64,60.09,64.53,44.53,170.000,0.9669,52.68,84.60,HOLD,0,0,0,0
202,13.47,24.55,29.00,33.44,37.89,42.33,46.78,51.22,55.67,60.11,64.55,44.55,170.000,0.9669,52.68,84.60,HOLD,0,0,0,0
203,13.53,24.58,29.02,33.47,37.91,42.36,46.80,51.24,55.69,60.13,64.58,44.58,170.000,0.9669,52.68,84.60,HOLD,0,0,0,0
204,13.60,24.60,29.04,33.49,37.93,42.38,46.82,51.27,55.71,60.16,64.60,44.60,170.000,0.9669,52.68,84.60,HOLD,0,0,0,0
205,13.67,24.62,29.07,33.51,37.96,42.40,46.84,51.29,55.73,60.18,64.62,44.62,170.000,0.9669,52.68,84.60,HOLD,0,0,0,0
206,13.73,24.64,29.09,33.53,37.98,42.42,46.87,51.31,55.76,60.20,64.64,44.64,170.000,0.9669,52.68,84.60,HOLD,0,0,0,0
207,13.80,24.67,29.11,33.56,38.00,42.44,46.89,51.33,55.78,60.22,64.67,44.67,170.000,0.9669,52.68,84.60,HOLD,0,0,0,0
208,13.87,24.69,29.13,33.58,38.02,42.47,46.91,51.36,55.80,60.25,64.69,44.69,170.000,0.9669,52.68,84.60,HOLD,0,0,0,0
209,13.93,24.71,29.16,33.60,38.05,42.49,46.93,51.38,55.82,60.27,64.71,44.71,170.000,0.9669,52.68,84.60,HOLD,0,0,0,0
210,14.00,24.73,29.18,33.62,38.07,42.51,46.96,51.40,55.85,60.29,64.73,44.73,170.000,0.9669,52.68,84.60,HOLD,0,0,0,0
211,14.07,24.76,29.20,33.65,38.09,42.53,46.98,51.42,55.87,60.31,64.76,44.76,170.000,0.9669,52.68,84.60,HOLD,0,0,0,0
212,14.13,24.78,29.22,33.67,38.11,42.56,47.00,51.45,55.89,60.33,64.78,44.78,170.000,0.9669,52.68,84.60,HOLD,0,0,0,0
213,14.20,24.80,29.25,33.69,38.14,42.58,47.02,51.47,55.91,60.36,64.80,44.80,170.000,0.9669,52.68,84.60,HOLD,0,0,0,0
214,14.27,24.82,29.27,33.71,38.16,42.60,47.05,51.49,55.94,60.38,64.82,44.82,170.000,0.9669,52.68,84.60,HOLD,0,0,0,0
215,14.33,24.85,29.29,33.74,38.18,42.62,47.07,51.51,55.96,60.40,64.85,44.85,170.000,0.9669,52.68,84.60,HOLD,0,0,0,0
216,14.40,24.87,29.31,33.76,38.20,42.65,47.09,51.54,55.98,60.42,64.87,44.87,170.000,0.9669,52.68,84.60,HOLD,0,0,0,0
217,14.47,24.89,29.34,33.78,38.22,42.67,47.11,51.56,56.00,60.45,64.89,44.89,170.000,0.9669,52.68,84.60,HOLD,0,0,0,0
218,14.53,24.91,29.36,33.80,38.25,42.69,47.14,51.58,56.02,60.47,64.91,44.91,170.000,0.9669,52.68,84.60,HOLD,0,0,0,0
219,14.60,24.94,29.38,33.83,38.27,42.71,47.16,51.60,56.05,60.49,64.94,44.94,170.000,0.9669,52.68,84.60,HOLD,0,0,0,0
220,14.67,24.96,29.40,33.85,38.29,42.74,47.18,51.63,56.07,60.51,64.96,44.96,170.000,0.9669,52.68,84.60,HOLD,0,0,0,0
221,14.73,24.98,29.43,33.87,38.31,42.76,47.20,51.65,56.09,60.54,64.98,44.98,170.000,0.9669,52.68,84.60,HOLD,0,0,0,0
222,14.80,25.00,29.45,33.89,38.34,42.78,47.23,51.67,56.11,60.56,65.00,45.00,170.000,0.9669,52.68,84.60,HOLD,0,0,0,0
223,14.87,25.03,29.47,33.91,38.36,42.80,47.25,51.69,56.14,60.58,65.03,45.03,170.000,0.9669,52.68,84.60,HOLD,0,0,0,0
224,14.93,25.05,29.49,33.94,38.38,42.83,47.27,51.72,56.16,60.60,65.05,45.05,170.000,0.9669,52.68,84.60,HOLD,0,0,0,0
225,15.00,25.07,29.52,33.96,38.40,42.85,47.29,51.74,56.18,60.63,65.07,45.07,170.000,0.9669,52.68,84.60,HOLD,0,0,0,0
226,15.07,25.09,29.54,33.98,38.43,42.87,47.32,51.76,56.20,60.65,65.09,45.09,170.000,0.9669,52.68,84.60,HOLD,0,0,0,0
227,15.13,25.12,29.56,34.00,38.45,42.89,47.34,51.78,56.23,60.67,65.12,45.12,170.000,0.9669,52.68,84.60,HOLD,0,0,0,0
228,15.20,25.14,29.58,34.03,38.47,42.92,47.36,51.80,56.25,60.69,65.14,45.14,170.000,0.9669,52.68,84.60,HOLD,0,0,0,0
229,15.27,25.16,29.61,34.05,38.49,42.94,47.38,51.83,56.27,60.72,65.16,45.16,170.000,0.9669,52.68,84.60,HOLD,0,0,0,0
230,15.33,25.18,29.63,34.07,38.52,42.96,47.41,51.85,56.29,60.74,65.18,45.18,170.000,0.9669,52.68,84.60,HOLD,0,0,0,0
231,15.40,25.21,29.65,34.09,38.54,42.98,47.43,51.87,56.32,60.76,65.21,45.21,170.000,0.9669,52.68,84.60,HOLD,0,0,0,0
232,15.47,25.23,29.67,34.12,38.56,43.01,47.45,51.89,56.34,60.78,65.23,45.23,170.000,0.9669,52.68,84.60,HOLD,0,0,0,0
233,15.53,25.25,29.69,34.14,38.58,43.03,47.47,51.92,56.36,60.81,65.25,45.25,170.000,0.9669,52.68,84.60,HOLD,0,0,0,0
234,15.60,25.27,29.72,34.16,38.61,43.05,47.50,51.94,56.38,60.83,65.27,45.27,170.000,0.9669,52.68,84.60,HOLD,0,0,0,0
235,15.67,25.30,29.74,34.18,38.63,43.07,47.52,51.96,56.41,60.85,65.30,45.30,170.000,0.9669,52.68,84.60,HOLD,0,0,0,0
236,15.73,25.32,29.76,34.21,38.65,43.10,47.54,51.98,56.43,60.87,65.32,45.32,170.000,0.9669,52.68,84.60,HOLD,0,0,0,0
237,15.80,25.34,29.78,34.23,38.67,43.12,47.56,52.01,56.45,60.90,65.34,45.34,170.000,0.9669,52.68,84.60,HOLD,0,0,0,0
238,15.87,25.36,29.81,34.25,38.70,43.14,47.58,52.03,56.47,60.92,65.36,45.36,170.000,0.9669,52.68,84.60,HOLD,0,0,0,0
239,15.93,25.39,29.83,34.27,38.72,43.16,47.61,52.05,56.50,60.94,65.39,45.39,170.000,0.9669,52.68,84.60,HOLD,0,0,0,0
240,16.00,25.41,29.85,34.30,38.74,43.19,47.63,52.07,56.52,60.96,65.41,45.41,170.000,0.9669,52.68,84.60,HOLD,0,0,0,0
241,16.07,25.43,29.87,34.32,38.76,43.21,47.65,52.10,56.54,60.99,65.43,45.43,170.000,0.9669,52.68,84.60,HOLD,0,0,0,0
242,16.13,25.45,29.90,34.34,38.79,43.23,47.67,52.12,56.56,61.01,65.45,45.45,170.000,0.9669,52.68,84.60,HOLD,0,0,0,0
243,16.20,25.47,29.92,34.36,38.81,43.25,47.70,52.14,56.59,61.03,65.47,45.47,170.000,0.9669,52.68,84.60,HOLD,0,0,0,0
244,16.27,25.50,29.94,34.39,38.83,43.28,47.72,52.16,56.61,61.05,65.50,45.50,170.000,0.9669,52.68,84.60,HOLD,0,0,0,0
245,16.33,25.52,29.96,34.41,38.85,43.30,47.74,52.19,56.63,61.08,65.52,45.52,170.000,0.9669,52.68,84.60,HOLD,0,0,0,0
246,16.40,25.54,29.99,34.43,38.88,43.32,47.76,52.21,56.65,61.10,65.54,45.54,170.000,0.9669,52.68,84.60,HOLD,0,0,0,0
247,16.47,25.56,30.01,34.45,38.90,43.34,47.79,52.23,56.68,61.12,65.56,45.56,170.000,0.9669,52.68,84.60,HOLD,0,0,0,0
248,16.53,25.59,30.03,34.48,38.92,43.36,47.81,52.25,56.70,61.14,65.59,45.59,170.000,0.9669,52.68,84.60,HOLD,0,0,0,0
249,16.60,25.61,30.05,34.50,38.94,43.39,47.83,52.28,56.72,61.16,65.61,45.61,170.000,0.9669,52.68,84.60,HOLD,0,0,0,0
250,16.67,25.63,30.08,34.52,38.97,43.41,47.85,52.30,56.74,61.19,65.63,45.63,170.000,0.9669,52.68,84.60,HOLD,0,0,0,0
251,16.73,25.65,30.10,34.54,38.99,43.43,47.88,52.32,56.77,61.21,65.65,45.65,170.000,0.9669,52.68,84.60,HOLD,0,0,0,0
252,16.80,25.68,30.12,34.57,39.01,43.45,47.90,52.34,56.79,61.23,65.68,45.68,170.000,0.9669,52.68,84.60,HOLD,0,0,0,0
253,16.87,25.70,30.14,34.59,39.03,43.48,47.92,52.37,56.81,61.25,65.70,45.70,170.000,0.9669,52.68,84.60,HOLD,0,0,0,0
254,16.93,25.72,30.17,34.61,39.05,43.50,47.94,52.39,56.83,61.28,65.72,45.72,170.000,0.9669,52.68,84.60,HOLD,0,0,0,0
255,17.00,25.74,30.19,34.63,39.08,43.52,47.97,52.41,56.86,61.30,65.74,45.74,170.000,0.9669,52.68,84.60,HOLD,0,0,0,0
256,17.07,25.77,30.21,34.66,39.10,43.54,47.99,52.43,56.88,61.32,65.77,45.77,170.000,0.9669,52.68,84.60,HOLD,0,0,0,0
257,17.13,25.79,30.23,34.68,39.12,43.57,48.01,52.46,56.90,61.34,65.79,45.79,170.000,0.9669,52.68,84.60,HOLD,0,0,0,0
258,17.20,25.81,30.26,34.70,39.14,43.59,48.03,52.48,56.92,61.37,65.81,45.81,170.000,0.9669,52.68,84.60,HOLD,0,0,0,0
259,17.27,25.83,30.28,34.72,39.17,43.61,48.06,52.50,56.94,61.39,65.83,45.83,170.000,0.9669,52.68,84.60,HOLD,0,0,0,0
260,17.33,25.86,30.30,34.75,39.19,43.63,48.08,52.52,56.97,61.41,65.86,45.86,170.000,0.9669,52.68,84.60,HOLD,0,0,0,0
261,17.40,25.88,30.32,34.77,39.21,43.66,48.10,52.55,56.99,61.43,65.88,45.88,170.000,0.9669,52.68,84.60,HOLD,0,0,0,0
262,17.47,25.90,30.35,34.79,39.23,43.68,48.12,52.57,57.01,61.46,65.90,45.90,170.000,0.9669,52.68,84.60,HOLD,0,0,0,0
263,17.53,25.92,30.37,34.81,39.26,43.70,48.15,52.59,57.03,61.48,65.92,45.92,170.000,0.9669,52.68,84.60,HOLD,0,0,0,0
264,17.60,25.95,30.39,34.83,39.28,43.72,48.17,52.61,57.06,61.50,65.95,45.95,170.000,0.9669,52.68,84.60,HOLD,0,0,0,0
265,17.67,25.97,30.41,34.86,39.30,43.75,48.19,52.64,57.08,61.52,65.97,45.97,170.000,0.9669,52.68,84.60,HOLD,0,0,0,0
266,17.73,25.99,30.44,34.88,39.32,43.77,48.21,52.66,57.10,61.55,65.99,45.99,170.000,0.9669,52.68,84.60,HOLD,0,0,0,0
267,17.80,26.01,30.46,34.90,39.35,43.79,48.24,52.68,57.12,61.57,66.01,46.01,170.000,0.9669,52.68,84.60,HOLD,0,0,0,0
268,17.87,26.04,30.48,34.92,39.37,43.81,48.26,52.70,57.15,61.59,66.04,46.04,170.000,0.9669,52.68,84.60,HOLD,0,0,0,0
269,17.93,26.06,30.50,34.95,39.39,43.84,48.28,52.72,57.17,61.61,66.06,46.06,170.000,0.9669,52.68,84.60,HOLD,0,0,0,0
270,18.00,26.08,30.53,34.97,39.41,43.86,48.30,52.75,57.19,61.64,66.08,46.08,170.000,0.9669,52.68,84.60,HOLD,0,0,0,0
271,18.07,26.10,30.55,34.99,39.44,43.88,48.33,52.77,57.21,61.66,66.10,46.10,170.000,0.9669,52.68,84.60,HOLD,0,0,0,0
272,18.13,26.13,30.57,35.01,39.46,43.90,48.35,52.79,57.24,61.68,66.13,46.13,170.000,0.9669,52.68,84.60,HOLD,0,0,0,0
273,18.20,26.15,30.59,35.04,39.48,43.93,48.37,52.81,57.26,61.70,66.15,46.15,170.000,0.9669,52.68,84.60,HOLD,0,0,0,0
274,18.27,26.17,30.61,35.06,39.50,43.95,48.39,52.84,57.28,61.73,66.17,46.17,170.000,0.9669,52.68,84.60,HOLD,0,0,0,0
275,18.33,26.19,30.64,35.08,39.53,43.97,48.42,52.86,57.30,61.75,66.19,46.19,170.000,0.9669,52.68,84.60,HOLD,0,0,0,0
276,18.40,26.22,30.66,35.10,39.55,43.99,48.44,52.88,57.33,61.77,66.22,46.22,170.000,0.9669,52.68,84.60,HOLD,0,0,0,0
277,18.47,26.24,30.68,35.13,39.57,44.02,48.46,52.90,57.35,61.79,66.24,46.24,170.000,0.9669,52.68,84.60,HOLD,0,0,0,0
278,18.53,26.26,30.70,35.15,39.59,44.04,48.48,52.93,57.37,61.82,66.26,46.26,170.000,0.9669,52.68,84.60,HOLD,0,0,0,0
279,18.60,26.28,30.73,35.17,39.62,44.06,48.50,52.95,57.39,61.84,66.28,46.28,170.000,0.9669,52.68,84.60,HOLD,0,0,0,0
280,18.67,26.31,30.75,35.19,39.64,44.08,48.53,52.97,57.42,61.86,66.31,46.31,170.000,0.9669,52.68,84.60,HOLD,0,0,0,0
281,18.73,26.33,30.77,35.22,39.66,44.11,48.55,52.99,57.44,61.88,66.33,46.33,170.000,0.9669,52.68,84.60,HOLD,0,0,0,0
282,18.80,26.35,30.79,35.24,39.68,44.13,48.57,53.02,57.46,61.91,66.35,46.35,170.000,0.9669,52.68,84.60,HOLD,0,0,0,0
283,18.87,26.37,30.82,35.26,39.71,44.15,48.59,53.04,57.48,61.93,66.37,46.37,170.000,0.9669,52.68,84.60,HOLD,0,0,0,0
284,18.93,26.39,30.84,35.28,39.73,44.17,48.62,53.06,57.51,61.95,66.39,46.39,170.000,0.9669,52.68,84.60,HOLD,0,0,0,0
285,19.00,26.42,30.86,35.31,39.75,44.19,48.64,53.08,57.53,61.97,66.42,46.42,170.000,0.9669,52.68,84.60,HOLD,0,0,0,0
286,19.07,26.44,30.88,35.33,39.77,44.22,48.66,53.11,57.55,62.00,66.44,46.44,170.000,0.9669,52.68,84.60,HOLD,0,0,0,0
287,19.13,26.46,30.91,35.35,39.80,44.24,48.68,53.13,57.57,62.02,66.46,46.46,170.000,0.9669,52.68,84.60,HOLD,0,0,0,0
288,19.20,26.48,30.93,35.37,39.82,44.26,48.71,53.15,57.60,62.04,66.48,46.48,170.000,0.9669,52.68,84.60,HOLD,0,0,0,0
289,19.27,26.51,30.95,35.40,39.84,44.28,48.73,53.17,57.62,62.06,66.51,46.51,170.000,0.9669,52.68,84.60,HOLD,0,0,0,0
290,19.33,26.53,30.97,35.42,39.86,44.31,48.75,53.20,57.64,62.08,66.53,46.53,170.000,0.9669,52.68,84.60,HOLD,0,0,0,0
291,19.40,26.55,31.00,35.44,39.89,44.33,48.77,53.22,57.66,62.11,66.55,46.55,170.000,0.9669,52.68,84.60,HOLD,0,0,0,0
292,19.47,26.57,31.02,35.46,39.91,44.35,48.80,53.24,57.69,62.13,66.57,46.57,170.000,0.9669,52.68,84.60,HOLD,0,0,0,0
293,19.53,26.60,31.04,35.49,39.93,44.37,48.82,53.26,57.71,62.15,66.60,46.60,170.000,0.9669,52.68,84.60,HOLD,0,0,0,0
294,19.60,26.62,31.06,35.51,39.95,44.40,48.84,53.29,57.73,62.17,66.62,46.62,170.000,0.9669,52.68,84.60,HOLD,0,0,0,0
295,19.67,26.64,31.09,35.53,39.97,44.42,48.86,53.31,57.75,62.20,66.64,46.64,170.000,0.9669,52.68,84.60,HOLD,0,0,0,0
296,19.73,26.66,31.11,35.55,40.00,44.44,48.89,53.33,57.78,62.22,66.66,46.66,170.000,0.9669,52.68,84.60,HOLD,0,0,0,0
297,19.80,26.69,31.13,35.58,40.02,44.46,48.91,53.35,57.80,62.24,66.69,46.69,170.000,0.9669,52.68,84.60,HOLD,0,0,0,0
298,19.87,26.71,31.15,35.60,40.04,44.49,48.93,53.38,57.82,62.26,66.71,46.71,170.000,0.9669,52.68,84.60,HOLD,0,0,0,0
299,19.93,26.73,31.18,35.62,40.06,44.51,48.95,53.40,57.84,62.29,66.73,46.73,170.000,0.9669,52.68,84.60,HOLD,0,0,0,0
300,20.00,26.75,31.20,35.64,40.09,44.53,48.98,53.42,57.86,62.31,66.75,46.75,170.000,0.9669,52.68,84.60,HOLD,0,0,0,0
301,20.07,26.78,31.22,35.67,40.11,44.55,49.00,53.44,57.89,62.33,66.78,46.78,170.000,0.9669,52.68,84.60,HOLD,0,0,0,0
302,20.13,26.80,31.24,35.69,40.13,44.58,49.02,53.47,57.91,62.35,66.80,46.80,170.000,0.9669,52.68,84.60,HOLD,0,0,0,0
303,20.20,26.82,31.27,35.71,40.15,44.60,49.04,53.49,57.93,62.38,66.82,46.82,170.000,0.9669,52.68,84.60,HOLD,0,0,0,0
304,20.27,26.84,31.29,35.73,40.18,44.62,49.07,53.51,57.95,62.40,66.84,46.84,170.000,0.9669,52.68,84.60,HOLD,0,0,0,0
305,20.33,26.87,31.31,35.75,40.20,44.64,49.09,53.53,57.98,62.42,66.87,46.87,170.000,0.9669,52.68,84.60,HOLD,0,0,0,0
306,20.40,26.89,31.33,35.78,40.22,44.67,49.11,53.56,58.00,62.44,66.89,46.89,170.000,0.9669,52.68,84.60,HOLD,0,0,0,0
307,20.47,26.91,31.36,35.80,40.24,44.69,49.13,53.58,58.02,62.47,66.91,46.91,170.000,0.9669,52.68,84.60,HOLD,0,0,0,0
308,20.53,26.93,31.38,35.82,40.27,44.71,49.16,53.60,58.04,62.49,66.93,46.93,170.000,0.9669,52.68,84.60,HOLD,0,0,0,0
309,20.60,26.96,31.40,35.84,40.29,44.73,49.18,53.62,58.07,62.51,66.96,46.96,170.000,0.9669,52.68,84.60,HOLD,0,0,0,0
310,20.67,26.98,31.42,35.87,40.31,44.76,49.20,53.64,58.09,62.53,66.98,46.98,170.000,0.9669,52.68,84.60,HOLD,0,0,0,0
311,20.73,27.00,31.45,35.89,40.33,44.78,49.22,53.67,58.11,62.56,67.00,47.00,170.000,0.9669,52.68,84.60,HOLD,0,0,0,0
312,20.80,27.02,31.47,35.91,40.36,44.80,49.25,53.69,58.13,62.58,67.02,47.02,170.000,0.9669,52.68,84.60,HOLD,0,0,0,0
313,20.87,27.05,31.49,35.93,40.38,44.82,49.27,53.71,58.16,62.60,67.05,47.05,170.000,0.9669,52.68,84.60,HOLD,0,0,0,0
314,20.93,27.07,31.51,35.96,40.40,44.85,49.29,53.73,58.18,62.62,67.07,47.07,170.000,0.9669,52.68,84.60,HOLD,0,0,0,0
315,21.00,27.09,31.53,35.98,40.42,44.87,49.31,53.76,58.20,62.65,67.09,47.09,170.000,0.9669,52.68,84.60,HOLD,0,0,0,0
316,21.07,27.11,31.56,36.00,40.45,44.89,49.33,53.78,58.22,62.67,67.11,47.11,170.000,0.9669,52.68,84.60,HOLD,0,0,0,0
317,21.13,27.14,31.58,36.02,40.47,44.91,49.36,53.80,58.25,62.69,67.14,47.14,170.000,0.9669,52.68,84.60,HOLD,0,0,0,0
318,21.20,27.16,31.60,36.05,40.49,44.94,49.38,53.82,58.27,62.71,67.16,47.16,170.000,0.9669,52.68,84.60,HOLD,0,0,0,0
319,21.27,27.18,31.62,36.07,40.51,44.96,49.40,53.85,58.29,62.74,67.18,47.18,170.000,0.9669,52.68,84.60,HOLD,0,0,0,0
320,21.33,27.20,31.65,36.09,40.54,44.98,49.42,53.87,58.31,62.76,67.20,47.20,170.000,0.9669,52.68,84.60,HOLD,0,0,0,0
321,21.40,27.22,31.67,36.11,40.56,45.00,49.45,53.89,58.34,62.78,67.22,47.22,170.000,0.9669,52.68,84.60,HOLD,0,0,0,0
322,21.47,27.25,31.69,36.14,40.58,45.03,49.47,53.91,58.36,62.80,67.25,47.25,170.000,0.9669,52.68,84.60,HOLD,0,0,0,0
323,21.53,27.27,31.71,36.16,40.60,45.05,49.49,53.94,58.38,62.83,67.27,47.27,170.000,0.9669,52.68,84.60,HOLD,0,0,0,0
324,21.60,27.29,31.74,36.18,40.63,45.07,49.51,53.96,58.40,62.85,67.29,47.29,170.000,0.9669,52.68,84.60,HOLD,0,0,0,0
325,21.67,27.31,31.76,36.20,40.65,45.09,49.54,53.98,58.43,62.87,67.31,47.31,170.000,0.9669,52.68,84.60,HOLD,0,0,0,0
326,21.73,27.34,31.78,36.23,40.67,45.11,49.56,54.00,58.45,62.89,67.34,47.34,170.000,0.9669,52.68,84.60,HOLD,0,0,0,0
327,21.80,27.36,31.80,36.25,40.69,45.14,49.58,54.03,58.47,62.92,67.36,47.36,170.000,0.9669,52.68,84.60,HOLD,0,0,0,0
328,21.87,27.38,31.83,36.27,40.72,45.16,49.60,54.05,58.49,62.94,67.38,47.38,170.000,0.9669,52.68,84.60,HOLD,0,0,0,0
329,21.93,27.40,31.85,36.29,40.74,45.18,49.63,54.07,58.52,62.96,67.40,47.40,170.000,0.9669,52.68,84.60,HOLD,0,0,0,0
330,22.00,27.43,31.87,36.32,40.76,45.20,49.65,54.09,58.54,62.98,67.43,47.43,170.000,0.9669,52.68,84.60,HOLD,0,0,0,0
331,22.07,27.45,31.89,36.34,40.78,45.23,49.67,54.12,58.56,63.00,67.45,47.45,170.000,0.9669,52.68,84.60,HOLD,0,0,0,0
332,22.13,27.47,31.92,36.36,40.81,45.25,49.69,54.14,58.58,63.03,67.47,47.47,170.000,0.9669,52.68,84.60,HOLD,0,0,0,0
333,22.20,27.49,31.94,36.38,40.83,45.27,49.72,54.16,58.61,63.05,67.49,47.49,170.000,0.9669,52.68,84.60,HOLD,0,0,0,0
334,22.27,27.52,31.96,36.41,40.85,45.29,49.74,54.18,58.63,63.07,67.52,47.52,170.000,0.9669,52.68,84.60,HOLD,0,0,0,0
335,22.33,27.54,31.98,36.43,40.87,45.32,49.76,54.21,58.65,63.09,67.54,47.54,170.000,0.9669,52.68,84.60,HOLD,0,0,0,0
336,22.40,27.56,32.01,36.45,40.89,45.34,49.78,54.23,58.67,63.12,67.56,47.56,170.000,0.9669,52.68,84.60,HOLD,0,0,0,0
337,22.47,27.58,32.03,36.47,40.92,45.36,49.81,54.25,58.70,63.14,67.58,47.58,170.000,0.9669,52.68,84.60,HOLD,0,0,0,0
338,22.53,27.61,32.05,36.50,40.94,45.38,49.83,54.27,58.72,63.16,67.61,47.61,170.000,0.9669,52.68,84.60,HOLD,0,0,0,0
339,22.60,27.63,32.07,36.52,40.96,45.41,49.85,54.30,58.74,63.18,67.63,47.63,170.000,0.9669,52.68,84.60,HOLD,0,0,0,0
340,22.67,27.65,32.10,36.54,40.98,45.43,49.87,54.32,58.76,63.21,67.65,47.65,170.000,0.9669,52.68,84.60,HOLD,0,0,0,0
341,22.73,27.67,32.12,36.56,41.01,45.45,49.90,54.34,58.78,63.23,67.67,47.67,170.000,0.9669,52.68,84.60,HOLD,0,0,0,0
342,22.80,27.70,32.14,36.59,41.03,45.47,49.92,54.36,58.81,63.25,67.70,47.70,170.000,0.9669,52.68,84.60,HOLD,0,0,0,0
343,22.87,27.72,32.16,36.61,41.05,45.50,49.94,54.39,58.83,63.27,67.72,47.72,170.000,0.9669,52.68,84.60,HOLD,0,0,0,0
344,22.93,27.74,32.19,36.63,41.07,45.52,49.96,54.41,58.85,63.30,67.74,47.74,170.000,0.9669,52.68,84.60,HOLD,0,0,0,0
345,23.00,27.76,32.21,36.65,41.10,45.54,49.99,54.43,58.87,63.32,67.76,47.76,170.000,0.9669,52.68,84.60,HOLD,0,0,0,0
346,23.07,27.79,32.23,36.67,41.12,45.56,50.01,54.45,58.90,63.34,67.79,47.79,170.000,0.9669,52.68,84.60,HOLD,0,0,0,0
347,23.13,27.81,32.25,36.70,41.14,45.59,50.03,54.47,58.92,63.36,67.81,47.81,170.000,0.9669,52.68,84.60,HOLD,0,0,0,0
348,23.20,27.83,32.28,36.72,41.16,45.61,50.05,54.50,58.94,63.39,67.83,47.83,170.000,0.9669,52.68,84.60,HOLD,0,0,0,0
349,23.27,27.85,32.30,36.74,41.19,45.63,50.08,54.52,58.96,63.41,67.85,47.85,170.000,0.9669,52.68,84.60,HOLD,0,0,0,0
350,23.33,27.88,32.32,36.76,41.21,45.65,50.10,54.54,58.99,63.43,67.88,47.88,170.000,0.9669,52.68,84.60,HOLD,0,0,0,0
351,23.40,27.90,32.34,36.79,41.23,45.68,50.12,54.56,59.01,63.45,67.90,47.90,170.000,0.9669,52.68,84.60,HOLD,0,0,0,0
352,23.47,27.92,32.36,36.81,41.25,45.70,50.14,54.59,59.03,63.48,67.92,47.92,170.000,0.9669,52.68,84.60,HOLD,0,0,0,0
353,23.53,27.94,32.39,36.83,41.28,45.72,50.17,54.61,59.05,63.50,67.94,47.94,170.000,0.9669,52.68,84.60,HOLD,0,0,0,0
354,23.60,27.97,32.41,36.85,41.30,45.74,50.19,54.63,59.08,63.52,67.97,47.97,170.000,0.9669,52.68,84.60,HOLD,0,0,0,0
355,23.67,27.99,32.43,36.88,41.32,45.77,50.21,54.65,59.10,63.54,67.99,47.99,170.000,0.9669,52.68,84.60,HOLD,0,0,0,0
356,23.73,28.01,32.45,36.90,41.34,45.79,50.23,54.68,59.12,63.57,68.01,48.01,170.000,0.9669,52.68,84.60,HOLD,0,0,0,0
357,23.80,28.03,32.48,36.92,41.37,45.81,50.25,54.70,59.14,63.59,68.03,48.03,170.000,0.9669,52.68,84.60,HOLD,0,0,0,0
358,23.87,28.06,32.50,36.94,41.39,45.83,50.28,54.72,59.17,63.61,68.06,48.06,170.000,0.9669,52.68,84.60,HOLD,0,0,0,0
359,23.93,28.08,32.52,36.97,41.41,45.86,50.30,54.74,59.19,63.63,68.08,48.08,170.000,0.9669,52.68,84.60,HOLD,0,0,0,0
360,24.00,28.10,32.54,36.99,41.43,45.88,50.32,54.77,59.21,63.66,68.10,48.10,170.000,0.9669,52.68,84.60,HOLD,0,0,0,0
361,24.07,28.12,32.57,37.01,41.46,45.90,50.34,54.79,59.23,63.68,68.12,48.12,170.000,0.9669,52.68,84.60,HOLD,0,0,0,0
362,24.13,28.14,32.59,37.03,41.48,45.92,50.37,54.81,59.26,63.70,68.14,48.14,170.000,0.9669,52.68,84.60,HOLD,0,0,0,0
363,24.20,28.17,32.61,37.06,41.50,45.95,50.39,54.83,59.28,63.72,68.17,48.17,170.000,0.9669,52.68,84.60,HOLD,0,0,0,0
364,24.27,28.19,32.63,37.08,41.52,45.97,50.41,54.86,59.30,63.75,68.19,48.19,170.000,0.9669,52.68,84.60,HOLD,0,0,0,0
365,24.33,28.21,32.66,37.10,41.55,45.99,50.43,54.88,59.32,63.77,68.21,48.21,170.000,0.9669,52.68,84.60,HOLD,0,0,0,0
366,24.40,28.23,32.68,37.12,41.57,46.01,50.46,54.90,59.35,63.79,68.23,48.23,170.000,0.9669,52.68,84.60,HOLD,0,0,0,0
367,24.47,28.26,32.70,37.15,41.59,46.03,50.48,54.92,59.37,63.81,68.26,48.26,170.000,0.9669,52.68,84.60,HOLD,0,0,0,0
368,24.53,28.28,32.72,37.17,41.61,46.06,50.50,54.95,59.39,63.84,68.28,48.28,170.000,0.9669,52.68,84.60,HOLD,0,0,0,0
369,24.60,28.30,32.75,37.19,41.64,46.08,50.52,54.97,59.41,63.86,68.30,48.30,170.000,0.9669,52.68,84.60,HOLD,0,0,0,0
370,24.67,28.32,32.77,37.21,41.66,46.10,50.55,54.99,59.44,63.88,68.32,48.32,170.000,0.9669,52.68,84.60,HOLD,0,0,0,0
371,24.73,28.35,32.79,37.24,41.68,46.12,50.57,55.01,59.46,63.90,68.35,48.35,170.000,0.9669,52.68,84.60,HOLD,0,0,0,0
372,24.80,28.37,32.81,37.26,41.70,46.15,50.59,55.04,59.48,63.92,68.37,48.37,170.000,0.9669,52.68,84.60,HOLD,0,0,0,0
373,24.87,28.39,32.84,37.28,41.73,46.17,50.61,55.06,59.50,63.95,68.39,48.39,170.000,0.9669,52.68,84.60,HOLD,0,0,0,0
374,24.93,28.41,32.86,37.30,41.75,46.19,50.64,55.08,59.53,63.97,68.41,48.41,170.000,0.9669,52.68,84.60,HOLD,0,0,0,0
375,25.00,28.44,32.88,37.33,41.77,46.21,50.66,55.10,59.55,63.99,68.44,48.44,170.000,0.9669,52.68,84.60,HOLD,0,0,0,0
376,25.07,28.46,32.90,37.35,41.79,46.24,50.68,55.13,59.57,64.01,68.46,48.46,170.000,0.9669,52.68,84.60,HOLD,0,0,0,0
377,25.13,28.48,32.93,37.37,41.81,46.26,50.70,55.15,59.59,64.04,68.48,48.48,170.000,0.9669,52.68,84.60,HOLD,0,0,0,0
378,25.20,28.50,32.95,37.39,41.84,46.28,50.73,55.17,59.62,64.06,68.50,48.50,170.000,0.9669,52.68,84.60,HOLD,0,0,0,0
379,25.27,28.53,32.97,37.42,41.86,46.30,50.75,55.19,59.64,64.08,68.53,48.53,170.000,0.9669,52.68,84.60,HOLD,0,0,0,0
380,25.33,28.55,32.99,37.44,41.88,46.33,50.77,55.22,59.66,64.10,68.55,48.55,170.000,0.9669,52.68,84.60,HOLD,0,0,0,0
381,25.40,28.57,33.02,37.46,41.90,46.35,50.79,55.24,59.68,64.13,68.57,48.57,170.000,0.9669,52.68,84.60,HOLD,0,0,0,0
382,25.47,28.59,33.04,37.48,41.93,46.37,50.82,55.26,59.70,64.15,68.59,48.59,170.000,0.9669,52.68,84.60,HOLD,0,0,0,0
383,25.53,28.62,33.06,37.50,41.95,46.39,50.84,55.28,59.73,64.17,68.62,48.62,170.000,0.9669,52.68,84.60,HOLD,0,0,0,0
384,25.60,28.64,33.08,37.53,41.97,46.42,50.86,55.31,59.75,64.19,68.64,48.64,170.000,0.9669,52.68,84.60,HOLD,0,0,0,0
385,25.67,28.66,33.11,37.55,41.99,46.44,50.88,55.33,59.77,64.22,68.66,48.66,170.000,0.9669,52.68,84.60,HOLD,0,0,0,0
386,25.73,28.68,33.13,37.57,42.02,46.46,50.91,55.35,59.79,64.24,68.68,48.68,170.000,0.9669,52.68,84.60,HOLD,0,0,0,0
387,25.80,28.71,33.15,37.59,42.04,46.48,50.93,55.37,59.82,64.26,68.71,48.71,170.000,0.9669,52.68,84.60,HOLD,0,0,0,0
388,25.87,28.73,33.17,37.62,42.06,46.51,50.95,55.39,59.84,64.28,68.73,48.73,170.000,0.9669,52.68,84.60,HOLD,0,0,0,0
389,25.93,28.75,33.20,37.64,42.08,46.53,50.97,55.42,59.86,64.31,68.75,48.75,170.000,0.9669,52.68,84.60,HOLD,0,0,0,0
390,26.00,28.77,33.22,37.66,42.11,46.55,51.00,55.44,59.88,64.33,68.77,48.77,170.000,0.9669,52.68,84.60,HOLD,0,0,0,0
391,26.07,28.80,33.24,37.68,42.13,46.57,51.02,55.46,59.91,64.35,68.80,48.80,170.000,0.9669,52.68,84.60,HOLD,0,0,0,0
392,26.13,28.82,33.26,37.71,42.15,46.60,51.04,55.48,59.93,64.37,68.82,48.82,170.000,0.9669,52.68,84.60,HOLD,0,0,0,0
393,26.20,28.84,33.28,37.73,42.17,46.62,51.06,55.51,59.95,64.40,68.84,48.84,170.000,0.9669,52.68,84.60,HOLD,0,0,0,0
394,26.27,28.86,33.31,37.75,42.20,46.64,51.09,55.53,59.97,64.42,68.86,48.86,170.000,0.9669,52.68,84.60,HOLD,0,0,0,0
395,26.33,28.89,33.33,37.77,42.22,46.66,51.11,55.55,60.00,64.44,68.89,48.89,170.000,0.9669,52.68,84.60,HOLD,0,0,0,0
396,26.40,28.91,33.35,37.80,42.24,46.69,51.13,55.57,60.02,64.46,68.91,48.91,170.000,0.9669,52.68,84.60,HOLD,0,0,0,0
397,26.47,28.93,33.37,37.82,42.26,46.71,51.15,55.60,60.04,64.49,68.93,48.93,170.000,0.9669,52.68,84.60,HOLD,0,0,0,0
398,26.53,28.95,33.40,37.84,42.29,46.73,51.17,55.62,60.06,64.51,68.95,48.95,170.000,0.9669,52.68,84.60,HOLD,0,0,0,0
399,26.60,28.98,33.42,37.86,42.31,46.75,51.20,55.64,60.09,64.53,68.98,48.98,170.000,0.9669,52.68,84.60,HOLD,0,0,0,0
400,26.67,29.00,33.44,37.89,42.33,46.78,51.22,55.66,60.11,64.55,69.00,49.00,170.000,0.9669,52.68,84.60,HOLD,0,0,0,0
401,26.73,29.02,33.46,37.91,42.35,46.80,51.24,55.69,60.13,64.58,69.02,49.02,170.000,0.9669,52.68,84.60,HOLD,0,0,0,0
402,26.80,29.04,33.49,37.93,42.38,46.82,51.26,55.71,60.15,64.60,69.04,49.04,170.000,0.9669,52.68,84.60,HOLD,0,0,0,0
403,26.87,29.06,33.51,37.95,42.40,46.84,51.29,55.73,60.18,64.62,69.06,49.06,170.000,0.9669,52.68,84.60,HOLD,0,0,0,0
404,26.93,29.09,33.53,37.98,42.42,46.87,51.31,55.75,60.20,64.64,69.09,49.09,170.000,0.9669,52.68,84.60,HOLD,0,0,0,0
405,27.00,29.11,33.55,38.00,42.44,46.89,51.33,55.78,60.22,64.67,69.11,49.11,170.000,0.9669,52.68,84.60,HOLD,0,0,0,0
406,27.07,29.13,33.58,38.02,42.47,46.91,51.35,55.80,60.24,64.69,69.13,49.13,170.000,0.9669,52.68,84.60,HOLD,0,0,0,0
407,27.13,29.15,33.60,38.04,42.49,46.93,51.38,55.82,60.27,64.71,69.15,49.15,170.000,0.9669,52.68,84.60,HOLD,0,0,0,0
408,27.20,29.18,33.62,38.07,42.51,46.95,51.40,55.84,60.29,64.73,69.18,49.18,170.000,0.9669,52.68,84.60,HOLD,0,0,0,0
409,27.27,29.20,33.64,38.09,42.53,46.98,51.42,55.87,60.31,64.76,69.20,49.20,170.000,0.9669,52.68,84.60,HOLD,0,0,0,0
410,27.33,29.22,33.67,38.11,42.56,47.00,51.44,55.89,60.33,64.78,69.22,49.22,170.000,0.9669,52.68,84.60,HOLD,0,0,0,0
411,27.40,29.24,33.69,38.13,42.58,47.02,51.47,55.91,60.36,64.80,69.24,49.24,170.000,0.9669,52.68,84.60,HOLD,0,0,0,0
412,27.47,29.27,33.71,38.16,42.60,47.04,51.49,55.93,60.38,64.82,69.27,49.27,170.000,0.9669,52.68,84.60,HOLD,0,0,0,0
413,27.53,29.29,33.73,38.18,42.62,47.07,51.51,55.96,60.40,64.84,69.29,49.29,170.000,0.9669,52.68,84.60,HOLD,0,0,0,0
414,27.60,29.31,33.76,38.20,42.64,47.09,51.53,55.98,60.42,64.87,69.31,49.31,170.000,0.9669,52.68,84.60,HOLD,0,0,0,0
415,27.67,29.33,33.78,38.22,42.67,47.11,51.56,56.00,60.45,64.89,69.33,49.33,170.000,0.9669,52.68,84.60,HOLD,0,0,0,0
416,27.73,29.36,33.80,38.25,42.69,47.13,51.58,56.02,60.47,64.91,69.36,49.36,170.000,0.9669,52.68,84.60,HOLD,0,0,0,0
417,27.80,29.38,33.82,38.27,42.71,47.16,51.60,56.05,60.49,64.93,69.38,49.38,170.000,0.9669,52.68,84.60,HOLD,0,0,0,0
418,27.87,29.40,33.85,38.29,42.73,47.18,51.62,56.07,60.51,64.96,69.40,49.40,170.000,0.9669,52.68,84.60,HOLD,0,0,0,0
419,27.93,29.42,33.87,38.31,42.76,47.20,51.65,56.09,60.53,64.98,69.42,49.42,170.000,0.9669,52.68,84.60,HOLD,0,0,0,0
420,28.00,29.45,33.89,38.34,42.78,47.22,51.67,56.11,60.56,65.00,69.45,49.45,170.000,0.9669,52.68,84.60,HOLD,0,0,0,0
421,28.07,29.47,33.91,38.36,42.80,47.25,51.69,56.14,60.58,65.02,69.47,49.47,170.000,0.9669,52.68,84.60,HOLD,0,0,0,0
422,28.13,29.49,33.94,38.38,42.82,47.27,51.71,56.16,60.60,65.05,69.49,49.49,170.000,0.9669,52.68,84.60,HOLD,0,0,0,0
423,28.20,29.51,33.96,38.40,42.85,47.29,51.74,56.18,60.62,65.07,69.51,49.51,170.000,0.9669,52.68,84.60,HOLD,0,0,0,0
424,28.27,29.54,33.98,38.42,42.87,47.31,51.76,56.20,60.65,65.09,69.54,49.54,170.000,0.9669,52.68,84.60,HOLD,0,0,0,0
425,28.33,29.56,34.00,38.45,42.89,47.34,51.78,56.23,60.67,65.11,69.56,49.56,170.000,0.9669,52.68,84.60,HOLD,0,0,0,0
426,28.40,29.58,34.03,38.47,42.91,47.36,51.80,56.25,60.69,65.14,69.58,49.58,170.000,0.9669,52.68,84.60,HOLD,0,0,0,0
427,28.47,29.60,34.05,38.49,42.94,47.38,51.83,56.27,60.71,65.16,69.60,49.60,170.000,0.9669,52.68,84.60,HOLD,0,0,0,0
428,28.53,29.63,34.07,38.51,42.96,47.40,51.85,56.29,60.74,65.18,69.63,49.63,170.000,0.9669,52.68,84.60,HOLD,0,0,0,0
429,28.60,29.65,34.09,38.54,42.98,47.43,51.87,56.31,60.76,65.20,69.65,49.65,170.000,0.9669,52.68,84.60,HOLD,0,0,0,0
430,28.67,29.67,34.12,38.56,43.00,47.45,51.89,56.34,60.78,65.23,69.67,49.67,170.000,0.9669,52.68,84.60,HOLD,0,0,0,0
431,28.73,29.69,34.14,38.58,43.03,47.47,51.92,56.36,60.80,65.25,69.69,49.69,170.000,0.9669,52.68,84.60,HOLD,0,0,0,0
432,28.80,29.72,34.16,38.60,43.05,47.49,51.94,56.38,60.83,65.27,69.72,49.72,170.000,0.9669,52.68,84.60,HOLD,0,0,0,0
433,28.87,29.74,34.18,38.63,43.07,47.52,51.96,56.40,60.85,65.29,69.74,49.74,170.000,0.9669,52.68,84.60,HOLD,0,0,0,0
434,28.93,29.76,34.20,38.65,43.09,47.54,51.98,56.43,60.87,65.32,69.76,49.76,170.000,0.9669,52.68,84.60,HOLD,0,0,0,0
435,29.00,29.78,34.23,38.67,43.12,47.56,52.01,56.45,60.89,65.34,69.78,49.78,170.000,0.9669,52.68,84.60,HOLD,0,0,0,0
436,29.07,29.81,34.25,38.69,43.14,47.58,52.03,56.47,60.92,65.36,69.81,49.81,170.000,0.9669,52.68,84.60,HOLD,0,0,0,0
437,29.13,29.83,34.27,38.72,43.16,47.61,52.05,56.49,60.94,65.38,69.83,49.83,170.000,0.9669,52.68,84.60,HOLD,0,0,0,0
438,29.20,29.85,34.29,38.74,43.18,47.63,52.07,56.52,60.96,65.41,69.85,49.85,170.000,0.9669,52.68,84.60,HOLD,0,0,0,0
439,29.27,29.87,34.32,38.76,43.21,47.65,52.09,56.54,60.98,65.43,69.87,49.87,170.000,0.9669,52.68,84.60,HOLD,0,0,0,0
440,29.33,29.90,34.34,38.78,43.23,47.67,52.12,56.56,61.01,65.45,69.90,49.90,170.000,0.9669,52.68,84.60,HOLD,0,0,0,0
441,29.40,29.92,34.36,38.81,43.25,47.70,52.14,56.58,61.03,65.47,69.92,49.92,170.000,0.9669,52.68,84.60,HOLD,0,0,0,0
442,29.47,29.94,34.38,38.83,43.27,47.72,52.16,56.61,61.05,65.50,69.94,49.94,170.000,0.9669,52.68,84.60,HOLD,0,0,0,0
443,29.53,29.96,34.41,38.85,43.30,47.74,52.18,56.63,61.07,65.52,69.96,49.96,170.000,0.9669,52.68,84.60,HOLD,0,0,0,0
444,29.60,29.98,34.43,38.87,43.32,47.76,52.21,56.65,61.10,65.54,69.98,49.98,170.000,0.9669,52.68,84.60,HOLD,0,0,0,0
445,29.67,30.01,34.45,38.90,43.34,47.79,52.23,56.67,61.12,65.56,70.01,50.01,170.000,0.9669,52.68,84.60,HOLD,0,0,0,0
446,29.73,30.03,34.47,38.92,43.36,47.81,52.25,56.70,61.14,65.59,70.03,50.03,170.000,0.9669,52.68,84.60,HOLD,0,0,0,0
447,29.80,30.05,34.50,38.94,43.39,47.83,52.27,56.72,61.16,65.61,70.05,50.05,170.000,0.9669,52.68,84.60,HOLD,0,0,0,0
448,29.87,30.07,34.52,38.96,43.41,47.85,52.30,56.74,61.19,65.63,70.07,50.07,170.000,0.9669,52.68,84.60,HOLD,0,0,0,0
449,29.93,30.10,34.54,38.99,43.43,47.87,52.32,56.76,61.21,65.65,70.10,50.10,170.000,0.9669,52.68,84.60,HOLD,0,0,0,0
450,30.00,30.12,34.56,39.01,43.45,47.90,52.34,56.79,61.23,65.67,70.12,50.12,170.000,0.9669,52.68,84.60,HOLD,0,0,0,0
451,30.07,30.14,34.59,39.03,43.48,47.92,52.36,56.81,61.25,65.70,70.14,50.14,170.000,0.9669,52.68,84.60,HOLD,0,0,0,0
452,30.13,30.16,34.61,39.05,43.50,47.94,52.39,56.83,61.28,65.72,70.16,50.16,170.000,0.9669,52.68,84.60,HOLD,0,0,0,0
453,30.20,30.19,34.63,39.08,43.52,47.96,52.41,56.85,61.30,65.74,70.19,50.19,170.000,0.9669,52.68,84.60,HOLD,0,0,0,0
454,30.27,30.21,34.65,39.10,43.54,47.99,52.43,56.88,61.32,65.76,70.21,50.21,170.000,0.9669,52.68,84.60,HOLD,0,0,0,0
455,30.33,30.23,34.68,39.12,43.56,48.01,52.45,56.90,61.34,65.79,70.23,50.23,170.000,0.9669,52.68,84.60,HOLD,0,0,0,0
456,30.40,30.25,34.70,39.14,43.59,48.03,52.48,56.92,61.37,65.81,70.25,50.25,170.000,0.9669,52.68,84.60,HOLD,0,0,0,0
457,30.47,30.28,34.72,39.17,43.61,48.05,52.50,56.94,61.39,65.83,70.28,50.28,170.000,0.9669,52.68,84.60,HOLD,0,0,0,0
458,30.53,30.30,34.74,39.19,43.63,48.08,52.52,56.97,61.41,65.85,70.30,50.30,170.000,0.9669,52.68,84.60,HOLD,0,0,0,0
459,30.60,30.32,34.77,39.21,43.65,48.10,52.54,56.99,61.43,65.88,70.32,50.32,170.000,0.9669,52.68,84.60,HOLD,0,0,0,0
460,30.67,30.34,34.79,39.23,43.68,48.12,52.57,57.01,61.45,65.90,70.34,50.34,170.000,0.9669,52.68,84.60,HOLD,0,0,0,0
461,30.73,30.37,34.81,39.26,43.70,48.14,52.59,57.03,61.48,65.92,70.37,50.37,170.000,0.9669,52.68,84.60,HOLD,0,0,0,0
462,30.80,30.39,34.83,39.28,43.72,48.17,52.61,57.06,61.50,65.94,70.39,50.39,170.000,0.9669,52.68,84.60,HOLD,0,0,0,0
463,30.87,30.41,34.86,39.30,43.74,48.19,52.63,57.08,61.52,65.97,70.41,50.41,170.000,0.9669,52.68,84.60,HOLD,0,0,0,0
464,30.93,30.43,34.88,39.32,43.77,48.21,52.66,57.10,61.54,65.99,70.43,50.43,170.000,0.9669,52.68,84.60,HOLD,0,0,0,0
465,31.00,30.46,34.90,39.34,43.79,48.23,52.68,57.12,61.57,66.01,70.46,50.46,170.000,0.9669,52.68,84.60,HOLD,0,0,0,0
466,31.07,30.48,34.92,39.37,43.81,48.26,52.70,57.15,61.59,66.03,70.48,50.48,170.000,0.9669,52.68,84.60,HOLD,0,0,0,0
467,31.13,30.50,34.95,39.39,43.83,48.28,52.72,57.17,61.61,66.06,70.50,50.50,170.000,0.9669,52.68,84.60,HOLD,0,0,0,0
468,31.20,30.52,34.97,39.41,43.86,48.30,52.75,57.19,61.63,66.08,70.52,50.52,170.000,0.9669,52.68,84.60,HOLD,0,0,0,0
469,31.27,30.55,34.99,39.43,43.88,48.32,52.77,57.21,61.66,66.10,70.55,50.55,170.000,0.9669,52.68,84.60,HOLD,0,0,0,0
470,31.33,30.57,35.01,39.46,43.90,48.35,52.79,57.23,61.68,66.12,70.57,50.57,170.000,0.9669,52.68,84.60,HOLD,0,0,0,0
471,31.40,30.59,35.04,39.48,43.92,48.37,52.81,57.26,61.70,66.15,70.59,50.59,170.000,0.9669,52.68,84.60,HOLD,0,0,0,0
472,31.47,30.61,35.06,39.50,43.95,48.39,52.84,57.28,61.72,66.17,70.61,50.61,170.000,0.9669,52.68,84.60,HOLD,0,0,0,0
473,31.53,30.64,35.08,39.52,43.97,48.41,52.86,57.30,61.75,66.19,70.64,50.64,170.000,0.9669,52.68,84.60,HOLD,0,0,0,0
474,31.60,30.66,35.10,39.55,43.99,48.44,52.88,57.32,61.77,66.21,70.66,50.66,170.000,0.9669,52.68,84.60,HOLD,0,0,0,0
475,31.67,30.68,35.12,39.57,44.01,48.46,52.90,57.35,61.79,66.24,70.68,50.68,170.000,0.9669,52.68,84.60,HOLD,0,0,0,0
476,31.73,30.70,35.15,39.59,44.04,48.48,52.93,57.37,61.81,66.26,70.70,50.70,170.000,0.9669,52.68,84.60,HOLD,0,0,0,0
477,31.80,30.73,35.17,39.61,44.06,48.50,52.95,57.39,61.84,66.28,70.73,50.73,170.000,0.9669,52.68,84.60,HOLD,0,0,0,0
478,31.87,30.75,35.19,39.64,44.08,48.53,52.97,57.41,61.86,66.30,70.75,50.75,170.000,0.9669,52.68,84.60,HOLD,0,0,0,0
479,31.93,30.77,35.21,39.66,44.10,48.55,52.99,57.44,61.88,66.33,70.77,50.77,170.000,0.9669,52.68,84.60,HOLD,0,0,0,0
480,32.00,30.79,35.24,39.68,44.13,48.57,53.01,57.46,61.90,66.35,70.79,50.79,170.000,0.9669,52.68,84.60,HOLD,0,0,0,0
481,32.07,30.81,35.26,39.70,44.15,48.59,53.04,57.48,61.93,66.37,70.81,50.81,170.000,0.9669,52.68,84.60,HOLD,0,0,0,0
482,32.13,30.84,35.28,39.73,44.17,48.62,53.06,57.50,61.95,66.39,70.84,50.84,170.000,0.9669,52.68,84.60,HOLD,0,0,0,0
483,32.20,30.86,35.30,39.75,44.19,48.64,53.08,57.53,61.97,66.42,70.86,50.86,170.000,0.9669,52.68,84.60,HOLD,0,0,0,0
484,32.27,30.88,35.33,39.77,44.22,48.66,53.10,57.55,61.99,66.44,70.88,50.88,170.000,0.9669,52.68,84.60,HOLD,0,0,0,0
485,32.33,30.90,35.35,39.79,44.24,48.68,53.13,57.57,62.02,66.46,70.90,50.90,170.000,0.9669,52.68,84.60,HOLD,0,0,0,0
486,32.40,30.93,35.37,39.82,44.26,48.70,53.15,57.59,62.04,66.48,70.93,50.93,170.000,0.9669,52.68,84.60,HOLD,0,0,0,0
487,32.47,30.95,35.39,39.84,44.28,48.73,53.17,57.62,62.06,66.51,70.95,50.95,170.000,0.9669,52.68,84.60,HOLD,0,0,0,0
488,32.53,30.97,35.42,39.86,44.31,48.75,53.19,57.64,62.08,66.53,70.97,50.97,170.000,0.9669,52.68,84.60,HOLD,0,0,0,0
489,32.60,30.99,35.44,39.88,44.33,48.77,53.22,57.66,62.11,66.55,70.99,50.99,170.000,0.9669,52.68,84.60,HOLD,0,0,0,0
490,32.67,31.02,35.46,39.91,44.35,48.79,53.24,57.68,62.13,66.57,71.02,51.02,170.000,0.9669,52.68,84.60,HOLD,0,0,0,0
491,32.73,31.04,35.48,39.93,44.37,48.82,53.26,57.71,62.15,66.59,71.04,51.04,170.000,0.9669,52.68,84.60,HOLD,0,0,0,0
492,32.80,31.06,35.51,39.95,44.40,48.84,53.28,57.73,62.17,66.62,71.06,51.06,170.000,0.9669,52.68,84.60,HOLD,0,0,0,0
493,32.87,31.08,35.53,39.97,44.42,48.86,53.31,57.75,62.20,66.64,71.08,51.08,170.000,0.9669,52.68,84.60,HOLD,0,0,0,0
494,32.93,31.11,35.55,40.00,44.44,48.88,53.33,57.77,62.22,66.66,71.11,51.11,170.000,0.9669,52.68,84.60,HOLD,0,0,0,0
495,33.00,31.13,35.57,40.02,44.46,48.91,53.35,57.80,62.24,66.68,71.13,51.13,170.000,0.9669,52.68,84.60,HOLD,0,0,0,0
496,33.07,31.15,35.60,40.04,44.48,48.93,53.37,57.82,62.26,66.71,71.15,51.15,170.000,0.9669,52.68,84.60,HOLD,0,0,0,0
497,33.13,31.17,35.62,40.06,44.51,48.95,53.40,57.84,62.29,66.73,71.17,51.17,170.000,0.9669,52.68,84.60,HOLD,0,0,0,0
498,33.20,31.20,35.64,40.09,44.53,48.97,53.42,57.86,62.31,66.75,71.20,51.20,170.000,0.9669,52.68,84.60,HOLD,0,0,0,0
499,33.27,31.22,35.66,40.11,44.55,49.00,53.44,57.89,62.33,66.77,71.22,51.22,170.000,0.9669,52.68,84.60,HOLD,0,0,0,0
500,33.33,31.24,35.69,40.13,44.57,49.02,53.46,57.91,62.35,66.80,71.24,51.24,170.000,0.9669,52.68,84.60,HOLD,0,0,0,0
501,33.40,31.26,35.71,40.15,44.60,49.04,53.49,57.93,62.37,66.82,71.26,51.26,170.000,0.9669,52.68,84.60,HOLD,0,0,0,0
502,33.47,31.29,35.73,40.18,44.62,49.06,53.51,57.95,62.40,66.84,71.29,51.29,170.000,0.9669,52.68,84.60,HOLD,0,0,0,0
503,33.53,31.31,35.75,40.20,44.64,49.09,53.53,57.98,62.42,66.86,71.31,51.31,170.000,0.9669,52.68,84.60,HOLD,0,0,0,0
504,33.60,31.33,35.78,40.22,44.66,49.11,53.55,58.00,62.44,66.89,71.33,51.33,170.000,0.9669,52.68,84.60,HOLD,0,0,0,0
505,33.67,31.35,35.80,40.24,44.69,49.13,53.58,58.02,62.46,66.91,71.35,51.35,170.000,0.9669,52.68,84.60,HOLD,0,0,0,0
506,33.73,31.38,35.82,40.26,44.71,49.15,53.60,58.04,62.49,66.93,71.38,51.38,170.000,0.9669,52.68,84.60,HOLD,0,0,0,0
507,33.80,31.40,35.84,40.29,44.73,49.18,53.62,58.07,62.51,66.95,71.40,51.40,170.000,0.9669,52.68,84.60,HOLD,0,0,0,0
508,33.87,31.42,35.87,40.31,44.75,49.20,53.64,58.09,62.53,66.98,71.42,51.42,170.000,0.9669,52.68,84.60,HOLD,0,0,0,0
509,33.93,31.44,35.89,40.33,44.78,49.22,53.67,58.11,62.55,67.00,71.44,51.44,170.000,0.9669,52.68,84.60,HOLD,0,0,0,0
510,34.00,31.47,35.91,40.35,44.80,49.24,53.69,58.13,62.58,67.02,71.47,51.47,170.000,0.9669,52.68,84.60,HOLD,0,0,0,0
511,34.07,31.49,35.93,40.38,44.82,49.27,53.71,58.15,62.60,67.04,71.49,51.49,170.000,0.9669,52.68,84.60,HOLD,0,0,0,0
512,34.13,31.51,35.96,40.40,44.84,49.29,53.73,58.18,62.62,67.07,71.51,51.51,170.000,0.9669,52.68,84.60,HOLD,0,0,0,0
513,34.20,31.53,35.98,40.42,44.87,49.31,53.76,58.20,62.64,67.09,71.53,51.53,170.000,0.9669,52.68,84.60,HOLD,0,0,0,0
514,34.27,31.56,36.00,40.44,44.89,49.33,53.78,58.22,62.67,67.11,71.56,51.56,170.000,0.9669,52.68,84.60,HOLD,0,0,0,0
515,34.33,31.58,36.02,40.47,44.91,49.36,53.80,58.24,62.69,67.13,71.58,51.58,170.000,0.9669,52.68,84.60,HOLD,0,0,0,0
516,34.40,31.60,36.04,40.49,44.93,49.38,53.82,58.27,62.71,67.16,71.60,51.60,170.000,0.9669,52.68,84.60,HOLD,0,0,0,0
517,34.47,31.62,36.07,40.51,44.96,49.40,53.84,58.29,62.73,67.18,71.62,51.62,170.000,0.9669,52.68,84.60,HOLD,0,0,0,0
518,34.53,31.65,36.09,40.53,44.98,49.42,53.87,58.31,62.76,67.20,71.65,51.65,170.000,0.9669,52.68,84.60,HOLD,0,0,0,0
519,34.60,31.67,36.11,40.56,45.00,49.45,53.89,58.33,62.78,67.22,71.67,51.67,170.000,0.9669,52.68,84.60,HOLD,0,0,0,0
520,34.67,31.69,36.13,40.58,45.02,49.47,53.91,58.36,62.80,67.25,71.69,51.69,170.000,0.9669,52.68,84.60,HOLD,0,0,0,0
521,34.73,31.71,36.16,40.60,45.05,49.49,53.93,58.38,62.82,67.27,71.71,51.71,170.000,0.9669,52.68,84.60,HOLD,0,0,0,0
522,34.80,31.73,36.18,40.62,45.07,49.51,53.96,58.40,62.85,67.29,71.73,51.73,170.000,0.9669,52.68,84.60,HOLD,0,0,0,0
523,34.87,31.76,36.20,40.65,45.09,49.54,53.98,58.42,62.87,67.31,71.76,51.76,170.000,0.9669,52.68,84.60,HOLD,0,0,0,0
524,34.93,31.78,36.22,40.67,45.11,49.56,54.00,58.45,62.89,67.34,71.78,51.78,170.000,0.9669,52.68,84.60,HOLD,0,0,0,0
525,35.00,31.80,36.25,40.69,45.14,49.58,54.02,58.47,62.91,67.36,71.80,51.80,170.000,0.9669,52.68,84.60,HOLD,0,0,0,0
526,35.07,31.82,36.27,40.71,45.16,49.60,54.05,58.49,62.94,67.38,71.82,51.82,170.000,0.9669,52.68,84.60,HOLD,0,0,0,0
527,35.13,31.85,36.29,40.74,45.18,49.62,54.07,58.51,62.96,67.40,71.85,51.85,170.000,0.9669,52.68,84.60,HOLD,0,0,0,0
528,35.20,31.87,36.31,40.76,45.20,49.65,54.09,58.54,62.98,67.43,71.87,51.87,170.000,0.9669,52.68,84.60,HOLD,0,0,0,0
529,35.27,31.89,36.34,40.78,45.23,49.67,54.11,58.56,63.00,67.45,71.89,51.89,170.000,0.9669,52.68,84.60,HOLD,0,0,0,0
530,35.33,31.91,36.36,40.80,45.25,49.69,54.14,58.58,63.03,67.47,71.91,51.91,170.000,0.9669,52.68,84.60,HOLD,0,0,0,0
531,35.40,31.94,36.38,40.83,45.27,49.71,54.16,58.60,63.05,67.49,71.94,51.94,170.000,0.9669,52.68,84.60,HOLD,0,0,0,0
532,35.47,31.96,36.40,40.85,45.29,49.74,54.18,58.63,63.07,67.51,71.96,51.96,170.000,0.9669,52.68,84.60,HOLD,0,0,0,0
533,35.53,31.98,36.43,40.87,45.32,49.76,54.20,58.65,63.09,67.54,71.98,51.98,170.000,0.9669,52.68,84.60,HOLD,0,0,0,0
534,35.60,32.00,36.45,40.89,45.34,49.78,54.23,58.67,63.12,67.56,72.00,52.00,170.000,0.9669,52.68,84.60,HOLD,0,0,0,0
535,35.67,32.03,36.47,40.92,45.36,49.80,54.25,58.69,63.14,67.58,72.03,52.03,170.000,0.9669,52.68,84.60,HOLD,0,0,0,0
536,35.73,32.05,36.49,40.94,45.38,49.83,54.27,58.72,63.16,67.60,72.05,52.05,170.000,0.9669,52.68,84.60,HOLD,0,0,0,0
537,35.80,32.07,36.52,40.96,45.40,49.85,54.29,58.74,63.18,67.63,72.07,52.07,170.000,0.9669,52.68,84.60,HOLD,0,0,0,0
538,35.87,32.09,36.54,40.98,45.43,49.87,54.32,58.76,63.21,67.65,72.09,52.09,170.000,0.9669,52.68,84.60,HOLD,0,0,0,0
539,35.93,32.12,36.56,41.01,45.45,49.89,54.34,58.78,63.23,67.67,72.12,52.12,170.000,0.9669,52.68,84.60,HOLD,0,0,0,0
540,36.00,32.14,36.58,41.03,45.47,49.92,54.36,58.81,63.25,67.69,72.14,52.14,170.000,0.9669,52.68,84.60,HOLD,0,0,0,0
541,36.07,32.16,36.61,41.05,45.49,49.94,54.38,58.83,63.27,67.72,72.16,52.16,170.000,0.9669,52.68,84.60,HOLD,0,0,0,0
542,36.13,32.18,36.63,41.07,45.52,49.96,54.41,58.85,63.29,67.74,72.18,52.18,170.000,0.9669,52.68,84.60,HOLD,0,0,0,0
543,36.20,32.21,36.65,41.10,45.54,49.98,54.43,58.87,63.32,67.76,72.21,52.21,170.000,0.9669,52.68,84.60,HOLD,0,0,0,0
544,36.27,32.23,36.67,41.12,45.56,50.01,54.45,58.90,63.34,67.78,72.23,52.23,170.000,0.9669,52.68,84.60,HOLD,0,0,0,0
545,36.33,32.25,36.70,41.14,45.58,50.03,54.47,58.92,63.36,67.81,72.25,52.25,170.000,0.9669,52.68,84.60,HOLD,0,0,0,0
546,36.40,32.27,36.72,41.16,45.61,50.05,54.50,58.94,63.38,67.83,72.27,52.27,170.000,0.9669,52.68,84.60,HOLD,0,0,0,0
547,36.47,32.30,36.74,41.18,45.63,50.07,54.52,58.96,63.41,67.85,72.30,52.30,170.000,0.9669,52.68,84.60,HOLD,0,0,0,0
548,36.53,32.32,36.76,41.21,45.65,50.10,54.54,58.98,63.43,67.87,72.32,52.32,170.000,0.9669,52.68,84.60,HOLD,0,0,0,0
549,36.60,32.34,36.79,41.23,45.67,50.12,54.56,59.01,63.45,67.90,72.34,52.34,170.000,0.9669,52.68,84.60,HOLD,0,0,0,0
550,36.67,32.36,36.81,41.25,45.70,50.14,54.59,59.03,63.47,67.92,72.36,52.36,170.000,0.9669,52.68,84.60,HOLD,0,0,0,0
551,36.73,32.39,36.83,41.27,45.72,50.16,54.61,59.05,63.50,67.94,72.39,52.39,170.000,0.9669,52.68,84.60,HOLD,0,0,0,0
552,36.80,32.41,36.85,41.30,45.74,50.19,54.63,59.07,63.52,67.96,72.41,52.41,170.000,0.9669,52.68,84.60,HOLD,0,0,0,0
553,36.87,32.43,36.87,41.32,45.76,50.21,54.65,59.10,63.54,67.99,72.43,52.43,170.000,0.9669,52.68,84.60,HOLD,0,0,0,0
554,36.93,32.45,36.90,41.34,45.79,50.23,54.68,59.12,63.56,68.01,72.45,52.45,170.000,0.9669,52.68,84.60,HOLD,0,0,0,0
555,37.00,32.48,36.92,41.36,45.81,50.25,54.70,59.14,63.59,68.03,72.48,52.48,170.000,0.9669,52.68,84.60,HOLD,0,0,0,0
556,37.07,32.50,36.94,41.39,45.83,50.28,54.72,59.16,63.61,68.05,72.50,52.50,170.000,0.9669,52.68,84.60,HOLD,0,0,0,0
557,37.13,32.52,36.96,41.41,45.85,50.30,54.74,59.19,63.63,68.08,72.52,52.52,170.000,0.9669,52.68,84.60,HOLD,0,0,0,0
558,37.20,32.54,36.99,41.43,45.88,50.32,54.76,59.21,63.65,68.10,72.54,52.54,170.000,0.9669,52.68,84.60,HOLD,0,0,0,0
559,37.27,32.57,37.01,41.45,45.90,50.34,54.79,59.23,63.68,68.12,72.57,52.57,170.000,0.9669,52.68,84.60,HOLD,0,0,0,0
560,37.33,32.59,37.03,41.48,45.92,50.37,54.81,59.25,63.70,68.14,72.59,52.59,170.000,0.9669,52.68,84.60,HOLD,0,0,0,0
561,37.40,32.61,37.05,41.50,45.94,50.39,54.83,59.28,63.72,68.17,72.61,52.61,170.000,0.9669,52.68,84.60,HOLD,0,0,0,0
562,37.47,32.63,37.08,41.52,45.97,50.41,54.85,59.30,63.74,68.19,72.63,52.63,170.000,0.9669,52.68,84.60,HOLD,0,0,0,0
563,37.53,32.65,37.10,41.54,45.99,50.43,54.88,59.32,63.77,68.21,72.65,52.65,170.000,0.9669,52.68,84.60,HOLD,0,0,0,0
564,37.60,32.68,37.12,41.57,46.01,50.46,54.90,59.34,63.79,68.23,72.68,52.68,170.000,0.9669,52.68,84.60,HOLD,0,0,0,0
565,37.67,32.70,37.14,41.59,46.03,50.48,54.92,59.37,63.81,68.26,72.70,52.70,170.000,0.9669,52.68,84.60,HOLD,0,0,0,0
566,37.73,32.72,37.17,41.61,46.06,50.50,54.94,59.39,63.83,68.28,72.72,52.72,170.000,0.9669,52.68,84.60,HOLD,0,0,0,0
567,37.80,32.74,37.19,41.63,46.08,50.52,54.97,59.41,63.86,68.30,72.74,52.74,170.000,0.9669,52.68,84.60,HOLD,0,0,0,0
568,37.87,32.77,37.21,41.66,46.10,50.54,54.99,59.43,63.88,68.32,72.77,52.77,170.000,0.9669,52.68,84.60,HOLD,0,0,0,0
569,37.93,32.79,37.23,41.68,46.12,50.57,55.01,59.46,63.90,68.35,72.79,52.79,170.000,0.9669,52.68,84.60,HOLD,0,0,0,0
570,38.00,32.81,37.26,41.70,46.15,50.59,55.03,59.48,63.92,68.37,72.81,52.81,170.000,0.9669,52.68,84.60,HOLD,0,0,0,0
571,38.07,32.83,37.28,41.72,46.17,50.61,55.06,59.50,63.95,68.39,72.83,52.83,170.000,0.9669,52.68,84.60,HOLD,0,0,0,0
572,38.13,32.86,37.30,41.75,46.19,50.63,55.08,59.52,63.97,68.41,72.86,52.86,170.000,0.9669,52.68,84.60,HOLD,0,0,0,0
573,38.20,32.88,37.32,41.77,46.21,50.66,55.10,59.55,63.99,68.43,72.88,52.88,170.000,0.9669,52.68,84.60,HOLD,0,0,0,0
574,38.27,32.90,37.35,41.79,46.24,50.68,55.12,59.57,64.01,68.46,72.90,52.90,170.000,0.9669,52.68,84.60,HOLD,0,0,0,0
575,38.33,32.92,37.37,41.81,46.26,50.70,55.15,59.59,64.04,68.48,72.92,52.92,170.000,0.9669,52.68,84.60,HOLD,0,0,0,0
576,38.40,32.95,37.39,41.84,46.28,50.72,55.17,59.61,64.06,68.50,72.95,52.95,170.000,0.9669,52.68,84.60,HOLD,0,0,0,0
577,38.47,32.97,37.41,41.86,46.30,50.75,55.19,59.64,64.08,68.52,72.97,52.97,170.000,0.9669,52.68,84.60,HOLD,0,0,0,0
578,38.53,32.99,37.44,41.88,46.32,50.77,55.21,59.66,64.10,68.55,72.99,52.99,170.000,0.9669,52.68,84.60,HOLD,0,0,0,0
579,38.60,33.01,37.46,41.90,46.35,50.79,55.24,59.68,64.13,68.57,73.01,53.01,170.000,0.9669,52.68,84.60,HOLD,0,0,0,0
580,38.67,33.04,37.48,41.93,46.37,50.81,55.26,59.70,64.15,68.59,73.04,53.04,170.000,0.9669,52.68,84.60,HOLD,0,0,0,0
581,38.73,33.06,37.50,41.95,46.39,50.84,55.28,59.73,64.17,68.61,73.06,53.06,170.000,0.9669,52.68,84.60,HOLD,0,0,0,0
582,38.80,33.08,37.53,41.97,46.41,50.86,55.30,59.75,64.19,68.64,73.08,53.08,170.000,0.9669,52.68,84.60,HOLD,0,0,0,0
583,38.87,33.10,37.55,41.99,46.44,50.88,55.33,59.77,64.21,68.66,73.10,53.10,170.000,0.9669,52.68,84.60,HOLD,0,0,0,0
584,38.93,33.13,37.57,42.01,46.46,50.90,55.35,59.79,64.24,68.68,73.13,53.13,170.000,0.9669,52.68,84.60,HOLD,0,0,0,0
585,39.00,33.15,37.59,42.04,46.48,50.93,55.37,59.82,64.26,68.70,73.15,53.15,170.000,0.9669,52.68,84.60,HOLD,0,0,0,0
586,39.07,33.17,37.62,42.06,46.50,50.95,55.39,59.84,64.28,68.73,73.17,53.17,170.000,0.9669,52.68,84.60,HOLD,0,0,0,0
587,39.13,33.19,37.64,42.08,46.53,50.97,55.42,59.86,64.30,68.75,73.19,53.19,170.000,0.9669,52.68,84.60,HOLD,0,0,0,0
588,39.20,33.22,37.66,42.10,46.55,50.99,55.44,59.88,64.33,68.77,73.22,53.22,170.000,0.9669,52.68,84.60,HOLD,0,0,0,0
589,39.27,33.24,37.68,42.13,46.57,51.02,55.46,59.90,64.35,68.79,73.24,53.24,170.000,0.9669,52.68,84.60,HOLD,0,0,0,0
590,39.33,33.26,37.71,42.15,46.59,51.04,55.48,59.93,64.37,68.82,73.26,53.26,170.000,0.9669,52.68,84.60,HOLD,0,0,0,0
591,39.40,33.28,37.73,42.17,46.62,51.06,55.51,59.95,64.39,68.84,73.28,53.28,170.000,0.9669,52.68,84.60,HOLD,0,0,0,0
592,39.47,33.31,37.75,42.19,46.64,51.08,55.53,59.97,64.42,68.86,73.31,53.31,170.000,0.9669,52.68,84.60,HOLD,0,0,0,0
593,39.53,33.33,37.77,42.22,46.66,51.11,55.55,59.99,64.44,68.88,73.33,53.33,170.000,0.9669,52.68,84.60,HOLD,0,0,0,0
594,39.60,33.35,37.79,42.24,46.68,51.13,55.57,60.02,64.46,68.91,73.35,53.35,170.000,0.9669,52.68,84.60,HOLD,0,0,0,0
595,39.67,33.37,37.82,42.26,46.71,51.15,55.60,60.04,64.48,68.93,73.37,53.37,170.000,0.9669,52.68,84.60,HOLD,0,0,0,0
596,39.73,33.40,37.84,42.28,46.73,51.17,55.62,60.06,64.51,68.95,73.40,53.40,170.000,0.9669,52.68,84.60,HOLD,0,0,0,0
597,39.80,33.42,37.86,42.31,46.75,51.20,55.64,60.08,64.53,68.97,73.42,53.42,170.000,0.9669,52.68,84.60,HOLD,0,0,0,0
598,39.87,33.44,37.88,42.33,46.77,51.22,55.66,60.11,64.55,69.00,73.44,53.44,170.000,0.9669,52.68,84.60,HOLD,0,0,0,0
599,39.93,33.46,37.91,42.35,46.80,51.24,55.68,60.13,64.57,69.02,73.46,53.46,170.000,0.9669,52.68,84.60,HOLD,0,0,0,0
600,40.00,33.49,37.93,42.37,46.82,51.26,55.71,60.15,64.60,69.04,73.49,53.49,170.000,0.9669,52.68,84.60,HOLD,0,0,0,0
601,40.07,33.51,37.95,42.40,46.84,51.29,55.73,60.17,64.62,69.06,73.51,53.51,170.000,0.9669,52.68,84.60,HOLD,0,0,0,0
602,40.13,33.53,37.97,42.42,46.86,51.31,55.75,60.20,64.64,69.09,73.53,53.53,170.000,0.9669,52.68,84.60,HOLD,0,0,0,0
603,40.20,33.55,38.00,42.44,46.89,51.33,55.77,60.22,64.66,69.11,73.55,53.55,170.000,0.9669,52.68,84.60,HOLD,0,0,0,0
604,40.27,33.57,38.02,42.46,46.91,51.35,55.80,60.24,64.69,69.13,73.57,53.57,170.000,0.9669,52.68,84.60,HOLD,0,0,0,0
605,40.33,33.60,38.04,42.49,46.93,51.38,55.82,60.26,64.71,69.15,73.60,53.60,170.000,0.9669,52.68,84.60,HOLD,0,0,0,0
606,40.40,33.62,38.06,42.51,46.95,51.40,55.84,60.29,64.73,69.18,73.62,53.62,170.000,0.9669,52.68,84.60,HOLD,0,0,0,0
607,40.47,33.64,38.09,42.53,46.98,51.42,55.86,60.31,64.75,69.20,73.64,53.64,170.000,0.9669,52.68,84.60,HOLD,0,0,0,0
608,40.53,33.66,38.11,42.55,47.00,51.44,55.89,60.33,64.78,69.22,73.66,53.66,170.000,0.9669,52.68,84.60,HOLD,0,0,0,0
609,40.60,33.69,38.13,42.58,47.02,51.46,55.91,60.35,64.80,69.24,73.69,53.69,170.000,0.9669,52.68,84.60,HOLD,0,0,0,0
610,40.67,33.71,38.15,42.60,47.04,51.49,55.93,60.38,64.82,69.27,73.71,53.71,170.000,0.9669,52.68,84.60,HOLD,0,0,0,0
611,40.73,33.73,38.18,42.62,47.07,51.51,55.95,60.40,64.84,69.29,73.73,53.73,170.000,0.9669,52.68,84.60,HOLD,0,0,0,0
612,40.80,33.75,38.20,42.64,47.09,51.53,55.98,60.42,64.87,69.31,73.75,53.75,170.000,0.9669,52.68,84.60,HOLD,0,0,0,0
613,40.87,33.78,38.22,42.67,47.11,51.55,56.00,60.44,64.89,69.33,73.78,53.78,170.000,0.9669,52.68,84.60,HOLD,0,0,0,0
614,40.93,33.80,38.24,42.69,47.13,51.58,56.02,60.47,64.91,69.35,73.80,53.80,170.000,0.9669,52.68,84.60,HOLD,0,0,0,0
615,41.00,33.82,38.27,42.71,47.15,51.60,56.04,60.49,64.93,69.38,73.82,53.82,170.000,0.9669,52.68,84.60,HOLD,0,0,0,0
616,41.07,33.84,38.29,42.73,47.18,51.62,56.07,60.51,64.96,69.40,73.84,53.84,170.000,0.9669,52.68,84.60,HOLD,0,0,0,0
617,41.13,33.87,38.31,42.76,47.20,51.64,56.09,60.53,64.98,69.42,73.87,53.87,170.000,0.9669,52.68,84.60,HOLD,0,0,0,0
618,41.20,33.89,38.33,42.78,47.22,51.67,56.11,60.56,65.00,69.44,73.89,53.89,170.000,0.9669,52.68,84.60,HOLD,0,0,0,0
619,41.27,33.91,38.36,42.80,47.24,51.69,56.13,60.58,65.02,69.47,73.91,53.91,170.000,0.9669,52.68,84.60,HOLD,0,0,0,0
620,41.33,33.93,38.38,42.82,47.27,51.71,56.16,60.60,65.04,69.49,73.93,53.93,170.000,0.9669,52.68,84.60,HOLD,0,0,0,0
621,41.40,33.96,38.40,42.85,47.29,51.73,56.18,60.62,65.07,69.51,73.96,53.96,170.000,0.9669,52.68,84.60,HOLD,0,0,0,0
622,41.47,33.98,38.42,42.87,47.31,51.76,56.20,60.65,65.09,69.53,73.98,53.98,170.000,0.9669,52.68,84.60,HOLD,0,0,0,0
623,41.53,34.00,38.45,42.89,47.33,51.78,56.22,60.67,65.11,69.56,74.00,54.00,170.000,0.9669,52.68,84.60,HOLD,0,0,0,0
624,41.60,34.02,38.47,42.91,47.36,51.80,56.25,60.69,65.13,69.58,74.02,54.02,170.000,0.9669,52.68,84.60,HOLD,0,0,0,0
625,41.67,34.05,38.49,42.93,47.38,51.82,56.27,60.71,65.16,69.60,74.05,54.05,170.000,0.9669,52.68,84.60,HOLD,0,0,0,0
626,41.73,34.07,38.51,42.96,47.40,51.85,56.29,60.74,65.18,69.62,74.07,54.07,170.000,0.9669,52.68,84.60,HOLD,0,0,0,0
627,41.80,34.09,38.54,42.98,47.42,51.87,56.31,60.76,65.20,69.65,74.09,54.09,170.000,0.9669,52.68,84.60,HOLD,0,0,0,0
628,41.87,34.11,38.56,43.00,47.45,51.89,56.34,60.78,65.22,69.67,74.11,54.11,170.000,0.9669,52.68,84.60,HOLD,0,0,0,0
629,41.93,34.14,38.58,43.02,47.47,51.91,56.36,60.80,65.25,69.69,74.14,54.14,170.000,0.9669,52.68,84.60,HOLD,0,0,0,0
630,42.00,34.16,38.60,43.05,47.49,51.94,56.38,60.82,65.27,69.71,74.16,54.16,170.000,0.9669,52.68,84.60,HOLD,0,0,0,0
631,42.07,34.18,38.63,43.07,47.51,51.96,56.40,60.85,65.29,69.74,74.18,54.18,170.000,0.9669,52.68,84.60,HOLD,0,0,0,0
632,42.13,34.20,38.65,43.09,47.54,51.98,56.43,60.87,65.31,69.76,74.20,54.20,170.000,0.9669,52.68,84.60,HOLD,0,0,0,0
633,42.20,34.23,38.67,43.11,47.56,52.00,56.45,60.89,65.34,69.78,74.23,54.23,170.000,0.9669,52.68,84.60,HOLD,0,0,0,0
634,42.27,34.25,38.69,43.14,47.58,52.03,56.47,60.91,65.36,69.80,74.25,54.25,170.000,0.9669,52.68,84.60,HOLD,0,0,0,0
635,42.33,34.27,38.71,43.16,47.60,52.05,56.49,60.94,65.38,69.83,74.27,54.27,170.000,0.9669,52.68,84.60,HOLD,0,0,0,0
636,42.40,34.29,38.74,43.18,47.63,52.07,56.52,60.96,65.40,69.85,74.29,54.29,170.000,0.9669,52.68,84.60,HOLD,0,0,0,0
637,42.47,34.32,38.76,43.20,47.65,52.09,56.54,60.98,65.43,69.87,74.32,54.32,170.000,0.9669,52.68,84.60,HOLD,0,0,0,0
638,42.53,34.34,38.78,43.23,47.67,52.12,56.56,61.00,65.45,69.89,74.34,54.34,170.000,0.9669,52.68,84.60,HOLD,0,0,0,0
639,42.60,34.36,38.80,43.25,47.69,52.14,56.58,61.03,65.47,69.92,74.36,54.36,170.000,0.9669,52.68,84.60,HOLD,0,0,0,0
640,42.67,34.38,38.83,43.27,47.72,52.16,56.60,61.05,65.49,69.94,74.38,54.38,170.000,0.9669,52.68,84.60,HOLD,0,0,0,0
641,42.73,34.41,38.85,43.29,47.74,52.18,56.63,61.07,65.52,69.96,74.41,54.41,170.000,0.9669,52.68,84.60,HOLD,0,0,0,0
642,42.80,34.43,38.87,43.32,47.76,52.21,56.65,61.09,65.54,69.98,74.43,54.43,170.000,0.9669,52.68,84.60,HOLD,0,0,0,0
643,42.87,34.45,38.89,43.34,47.78,52.23,56.67,61.12,65.56,70.01,74.45,54.45,170.000,0.9669,52.68,84.60,HOLD,0,0,0,0
644,42.93,34.47,38.92,43.36,47.81,52.25,56.69,61.14,65.58,70.03,74.47,54.47,170.000,0.9669,52.68,84.60,HOLD,0,0,0,0
645,43.00,34.49,38.94,43.38,47.83,52.27,56.72,61.16,65.61,70.05,74.49,54.49,170.000,0.9669,52.68,84.60,HOLD,0,0,0,0
646,43.07,34.52,38.96,43.41,47.85,52.29,56.74,61.18,65.63,70.07,74.52,54.52,170.000,0.9669,52.68,84.60,HOLD,0,0,0,0
647,43.13,34.54,38.98,43.43,47.87,52.32,56.76,61.21,65.65,70.10,74.54,54.54,170.000,0.9669,52.68,84.60,HOLD,0,0,0,0
648,43.20,34.56,39.01,43.45,47.90,52.34,56.78,61.23,65.67,70.12,74.56,54.56,170.000,0.9669,52.68,84.60,HOLD,0,0,0,0
649,43.27,34.58,39.03,43.47,47.92,52.36,56.81,61.25,65.70,70.14,74.58,54.58,170.000,0.9669,52.68,84.60,HOLD,0,0,0,0
650,43.33,34.61,39.05,43.50,47.94,52.38,56.83,61.27,65.72,70.16,74.61,54.61,170.000,0.9669,52.68,84.60,HOLD,0,0,0,0
651,43.40,34.63,39.07,43.52,47.96,52.41,56.85,61.30,65.74,70.18,74.63,54.63,170.000,0.9669,52.68,84.60,HOLD,0,0,0,0
652,43.47,34.65,39.10,43.54,47.99,52.43,56.87,61.32,65.76,70.21,74.65,54.65,170.000,0.9669,52.68,84.60,HOLD,0,0,0,0
653,43.53,34.67,39.12,43.56,48.01,52.45,56.90,61.34,65.79,70.23,74.67,54.67,170.000,0.9669,52.68,84.60,HOLD,0,0,0,0
654,43.60,34.70,39.14,43.59,48.03,52.47,56.92,61.36,65.81,70.25,74.70,54.70,170.000,0.9669,52.68,84.60,HOLD,0,0,0,0
655,43.67,34.72,39.16,43.61,48.05,52.50,56.94,61.39,65.83,70.27,74.72,54.72,170.000,0.9669,52.68,84.60,HOLD,0,0,0,0
656,43.73,34.74,39.19,43.63,48.07,52.52,56.96,61.41,65.85,70.30,74.74,54.74,170.000,0.9669,52.68,84.60,HOLD,0,0,0,0
657,43.80,34.76,39.21,43.65,48.10,52.54,56.99,61.43,65.88,70.32,74.76,54.76,170.000,0.9669,52.68,84.60,HOLD,0,0,0,0
658,43.87,34.79,39.23,43.68,48.12,52.56,57.01,61.45,65.90,70.34,74.79,54.79,170.000,0.9669,52.68,84.60,HOLD,0,0,0,0
659,43.93,34.81,39.25,43.70,48.14,52.59,57.03,61.48,65.92,70.36,74.81,54.81,170.000,0.9669,52.68,84.60,HOLD,0,0,0,0
660,44.00,34.83,39.28,43.72,48.16,52.61,57.05,61.50,65.94,70.39,74.83,54.83,170.000,0.9669,52.68,84.60,HOLD,0,0,0,0
661,44.07,34.85,39.30,43.74,48.19,52.63,57.08,61.52,65.96,70.41,74.85,54.85,170.000,0.9669,52.68,84.60,HOLD,0,0,0,0
662,44.13,34.88,39.32,43.77,48.21,52.65,57.10,61.54,65.99,70.43,74.88,54.88,170.000,0.9669,52.68,84.60,HOLD,0,0,0,0
663,44.20,34.90,39.34,43.79,48.23,52.68,57.12,61.57,66.01,70.45,74.90,54.90,170.000,0.9669,52.68,84.60,HOLD,0,0,0,0
664,44.27,34.92,39.37,43.81,48.25,52.70,57.14,61.59,66.03,70.48,74.92,54.92,170.000,0.9669,52.68,84.60,HOLD,0,0,0,0
665,44.33,34.94,39.39,43.83,48.28,52.72,57.17,61.61,66.05,70.50,74.94,54.94,170.000,0.9669,52.68,84.60,HOLD,0,0,0,0
666,44.40,34.97,39.41,43.85,48.30,52.74,57.19,61.63,66.08,70.52,74.97,54.97,170.000,0.9669,52.68,84.60,HOLD,0,0,0,0
667,44.47,34.99,39.43,43.88,48.32,52.77,57.21,61.66,66.10,70.54,74.99,54.99,170.000,0.9669,52.68,84.60,HOLD,0,0,0,0
668,44.53,35.01,39.46,43.90,48.34,52.79,57.23,61.68,66.12,70.57,75.01,55.01,170.000,0.9669,52.68,84.60,HOLD,0,0,0,0
669,44.60,35.03,39.48,43.92,48.37,52.81,57.26,61.70,66.14,70.59,75.03,55.03,170.000,0.9669,52.68,84.60,HOLD,0,0,0,0
670,44.67,35.06,39.50,43.94,48.39,52.83,57.28,61.72,66.17,70.61,75.06,55.06,170.000,0.9669,52.68,84.60,HOLD,0,0,0,0
671,44.73,35.08,39.52,43.97,48.41,52.86,57.30,61.74,66.19,70.63,75.08,55.08,170.000,0.9669,52.68,84.60,HOLD,0,0,0,0
672,44.80,35.10,39.55,43.99,48.43,52.88,57.32,61.77,66.21,70.66,75.10,55.10,170.000,0.9669,52.68,84.60,HOLD,0,0,0,0
673,44.87,35.12,39.57,44.01,48.46,52.90,57.35,61.79,66.23,70.68,75.12,55.12,170.000,0.9669,52.68,84.60,HOLD,0,0,0,0
674,44.93,35.15,39.59,44.03,48.48,52.92,57.37,61.81,66.26,70.70,75.15,55.15,170.000,0.9669,52.68,84.60,HOLD,0,0,0,0
675,45.00,35.17,39.61,44.06,48.50,52.95,57.39,61.83,66.28,70.72,75.17,55.17,170.000,0.9669,52.68,84.60,HOLD,0,0,0,0
676,45.07,35.19,39.63,44.08,48.52,52.97,57.41,61.86,66.30,70.75,75.19,55.19,170.000,0.9669,52.68,84.60,HOLD,0,0,0,0
677,45.13,35.21,39.66,44.10,48.55,52.99,57.44,61.88,66.32,70.77,75.21,55.21,170.000,0.9669,52.68,84.60,HOLD,0,0,0,0
678,45.20,35.24,39.68,44.12,48.57,53.01,57.46,61.90,66.35,70.79,75.24,55.24,170.000,0.9669,52.68,84.60,HOLD,0,0,0,0
679,45.27,35.26,39.70,44.15,48.59,53.04,57.48,61.92,66.37,70.81,75.26,55.26,170.000,0.9669,52.68,84.60,HOLD,0,0,0,0
680,45.33,35.28,39.72,44.17,48.61,53.06,57.50,61.95,66.39,70.84,75.28,55.28,170.000,0.9669,52.68,84.60,HOLD,0,0,0,0
681,45.40,35.30,39.75,44.19,48.64,53.08,57.52,61.97,66.41,70.86,75.30,55.30,170.000,0.9669,52.68,84.60,HOLD,0,0,0,0
682,45.47,35.32,39.77,44.21,48.66,53.10,57.55,61.99,66.44,70.88,75.32,55.32,170.000,0.9669,52.68,84.60,HOLD,0,0,0,0
683,45.53,35.35,39.79,44.24,48.68,53.13,57.57,62.01,66.46,70.90,75.35,55.35,170.000,0.9669,52.68,84.60,HOLD,0,0,0,0
684,45.60,35.37,39.81,44.26,48.70,53.15,57.59,62.04,66.48,70.93,75.37,55.37,170.000,0.9669,52.68,84.60,HOLD,0,0,0,0
685,45.67,35.39,39.84,44.28,48.73,53.17,57.61,62.06,66.50,70.95,75.39,55.39,170.000,0.9669,52.68,84.60,HOLD,0,0,0,0
686,45.73,35.41,39.86,44.30,48.75,53.19,57.64,62.08,66.53,70.97,75.41,55.41,170.000,0.9669,52.68,84.60,HOLD,0,0,0,0
687,45.80,35.44,39.88,44.33,48.77,53.21,57.66,62.10,66.55,70.99,75.44,55.44,170.000,0.9669,52.68,84.60,HOLD,0,0,0,0
688,45.87,35.46,39.90,44.35,48.79,53.24,57.68,62.13,66.57,71.02,75.46,55.46,170.000,0.9669,52.68,84.60,HOLD,0,0,0,0
689,45.93,35.48,39.93,44.37,48.82,53.26,57.70,62.15,66.59,71.04,75.48,55.48,170.000,0.9669,52.68,84.60,HOLD,0,0,0,0
690,46.00,35.50,39.95,44.39,48.84,53.28,57.73,62.17,66.62,71.06,75.50,55.50,170.000,0.9669,52.68,84.60,HOLD,0,0,0,0
691,46.07,35.53,39.97,44.42,48.86,53.30,57.75,62.19,66.64,71.08,75.53,55.53,170.000,0.9669,52.68,84.60,HOLD,0,0,0,0
692,46.13,35.55,39.99,44.44,48.88,53.33,57.77,62.22,66.66,71.10,75.55,55.55,170.000,0.9669,52.68,84.60,HOLD,0,0,0,0
693,46.20,35.57,40.02,44.46,48.91,53.35,57.79,62.24,66.68,71.13,75.57,55.57,170.000,0.9669,52.68,84.60,HOLD,0,0,0,0
694,46.27,35.59,40.04,44.48,48.93,53.37,57.82,62.26,66.71,71.15,75.59,55.59,170.000,0.9669,52.68,84.60,HOLD,0,0,0,0
695,46.33,35.62,40.06,44.51,48.95,53.39,57.84,62.28,66.73,71.17,75.62,55.62,170.000,0.9669,52.68,84.60,HOLD,0,0,0,0
696,46.40,35.64,40.08,44.53,48.97,53.42,57.86,62.31,66.75,71.19,75.64,55.64,170.000,0.9669,52.68,84.60,HOLD,0,0,0,0
697,46.47,35.66,40.11,44.55,48.99,53.44,57.88,62.33,66.77,71.22,75.66,55.66,170.000,0.9669,52.68,84.60,HOLD,0,0,0,0
698,46.53,35.68,40.13,44.57,49.02,53.46,57.91,62.35,66.80,71.24,75.68,55.68,170.000,0.9669,52.68,84.60,HOLD,0,0,0,0
699,46.60,35.71,40.15,44.60,49.04,53.48,57.93,62.37,66.82,71.26,75.71,55.71,170.000,0.9669,52.68,84.60,HOLD,0,0,0,0
700,46.67,35.73,40.17,44.62,49.06,53.51,57.95,62.40,66.84,71.28,75.73,55.73,170.000,0.9669,52.68,84.60,HOLD,0,0,0,0
701,46.73,35.75,40.20,44.64,49.08,53.53,57.97,62.42,66.86,71.31,75.75,55.75,170.000,0.9669,52.68,84.60,HOLD,0,0,0,0
702,46.80,35.77,40.22,44.66,49.11,53.55,58.00,62.44,66.88,71.33,75.77,55.77,170.000,0.9669,52.68,84.60,HOLD,0,0,0,0
703,46.87,35.80,40.24,44.69,49.13,53.57,58.02,62.46,66.91,71.35,75.80,55.80,170.000,0.9669,52.68,84.60,HOLD,0,0,0,0
704,46.93,35.82,40.26,44.71,49.15,53.60,58.04,62.49,66.93,71.37,75.82,55.82,170.000,0.9669,52.68,84.60,HOLD,0,0,0,0
705,47.00,35.84,40.29,44.73,49.17,53.62,58.06,62.51,66.95,71.40,75.84,55.84,170.000,0.9669,52.68,84.60,HOLD,0,0,0,0
706,47.07,35.86,40.31,44.75,49.20,53.64,58.09,62.53,66.97,71.42,75.86,55.86,170.000,0.9669,52.68,84.60,HOLD,0,0,0,0
707,47.13,35.89,40.33,44.77,49.22,53.66,58.11,62.55,67.00,71.44,75.89,55.89,170.000,0.9669,52.68,84.60,HOLD,0,0,0,0
708,47.20,35.91,40.35,44.80,49.24,53.69,58.13,62.58,67.02,71.46,75.91,55.91,170.000,0.9669,52.68,84.60,HOLD,0,0,0,0
709,47.27,35.93,40.38,44.82,49.26,53.71,58.15,62.60,67.04,71.49,75.93,55.93,170.000,0.9669,52.68,84.60,HOLD,0,0,0,0
710,47.33,35.95,40.40,44.84,49.29,53.73,58.18,62.62,67.06,71.51,75.95,55.95,170.000,0.9669,52.68,84.60,HOLD,0,0,0,0
711,47.40,35.98,40.42,44.86,49.31,53.75,58.20,62.64,67.09,71.53,75.98,55.98,170.000,0.9669,52.68,84.60,HOLD,0,0,0,0
712,47.47,36.00,40.44,44.89,49.33,53.78,58.22,62.66,67.11,71.55,76.00,56.00,170.000,0.9669,52.68,84.60,HOLD,0,0,0,0
713,47.53,36.02,40.46,44.91,49.35,53.80,58.24,62.69,67.13,71.58,76.02,56.02,170.000,0.9669,52.68,84.60,HOLD,0,0,0,0
714,47.60,36.04,40.49,44.93,49.38,53.82,58.27,62.71,67.15,71.60,76.04,56.04,170.000,0.9669,52.68,84.60,HOLD,0,0,0,0
715,47.67,36.07,40.51,44.95,49.40,53.84,58.29,62.73,67.18,71.62,76.07,56.07,170.000,0.9669,52.68,84.60,HOLD,0,0,0,0
716,47.73,36.09,40.53,44.98,49.42,53.87,58.31,62.75,67.20,71.64,76.09,56.09,170.000,0.9669,52.68,84.60,HOLD,0,0,0,0
717,47.80,36.11,40.55,45.00,49.44,53.89,58.33,62.78,67.22,71.67,76.11,56.11,170.000,0.9669,52.68,84.60,HOLD,0,0,0,0
718,47.87,36.13,40.58,45.02,49.47,53.91,58.35,62.80,67.24,71.69,76.13,56.13,170.000,0.9669,52.68,84.60,HOLD,0,0,0,0
719,47.93,36.16,40.60,45.04,49.49,53.93,58.38,62.82,67.27,71.71,76.16,56.16,170.000,0.9669,52.68,84.60,HOLD,0,0,0,0
720,48.00,36.18,40.62,45.07,49.51,53.96,58.40,62.84,67.29,71.73,76.18,56.18,170.000,0.9669,52.68,84.60,HOLD,0,0,0,0
721,48.07,36.20,40.64,45.09,49.53,53.98,58.42,62.87,67.31,71.76,76.20,56.20,170.000,0.9669,52.68,84.60,HOLD,0,0,0,0
722,48.13,36.22,40.67,45.11,49.56,54.00,58.44,62.89,67.33,71.78,76.22,56.22,170.000,0.9669,52.68,84.60,HOLD,0,0,0,0
723,48.20,36.24,40.69,45.13,49.58,54.02,58.47,62.91,67.36,71.80,76.24,56.24,170.000,0.9669,52.68,84.60,HOLD,0,0,0,0
724,48.27,36.27,40.71,45.16,49.60,54.05,58.49,62.93,67.38,71.82,76.27,56.27,170.000,0.9669,52.68,84.60,HOLD,0,0,0,0
725,48.33,36.29,40.73,45.18,49.62,54.07,58.51,62.96,67.40,71.85,76.29,56.29,170.000,0.9669,52.68,84.60,HOLD,0,0,0,0
726,48.40,36.31,40.76,45.20,49.65,54.09,58.53,62.98,67.42,71.87,76.31,56.31,170.000,0.9669,52.68,84.60,HOLD,0,0,0,0
727,48.47,36.33,40.78,45.22,49.67,54.11,58.56,63.00,67.45,71.89,76.33,56.33,170.000,0.9669,52.68,84.60,HOLD,0,0,0,0
728,48.53,36.36,40.80,45.25,49.69,54.13,58.58,63.02,67.47,71.91,76.36,56.36,170.000,0.9669,52.68,84.60,HOLD,0,0,0,0
729,48.60,36.38,40.82,45.27,49.71,54.16,58.60,63.05,67.49,71.94,76.38,56.38,170.000,0.9669,52.68,84.60,HOLD,0,0,0,0
730,48.67,36.40,40.85,45.29,49.74,54.18,58.62,63.07,67.51,71.96,76.40,56.40,170.000,0.9669,52.68,84.60,HOLD,0,0,0,0
731,48.73,36.42,40.87,45.31,49.76,54.20,58.65,63.09,67.54,71.98,76.42,56.42,170.000,0.9669,52.68,84.60,HOLD,0,0,0,0
732,48.80,36.45,40.89,45.34,49.78,54.22,58.67,63.11,67.56,72.00,76.45,56.45,170.000,0.9669,52.68,84.60,HOLD,0,0,0,0
733,48.87,36.47,40.91,45.36,49.80,54.25,58.69,63.14,67.58,72.02,76.47,56.47,170.000,0.9669,52.68,84.60,HOLD,0,0,0,0
734,48.93,36.49,40.94,45.38,49.83,54.27,58.71,63.16,67.60,72.05,76.49,56.49,170.000,0.9669,52.68,84.60,HOLD,0,0,0,0
735,49.00,36.51,40.96,45.40,49.85,54.29,58.74,63.18,67.63,72.07,76.51,56.51,170.000,0.9669,52.68,84.60,HOLD,0,0,0,0
736,49.07,36.54,40.98,45.43,49.87,54.31,58.76,63.20,67.65,72.09,76.54,56.54,170.000,0.9669,52.68,84.60,HOLD,0,0,0,0
737,49.13,36.56,41.00,45.45,49.89,54.34,58.78,63.23,67.67,72.11,76.56,56.56,170.000,0.9669,52.68,84.60,HOLD,0,0,0,0
738,49.20,36.58,41.03,45.47,49.91,54.36,58.80,63.25,67.69,72.14,76.58,56.58,170.000,0.9669,52.68,84.60,HOLD,0,0,0,0
739,49.27,36.60,41.05,45.49,49.94,54.38,58.83,63.27,67.72,72.16,76.60,56.60,170.000,0.9669,52.68,84.60,HOLD,0,0,0,0
740,49.33,36.63,41.07,45.52,49.96,54.40,58.85,63.29,67.74,72.18,76.63,56.63,170.000,0.9669,52.68,84.60,HOLD,0,0,0,0
741,49.40,36.65,41.09,45.54,49.98,54.43,58.87,63.32,67.76,72.20,76.65,56.65,170.000,0.9669,52.68,84.60,HOLD,0,0,0,0
742,49.47,36.67,41.12,45.56,50.00,54.45,58.89,63.34,67.78,72.23,76.67,56.67,170.000,0.9669,52.68,84.60,HOLD,0,0,0,0
743,49.53,36.69,41.14,45.58,50.03,54.47,58.92,63.36,67.80,72.25,76.69,56.69,170.000,0.9669,52.68,84.60,HOLD,0,0,0,0
744,49.60,36.72,41.16,45.61,50.05,54.49,58.94,63.38,67.83,72.27,76.72,56.72,170.000,0.9669,52.68,84.60,HOLD,0,0,0,0
745,49.67,36.74,41.18,45.63,50.07,54.52,58.96,63.41,67.85,72.29,76.74,56.74,170.000,0.9669,52.68,84.60,HOLD,0,0,0,0
746,49.73,36.76,41.21,45.65,50.09,54.54,58.98,63.43,67.87,72.32,76.76,56.76,170.000,0.9669,52.68,84.60,HOLD,0,0,0,0
747,49.80,36.78,41.23,45.67,50.12,54.56,59.01,63.45,67.89,72.34,76.78,56.78,170.000,0.9669,52.68,84.60,HOLD,0,0,0,0
748,49.87,36.81,41.25,45.69,50.14,54.58,59.03,63.47,67.92,72.36,76.81,56.81,170.000,0.9669,52.68,84.60,HOLD,0,0,0,0
749,49.93,36.83,41.27,45.72,50.16,54.61,59.05,63.49,67.94,72.38,76.83,56.83,170.000,0.9669,52.68,84.60,HOLD,0,0,0,0
750,50.00,36.85,41.30,45.74,50.18,54.63,59.07,63.52,67.96,72.41,76.85,56.85,170.000,0.9669,52.68,84.60,HOLD,0,0,0,0
751,50.07,36.87,41.32,45.76,50.21,54.65,59.10,63.54,67.98,72.43,76.87,56.87,170.000,0.9669,52.68,84.60,HOLD,0,0,0,0
752,50.13,36.90,41.34,45.78,50.23,54.67,59.12,63.56,68.01,72.45,76.90,56.90,170.000,0.9669,52.68,84.60,HOLD,0,0,0,0
753,50.20,36.92,41.36,45.81,50.25,54.70,59.14,63.58,68.03,72.47,76.92,56.92,170.000,0.9669,52.68,84.60,HOLD,0,0,0,0
754,50.27,36.94,41.38,45.83,50.27,54.72,59.16,63.61,68.05,72.50,76.94,56.94,170.000,0.9669,52.68,84.60,HOLD,0,0,0,0
755,50.33,36.96,41.41,45.85,50.30,54.74,59.19,63.63,68.07,72.52,76.96,56.96,170.000,0.9669,52.68,84.60,HOLD,0,0,0,0
756,50.40,36.99,41.43,45.87,50.32,54.76,59.21,63.65,68.10,72.54,76.99,56.99,170.000,0.9669,52.68,84.60,HOLD,0,0,0,0
757,50.47,37.01,41.45,45.90,50.34,54.79,59.23,63.67,68.12,72.56,77.01,57.01,170.000,0.9669,52.68,84.60,HOLD,0,0,0,0
758,50.53,37.03,41.47,45.92,50.36,54.81,59.25,63.70,68.14,72.59,77.03,57.03,170.000,0.9669,52.68,84.60,HOLD,0,0,0,0
759,50.60,37.05,41.50,45.94,50.39,54.83,59.27,63.72,68.16,72.61,77.05,57.05,170.000,0.9669,52.68,84.60,HOLD,0,0,0,0
760,50.67,37.08,41.52,45.96,50.41,54.85,59.30,63.74,68.19,72.63,77.08,57.08,170.000,0.9669,52.68,84.60,HOLD,0,0,0,0
761,50.73,37.10,41.54,45.99,50.43,54.88,59.32,63.76,68.21,72.65,77.10,57.10,170.000,0.9669,52.68,84.60,HOLD,0,0,0,0
762,50.80,37.12,41.56,46.01,50.45,54.90,59.34,63.79,68.23,72.68,77.12,57.12,170.000,0.9669,52.68,84.60,HOLD,0,0,0,0
763,50.87,37.14,41.59,46.03,50.48,54.92,59.36,63.81,68.25,72.70,77.14,57.14,170.000,0.9669,52.68,84.60,HOLD,0,0,0,0
764,50.93,37.16,41.61,46.05,50.50,54.94,59.39,63.83,68.28,72.72,77.16,57.16,170.000,0.9669,52.68,84.60,HOLD,0,0,0,0
765,51.00,37.19,41.63,46.08,50.52,54.97,59.41,63.85,68.30,72.74,77.19,57.19,170.000,0.9669,52.68,84.60,HOLD,0,0,0,0
766,51.07,37.21,41.65,46.10,50.54,54.99,59.43,63.88,68.32,72.77,77.21,57.21,170.000,0.9669,52.68,84.60,HOLD,0,0,0,0
767,51.13,37.23,41.68,46.12,50.57,55.01,59.45,63.90,68.34,72.79,77.23,57.23,170.000,0.9669,52.68,84.60,HOLD,0,0,0,0
768,51.20,37.25,41.70,46.14,50.59,55.03,59.48,63.92,68.37,72.81,77.25,57.25,170.000,0.9669,52.68,84.60,HOLD,0,0,0,0
769,51.27,37.28,41.72,46.17,50.61,55.05,59.50,63.94,68.39,72.83,77.28,57.28,170.000,0.9669,52.68,84.60,HOLD,0,0,0,0
770,51.33,37.30,41.74,46.19,50.63,55.08,59.52,63.97,68.41,72.86,77.30,57.30,170.000,0.9669,52.68,84.60,HOLD,0,0,0,0
771,51.40,37.32,41.77,46.21,50.66,55.10,59.54,63.99,68.43,72.88,77.32,57.32,170.000,0.9669,52.68,84.60,HOLD,0,0,0,0
772,51.47,37.34,41.79,46.23,50.68,55.12,59.57,64.01,68.46,72.90,77.34,57.34,170.000,0.9669,52.68,84.60,HOLD,0,0,0,0
773,51.53,37.37,41.81,46.26,50.70,55.14,59.59,64.03,68.48,72.92,77.37,57.37,170.000,0.9669,52.68,84.60,HOLD,0,0,0,0
774,51.60,37.39,41.83,46.28,50.72,55.17,59.61,64.06,68.50,72.94,77.39,57.39,170.000,0.9669,52.68,84.60,HOLD,0,0,0,0
775,51.67,37.41,41.86,46.30,50.75,55.19,59.63,64.08,68.52,72.97,77.41,57.41,170.000,0.9669,52.68,84.60,HOLD,0,0,0,0
776,51.73,37.43,41.88,46.32,50.77,55.21,59.66,64.10,68.55,72.99,77.43,57.43,170.000,0.9669,52.68,84.60,HOLD,0,0,0,0
777,51.80,37.46,41.90,46.35,50.79,55.23,59.68,64.12,68.57,73.01,77.46,57.46,170.000,0.9669,52.68,84.60,HOLD,0,0,0,0
778,51.87,37.48,41.92,46.37,50.81,55.26,59.70,64.15,68.59,73.03,77.48,57.48,170.000,0.9669,52.68,84.60,HOLD,0,0,0,0
779,51.93,37.50,41.95,46.39,50.83,55.28,59.72,64.17,68.61,73.06,77.50,57.50,170.000,0.9669,52.68,84.60,HOLD,0,0,0,0
780,52.00,37.52,41.97,46.41,50.86,55.30,59.75,64.19,68.63,73.08,77.52,57.52,170.000,0.9669,52.68,84.60,HOLD,0,0,0,0
781,52.07,37.55,41.99,46.44,50.88,55.32,59.77,64.21,68.66,73.10,77.55,57.55,170.000,0.9669,52.68,84.60,HOLD,0,0,0,0
782,52.13,37.57,42.01,46.46,50.90,55.35,59.79,64.24,68.68,73.12,77.57,57.57,170.000,0.9669,52.68,84.60,HOLD,0,0,0,0
783,52.20,37.59,42.04,46.48,50.92,55.37,59.81,64.26,68.70,73.15,77.59,57.59,170.000,0.9669,52.68,84.60,HOLD,0,0,0,0
784,52.27,37.61,42.06,46.50,50.95,55.39,59.84,64.28,68.72,73.17,77.61,57.61,170.000,0.9669,52.68,84.60,HOLD,0,0,0,0
785,52.33,37.64,42.08,46.52,50.97,55.41,59.86,64.30,68.75,73.19,77.64,57.64,170.000,0.9669,52.68,84.60,HOLD,0,0,0,0
786,52.40,37.66,42.10,46.55,50.99,55.44,59.88,64.33,68.77,73.21,77.66,57.66,170.000,0.9669,52.68,84.60,HOLD,0,0,0,0
787,52.47,37.68,42.13,46.57,51.01,55.46,59.90,64.35,68.79,73.24,77.68,57.68,170.000,0.9669,52.68,84.60,HOLD,0,0,0,0
788,52.53,37.70,42.15,46.59,51.04,55.48,59.93,64.37,68.81,73.26,77.70,57.70,170.000,0.9669,52.68,84.60,HOLD,0,0,0,0
789,52.60,37.73,42.17,46.61,51.06,55.50,59.95,64.39,68.84,73.28,77.73,57.73,170.000,0.9669,52.68,84.60,HOLD,0,0,0,0
790,52.67,37.75,42.19,46.64,51.08,55.53,59.97,64.41,68.86,73.30,77.75,57.75,170.000,0.9669,52.68,84.60,HOLD,0,0,0,0
791,52.73,37.77,42.22,46.66,51.10,55.55,59.99,64.44,68.88,73.33,77.77,57.77,170.000,0.9669,52.68,84.60,HOLD,0,0,0,0
792,52.80,37.79,42.24,46.68,51.13,55.57,60.02,64.46,68.90,73.35,77.79,57.79,170.000,0.9669,52.68,84.60,HOLD,0,0,0,0
793,52.87,37.82,42.26,46.70,51.15,55.59,60.04,64.48,68.93,73.37,77.82,57.82,170.000,0.9669,52.68,84.60,HOLD,0,0,0,0
794,52.93,37.84,42.28,46.73,51.17,55.62,60.06,64.50,68.95,73.39,77.84,57.84,170.000,0.9669,52.68,84.60,HOLD,0,0,0,0
795,53.00,37.86,42.30,46.75,51.19,55.64,60.08,64.53,68.97,73.42,77.86,57.86,170.000,0.9669,52.68,84.60,HOLD,0,0,0,0
796,53.07,37.88,42.33,46.77,51.22,55.66,60.11,64.55,68.99,73.44,77.88,57.88,170.000,0.9669,52.68,84.60,HOLD,0,0,0,0
797,53.13,37.91,42.35,46.79,51.24,55.68,60.13,64.57,69.02,73.46,77.91,57.91,170.000,0.9669,52.68,84.60,HOLD,0,0,0,0
798,53.20,37.93,42.37,46.82,51.26,55.71,60.15,64.59,69.04,73.48,77.93,57.93,170.000,0.9669,52.68,84.60,HOLD,0,0,0,0
799,53.27,37.95,42.39,46.84,51.28,55.73,60.17,64.62,69.06,73.51,77.95,57.95,170.000,0.9669,52.68,84.60,HOLD,0,0,0,0
800,53.33,37.97,42.42,46.86,51.31,55.75,60.19,64.64,69.08,73.53,77.97,57.97,170.000,0.9669,52.68,84.60,HOLD,0,0,0,0
801,53.40,38.00,42.44,46.88,51.33,55.77,60.22,64.66,69.11,73.55,78.00,58.00,170.000,0.9669,52.68,84.60,HOLD,0,0,0,0
802,53.47,38.02,42.46,46.91,51.35,55.80,60.24,64.68,69.13,73.57,78.02,58.02,170.000,0.9669,52.68,84.60,HOLD,0,0,0,0
803,53.53,38.04,42.48,46.93,51.37,55.82,60.26,64.71,69.15,73.60,78.04,58.04,170.000,0.9669,52.68,84.60,HOLD,0,0,0,0
804,53.60,38.06,42.51,46.95,51.40,55.84,60.28,64.73,69.17,73.62,78.06,58.06,170.000,0.9669,52.68,84.60,HOLD,0,0,0,0
805,53.67,38.08,42.53,46.97,51.42,55.86,60.31,64.75,69.20,73.64,78.08,58.08,170.000,0.9669,52.68,84.60,HOLD,0,0,0,0
806,53.73,38.11,42.55,47.00,51.44,55.89,60.33,64.77,69.22,73.66,78.11,58.11,170.000,0.9669,52.68,84.60,HOLD,0,0,0,0
807,53.80,38.13,42.57,47.02,51.46,55.91,60.35,64.80,69.24,73.69,78.13,58.13,170.000,0.9669,52.68,84.60,HOLD,0,0,0,0
808,53.87,38.15,42.60,47.04,51.49,55.93,60.37,64.82,69.26,73.71,78.15,58.15,170.000,0.9669,52.68,84.60,HOLD,0,0,0,0
809,53.93,38.17,42.62,47.06,51.51,55.95,60.40,64.84,69.29,73.73,78.17,58.17,170.000,0.9669,52.68,84.60,HOLD,0,0,0,0
810,54.00,38.20,42.64,47.09,51.53,55.97,60.42,64.86,69.31,73.75,78.20,58.20,170.000,0.9669,52.68,84.60,HOLD,0,0,0,0
811,54.07,38.22,42.66,47.11,51.55,56.00,60.44,64.89,69.33,73.78,78.22,58.22,170.000,0.9669,52.68,84.60,HOLD,0,0,0,0
812,54.13,38.24,42.69,47.13,51.58,56.02,60.46,64.91,69.35,73.80,78.24,58.24,170.000,0.9669,52.68,84.60,HOLD,0,0,0,0
813,54.20,38.26,42.71,47.15,51.60,56.04,60.49,64.93,69.38,73.82,78.26,58.26,170.000,0.9669,52.68,84.60,HOLD,0,0,0,0
814,54.27,38.29,42.73,47.18,51.62,56.06,60.51,64.95,69.40,73.84,78.29,58.29,170.000,0.9669,52.68,84.60,HOLD,0,0,0,0
815,54.33,38.31,42.75,47.20,51.64,56.09,60.53,64.98,69.42,73.86,78.31,58.31,170.000,0.9669,52.68,84.60,HOLD,0,0,0,0
816,54.40,38.33,42.78,47.22,51.66,56.11,60.55,65.00,69.44,73.89,78.33,58.33,170.000,0.9669,52.68,84.60,HOLD,0,0,0,0
817,54.47,38.35,42.80,47.24,51.69,56.13,60.58,65.02,69.47,73.91,78.35,58.35,170.000,0.9669,52.68,84.60,HOLD,0,0,0,0
818,54.53,38.38,42.82,47.27,51.71,56.15,60.60,65.04,69.49,73.93,78.38,58.38,170.000,0.9669,52.68,84.60,HOLD,0,0,0,0
819,54.60,38.40,42.84,47.29,51.73,56.18,60.62,65.07,69.51,73.95,78.40,58.40,170.000,0.9669,52.68,84.60,HOLD,0,0,0,0
820,54.67,38.42,42.87,47.31,51.75,56.20,60.64,65.09,69.53,73.98,78.42,58.42,170.000,0.9669,52.68,84.60,HOLD,0,0,0,0
821,54.73,38.44,42.89,47.33,51.78,56.22,60.67,65.11,69.55,74.00,78.44,58.44,170.000,0.9669,52.68,84.60,HOLD,0,0,0,0
822,54.80,38.47,42.91,47.36,51.80,56.24,60.69,65.13,69.58,74.02,78.47,58.47,170.000,0.9669,52.68,84.60,HOLD,0,0,0,0
823,54.87,38.49,42.93,47.38,51.82,56.27,60.71,65.16,69.60,74.04,78.49,58.49,170.000,0.9669,52.68,84.60,HOLD,0,0,0,0
824,54.93,38.51,42.96,47.40,51.84,56.29,60.73,65.18,69.62,74.07,78.51,58.51,170.000,0.9669,52.68,84.60,HOLD,0,0,0,0
825,55.00,38.53,42.98,47.42,51.87,56.31,60.76,65.20,69.64,74.09,78.53,58.53,170.000,0.9669,52.68,84.60,HOLD,0,0,0,0
826,55.07,38.56,43.00,47.44,51.89,56.33,60.78,65.22,69.67,74.11,78.56,58.56,170.000,0.9669,52.68,84.60,HOLD,0,0,0,0
827,55.13,38.58,43.02,47.47,51.91,56.36,60.80,65.25,69.69,74.13,78.58,58.58,170.000,0.9669,52.68,84.60,HOLD,0,0,0,0
828,55.20,38.60,43.05,47.49,51.93,56.38,60.82,65.27,69.71,74.16,78.60,58.60,170.000,0.9669,52.68,84.60,HOLD,0,0,0,0
829,55.27,38.62,43.07,47.51,51.96,56.40,60.85,65.29,69.73,74.18,78.62,58.62,170.000,0.9669,52.68,84.60,HOLD,0,0,0,0
830,55.33,38.65,43.09,47.53,51.98,56.42,60.87,65.31,69.76,74.20,78.65,58.65,170.000,0.9669,52.68,84.60,HOLD,0,0,0,0
831,55.40,38.67,43.11,47.56,52.00,56.45,60.89,65.33,69.78,74.22,78.67,58.67,170.000,0.9669,52.68,84.60,HOLD,0,0,0,0
832,55.47,38.69,43.14,47.58,52.02,56.47,60.91,65.36,69.80,74.25,78.69,58.69,170.000,0.9669,52.68,84.60,HOLD,0,0,0,0
833,55.53,38.71,43.16,47.60,52.05,56.49,60.94,65.38,69.82,74.27,78.71,58.71,170.000,0.9669,52.68,84.60,HOLD,0,0,0,0
834,55.60,38.74,43.18,47.62,52.07,56.51,60.96,65.40,69.85,74.29,78.74,58.74,170.000,0.9669,52.68,84.60,HOLD,0,0,0,0
835,55.67,38.76,43.20,47.65,52.09,56.54,60.98,65.42,69.87,74.31,78.76,58.76,170.000,0.9669,52.68,84.60,HOLD,0,0,0,0
836,55.73,38.78,43.22,47.67,52.11,56.56,61.00,65.45,69.89,74.34,78.78,58.78,170.000,0.9669,52.68,84.60,HOLD,0,0,0,0
837,55.80,38.80,43.25,47.69,52.14,56.58,61.03,65.47,69.91,74.36,78.80,58.80,170.000,0.9669,52.68,84.60,HOLD,0,0,0,0
838,55.87,38.83,43.27,47.71,52.16,56.60,61.05,65.49,69.94,74.38,78.83,58.83,170.000,0.9669,52.68,84.60,HOLD,0,0,0,0
839,55.93,38.85,43.29,47.74,52.18,56.63,61.07,65.51,69.96,74.40,78.85,58.85,170.000,0.9669,52.68,84.60,HOLD,0,0,0,0
840,56.00,38.87,43.31,47.76,52.20,56.65,61.09,65.54,69.98,74.43,78.87,58.87,170.000,0.9669,52.68,84.60,HOLD,0,0,0,0
841,56.07,38.89,43.34,47.78,52.23,56.67,61.11,65.56,70.00,74.45,78.89,58.89,170.000,0.9669,52.68,84.60,HOLD,0,0,0,0
842,56.13,38.92,43.36,47.80,52.25,56.69,61.14,65.58,70.03,74.47,78.92,58.92,170.000,0.9669,52.68,84.60,HOLD,0,0,0,0
843,56.20,38.94,43.38,47.83,52.27,56.72,61.16,65.60,70.05,74.49,78.94,58.94,170.000,0.9669,52.68,84.60,HOLD,0,0,0,0
844,56.27,38.96,43.40,47.85,52.29,56.74,61.18,65.63,70.07,74.52,78.96,58.96,170.000,0.9669,52.68,84.60,HOLD,0,0,0,0
845,56.33,38.98,43.43,47.87,52.32,56.76,61.20,65.65,70.09,74.54,78.98,58.98,170.000,0.9669,52.68,84.60,HOLD,0,0,0,0
846,56.40,39.00,43.45,47.89,52.34,56.78,61.23,65.67,70.12,74.56,79.00,59.00,170.000,0.9669,52.68,84.60,HOLD,0,0,0,0
847,56.47,39.03,43.47,47.92,52.36,56.80,61.25,65.69,70.14,74.58,79.03,59.03,170.000,0.9669,52.68,84.60,HOLD,0,0,0,0
848,56.53,39.05,43.49,47.94,52.38,56.83,61.27,65.72,70.16,74.61,79.05,59.05,170.000,0.9669,52.68,84.60,HOLD,0,0,0,0
849,56.60,39.07,43.52,47.96,52.41,56.85,61.29,65.74,70.18,74.63,79.07,59.07,170.000,0.9669,52.68,84.60,HOLD,0,0,0,0
850,56.67,39.09,43.54,47.98,52.43,56.87,61.32,65.76,70.21,74.65,79.09,59.09,170.000,0.9669,52.68,84.60,HOLD,0,0,0,0
851,56.73,39.12,43.56,48.01,52.45,56.89,61.34,65.78,70.23,74.67,79.12,59.12,170.000,0.9669,52.68,84.60,HOLD,0,0,0,0
852,56.80,39.14,43.58,48.03,52.47,56.92,61.36,65.81,70.25,74.69,79.14,59.14,170.000,0.9669,52.68,84.60,HOLD,0,0,0,0
853,56.87,39.16,43.61,48.05,52.50,56.94,61.38,65.83,70.27,74.72,79.16,59.16,170.000,0.9669,52.68,84.60,HOLD,0,0,0,0
854,56.93,39.18,43.63,48.07,52.52,56.96,61.41,65.85,70.30,74.74,79.18,59.18,170.000,0.9669,52.68,84.60,HOLD,0,0,0,0
855,57.00,39.21,43.65,48.10,52.54,56.98,61.43,65.87,70.32,74.76,79.21,59.21,170.000,0.9669,52.68,84.60,HOLD,0,0,0,0
856,57.07,39.23,43.67,48.12,52.56,57.01,61.45,65.90,70.34,74.78,79.23,59.23,170.000,0.9669,52.68,84.60,HOLD,0,0,0,0
857,57.13,39.25,43.70,48.14,52.58,57.03,61.47,65.92,70.36,74.81,79.25,59.25,170.000,0.9669,52.68,84.60,HOLD,0,0,0,0
858,57.20,39.27,43.72,48.16,52.61,57.05,61.50,65.94,70.39,74.83,79.27,59.27,170.000,0.9669,52.68,84.60,HOLD,0,0,0,0
859,57.27,39.30,43.74,48.19,52.63,57.07,61.52,65.96,70.41,74.85,79.30,59.30,170.000,0.9669,52.68,84.60,HOLD,0,0,0,0
860,57.33,39.32,43.76,48.21,52.65,57.10,61.54,65.99,70.43,74.87,79.32,59.32,170.000,0.9669,52.68,84.60,HOLD,0,0,0,0
861,57.40,39.34,43.79,48.23,52.67,57.12,61.56,66.01,70.45,74.90,79.34,59.34,170.000,0.9669,52.68,84.60,HOLD,0,0,0,0
862,57.47,39.36,43.81,48.25,52.70,57.14,61.59,66.03,70.47,74.92,79.36,59.36,170.000,0.9669,52.68,84.60,HOLD,0,0,0,0
863,57.53,39.39,43.83,48.28,52.72,57.16,61.61,66.05,70.50,74.94,79.39,59.39,170.000,0.9669,52.68,84.60,HOLD,0,0,0,0
864,57.60,39.41,43.85,48.30,52.74,57.19,61.63,66.08,70.52,74.96,79.41,59.41,170.000,0.9669,52.68,84.60,HOLD,0,0,0,0
865,57.67,39.43,43.88,48.32,52.76,57.21,61.65,66.10,70.54,74.99,79.43,59.43,170.000,0.9669,52.68,84.60,HOLD,0,0,0,0
866,57.73,39.45,43.90,48.34,52.79,57.23,61.68,66.12,70.56,75.01,79.45,59.45,170.000,0.9669,52.68,84.60,HOLD,0,0,0,0
867,57.80,39.48,43.92,48.36,52.81,57.25,61.70,66.14,70.59,75.03,79.48,59.48,170.000,0.9669,52.68,84.60,HOLD,0,0,0,0
868,57.87,39.50,43.94,48.39,52.83,57.28,61.72,66.17,70.61,75.05,79.50,59.50,170.000,0.9669,52.68,84.60,HOLD,0,0,0,0
869,57.93,39.52,43.97,48.41,52.85,57.30,61.74,66.19,70.63,75.08,79.52,59.52,170.000,0.9669,52.68,84.60,HOLD,0,0,0,0
870,58.00,39.54,43.99,48.43,52.88,57.32,61.77,66.21,70.65,75.10,79.54,59.54,170.000,0.9669,52.68,84.60,HOLD,0,0,0,0
871,58.07,39.57,44.01,48.45,52.90,57.34,61.79,66.23,70.68,75.12,79.57,59.57,170.000,0.9669,52.68,84.60,HOLD,0,0,0,0
872,58.13,39.59,44.03,48.48,52.92,57.37,61.81,66.25,70.70,75.14,79.59,59.59,170.000,0.9669,52.68,84.60,HOLD,0,0,0,0
873,58.20,39.61,44.06,48.50,52.94,57.39,61.83,66.28,70.72,75.17,79.61,59.61,170.000,0.9669,52.68,84.60,HOLD,0,0,0,0
874,58.27,39.63,44.08,48.52,52.97,57.41,61.86,66.30,70.74,75.19,79.63,59.63,170.000,0.9669,52.68,84.60,HOLD,0,0,0,0
875,58.33,39.66,44.10,48.54,52.99,57.43,61.88,66.32,70.77,75.21,79.66,59.66,170.000,0.9669,52.68,84.60,HOLD,0,0,0,0
876,58.40,39.68,44.12,48.57,53.01,57.46,61.90,66.34,70.79,75.23,79.68,59.68,170.000,0.9669,52.68,84.60,HOLD,0,0,0,0
877,58.47,39.70,44.14,48.59,53.03,57.48,61.92,66.37,70.81,75.26,79.70,59.70,170.000,0.9669,52.68,84.60,HOLD,0,0,0,0
878,58.53,39.72,44.17,48.61,53.06,57.50,61.95,66.39,70.83,75.28,79.72,59.72,170.000,0.9669,52.68,84.60,HOLD,0,0,0,0
879,58.60,39.75,44.19,48.63,53.08,57.52,61.97,66.41,70.86,75.30,79.75,59.75,170.000,0.9669,52.68,84.60,HOLD,0,0,0,0
880,58.67,39.77,44.21,48.66,53.10,57.55,61.99,66.43,70.88,75.32,79.77,59.77,170.000,0.9669,52.68,84.60,HOLD,0,0,0,0
881,58.73,39.79,44.23,48.68,53.12,57.57,62.01,66.46,70.90,75.35,79.79,59.79,170.000,0.9669,52.68,84.60,HOLD,0,0,0,0
882,58.80,39.81,44.26,48.70,53.15,57.59,62.03,66.48,70.92,75.37,79.81,59.81,170.000,0.9669,52.68,84.60,HOLD,0,0,0,0
883,58.87,39.83,44.28,48.72,53.17,57.61,62.06,66.50,70.95,75.39,79.83,59.83,170.000,0.9669,52.68,84.60,HOLD,0,0,0,0
884,58.93,39.86,44.30,48.75,53.19,57.64,62.08,66.52,70.97,75.41,79.86,59.86,170.000,0.9669,52.68,84.60,HOLD,0,0,0,0
885,59.00,39.88,44.32,48.77,53.21,57.66,62.10,66.55,70.99,75.44,79.88,59.88,170.000,0.9669,52.68,84.60,HOLD,0,0,0,0
886,59.07,39.90,44.35,48.79,53.24,57.68,62.12,66.57,71.01,75.46,79.90,59.90,170.000,0.9669,52.68,84.60,HOLD,0,0,0,0
887,59.13,39.92,44.37,48.81,53.26,57.70,62.15,66.59,71.04,75.48,79.92,59.92,170.000,0.9669,52.68,84.60,HOLD,0,0,0,0
888,59.20,39.95,44.39,48.84,53.28,57.72,62.17,66.61,71.06,75.50,79.95,59.95,170.000,0.9669,52.68,84.60,HOLD,0,0,0,0
889,59.27,39.97,44.41,48.86,53.30,57.75,62.19,66.64,71.08,75.53,79.97,59.97,170.000,0.9669,52.68,84.60,HOLD,0,0,0,0
890,59.33,39.99,44.44,48.88,53.33,57.77,62.21,66.66,71.10,75.55,79.99,59.99,170.000,0.9669,52.68,84.60,HOLD,0,0,0,0
891,59.40,40.01,44.46,48.90,53.35,57.79,62.24,66.68,71.13,75.57,80.01,60.01,170.000,0.9669,52.68,84.60,LOWER,1,0,1,0
892,59.47,40.04,44.48,48.93,53.37,57.82,62.26,66.70,71.15,75.59,80.04,60.04,175.000,0.9666,54.36,87.31,HIGHER,2,2,1,0
893,59.53,40.06,44.50,48.95,53.39,57.84,62.28,66.73,71.17,75.61,80.06,60.06,165.000,0.9672,51.02,81.93,HIGHER,1,3,1,0
894,59.60,40.08,44.52,48.97,53.41,57.86,62.30,66.75,71.19,75.64,80.08,60.08,160.000,0.9675,49.39,79.30,HIGHER,1,4,1,0
895,59.67,40.10,44.55,48.99,53.43,57.88,62.32,66.77,71.21,75.66,80.10,60.10,155.000,0.9679,47.77,76.70,HIGHER,1,5,1,0
896,59.73,40.12,44.57,49.01,53.45,57.90,62.34,66.79,71.23,75.68,80.12,60.12,150.000,0.9682,46.18,74.13,HIGHER,1,6,1,0
897,59.80,40.14,44.58,49.03,53.47,57.92,62.36,66.81,71.25,75.70,80.14,60.14,145.000,0.9685,44.61,71.60,HIGHER,1,7,1,0
898,59.87,40.16,44.60,49.05,53.49,57.94,62.38,66.83,71.27,75.71,80.16,60.16,140.000,0.9688,43.06,69.10,HIGHER,1,8,1,0
899,59.93,40.18,44.62,49.07,53.51,57.95,62.40,66.84,71.29,75.73,80.18,60.18,135.000,0.9690,41.53,66.64,HIGHER,1,9,1,0
900,60.00,40.19,44.64,49.08,53.53,57.97,62.42,66.86,71.30,75.75,80.19,60.19,130.000,0.9693,40.02,64.21,HIGHER,1,10,1,0
901,60.07,40.21,44.65,49.10,53.54,57.99,62.43,66.88,71.32,75.77,80.21,60.21,125.000,0.9696,38.54,61.81,HIGHER,1,11,1,0
902,60.13,40.23,44.67,49.11,53.56,58.00,62.45,66.89,71.34,75.78,80.23,60.23,120.000,0.9699,37.07,59.44,HIGHER,1,12,1,0
903,60.20,40.24,44.69,49.13,53.57,58.02,62.46,66.91,71.35,75.80,80.24,60.24,115.000,0.9701,35.62,57.11,HIGHER,1,13,1,0
904,60.27,40.26,44.70,49.14,53.59,58.03,62.48,66.92,71.37,75.81,80.26,60.26,110.000,0.9704,34.20,54.82,HIGHER,1,14,1,0
905,60.33,40.27,44.71,49.16,53.60,58.05,62.49,66.94,71.38,75.82,80.27,60.27,105.000,0.9706,32.80,52.56,HIGHER,1,15,1,0
906,60.40,40.28,44.73,49.17,53.62,58.06,62.50,66.95,71.39,75.84,80.28,60.28,100.000,0.9709,31.42,50.34,HIGHER,1,16,1,0
907,60.47,40.29,44.74,49.18,53.63,58.07,62.52,66.96,71.41,75.85,80.29,60.29,95.000,0.9711,30.06,48.16,HIGHER,1,17,1,0
908,60.53,40.31,44.75,49.20,53.64,58.08,62.53,66.97,71.42,75.86,80.31,60.31,90.000,0.9714,28.73,46.01,HIGHER,1,18,1,0
909,60.60,40.32,44.76,49.21,53.65,58.10,62.54,66.98,71.43,75.87,80.32,60.32,85.000,0.9716,27.43,43.91,HIGHER,1,19,1,0
910,60.67,40.33,44.77,49.22,53.66,58.11,62.55,67.00,71.44,75.88,80.33,60.33,80.000,0.9718,26.15,41.86,HIGHER,1,20,1,0
911,60.73,40.34,44.78,49.23,53.67,58.12,62.56,67.01,71.45,75.89,80.34,60.34,75.000,0.9721,24.91,39.86,HIGHER,1,21,1,0
912,60.80,40.35,44.79,49.24,53.68,58.13,62.57,67.01,71.46,75.90,80.35,60.35,70.000,0.9723,23.69,37.90,HIGHER,1,22,1,0
913,60.87,40.36,44.80,49.25,53.69,58.13,62.58,67.02,71.47,75.91,80.36,60.36,65.000,0.9725,22.51,36.01,HIGHER,1,23,1,0
914,60.93,40.36,44.81,49.25,53.70,58.14,62.59,67.03,71.48,75.92,80.36,60.36,60.000,0.9727,21.37,34.18,HIGHER,1,24,1,0
915,61.00,40.37,44.82,49.26,53.70,58.15,62.59,67.04,71.48,75.93,80.37,60.37,55.000,0.9729,20.27,32.42,HIGHER,1,25,1,0
916,61.07,40.38,44.82,49.27,53.71,58.16,62.60,67.04,71.49,75.93,80.38,60.38,50.000,0.9731,19.22,30.74,HIGHER,1,26,1,0
917,61.13,40.38,44.83,49.27,53.72,58.16,62.61,67.05,71.50,75.94,80.38,60.38,45.000,0.9733,18.23,29.15,HIGHER,1,27,1,0
918,61.20,40.39,44.83,49.28,53.72,58.17,62.61,67.06,71.50,75.94,80.39,60.39,40.000,0.9735,17.29,27.66,HIGHER,1,28,1,0
919,61.27,40.39,44.84,49.28,53.73,58.17,62.62,67.06,71.51,75.95,80.39,60.39,35.000,0.9737,16.43,26.28,HIGHER,1,29,1,0
920,61.33,40.40,44.84,49.29,53.73,58.18,62.62,67.06,71.51,75.95,80.40,60.40,30.000,0.9739,15.64,25.02,HIGHER,1,30,1,0
921,61.40,40.40,44.85,49.29,53.73,58.18,62.62,67.07,71.51,75.96,80.40,60.40,25.000,0.9741,14.94,23.92,HIGHER,1,31,1,0
922,61.47,40.40,44.85,49.29,53.74,58.18,62.63,67.07,71.51,75.96,80.40,60.40,20.000,0.9743,14.33,22.97,HIGHER,1,32,1,0
923,61.53,40.41,44.85,49.29,53.74,58.18,62.63,67.07,71.52,75.96,80.41,60.41,15.000,0.9745,13.83,22.20,HIGHER,1,33,1,0
924,61.60,40.41,44.85,49.30,53.74,58.18,62.63,67.07,71.52,75.96,80.41,60.41,10.000,0.9747,13.45,21.62,HIGHER,1,34,1,0
925,61.67,40.41,44.85,49.30,53.74,58.19,62.63,67.07,71.52,75.96,80.41,60.41,5.000,0.9748,13.20,21.24,HIGHER,1,35,1,0
926,61.73,40.41,44.85,49.30,53.74,58.19,62.63,67.07,71.52,75.96,80.41,60.41,0.000,0.9750,13.07,21.07,HOLD,0,35,1,0
927,61.80,40.41,44.85,49.30,53.74,58.19,62.63,67.07,71.52,75.96,80.41,60.41,0.000,0.9750,13.07,21.07,HOLD,0,35,1,0
928,61.87,40.41,44.85,49.30,53.74,58.19,62.63,67.07,71.52,75.96,80.41,60.41,0.000,0.9750,13.07,21.07,HOLD,0,35,1,0
929,61.93,40.41,44.85,49.30,53.74,58.19,62.63,67.07,71.52,75.96,80.41,60.41,0.000,0.9750,13.07,21.07,HOLD,0,35,1,0
930,62.00,40.41,44.85,49.30,53.74,58.19,62.63,67.07,71.52,75.96,80.41,60.41,0.000,0.9750,13.07,21.07,HOLD,0,35,1,0
931,62.07,40.41,44.85,49.30,53.74,58.19,62.63,67.07,71.52,75.96,80.41,60.41,0.000,0.9750,13.07,21.07,HOLD,0,35,1,0
932,62.13,40.41,44.85,49.30,53.74,58.19,62.63,67.07,71.52,75.96,80.41,60.41,0.000,0.9750,13.07,21.07,HOLD,0,35,1,0
933,62.20,40.41,44.85,49.30,53.74,58.19,62.63,67.07,71.52,75.96,80.41,60.41,0.000,0.9750,13.07,21.07,HOLD,0,35,1,0
934,62.27,40.41,44.85,49.30,53.74,58.19,62.63,67.07,71.52,75.96,80.41,60.41,0.000,0.9750,13.07,21.07,HOLD,0,35,1,0
935,62.33,40.41,44.85,49.30,53.74,58.19,62.63,67.07,71.52,75.96,80.41,60.41,0.000,0.9750,13.07,21.07,HOLD,0,35,1,0
936,62.40,40.41,44.85,49.30,53.74,58.19,62.63,67.07,71.52,75.96,80.41,60.41,0.000,0.9750,13.07,21.07,HOLD,0,35,1,0
937,62.47,40.41,44.85,49.30,53.74,58.19,62.63,67.07,71.52,75.96,80.41,60.41,0.000,0.9750,13.07,21.07,HOLD,0,35,1,0
938,62.53,40.41,44.85,49.30,53.74,58.19,62.63,67.07,71.52,75.96,80.41,60.41,0.000,0.9750,13.07,21.07,HOLD,0,35,1,0
939,62.60,40.41,44.85,49.30,53.74,58.19,62.63,67.07,71.52,75.96,80.41,60.41,0.000,0.9750,13.07,21.07,HOLD,0,35,1,0
940,62.67,40.41,44.85,49.30,53.74,58.19,62.63,67.07,71.52,75.96,80.41,60.41,0.000,0.9750,13.07,21.07,HOLD,0,35,1,0
941,62.73,40.41,44.85,49.30,53.74,58.19,62.63,67.07,71.52,75.96,80.41,60.41,0.000,0.9750,13.07,21.07,HOLD,0,35,1,0
942,62.80,40.41,44.85,49.30,53.74,58.19,62.63,67.07,71.52,75.96,80.41,60.41,0.000,0.9750,13.07,21.07,HOLD,0,35,1,0
943,62.87,40.41,44.85,49.30,53.74,58.19,62.63,67.07,71.52,75.96,80.41,60.41,0.000,0.9750,13.07,21.07,HOLD,0,35,1,0
944,62.93,40.41,44.85,49.30,53.74,58.19,62.63,67.07,71.52,75.96,80.41,60.41,0.000,0.9750,13.07,21.07,HOLD,0,35,1,0
945,63.00,40.41,44.85,49.30,53.74,58.19,62.63,67.07,71.52,75.96,80.41,60.41,0.000,0.9750,13.07,21.07,HOLD,0,35,1,0
946,63.07,40.41,44.85,49.30,53.74,58.19,62.63,67.07,71.52,75.96,80.41,60.41,0.000,0.9750,13.07,21.07,HOLD,0,35,1,0
947,63.13,40.41,44.85,49.30,53.74,58.19,62.63,67.07,71.52,75.96,80.41,60.41,0.000,0.9750,13.07,21.07,HOLD,0,35,1,0
948,63.20,40.41,44.85,49.30,53.74,58.19,62.63,67.07,71.52,75.96,80.41,60.41,0.000,0.9750,13.07,21.07,HOLD,0,35,1,0
949,63.27,40.41,44.85,49.30,53.74,58.19,62.63,67.07,71.52,75.96,80.41,60.41,0.000,0.9750,13.07,21.07,HOLD,0,35,1,0
950,63.33,40.41,44.85,49.30,53.74,58.19,62.63,67.07,71.52,75.96,80.41,60.41,0.000,0.9750,13.07,21.07,HOLD,0,35,1,0
951,63.40,40.41,44.85,49.30,53.74,58.19,62.63,67.07,71.52,75.96,80.41,60.41,0.000,0.9750,13.07,21.07,HOLD,0,35,1,0
952,63.47,40.41,44.85,49.30,53.74,58.19,62.63,67.07,71.52,75.96,80.41,60.41,0.000,0.9750,13.07,21.07,HOLD,0,35,1,0
953,63.53,40.41,44.85,49.30,53.74,58.19,62.63,67.07,71.52,75.96,80.41,60.41,0.000,0.9750,13.07,21.07,HOLD,0,35,1,0
954,63.60,40.41,44.85,49.30,53.74,58.19,62.63,67.07,71.52,75.96,80.41,60.41,0.000,0.9750,13.07,21.07,HOLD,0,35,1,0
955,63.67,40.41,44.85,49.30,53.74,58.19,62.63,67.07,71.52,75.96,80.41,60.41,0.000,0.9750,13.07,21.07,HOLD,0,35,1,0
956,63.73,40.41,44.85,49.30,53.74,58.19,62.63,67.07,71.52,75.96,80.41,60.41,0.000,0.9750,13.07,21.07,HOLD,0,35,1,0
957,63.80,40.41,44.85,49.30,53.74,58.19,62.63,67.07,71.52,75.96,80.41,60.41,0.000,0.9750,13.07,21.07,HOLD,0,35,1,0
958,63.87,40.41,44.85,49.30,53.74,58.19,62.63,67.07,71.52,75.96,80.41,60.41,0.000,0.9750,13.07,21.07,HOLD,0,35,1,0
959,63.93,40.41,44.85,49.30,53.74,58.19,62.63,67.07,71.52,75.96,80.41,60.41,0.000,0.9750,13.07,21.07,HOLD,0,35,1,0
960,64.00,40.41,44.85,49.30,53.74,58.19,62.63,67.07,71.52,75.96,80.41,60.41,0.000,0.9750,13.07,21.07,HOLD,0,35,1,0
961,64.07,40.41,44.85,49.30,53.74,58.19,62.63,67.07,71.52,75.96,80.41,60.41,0.000,0.9750,13.07,21.07,HOLD,0,35,1,0
962,64.13,40.41,44.85,49.30,53.74,58.19,62.63,67.07,71.52,75.96,80.41,60.41,0.000,0.9750,13.07,21.07,HOLD,0,35,1,0
963,64.20,40.41,44.85,49.30,53.74,58.19,62.63,67.07,71.52,75.96,80.41,60.41,0.000,0.9750,13.07,21.07,HOLD,0,35,1,0
964,64.27,40.41,44.85,49.30,53.74,58.19,62.63,67.07,71.52,75.96,80.41,60.41,0.000,0.9750,13.07,21.07,HOLD,0,35,1,0
965,64.33,40.41,44.85,49.30,53.74,58.19,62.63,67.07,71.52,75.96,80.41,60.41,0.000,0.9750,13.07,21.07,HOLD,0,35,1,0
966,64.40,40.41,44.85,49.30,53.74,58.19,62.63,67.07,71.52,75.96,80.41,60.41,0.000,0.9750,13.07,21.07,HOLD,0,35,1,0
967,64.47,40.41,44.85,49.30,53.74,58.19,62.63,67.07,71.52,75.96,80.41,60.41,0.000,0.9750,13.07,21.07,HOLD,0,35,1,0
968,64.53,40.41,44.85,49.30,53.74,58.19,62.63,67.07,71.52,75.96,80.41,60.41,0.000,0.9750,13.07,21.07,HOLD,0,35,1,0
969,64.60,40.41,44.85,49.30,53.74,58.19,62.63,67.07,71.52,75.96,80.41,60.41,0.000,0.9750,13.07,21.07,HOLD,0,35,1,0
970,64.67,40.41,44.85,49.30,53.74,58.19,62.63,67.07,71.52,75.96,80.41,60.41,0.000,0.9750,13.07,21.07,HOLD,0,35,1,0
971,64.73,40.41,44.85,49.30,53.74,58.19,62.63,67.07,71.52,75.96,80.41,60.41,0.000,0.9750,13.07,21.07,HOLD,0,35,1,0
972,64.80,40.41,44.85,49.30,53.74,58.19,62.63,67.07,71.52,75.96,80.41,60.41,0.000,0.9750,13.07,21.07,HOLD,0,35,1,0
973,64.87,40.41,44.85,49.30,53.74,58.19,62.63,67.07,71.52,75.96,80.41,60.41,0.000,0.9750,13.07,21.07,HOLD,0,35,1,0
974,64.93,40.41,44.85,49.30,53.74,58.19,62.63,67.07,71.52,75.96,80.41,60.41,0.000,0.9750,13.07,21.07,HOLD,0,35,1,0
975,65.00,40.41,44.85,49.30,53.74,58.19,62.63,67.07,71.52,75.96,80.41,60.41,0.000,0.9750,13.07,21.07,HOLD,0,35,1,0
976,65.07,40.41,44.85,49.30,53.74,58.19,62.63,67.07,71.52,75.96,80.41,60.41,0.000,0.9750,13.07,21.07,HOLD,0,35,1,0
977,65.13,40.41,44.85,49.30,53.74,58.19,62.63,67.07,71.52,75.96,80.41,60.41,0.000,0.9750,13.07,21.07,HOLD,0,35,1,0
978,65.20,40.41,44.85,49.30,53.74,58.19,62.63,67.07,71.52,75.96,80.41,60.41,0.000,0.9750,13.07,21.07,HOLD,0,35,1,0
979,65.27,40.41,44.85,49.30,53.74,58.19,62.63,67.07,71.52,75.96,80.41,60.41,0.000,0.9750,13.07,21.07,HOLD,0,35,1,0
980,65.33,40.41,44.85,49.30,53.74,58.19,62.63,67.07,71.52,75.96,80.41,60.41,0.000,0.9750,13.07,21.07,HOLD,0,35,1,0
981,65.40,40.41,44.85,49.30,53.74,58.19,62.63,67.07,71.52,75.96,80.41,60.41,0.000,0.9750,13.07,21.07,HOLD,0,35,1,0
982,65.47,40.41,44.85,49.30,53.74,58.19,62.63,67.07,71.52,75.96,80.41,60.41,0.000,0.9750,13.07,21.07,HOLD,0,35,1,0
983,65.53,40.41,44.85,49.30,53.74,58.19,62.63,67.07,71.52,75.96,80.41,60.41,0.000,0.9750,13.07,21.07,HOLD,0,35,1,0
984,65.60,40.41,44.85,49.30,53.74,58.19,62.63,67.07,71.52,75.96,80.41,60.41,0.000,0.9750,13.07,21.07,HOLD,0,35,1,0
985,65.67,40.41,44.85,49.30,53.74,58.19,62.63,67.07,71.52,75.96,80.41,60.41,0.000,0.9750,13.07,21.07,HOLD,0,35,1,0
986,65.73,40.41,44.85,49.30,53.74,58.19,62.63,67.07,71.52,75.96,80.41,60.41,0.000,0.9750,13.07,21.07,HOLD,0,35,1,0
987,65.80,40.41,44.85,49.30,53.74,58.19,62.63,67.07,71.52,75.96,80.41,60.41,0.000,0.9750,13.07,21.07,HOLD,0,35,1,0
988,65.87,40.41,44.85,49.30,53.74,58.19,62.63,67.07,71.52,75.96,80.41,60.41,0.000,0.9750,13.07,21.07,HOLD,0,35,1,0
989,65.93,40.41,44.85,49.30,53.74,58.19,62.63,67.07,71.52,75.96,80.41,60.41,0.000,0.9750,13.07,21.07,HOLD,0,35,1,0
990,66.00,40.41,44.85,49.30,53.74,58.19,62.63,67.07,71.52,75.96,80.41,60.41,0.000,0.9750,13.07,21.07,HOLD,0,35,1,0
991,66.07,40.41,44.85,49.30,53.74,58.19,62.63,67.07,71.52,75.96,80.41,60.41,0.000,0.9750,13.07,21.07,HOLD,0,35,1,0
992,66.13,40.41,44.85,49.30,53.74,58.19,62.63,67.07,71.52,75.96,80.41,60.41,0.000,0.9750,13.07,21.07,HOLD,0,35,1,0
993,66.20,40.41,44.85,49.30,53.74,58.19,62.63,67.07,71.52,75.96,80.41,60.41,0.000,0.9750,13.07,21.07,HOLD,0,35,1,0
994,66.27,40.41,44.85,49.30,53.74,58.19,62.63,67.07,71.52,75.96,80.41,60.41,0.000,0.9750,13.07,21.07,HOLD,0,35,1,0
995,66.33,40.41,44.85,49.30,53.74,58.19,62.63,67.07,71.52,75.96,80.41,60.41,0.000,0.9750,13.07,21.07,HOLD,0,35,1,0
996,66.40,40.41,44.85,49.30,53.74,58.19,62.63,67.07,71.52,75.96,80.41,60.41,0.000,0.9750,13.07,21.07,HOLD,0,35,1,0
997,66.47,40.41,44.85,49.30,53.74,58.19,62.63,67.07,71.52,75.96,80.41,60.41,0.000,0.9750,13.07,21.07,HOLD,0,35,1,0
998,66.53,40.41,44.85,49.30,53.74,58.19,62.63,67.07,71.52,75.96,80.41,60.41,0.000,0.9750,13.07,21.07,HOLD,0,35,1,0
999,66.60,40.41,44.85,49.30,53.74,58.19,62.63,67.07,71.52,75.96,80.41,60.41,0.000,0.9750,13.07,21.07,HOLD,0,35,1,0
1000,66.67,40.41,44.85,49.30,53.74,58.19,62.63,67.07,71.52,75.96,80.41,60.41,0.000,0.9750,13.07,21.07,HOLD,0,35,1,0
1001,66.73,40.41,44.85,49.30,53.74,58.19,62.63,67.07,71.52,75.96,80.41,60.41,0.000,0.9750,13.07,21.07,HOLD,0,35,1,0
1002,66.80,40.41,44.85,49.30,53.74,58.19,62.63,67.07,71.52,75.96,80.41,60.41,0.000,0.9750,13.07,21.07,HOLD,0,35,1,0
1003,66.87,40.41,44.85,49.30,53.74,58.19,62.63,67.07,71.52,75.96,80.41,60.41,0.000,0.9750,13.07,21.07,HOLD,0,35,1,0
1004,66.93,40.41,44.85,49.30,53.74,58.19,62.63,67.07,71.52,75.96,80.41,60.41,0.000,0.9750,13.07,21.07,HOLD,0,35,1,0
1005,67.00,40.41,44.85,49.30,53.74,58.19,62.63,67.07,71.52,75.96,80.41,60.41,0.000,0.9750,13.07,21.07,HOLD,0,35,1,0
1006,67.07,40.41,44.85,49.30,53.74,58.19,62.63,67.07,71.52,75.96,80.41,60.41,0.000,0.9750,13.07,21.07,HOLD,0,35,1,0
1007,67.13,40.41,44.85,49.30,53.74,58.19,62.63,67.07,71.52,75.96,80.41,60.41,0.000,0.9750,13.07,21.07,HOLD,0,35,1,0
1008,67.20,40.41,44.85,49.30,53.74,58.19,62.63,67.07,71.52,75.96,80.41,60.41,0.000,0.9750,13.07,21.07,HOLD,0,35,1,0
1009,67.27,40.41,44.85,49.30,53.74,58.19,62.63,67.07,71.52,75.96,80.41,60.41,0.000,0.9750,13.07,21.07,HOLD,0,35,1,0
1010,67.33,40.41,44.85,49.30,53.74,58.19,62.63,67.07,71.52,75.96,80.41,60.41,0.000,0.9750,13.07,21.07,HOLD,0,35,1,0
1011,67.40,40.41,44.85,49.30,53.74,58.19,62.63,67.07,71.52,75.96,80.41,60.41,0.000,0.9750,13.07,21.07,HOLD,0,35,1,0
1012,67.47,40.41,44.85,49.30,53.74,58.19,62.63,67.07,71.52,75.96,80.41,60.41,0.000,0.9750,13.07,21.07,HOLD,0,35,1,0
1013,67.53,40.41,44.85,49.30,53.74,58.19,62.63,67.07,71.52,75.96,80.41,60.41,0.000,0.9750,13.07,21.07,HOLD,0,35,1,0
1014,67.60,40.41,44.85,49.30,53.74,58.19,62.63,67.07,71.52,75.96,80.41,60.41,0.000,0.9750,13.07,21.07,HOLD,0,35,1,0
1015,67.67,40.41,44.85,49.30,53.74,58.19,62.63,67.07,71.52,75.96,80.41,60.41,0.000,0.9750,13.07,21.07,HOLD,0,35,1,0
1016,67.73,40.41,44.85,49.30,53.74,58.19,62.63,67.07,71.52,75.96,80.41,60.41,0.000,0.9750,13.07,21.07,HOLD,0,35,1,0
1017,67.80,40.41,44.85,49.30,53.74,58.19,62.63,67.07,71.52,75.96,80.41,60.41,0.000,0.9750,13.07,21.07,HOLD,0,35,1,0
1018,67.87,40.41,44.85,49.30,53.74,58.19,62.63,67.07,71.52,75.96,80.41,60.41,0.000,0.9750,13.07,21.07,HOLD,0,35,1,0
1019,67.93,40.41,44.85,49.30,53.74,58.19,62.63,67.07,71.52,75.96,80.41,60.41,0.000,0.9750,13.07,21.07,HOLD,0,35,1,0
1020,68.00,40.41,44.85,49.30,53.74,58.19,62.63,67.07,71.52,75.96,80.41,60.41,0.000,0.9750,13.07,21.07,HOLD,0,35,1,0
1021,68.07,40.41,44.85,49.30,53.74,58.19,62.63,67.07,71.52,75.96,80.41,60.41,0.000,0.9750,13.07,21.07,HOLD,0,35,1,0
1022,68.13,40.41,44.85,49.30,53.74,58.19,62.63,67.07,71.52,75.96,80.41,60.41,0.000,0.9750,13.07,21.07,HOLD,0,35,1,0
1023,68.20,40.41,44.85,49.30,53.74,58.19,62.63,67.07,71.52,75.96,80.41,60.41,0.000,0.9750,13.07,21.07,HOLD,0,35,1,0
1024,68.27,40.41,44.85,49.30,53.74,58.19,62.63,67.07,71.52,75.96,80.41,60.41,0.000,0.9750,13.07,21.07,HOLD,0,35,1,0
1025,68.33,40.41,44.85,49.30,53.74,58.19,62.63,67.07,71.52,75.96,80.41,60.41,0.000,0.9750,13.07,21.07,HOLD,0,35,1,0
1026,68.40,40.41,44.85,49.30,53.74,58.19,62.63,67.07,71.52,75.96,80.41,60.41,0.000,0.9750,13.07,21.07,HOLD,0,35,1,0
1027,68.47,40.41,44.85,49.30,53.74,58.19,62.63,67.07,71.52,75.96,80.41,60.41,0.000,0.9750,13.07,21.07,HOLD,0,35,1,0
1028,68.53,40.41,44.85,49.30,53.74,58.19,62.63,67.07,71.52,75.96,80.41,60.41,0.000,0.9750,13.07,21.07,HOLD,0,35,1,0
1029,68.60,40.41,44.85,49.30,53.74,58.19,62.63,67.07,71.52,75.96,80.41,60.41,0.000,0.9750,13.07,21.07,HOLD,0,35,1,0
1030,68.67,40.41,44.85,49.30,53.74,58.19,62.63,67.07,71.52,75.96,80.41,60.41,0.000,0.9750,13.07,21.07,HOLD,0,35,1,0
1031,68.73,40.41,44.85,49.30,53.74,58.19,62.63,67.07,71.52,75.96,80.41,60.41,0.000,0.9750,13.07,21.07,HOLD,0,35,1,0
1032,68.80,40.41,44.85,49.30,53.74,58.19,62.63,67.07,71.52,75.96,80.41,60.41,0.000,0.9750,13.07,21.07,HOLD,0,35,1,0
1033,68.87,40.41,44.85,49.30,53.74,58.19,62.63,67.07,71.52,75.96,80.41,60.41,0.000,0.9750,13.07,21.07,HOLD,0,35,1,0
1034,68.93,40.41,44.85,49.30,53.74,58.19,62.63,67.07,71.52,75.96,80.41,60.41,0.000,0.9750,13.07,21.07,HOLD,0,35,1,0
1035,69.00,40.41,44.85,49.30,53.74,58.19,62.63,67.07,71.52,75.96,80.41,60.41,0.000,0.9750,13.07,21.07,HOLD,0,35,1,0
1036,69.07,40.41,44.85,49.30,53.74,58.19,62.63,67.07,71.52,75.96,80.41,60.41,0.000,0.9750,13.07,21.07,HOLD,0,35,1,0
1037,69.13,40.41,44.85,49.30,53.74,58.19,62.63,67.07,71.52,75.96,80.41,60.41,0.000,0.9750,13.07,21.07,HOLD,0,35,1,0
1038,69.20,40.41,44.85,49.30,53.74,58.19,62.63,67.07,71.52,75.96,80.41,60.41,0.000,0.9750,13.07,21.07,HOLD,0,35,1,0
1039,69.27,40.41,44.85,49.30,53.74,58.19,62.63,67.07,71.52,75.96,80.41,60.41,0.000,0.9750,13.07,21.07,HOLD,0,35,1,0
1040,69.33,40.41,44.85,49.30,53.74,58.19,62.63,67.07,71.52,75.96,80.41,60.41,0.000,0.9750,13.07,21.07,HOLD,0,35,1,0
1041,69.40,40.41,44.85,49.30,53.74,58.19,62.63,67.07,71.52,75.96,80.41,60.41,0.000,0.9750,13.07,21.07,HOLD,0,35,1,0
1042,69.47,40.41,44.85,49.30,53.74,58.19,62.63,67.07,71.52,75.96,80.41,60.41,0.000,0.9750,13.07,21.07,HOLD,0,35,1,0
1043,69.53,40.41,44.85,49.30,53.74,58.19,62.63,67.07,71.52,75.96,80.41,60.41,0.000,0.9750,13.07,21.07,HOLD,0,35,1,0
1044,69.60,40.41,44.85,49.30,53.74,58.19,62.63,67.07,71.52,75.96,80.41,60.41,0.000,0.9750,13.07,21.07,HOLD,0,35,1,0
1045,69.67,40.41,44.85,49.30,53.74,58.19,62.63,67.07,71.52,75.96,80.41,60.41,0.000,0.9750,13.07,21.07,HOLD,0,35,1,0
1046,69.73,40.41,44.85,49.30,53.74,58.19,62.63,67.07,71.52,75.96,80.41,60.41,0.000,0.9750,13.07,21.07,HOLD,0,35,1,0
1047,69.80,40.41,44.85,49.30,53.74,58.19,62.63,67.07,71.52,75.96,80.41,60.41,0.000,0.9750,13.07,21.07,HOLD,0,35,1,0
1048,69.87,40.41,44.85,49.30,53.74,58.19,62.63,67.07,71.52,75.96,80.41,60.41,0.000,0.9750,13.07,21.07,HOLD,0,35,1,0
1049,69.93,40.41,44.85,49.30,53.74,58.19,62.63,67.07,71.52,75.96,80.41,60.41,0.000,0.9750,13.07,21.07,HOLD,0,35,1,0
1050,70.00,40.41,44.85,49.30,53.74,58.19,62.63,67.07,71.52,75.96,80.41,60.41,0.000,0.9750,13.07,21.07,HOLD,0,35,1,0
1051,70.07,40.41,44.85,49.30,53.74,58.19,62.63,67.07,71.52,75.96,80.41,60.41,0.000,0.9750,13.07,21.07,HOLD,0,35,1,0
1052,70.13,40.41,44.85,49.30,53.74,58.19,62.63,67.07,71.52,75.96,80.41,60.41,0.000,0.9750,13.07,21.07,HOLD,0,35,1,0
1053,70.20,40.41,44.85,49.30,53.74,58.19,62.63,67.07,71.52,75.96,80.41,60.41,0.000,0.9750,13.07,21.07,HOLD,0,35,1,0
1054,70.27,40.41,44.85,49.30,53.74,58.19,62.63,67.07,71.52,75.96,80.41,60.41,0.000,0.9750,13.07,21.07,HOLD,0,35,1,0
1055,70.33,40.41,44.85,49.30,53.74,58.19,62.63,67.07,71.52,75.96,80.41,60.41,0.000,0.9750,13.07,21.07,HOLD,0,35,1,0
1056,70.40,40.41,44.85,49.30,53.74,58.19,62.63,67.07,71.52,75.96,80.41,60.41,0.000,0.9750,13.07,21.07,HOLD,0,35,1,0
1057,70.47,40.41,44.85,49.30,53.74,58.19,62.63,67.07,71.52,75.96,80.41,60.41,0.000,0.9750,13.07,21.07,HOLD,0,35,1,0
1058,70.53,40.41,44.85,49.30,53.74,58.19,62.63,67.07,71.52,75.96,80.41,60.41,0.000,0.9750,13.07,21.07,HOLD,0,35,1,0
1059,70.60,40.41,44.85,49.30,53.74,58.19,62.63,67.07,71.52,75.96,80.41,60.41,0.000,0.9750,13.07,21.07,HOLD,0,35,1,0
1060,70.67,40.41,44.85,49.30,53.74,58.19,62.63,67.07,71.52,75.96,80.41,60.41,0.000,0.9750,13.07,21.07,HOLD,0,35,1,0
1061,70.73,40.41,44.85,49.30,53.74,58.19,62.63,67.07,71.52,75.96,80.41,60.41,0.000,0.9750,13.07,21.07,HOLD,0,35,1,0
1062,70.80,40.41,44.85,49.30,53.74,58.19,62.63,67.07,71.52,75.96,80.41,60.41,0.000,0.9750,13.07,21.07,HOLD,0,35,1,0
1063,70.87,40.41,44.85,49.30,53.74,58.19,62.63,67.07,71.52,75.96,80.41,60.41,0.000,0.9750,13.07,21.07,HOLD,0,35,1,0
1064,70.93,40.41,44.85,49.30,53.74,58.19,62.63,67.07,71.52,75.96,80.41,60.41,0.000,0.9750,13.07,21.07,HOLD,0,35,1,0
1065,71.00,40.41,44.85,49.30,53.74,58.19,62.63,67.07,71.52,75.96,80.41,60.41,0.000,0.9750,13.07,21.07,HOLD,0,35,1,0
1066,71.07,40.41,44.85,49.30,53.74,58.19,62.63,67.07,71.52,75.96,80.41,60.41,0.000,0.9750,13.07,21.07,HOLD,0,35,1,0
1067,71.13,40.41,44.85,49.30,53.74,58.19,62.63,67.07,71.52,75.96,80.41,60.41,0.000,0.9750,13.07,21.07,HOLD,0,35,1,0
1068,71.20,40.41,44.85,49.30,53.74,58.19,62.63,67.07,71.52,75.96,80.41,60.41,0.000,0.9750,13.07,21.07,HOLD,0,35,1,0
1069,71.27,40.41,44.85,49.30,53.74,58.19,62.63,67.07,71.52,75.96,80.41,60.41,0.000,0.9750,13.07,21.07,HOLD,0,35,1,0
1070,71.33,40.41,44.85,49.30,53.74,58.19,62.63,67.07,71.52,75.96,80.41,60.41,0.000,0.9750,13.07,21.07,HOLD,0,35,1,0
1071,71.40,40.41,44.85,49.30,53.74,58.19,62.63,67.07,71.52,75.96,80.41,60.41,0.000,0.9750,13.07,21.07,HOLD,0,35,1,0
1072,71.47,40.41,44.85,49.30,53.74,58.19,62.63,67.07,71.52,75.96,80.41,60.41,0.000,0.9750,13.07,21.07,HOLD,0,35,1,0
1073,71.53,40.41,44.85,49.30,53.74,58.19,62.63,67.07,71.52,75.96,80.41,60.41,0.000,0.9750,13.07,21.07,HOLD,0,35,1,0
1074,71.60,40.41,44.85,49.30,53.74,58.19,62.63,67.07,71.52,75.96,80.41,60.41,0.000,0.9750,13.07,21.07,HOLD,0,35,1,0
1075,71.67,40.41,44.85,49.30,53.74,58.19,62.63,67.07,71.52,75.96,80.41,60.41,0.000,0.9750,13.07,21.07,HOLD,0,35,1,0
1076,71.73,40.41,44.85,49.30,53.74,58.19,62.63,67.07,71.52,75.96,80.41,60.41,0.000,0.9750,13.07,21.07,HOLD,0,35,1,0
1077,71.80,40.41,44.85,49.30,53.74,58.19,62.63,67.07,71.52,75.96,80.41,60.41,0.000,0.9750,13.07,21.07,HOLD,0,35,1,0
1078,71.87,40.41,44.85,49.30,53.74,58.19,62.63,67.07,71.52,75.96,80.41,60.41,0.000,0.9750,13.07,21.07,HOLD,0,35,1,0
1079,71.93,40.41,44.85,49.30,53.74,58.19,62.63,67.07,71.52,75.96,80.41,60.41,0.000,0.9750,13.07,21.07,HOLD,0,35,1,0
1080,72.00,40.41,44.85,49.30,53.74,58.19,62.63,67.07,71.52,75.96,80.41,60.41,0.000,0.9750,13.07,21.07,HOLD,0,35,1,0
1081,72.07,40.41,44.85,49.30,53.74,58.19,62.63,67.07,71.52,75.96,80.41,60.41,0.000,0.9750,13.07,21.07,HOLD,0,35,1,0
1082,72.13,40.41,44.85,49.30,53.74,58.19,62.63,67.07,71.52,75.96,80.41,60.41,0.000,0.9750,13.07,21.07,HOLD,0,35,1,0
1083,72.20,40.41,44.85,49.30,53.74,58.19,62.63,67.07,71.52,75.96,80.41,60.41,0.000,0.9750,13.07,21.07,HOLD,0,35,1,0
1084,72.27,40.41,44.85,49.30,53.74,58.19,62.63,67.07,71.52,75.96,80.41,60.41,0.000,0.9750,13.07,21.07,HOLD,0,35,1,0
1085,72.33,40.41,44.85,49.30,53.74,58.19,62.63,67.07,71.52,75.96,80.41,60.41,0.000,0.9750,13.07,21.07,HOLD,0,35,1,0
1086,72.40,40.41,44.85,49.30,53.74,58.19,62.63,67.07,71.52,75.96,80.41,60.41,0.000,0.9750,13.07,21.07,HOLD,0,35,1,0
1087,72.47,40.41,44.85,49.30,53.74,58.19,62.63,67.07,71.52,75.96,80.41,60.41,0.000,0.9750,13.07,21.07,HOLD,0,35,1,0
1088,72.53,40.41,44.85,49.30,53.74,58.19,62.63,67.07,71.52,75.96,80.41,60.41,0.000,0.9750,13.07,21.07,HOLD,0,35,1,0
1089,72.60,40.41,44.85,49.30,53.74,58.19,62.63,67.07,71.52,75.96,80.41,60.41,0.000,0.9750,13.07,21.07,HOLD,0,35,1,0
1090,72.67,40.41,44.85,49.30,53.74,58.19,62.63,67.07,71.52,75.96,80.41,60.41,0.000,0.9750,13.07,21.07,HOLD,0,35,1,0
1091,72.73,40.41,44.85,49.30,53.74,58.19,62.63,67.07,71.52,75.96,80.41,60.41,0.000,0.9750,13.07,21.07,HOLD,0,35,1,0
1092,72.80,40.41,44.85,49.30,53.74,58.19,62.63,67.07,71.52,75.96,80.41,60.41,0.000,0.9750,13.07,21.07,HOLD,0,35,1,0
1093,72.87,40.41,44.85,49.30,53.74,58.19,62.63,67.07,71.52,75.96,80.41,60.41,0.000,0.9750,13.07,21.07,HOLD,0,35,1,0
1094,72.93,40.41,44.85,49.30,53.74,58.19,62.63,67.07,71.52,75.96,80.41,60.41,0.000,0.9750,13.07,21.07,HOLD,0,35,1,0
1095,73.00,40.41,44.85,49.30,53.74,58.19,62.63,67.07,71.52,75.96,80.41,60.41,0.000,0.9750,13.07,21.07,HOLD,0,35,1,0
1096,73.07,40.41,44.85,49.30,53.74,58.19,62.63,67.07,71.52,75.96,80.41,60.41,0.000,0.9750,13.07,21.07,HOLD,0,35,1,0
1097,73.13,40.41,44.85,49.30,53.74,58.19,62.63,67.07,71.52,75.96,80.41,60.41,0.000,0.9750,13.07,21.07,HOLD,0,35,1,0
1098,73.20,40.41,44.85,49.30,53.74,58.19,62.63,67.07,71.52,75.96,80.41,60.41,0.000,0.9750,13.07,21.07,HOLD,0,35,1,0
1099,73.27,40.41,44.85,49.30,53.74,58.19,62.63,67.07,71.52,75.96,80.41,60.41,0.000,0.9750,13.07,21.07,HOLD,0,35,1,0
1100,73.33,40.41,44.85,49.30,53.74,58.19,62.63,67.07,71.52,75.96,80.41,60.41,0.000,0.9750,13.07,21.07,HOLD,0,35,1,0
1101,73.40,40.41,44.85,49.30,53.74,58.19,62.63,67.07,71.52,75.96,80.41,60.41,0.000,0.9750,13.07,21.07,HOLD,0,35,1,0
1102,73.47,40.41,44.85,49.30,53.74,58.19,62.63,67.07,71.52,75.96,80.41,60.41,0.000,0.9750,13.07,21.07,HOLD,0,35,1,0
1103,73.53,40.41,44.85,49.30,53.74,58.19,62.63,67.07,71.52,75.96,80.41,60.41,0.000,0.9750,13.07,21.07,HOLD,0,35,1,0
1104,73.60,40.41,44.85,49.30,53.74,58.19,62.63,67.07,71.52,75.96,80.41,60.41,0.000,0.9750,13.07,21.07,HOLD,0,35,1,0
1105,73.67,40.41,44.85,49.30,53.74,58.19,62.63,67.07,71.52,75.96,80.41,60.41,0.000,0.9750,13.07,21.07,HOLD,0,35,1,0
1106,73.73,40.41,44.85,49.30,53.74,58.19,62.63,67.07,71.52,75.96,80.41,60.41,0.000,0.9750,13.07,21.07,HOLD,0,35,1,0
1107,73.80,40.41,44.85,49.30,53.74,58.19,62.63,67.07,71.52,75.96,80.41,60.41,0.000,0.9750,13.07,21.07,HOLD,0,35,1,0
1108,73.87,40.41,44.85,49.30,53.74,58.19,62.63,67.07,71.52,75.96,80.41,60.41,0.000,0.9750,13.07,21.07,HOLD,0,35,1,0
1109,73.93,40.41,44.85,49.30,53.74,58.19,62.63,67.07,71.52,75.96,80.41,60.41,0.000,0.9750,13.07,21.07,HOLD,0,35,1,0
1110,74.00,40.41,44.85,49.30,53.74,58.19,62.63,67.07,71.52,75.96,80.41,60.41,0.000,0.9750,13.07,21.07,HOLD,0,35,1,0
1111,74.07,40.41,44.85,49.30,53.74,58.19,62.63,67.07,71.52,75.96,80.41,60.41,0.000,0.9750,13.07,21.07,HOLD,0,35,1,0
1112,74.13,40.41,44.85,49.30,53.74,58.19,62.63,67.07,71.52,75.96,80.41,60.41,0.000,0.9750,13.07,21.07,HOLD,0,35,1,0
1113,74.20,40.41,44.85,49.30,53.74,58.19,62.63,67.07,71.52,75.96,80.41,60.41,0.000,0.9750,13.07,21.07,HOLD,0,35,1,0
1114,74.27,40.41,44.85,49.30,53.74,58.19,62.63,67.07,71.52,75.96,80.41,60.41,0.000,0.9750,13.07,21.07,HOLD,0,35,1,0
1115,74.33,40.41,44.85,49.30,53.74,58.19,62.63,67.07,71.52,75.96,80.41,60.41,0.000,0.9750,13.07,21.07,HOLD,0,35,1,0
1116,74.40,40.41,44.85,49.30,53.74,58.19,62.63,67.07,71.52,75.96,80.41,60.41,0.000,0.9750,13.07,21.07,HOLD,0,35,1,0
1117,74.47,40.41,44.85,49.30,53.74,58.19,62.63,67.07,71.52,75.96,80.41,60.41,0.000,0.9750,13.07,21.07,HOLD,0,35,1,0
1118,74.53,40.41,44.85,49.30,53.74,58.19,62.63,67.07,71.52,75.96,80.41,60.41,0.000,0.9750,13.07,21.07,HOLD,0,35,1,0
1119,74.60,40.41,44.85,49.30,53.74,58.19,62.63,67.07,71.52,75.96,80.41,60.41,0.000,0.9750,13.07,21.07,HOLD,0,35,1,0
1120,74.67,40.41,44.85,49.30,53.74,58.19,62.63,67.07,71.52,75.96,80.41,60.41,0.000,0.9750,13.07,21.07,HOLD,0,35,1,0
1121,74.73,40.41,44.85,49.30,53.74,58.19,62.63,67.07,71.52,75.96,80.41,60.41,0.000,0.9750,13.07,21.07,HOLD,0,35,1,0
1122,74.80,40.41,44.85,49.30,53.74,58.19,62.63,67.07,71.52,75.96,80.41,60.41,0.000,0.9750,13.07,21.07,HOLD,0,35,1,0
1123,74.87,40.41,44.85,49.30,53.74,58.19,62.63,67.07,71.52,75.96,80.41,60.41,0.000,0.9750,13.07,21.07,HOLD,0,35,1,0
1124,74.93,40.41,44.85,49.30,53.74,58.19,62.63,67.07,71.52,75.96,80.41,60.41,0.000,0.9750,13.07,21.07,HOLD,0,35,1,0
1125,75.00,40.41,44.85,49.30,53.74,58.19,62.63,67.07,71.52,75.96,80.41,60.41,0.000,0.9750,13.07,21.07,HOLD,0,35,1,0
1126,75.07,40.41,44.85,49.30,53.74,58.19,62.63,67.07,71.52,75.96,80.41,60.41,0.000,0.9750,13.07,21.07,HOLD,0,35,1,0
1127,75.13,40.41,44.85,49.30,53.74,58.19,62.63,67.07,71.52,75.96,80.41,60.41,0.000,0.9750,13.07,21.07,HOLD,0,35,1,0
1128,75.20,40.41,44.85,49.30,53.74,58.19,62.63,67.07,71.52,75.96,80.41,60.41,0.000,0.9750,13.07,21.07,HOLD,0,35,1,0
1129,75.27,40.41,44.85,49.30,53.74,58.19,62.63,67.07,71.52,75.96,80.41,60.41,0.000,0.9750,13.07,21.07,HOLD,0,35,1,0
1130,75.33,40.41,44.85,49.30,53.74,58.19,62.63,67.07,71.52,75.96,80.41,60.41,0.000,0.9750,13.07,21.07,HOLD,0,35,1,0
1131,75.40,40.41,44.85,49.30,53.74,58.19,62.63,67.07,71.52,75.96,80.41,60.41,0.000,0.9750,13.07,21.07,HOLD,0,35,1,0
1132,75.47,40.41,44.85,49.30,53.74,58.19,62.63,67.07,71.52,75.96,80.41,60.41,0.000,0.9750,13.07,21.07,HOLD,0,35,1,0
1133,75.53,40.41,44.85,49.30,53.74,58.19,62.63,67.07,71.52,75.96,80.41,60.41,0.000,0.9750,13.07,21.07,HOLD,0,35,1,0
1134,75.60,40.41,44.85,49.30,53.74,58.19,62.63,67.07,71.52,75.96,80.41,60.41,0.000,0.9750,13.07,21.07,HOLD,0,35,1,0
1135,75.67,40.41,44.85,49.30,53.74,58.19,62.63,67.07,71.52,75.96,80.41,60.41,0.000,0.9750,13.07,21.07,HOLD,0,35,1,0
1136,75.73,40.41,44.85,49.30,53.74,58.19,62.63,67.07,71.52,75.96,80.41,60.41,0.000,0.9750,13.07,21.07,HOLD,0,35,1,0
1137,75.80,40.41,44.85,49.30,53.74,58.19,62.63,67.07,71.52,75.96,80.41,60.41,0.000,0.9750,13.07,21.07,HOLD,0,35,1,0
1138,75.87,40.41,44.85,49.30,53.74,58.19,62.63,67.07,71.52,75.96,80.41,60.41,0.000,0.9750,13.07,21.07,HOLD,0,35,1,0
1139,75.93,40.41,44.85,49.30,53.74,58.19,62.63,67.07,71.52,75.96,80.41,60.41,0.000,0.9750,13.07,21.07,HOLD,0,35,1,0
1140,76.00,40.41,44.85,49.30,53.74,58.19,62.63,67.07,71.52,75.96,80.41,60.41,0.000,0.9750,13.07,21.07,HOLD,0,35,1,0
1141,76.07,40.41,44.85,49.30,53.74,58.19,62.63,67.07,71.52,75.96,80.41,60.41,0.000,0.9750,13.07,21.07,HOLD,0,35,1,0
1142,76.13,40.41,44.85,49.30,53.74,58.19,62.63,67.07,71.52,75.96,80.41,60.41,0.000,0.9750,13.07,21.07,HOLD,0,35,1,0
1143,76.20,40.41,44.85,49.30,53.74,58.19,62.63,67.07,71.52,75.96,80.41,60.41,0.000,0.9750,13.07,21.07,HOLD,0,35,1,0
1144,76.27,40.41,44.85,49.30,53.74,58.19,62.63,67.07,71.52,75.96,80.41,60.41,0.000,0.9750,13.07,21.07,HOLD,0,35,1,0
1145,76.33,40.41,44.85,49.30,53.74,58.19,62.63,67.07,71.52,75.96,80.41,60.41,0.000,0.9750,13.07,21.07,HOLD,0,35,1,0
1146,76.40,40.41,44.85,49.30,53.74,58.19,62.63,67.07,71.52,75.96,80.41,60.41,0.000,0.9750,13.07,21.07,HOLD,0,35,1,0
1147,76.47,40.41,44.85,49.30,53.74,58.19,62.63,67.07,71.52,75.96,80.41,60.41,0.000,0.9750,13.07,21.07,HOLD,0,35,1,0
1148,76.53,40.41,44.85,49.30,53.74,58.19,62.63,67.07,71.52,75.96,80.41,60.41,0.000,0.9750,13.07,21.07,HOLD,0,35,1,0
1149,76.60,40.41,44.85,49.30,53.74,58.19,62.63,67.07,71.52,75.96,80.41,60.41,0.000,0.9750,13.07,21.07,HOLD,0,35,1,0
1150,76.67,40.41,44.85,49.30,53.74,58.19,62.63,67.07,71.52,75.96,80.41,60.41,0.000,0.9750,13.07,21.07,HOLD,0,35,1,0
1151,76.73,40.41,44.85,49.30,53.74,58.19,62.63,67.07,71.52,75.96,80.41,60.41,0.000,0.9750,13.07,21.07,HOLD,0,35,1,0
1152,76.80,40.41,44.85,49.30,53.74,58.19,62.63,67.07,71.52,75.96,80.41,60.41,0.000,0.9750,13.07,21.07,HOLD,0,35,1,0
1153,76.87,40.41,44.85,49.30,53.74,58.19,62.63,67.07,71.52,75.96,80.41,60.41,0.000,0.9750,13.07,21.07,HOLD,0,35,1,0
1154,76.93,40.41,44.85,49.30,53.74,58.19,62.63,67.07,71.52,75.96,80.41,60.41,0.000,0.9750,13.07,21.07,HOLD,0,35,1,0
1155,77.00,40.41,44.85,49.30,53.74,58.19,62.63,67.07,71.52,75.96,80.41,60.41,0.000,0.9750,13.07,21.07,HOLD,0,35,1,0
1156,77.07,40.41,44.85,49.30,53.74,58.19,62.63,67.07,71.52,75.96,80.41,60.41,0.000,0.9750,13.07,21.07,HOLD,0,35,1,0
1157,77.13,40.41,44.85,49.30,53.74,58.19,62.63,67.07,71.52,75.96,80.41,60.41,0.000,0.9750,13.07,21.07,HOLD,0,35,1,0
1158,77.20,40.41,44.85,49.30,53.74,58.19,62.63,67.07,71.52,75.96,80.41,60.41,0.000,0.9750,13.07,21.07,HOLD,0,35,1,0
1159,77.27,40.41,44.85,49.30,53.74,58.19,62.63,67.07,71.52,75.96,80.41,60.41,0.000,0.9750,13.07,21.07,HOLD,0,35,1,0
1160,77.33,40.41,44.85,49.30,53.74,58.19,62.63,67.07,71.52,75.96,80.41,60.41,0.000,0.9750,13.07,21.07,HOLD,0,35,1,0
1161,77.40,40.41,44.85,49.30,53.74,58.19,62.63,67.07,71.52,75.96,80.41,60.41,0.000,0.9750,13.07,21.07,HOLD,0,35,1,0
1162,77.47,40.41,44.85,49.30,53.74,58.19,62.63,67.07,71.52,75.96,80.41,60.41,0.000,0.9750,13.07,21.07,HOLD,0,35,1,0
1163,77.53,40.41,44.85,49.30,53.74,58.19,62.63,67.07,71.52,75.96,80.41,60.41,0.000,0.9750,13.07,21.07,HOLD,0,35,1,0
1164,77.60,40.41,44.85,49.30,53.74,58.19,62.63,67.07,71.52,75.96,80.41,60.41,0.000,0.9750,13.07,21.07,HOLD,0,35,1,0
1165,77.67,40.41,44.85,49.30,53.74,58.19,62.63,67.07,71.52,75.96,80.41,60.41,0.000,0.9750,13.07,21.07,HOLD,0,35,1,0
1166,77.73,40.41,44.85,49.30,53.74,58.19,62.63,67.07,71.52,75.96,80.41,60.41,0.000,0.9750,13.07,21.07,HOLD,0,35,1,0
1167,77.80,40.41,44.85,49.30,53.74,58.19,62.63,67.07,71.52,75.96,80.41,60.41,0.000,0.9750,13.07,21.07,HOLD,0,35,1,0
1168,77.87,40.41,44.85,49.30,53.74,58.19,62.63,67.07,71.52,75.96,80.41,60.41,0.000,0.9750,13.07,21.07,HOLD,0,35,1,0
1169,77.93,40.41,44.85,49.30,53.74,58.19,62.63,67.07,71.52,75.96,80.41,60.41,0.000,0.9750,13.07,21.07,HOLD,0,35,1,0
1170,78.00,40.41,44.85,49.30,53.74,58.19,62.63,67.07,71.52,75.96,80.41,60.41,0.000,0.9750,13.07,21.07,HOLD,0,35,1,0
1171,78.07,40.41,44.85,49.30,53.74,58.19,62.63,67.07,71.52,75.96,80.41,60.41,0.000,0.9750,13.07,21.07,HOLD,0,35,1,0
1172,78.13,40.41,44.85,49.30,53.74,58.19,62.63,67.07,71.52,75.96,80.41,60.41,0.000,0.9750,13.07,21.07,HOLD,0,35,1,0
1173,78.20,40.41,44.85,49.30,53.74,58.19,62.63,67.07,71.52,75.96,80.41,60.41,0.000,0.9750,13.07,21.07,HOLD,0,35,1,0
1174,78.27,40.41,44.85,49.30,53.74,58.19,62.63,67.07,71.52,75.96,80.41,60.41,0.000,0.9750,13.07,21.07,HOLD,0,35,1,0
1175,78.33,40.41,44.85,49.30,53.74,58.19,62.63,67.07,71.52,75.96,80.41,60.41,0.000,0.9750,13.07,21.07,HOLD,0,35,1,0
1176,78.40,40.41,44.85,49.30,53.74,58.19,62.63,67.07,71.52,75.96,80.41,60.41,0.000,0.9750,13.07,21.07,HOLD,0,35,1,0
1177,78.47,40.41,44.85,49.30,53.74,58.19,62.63,67.07,71.52,75.96,80.41,60.41,0.000,0.9750,13.07,21.07,HOLD,0,35,1,0
1178,78.53,40.41,44.85,49.30,53.74,58.19,62.63,67.07,71.52,75.96,80.41,60.41,0.000,0.9750,13.07,21.07,HOLD,0,35,1,0
1179,78.60,40.41,44.85,49.30,53.74,58.19,62.63,67.07,71.52,75.96,80.41,60.41,0.000,0.9750,13.07,21.07,HOLD,0,35,1,0
1180,78.67,40.41,44.85,49.30,53.74,58.19,62.63,67.07,71.52,75.96,80.41,60.41,0.000,0.9750,13.07,21.07,HOLD,0,35,1,0
1181,78.73,40.41,44.85,49.30,53.74,58.19,62.63,67.07,71.52,75.96,80.41,60.41,0.000,0.9750,13.07,21.07,HOLD,0,35,1,0
1182,78.80,40.41,44.85,49.30,53.74,58.19,62.63,67.07,71.52,75.96,80.41,60.41,0.000,0.9750,13.07,21.07,HOLD,0,35,1,0
1183,78.87,40.41,44.85,49.30,53.74,58.19,62.63,67.07,71.52,75.96,80.41,60.41,0.000,0.9750,13.07,21.07,HOLD,0,35,1,0
1184,78.93,40.41,44.85,49.30,53.74,58.19,62.63,67.07,71.52,75.96,80.41,60.41,0.000,0.9750,13.07,21.07,HOLD,0,35,1,0
1185,79.00,40.41,44.85,49.30,53.74,58.19,62.63,67.07,71.52,75.96,80.41,60.41,0.000,0.9750,13.07,21.07,HOLD,0,35,1,0
1186,79.07,40.41,44.85,49.30,53.74,58.19,62.63,67.07,71.52,75.96,80.41,60.41,0.000,0.9750,13.07,21.07,HOLD,0,35,1,0
1187,79.13,40.41,44.85,49.30,53.74,58.19,62.63,67.07,71.52,75.96,80.41,60.41,0.000,0.9750,13.07,21.07,HOLD,0,35,1,0
1188,79.20,40.41,44.85,49.30,53.74,58.19,62.63,67.07,71.52,75.96,80.41,60.41,0.000,0.9750,13.07,21.07,HOLD,0,35,1,0
1189,79.27,40.41,44.85,49.30,53.74,58.19,62.63,67.07,71.52,75.96,80.41,60.41,0.000,0.9750,13.07,21.07,HOLD,0,35,1,0
1190,79.33,40.41,44.85,49.30,53.74,58.19,62.63,67.07,71.52,75.96,80.41,60.41,0.000,0.9750,13.07,21.07,HOLD,0,35,1,0
1191,79.40,40.41,44.85,49.30,53.74,58.19,62.63,67.07,71.52,75.96,80.41,60.41,0.000,0.9750,13.07,21.07,HOLD,0,35,1,0
1192,79.47,40.41,44.85,49.30,53.74,58.19,62.63,67.07,71.52,75.96,80.41,60.41,0.000,0.9750,13.07,21.07,HOLD,0,35,1,0
1193,79.53,40.41,44.85,49.30,53.74,58.19,62.63,67.07,71.52,75.96,80.41,60.41,0.000,0.9750,13.07,21.07,HOLD,0,35,1,0
1194,79.60,40.41,44.85,49.30,53.74,58.19,62.63,67.07,71.52,75.96,80.41,60.41,0.000,0.9750,13.07,21.07,HOLD,0,35,1,0
1195,79.67,40.41,44.85,49.30,53.74,58.19,62.63,67.07,71.52,75.96,80.41,60.41,0.000,0.9750,13.07,21.07,HOLD,0,35,1,0
1196,79.73,40.41,44.85,49.30,53.74,58.19,62.63,67.07,71.52,75.96,80.41,60.41,0.000,0.9750,13.07,21.07,HOLD,0,35,1,0
1197,79.80,40.41,44.85,49.30,53.74,58.19,62.63,67.07,71.52,75.96,80.41,60.41,0.000,0.9750,13.07,21.07,HOLD,0,35,1,0
1198,79.87,40.41,44.85,49.30,53.74,58.19,62.63,67.07,71.52,75.96,80.41,60.41,0.000,0.9750,13.07,21.07,HOLD,0,35,1,0
1199,79.93,40.41,44.85,49.30,53.74,58.19,62.63,67.07,71.52,75.96,80.41,60.41,0.000,0.9750,13.07,21.07,HOLD,0,35,1,0
1200,80.00,40.41,44.85,49.30,53.74,58.19,62.63,67.07,71.52,75.96,80.41,60.41,0.000,0.9750,13.07,21.07,HOLD,0,35,1,0
1201,80.07,40.41,44.85,49.30,53.74,58.19,62.63,67.07,71.52,75.96,80.41,60.41,0.000,0.9750,13.07,21.07,HOLD,0,35,1,0
1202,80.13,40.41,44.85,49.30,53.74,58.19,62.63,67.07,71.52,75.96,80.41,60.41,0.000,0.9750,13.07,21.07,HOLD,0,35,1,0
1203,80.20,40.41,44.85,49.30,53.74,58.19,62.63,67.07,71.52,75.96,80.41,60.41,0.000,0.9750,13.07,21.07,HOLD,0,35,1,0
1204,80.27,40.41,44.85,49.30,53.74,58.19,62.63,67.07,71.52,75.96,80.41,60.41,0.000,0.9750,13.07,21.07,HOLD,0,35,1,0
1205,80.33,40.41,44.85,49.30,53.74,58.19,62.63,67.07,71.52,75.96,80.41,60.41,0.000,0.9750,13.07,21.07,HOLD,0,35,1,0
1206,80.40,40.41,44.85,49.30,53.74,58.19,62.63,67.07,71.52,75.96,80.41,60.41,0.000,0.9750,13.07,21.07,HOLD,0,35,1,0
1207,80.47,40.41,44.85,49.30,53.74,58.19,62.63,67.07,71.52,75.96,80.41,60.41,0.000,0.9750,13.07,21.07,HOLD,0,35,1,0
1208,80.53,40.41,44.85,49.30,53.74,58.19,62.63,67.07,71.52,75.96,80.41,60.41,0.000,0.9750,13.07,21.07,HOLD,0,35,1,0
1209,80.60,40.41,44.85,49.30,53.74,58.19,62.63,67.07,71.52,75.96,80.41,60.41,0.000,0.9750,13.07,21.07,HOLD,0,35,1,0
1210,80.67,40.41,44.85,49.30,53.74,58.19,62.63,67.07,71.52,75.96,80.41,60.41,0.000,0.9750,13.07,21.07,HOLD,0,35,1,0
1211,80.73,40.41,44.85,49.30,53.74,58.19,62.63,67.07,71.52,75.96,80.41,60.41,0.000,0.9750,13.07,21.07,HOLD,0,35,1,0
1212,80.80,40.41,44.85,49.30,53.74,58.19,62.63,67.07,71.52,75.96,80.41,60.41,0.000,0.9750,13.07,21.07,HOLD,0,35,1,0
1213,80.87,40.41,44.85,49.30,53.74,58.19,62.63,67.07,71.52,75.96,80.41,60.41,0.000,0.9750,13.07,21.07,HOLD,0,35,1,0
1214,80.93,40.41,44.85,49.30,53.74,58.19,62.63,67.07,71.52,75.96,80.41,60.41,0.000,0.9750,13.07,21.07,HOLD,0,35,1,0
1215,81.00,40.41,44.85,49.30,53.74,58.19,62.63,67.07,71.52,75.96,80.41,60.41,0.000,0.9750,13.07,21.07,HOLD,0,35,1,0
1216,81.07,40.41,44.85,49.30,53.74,58.19,62.63,67.07,71.52,75.96,80.41,60.41,0.000,0.9750,13.07,21.07,HOLD,0,35,1,0
1217,81.13,40.41,44.85,49.30,53.74,58.19,62.63,67.07,71.52,75.96,80.41,60.41,0.000,0.9750,13.07,21.07,HOLD,0,35,1,0
1218,81.20,40.41,44.85,49.30,53.74,58.19,62.63,67.07,71.52,75.96,80.41,60.41,0.000,0.9750,13.07,21.07,HOLD,0,35,1,0
1219,81.27,40.41,44.85,49.30,53.74,58.19,62.63,67.07,71.52,75.96,80.41,60.41,0.000,0.9750,13.07,21.07,HOLD,0,35,1,0
1220,81.33,40.41,44.85,49.30,53.74,58.19,62.63,67.07,71.52,75.96,80.41,60.41,0.000,0.9750,13.07,21.07,HOLD,0,35,1,0
1221,81.40,40.41,44.85,49.30,53.74,58.19,62.63,67.07,71.52,75.96,80.41,60.41,0.000,0.9750,13.07,21.07,HOLD,0,35,1,0
1222,81.47,40.41,44.85,49.30,53.74,58.19,62.63,67.07,71.52,75.96,80.41,60.41,0.000,0.9750,13.07,21.07,HOLD,0,35,1,0
1223,81.53,40.41,44.85,49.30,53.74,58.19,62.63,67.07,71.52,75.96,80.41,60.41,0.000,0.9750,13.07,21.07,HOLD,0,35,1,0
1224,81.60,40.41,44.85,49.30,53.74,58.19,62.63,67.07,71.52,75.96,80.41,60.41,0.000,0.9750,13.07,21.07,HOLD,0,35,1,0
1225,81.67,40.41,44.85,49.30,53.74,58.19,62.63,67.07,71.52,75.96,80.41,60.41,0.000,0.9750,13.07,21.07,HOLD,0,35,1,0
1226,81.73,40.41,44.85,49.30,53.74,58.19,62.63,67.07,71.52,75.96,80.41,60.41,0.000,0.9750,13.07,21.07,HOLD,0,35,1,0
1227,81.80,40.41,44.85,49.30,53.74,58.19,62.63,67.07,71.52,75.96,80.41,60.41,0.000,0.9750,13.07,21.07,HOLD,0,35,1,0
1228,81.87,40.41,44.85,49.30,53.74,58.19,62.63,67.07,71.52,75.96,80.41,60.41,0.000,0.9750,13.07,21.07,HOLD,0,35,1,0
1229,81.93,40.41,44.85,49.30,53.74,58.19,62.63,67.07,71.52,75.96,80.41,60.41,0.000,0.9750,13.07,21.07,HOLD,0,35,1,0
1230,82.00,40.41,44.85,49.30,53.74,58.19,62.63,67.07,71.52,75.96,80.41,60.41,0.000,0.9750,13.07,21.07,HOLD,0,35,1,0
1231,82.07,40.41,44.85,49.30,53.74,58.19,62.63,67.07,71.52,75.96,80.41,60.41,0.000,0.9750,13.07,21.07,HOLD,0,35,1,0
1232,82.13,40.41,44.85,49.30,53.74,58.19,62.63,67.07,71.52,75.96,80.41,60.41,0.000,0.9750,13.07,21.07,HOLD,0,35,1,0
1233,82.20,40.41,44.85,49.30,53.74,58.19,62.63,67.07,71.52,75.96,80.41,60.41,0.000,0.9750,13.07,21.07,HOLD,0,35,1,0
1234,82.27,40.41,44.85,49.30,53.74,58.19,62.63,67.07,71.52,75.96,80.41,60.41,0.000,0.9750,13.07,21.07,HOLD,0,35,1,0
1235,82.33,40.41,44.85,49.30,53.74,58.19,62.63,67.07,71.52,75.96,80.41,60.41,0.000,0.9750,13.07,21.07,HOLD,0,35,1,0
1236,82.40,40.41,44.85,49.30,53.74,58.19,62.63,67.07,71.52,75.96,80.41,60.41,0.000,0.9750,13.07,21.07,HOLD,0,35,1,0
1237,82.47,40.41,44.85,49.30,53.74,58.19,62.63,67.07,71.52,75.96,80.41,60.41,0.000,0.9750,13.07,21.07,HOLD,0,35,1,0
1238,82.53,40.41,44.85,49.30,53.74,58.19,62.63,67.07,71.52,75.96,80.41,60.41,0.000,0.9750,13.07,21.07,HOLD,0,35,1,0
1239,82.60,40.41,44.85,49.30,53.74,58.19,62.63,67.07,71.52,75.96,80.41,60.41,0.000,0.9750,13.07,21.07,HOLD,0,35,1,0
1240,82.67,40.41,44.85,49.30,53.74,58.19,62.63,67.07,71.52,75.96,80.41,60.41,0.000,0.9750,13.07,21.07,HOLD,0,35,1,0
1241,82.73,40.41,44.85,49.30,53.74,58.19,62.63,67.07,71.52,75.96,80.41,60.41,0.000,0.9750,13.07,21.07,HOLD,0,35,1,0
1242,82.80,40.41,44.85,49.30,53.74,58.19,62.63,67.07,71.52,75.96,80.41,60.41,0.000,0.9750,13.07,21.07,HOLD,0,35,1,0
1243,82.87,40.41,44.85,49.30,53.74,58.19,62.63,67.07,71.52,75.96,80.41,60.41,0.000,0.9750,13.07,21.07,HOLD,0,35,1,0
1244,82.93,40.41,44.85,49.30,53.74,58.19,62.63,67.07,71.52,75.96,80.41,60.41,0.000,0.9750,13.07,21.07,HOLD,0,35,1,0
1245,83.00,40.41,44.85,49.30,53.74,58.19,62.63,67.07,71.52,75.96,80.41,60.41,0.000,0.9750,13.07,21.07,HOLD,0,35,1,0
1246,83.07,40.41,44.85,49.30,53.74,58.19,62.63,67.07,71.52,75.96,80.41,60.41,0.000,0.9750,13.07,21.07,HOLD,0,35,1,0
1247,83.13,40.41,44.85,49.30,53.74,58.19,62.63,67.07,71.52,75.96,80.41,60.41,0.000,0.9750,13.07,21.07,HOLD,0,35,1,0
1248,83.20,40.41,44.85,49.30,53.74,58.19,62.63,67.07,71.52,75.96,80.41,60.41,0.000,0.9750,13.07,21.07,HOLD,0,35,1,0
1249,83.27,40.41,44.85,49.30,53.74,58.19,62.63,67.07,71.52,75.96,80.41,60.41,0.000,0.9750,13.07,21.07,HOLD,0,35,1,0
1250,83.33,40.41,44.85,49.30,53.74,58.19,62.63,67.07,71.52,75.96,80.41,60.41,0.000,0.9750,13.07,21.07,HOLD,0,35,1,0
1251,83.40,40.41,44.85,49.30,53.74,58.19,62.63,67.07,71.52,75.96,80.41,60.41,0.000,0.9750,13.07,21.07,HOLD,0,35,1,0
1252,83.47,40.41,44.85,49.30,53.74,58.19,62.63,67.07,71.52,75.96,80.41,60.41,0.000,0.9750,13.07,21.07,HOLD,0,35,1,0
1253,83.53,40.41,44.85,49.30,53.74,58.19,62.63,67.07,71.52,75.96,80.41,60.41,0.000,0.9750,13.07,21.07,HOLD,0,35,1,0
1254,83.60,40.41,44.85,49.30,53.74,58.19,62.63,67.07,71.52,75.96,80.41,60.41,0.000,0.9750,13.07,21.07,HOLD,0,35,1,0
1255,83.67,40.41,44.85,49.30,53.74,58.19,62.63,67.07,71.52,75.96,80.41,60.41,0.000,0.9750,13.07,21.07,HOLD,0,35,1,0
1256,83.73,40.41,44.85,49.30,53.74,58.19,62.63,67.07,71.52,75.96,80.41,60.41,0.000,0.9750,13.07,21.07,HOLD,0,35,1,0
1257,83.80,40.41,44.85,49.30,53.74,58.19,62.63,67.07,71.52,75.96,80.41,60.41,0.000,0.9750,13.07,21.07,HOLD,0,35,1,0
1258,83.87,40.41,44.85,49.30,53.74,58.19,62.63,67.07,71.52,75.96,80.41,60.41,0.000,0.9750,13.07,21.07,HOLD,0,35,1,0
1259,83.93,40.41,44.85,49.30,53.74,58.19,62.63,67.07,71.52,75.96,80.41,60.41,0.000,0.9750,13.07,21.07,HOLD,0,35,1,0
1260,84.00,40.41,44.85,49.30,53.74,58.19,62.63,67.07,71.52,75.96,80.41,60.41,0.000,0.9750,13.07,21.07,HOLD,0,35,1,0
1261,84.07,40.41,44.85,49.30,53.74,58.19,62.63,67.07,71.52,75.96,80.41,60.41,0.000,0.9750,13.07,21.07,HOLD,0,35,1,0
1262,84.13,40.41,44.85,49.30,53.74,58.19,62.63,67.07,71.52,75.96,80.41,60.41,0.000,0.9750,13.07,21.07,HOLD,0,35,1,0
1263,84.20,40.41,44.85,49.30,53.74,58.19,62.63,67.07,71.52,75.96,80.41,60.41,0.000,0.9750,13.07,21.07,HOLD,0,35,1,0
1264,84.27,40.41,44.85,49.30,53.74,58.19,62.63,67.07,71.52,75.96,80.41,60.41,0.000,0.9750,13.07,21.07,HOLD,0,35,1,0
1265,84.33,40.41,44.85,49.30,53.74,58.19,62.63,67.07,71.52,75.96,80.41,60.41,0.000,0.9750,13.07,21.07,HOLD,0,35,1,0
1266,84.40,40.41,44.85,49.30,53.74,58.19,62.63,67.07,71.52,75.96,80.41,60.41,0.000,0.9750,13.07,21.07,HOLD,0,35,1,0
1267,84.47,40.41,44.85,49.30,53.74,58.19,62.63,67.07,71.52,75.96,80.41,60.41,0.000,0.9750,13.07,21.07,HOLD,0,35,1,0
1268,84.53,40.41,44.85,49.30,53.74,58.19,62.63,67.07,71.52,75.96,80.41,60.41,0.000,0.9750,13.07,21.07,HOLD,0,35,1,0
1269,84.60,40.41,44.85,49.30,53.74,58.19,62.63,67.07,71.52,75.96,80.41,60.41,0.000,0.9750,13.07,21.07,HOLD,0,35,1,0
1270,84.67,40.41,44.85,49.30,53.74,58.19,62.63,67.07,71.52,75.96,80.41,60.41,0.000,0.9750,13.07,21.07,HOLD,0,35,1,0
1271,84.73,40.41,44.85,49.30,53.74,58.19,62.63,67.07,71.52,75.96,80.41,60.41,0.000,0.9750,13.07,21.07,HOLD,0,35,1,0
1272,84.80,40.41,44.85,49.30,53.74,58.19,62.63,67.07,71.52,75.96,80.41,60.41,0.000,0.9750,13.07,21.07,HOLD,0,35,1,0
1273,84.87,40.41,44.85,49.30,53.74,58.19,62.63,67.07,71.52,75.96,80.41,60.41,0.000,0.9750,13.07,21.07,HOLD,0,35,1,0
1274,84.93,40.41,44.85,49.30,53.74,58.19,62.63,67.07,71.52,75.96,80.41,60.41,0.000,0.9750,13.07,21.07,HOLD,0,35,1,0
1275,85.00,40.41,44.85,49.30,53.74,58.19,62.63,67.07,71.52,75.96,80.41,60.41,0.000,0.9750,13.07,21.07,HOLD,0,35,1,0
1276,85.07,40.41,44.85,49.30,53.74,58.19,62.63,67.07,71.52,75.96,80.41,60.41,0.000,0.9750,13.07,21.07,HOLD,0,35,1,0
1277,85.13,40.41,44.85,49.30,53.74,58.19,62.63,67.07,71.52,75.96,80.41,60.41,0.000,0.9750,13.07,21.07,HOLD,0,35,1,0
1278,85.20,40.41,44.85,49.30,53.74,58.19,62.63,67.07,71.52,75.96,80.41,60.41,0.000,0.9750,13.07,21.07,HOLD,0,35,1,0
1279,85.27,40.41,44.85,49.30,53.74,58.19,62.63,67.07,71.52,75.96,80.41,60.41,0.000,0.9750,13.07,21.07,HOLD,0,35,1,0
1280,85.33,40.41,44.85,49.30,53.74,58.19,62.63,67.07,71.52,75.96,80.41,60.41,0.000,0.9750,13.07,21.07,HOLD,0,35,1,0
1281,85.40,40.41,44.85,49.30,53.74,58.19,62.63,67.07,71.52,75.96,80.41,60.41,0.000,0.9750,13.07,21.07,HOLD,0,35,1,0
1282,85.47,40.41,44.85,49.30,53.74,58.19,62.63,67.07,71.52,75.96,80.41,60.41,0.000,0.9750,13.07,21.07,HOLD,0,35,1,0
1283,85.53,40.41,44.85,49.30,53.74,58.19,62.63,67.07,71.52,75.96,80.41,60.41,0.000,0.9750,13.07,21.07,HOLD,0,35,1,0
1284,85.60,40.41,44.85,49.30,53.74,58.19,62.63,67.07,71.52,75.96,80.41,60.41,0.000,0.9750,13.07,21.07,HOLD,0,35,1,0
1285,85.67,40.41,44.85,49.30,53.74,58.19,62.63,67.07,71.52,75.96,80.41,60.41,0.000,0.9750,13.07,21.07,HOLD,0,35,1,0
1286,85.73,40.41,44.85,49.30,53.74,58.19,62.63,67.07,71.52,75.96,80.41,60.41,0.000,0.9750,13.07,21.07,HOLD,0,35,1,0
1287,85.80,40.41,44.85,49.30,53.74,58.19,62.63,67.07,71.52,75.96,80.41,60.41,0.000,0.9750,13.07,21.07,HOLD,0,35,1,0
1288,85.87,40.41,44.85,49.30,53.74,58.19,62.63,67.07,71.52,75.96,80.41,60.41,0.000,0.9750,13.07,21.07,HOLD,0,35,1,0
1289,85.93,40.41,44.85,49.30,53.74,58.19,62.63,67.07,71.52,75.96,80.41,60.41,0.000,0.9750,13.07,21.07,HOLD,0,35,1,0
1290,86.00,40.41,44.85,49.30,53.74,58.19,62.63,67.07,71.52,75.96,80.41,60.41,0.000,0.9750,13.07,21.07,HOLD,0,35,1,0
1291,86.07,40.41,44.85,49.30,53.74,58.19,62.63,67.07,71.52,75.96,80.41,60.41,0.000,0.9750,13.07,21.07,HOLD,0,35,1,0
1292,86.13,40.41,44.85,49.30,53.74,58.19,62.63,67.07,71.52,75.96,80.41,60.41,0.000,0.9750,13.07,21.07,HOLD,0,35,1,0
1293,86.20,40.41,44.85,49.30,53.74,58.19,62.63,67.07,71.52,75.96,80.41,60.41,0.000,0.9750,13.07,21.07,HOLD,0,35,1,0
1294,86.27,40.41,44.85,49.30,53.74,58.19,62.63,67.07,71.52,75.96,80.41,60.41,0.000,0.9750,13.07,21.07,HOLD,0,35,1,0
1295,86.33,40.41,44.85,49.30,53.74,58.19,62.63,67.07,71.52,75.96,80.41,60.41,0.000,0.9750,13.07,21.07,HOLD,0,35,1,0
1296,86.40,40.41,44.85,49.30,53.74,58.19,62.63,67.07,71.52,75.96,80.41,60.41,0.000,0.9750,13.07,21.07,HOLD,0,35,1,0
1297,86.47,40.41,44.85,49.30,53.74,58.19,62.63,67.07,71.52,75.96,80.41,60.41,0.000,0.9750,13.07,21.07,HOLD,0,35,1,0
1298,86.53,40.41,44.85,49.30,53.74,58.19,62.63,67.07,71.52,75.96,80.41,60.41,0.000,0.9750,13.07,21.07,HOLD,0,35,1,0
1299,86.60,40.41,44.85,49.30,53.74,58.19,62.63,67.07,71.52,75.96,80.41,60.41,0.000,0.9750,13.07,21.07,HOLD,0,35,1,0
1300,86.67,40.41,44.85,49.30,53.74,58.19,62.63,67.07,71.52,75.96,80.41,60.41,0.000,0.9750,13.07,21.07,HOLD,0,35,1,0
1301,86.73,40.41,44.85,49.30,53.74,58.19,62.63,67.07,71.52,75.96,80.41,60.41,0.000,0.9750,13.07,21.07,HOLD,0,35,1,0
1302,86.80,40.41,44.85,49.30,53.74,58.19,62.63,67.07,71.52,75.96,80.41,60.41,0.000,0.9750,13.07,21.07,HOLD,0,35,1,0
1303,86.87,40.41,44.85,49.30,53.74,58.19,62.63,67.07,71.52,75.96,80.41,60.41,0.000,0.9750,13.07,21.07,HOLD,0,35,1,0
1304,86.93,40.41,44.85,49.30,53.74,58.19,62.63,67.07,71.52,75.96,80.41,60.41,0.000,0.9750,13.07,21.07,HOLD,0,35,1,0
1305,87.00,40.41,44.85,49.30,53.74,58.19,62.63,67.07,71.52,75.96,80.41,60.41,0.000,0.9750,13.07,21.07,HOLD,0,35,1,0
1306,87.07,40.41,44.85,49.30,53.74,58.19,62.63,67.07,71.52,75.96,80.41,60.41,0.000,0.9750,13.07,21.07,HOLD,0,35,1,0
1307,87.13,40.41,44.85,49.30,53.74,58.19,62.63,67.07,71.52,75.96,80.41,60.41,0.000,0.9750,13.07,21.07,HOLD,0,35,1,0
1308,87.20,40.41,44.85,49.30,53.74,58.19,62.63,67.07,71.52,75.96,80.41,60.41,0.000,0.9750,13.07,21.07,HOLD,0,35,1,0
1309,87.27,40.41,44.85,49.30,53.74,58.19,62.63,67.07,71.52,75.96,80.41,60.41,0.000,0.9750,13.07,21.07,HOLD,0,35,1,0
1310,87.33,40.41,44.85,49.30,53.74,58.19,62.63,67.07,71.52,75.96,80.41,60.41,0.000,0.9750,13.07,21.07,HOLD,0,35,1,0
1311,87.40,40.41,44.85,49.30,53.74,58.19,62.63,67.07,71.52,75.96,80.41,60.41,0.000,0.9750,13.07,21.07,HOLD,0,35,1,0
1312,87.47,40.41,44.85,49.30,53.74,58.19,62.63,67.07,71.52,75.96,80.41,60.41,0.000,0.9750,13.07,21.07,HOLD,0,35,1,0
1313,87.53,40.41,44.85,49.30,53.74,58.19,62.63,67.07,71.52,75.96,80.41,60.41,0.000,0.9750,13.07,21.07,HOLD,0,35,1,0
1314,87.60,40.41,44.85,49.30,53.74,58.19,62.63,67.07,71.52,75.96,80.41,60.41,0.000,0.9750,13.07,21.07,HOLD,0,35,1,0
1315,87.67,40.41,44.85,49.30,53.74,58.19,62.63,67.07,71.52,75.96,80.41,60.41,0.000,0.9750,13.07,21.07,HOLD,0,35,1,0
1316,87.73,40.41,44.85,49.30,53.74,58.19,62.63,67.07,71.52,75.96,80.41,60.41,0.000,0.9750,13.07,21.07,HOLD,0,35,1,0
1317,87.80,40.41,44.85,49.30,53.74,58.19,62.63,67.07,71.52,75.96,80.41,60.41,0.000,0.9750,13.07,21.07,HOLD,0,35,1,0
1318,87.87,40.41,44.85,49.30,53.74,58.19,62.63,67.07,71.52,75.96,80.41,60.41,0.000,0.9750,13.07,21.07,HOLD,0,35,1,0
1319,87.93,40.41,44.85,49.30,53.74,58.19,62.63,67.07,71.52,75.96,80.41,60.41,0.000,0.9750,13.07,21.07,HOLD,0,35,1,0
1320,88.00,40.41,44.85,49.30,53.74,58.19,62.63,67.07,71.52,75.96,80.41,60.41,0.000,0.9750,13.07,21.07,HOLD,0,35,1,0
1321,88.07,40.41,44.85,49.30,53.74,58.19,62.63,67.07,71.52,75.96,80.41,60.41,0.000,0.9750,13.07,21.07,HOLD,0,35,1,0
1322,88.13,40.41,44.85,49.30,53.74,58.19,62.63,67.07,71.52,75.96,80.41,60.41,0.000,0.9750,13.07,21.07,HOLD,0,35,1,0
1323,88.20,40.41,44.85,49.30,53.74,58.19,62.63,67.07,71.52,75.96,80.41,60.41,0.000,0.9750,13.07,21.07,HOLD,0,35,1,0
1324,88.27,40.41,44.85,49.30,53.74,58.19,62.63,67.07,71.52,75.96,80.41,60.41,0.000,0.9750,13.07,21.07,HOLD,0,35,1,0
1325,88.33,40.41,44.85,49.30,53.74,58.19,62.63,67.07,71.52,75.96,80.41,60.41,0.000,0.9750,13.07,21.07,HOLD,0,35,1,0
1326,88.40,40.41,44.85,49.30,53.74,58.19,62.63,67.07,71.52,75.96,80.41,60.41,0.000,0.9750,13.07,21.07,HOLD,0,35,1,0
1327,88.47,40.41,44.85,49.30,53.74,58.19,62.63,67.07,71.52,75.96,80.41,60.41,0.000,0.9750,13.07,21.07,HOLD,0,35,1,0
1328,88.53,40.41,44.85,49.30,53.74,58.19,62.63,67.07,71.52,75.96,80.41,60.41,0.000,0.9750,13.07,21.07,HOLD,0,35,1,0
1329,88.60,40.41,44.85,49.30,53.74,58.19,62.63,67.07,71.52,75.96,80.41,60.41,0.000,0.9750,13.07,21.07,HOLD,0,35,1,0
1330,88.67,40.41,44.85,49.30,53.74,58.19,62.63,67.07,71.52,75.96,80.41,60.41,0.000,0.9750,13.07,21.07,HOLD,0,35,1,0
1331,88.73,40.41,44.85,49.30,53.74,58.19,62.63,67.07,71.52,75.96,80.41,60.41,0.000,0.9750,13.07,21.07,HOLD,0,35,1,0
1332,88.80,40.41,44.85,49.30,53.74,58.19,62.63,67.07,71.52,75.96,80.41,60.41,0.000,0.9750,13.07,21.07,HOLD,0,35,1,0
1333,88.87,40.41,44.85,49.30,53.74,58.19,62.63,67.07,71.52,75.96,80.41,60.41,0.000,0.9750,13.07,21.07,HOLD,0,35,1,0
1334,88.93,40.41,44.85,49.30,53.74,58.19,62.63,67.07,71.52,75.96,80.41,60.41,0.000,0.9750,13.07,21.07,HOLD,0,35,1,0
1335,89.00,40.41,44.85,49.30,53.74,58.19,62.63,67.07,71.52,75.96,80.41,60.41,0.000,0.9750,13.07,21.07,HOLD,0,35,1,0
1336,89.07,40.41,44.85,49.30,53.74,58.19,62.63,67.07,71.52,75.96,80.41,60.41,0.000,0.9750,13.07,21.07,HOLD,0,35,1,0
1337,89.13,40.41,44.85,49.30,53.74,58.19,62.63,67.07,71.52,75.96,80.41,60.41,0.000,0.9750,13.07,21.07,HOLD,0,35,1,0
1338,89.20,40.41,44.85,49.30,53.74,58.19,62.63,67.07,71.52,75.96,80.41,60.41,0.000,0.9750,13.07,21.07,HOLD,0,35,1,0
1339,89.27,40.41,44.85,49.30,53.74,58.19,62.63,67.07,71.52,75.96,80.41,60.41,0.000,0.9750,13.07,21.07,HOLD,0,35,1,0
1340,89.33,40.41,44.85,49.30,53.74,58.19,62.63,67.07,71.52,75.96,80.41,60.41,0.000,0.9750,13.07,21.07,HOLD,0,35,1,0
1341,89.40,40.41,44.85,49.30,53.74,58.19,62.63,67.07,71.52,75.96,80.41,60.41,0.000,0.9750,13.07,21.07,HOLD,0,35,1,0
1342,89.47,40.41,44.85,49.30,53.74,58.19,62.63,67.07,71.52,75.96,80.41,60.41,0.000,0.9750,13.07,21.07,HOLD,0,35,1,0
1343,89.53,40.41,44.85,49.30,53.74,58.19,62.63,67.07,71.52,75.96,80.41,60.41,0.000,0.9750,13.07,21.07,HOLD,0,35,1,0
1344,89.60,40.41,44.85,49.30,53.74,58.19,62.63,67.07,71.52,75.96,80.41,60.41,0.000,0.9750,13.07,21.07,HOLD,0,35,1,0
1345,89.67,40.41,44.85,49.30,53.74,58.19,62.63,67.07,71.52,75.96,80.41,60.41,0.000,0.9750,13.07,21.07,HOLD,0,35,1,0
1346,89.73,40.41,44.85,49.30,53.74,58.19,62.63,67.07,71.52,75.96,80.41,60.41,0.000,0.9750,13.07,21.07,HOLD,0,35,1,0
1347,89.80,40.41,44.85,49.30,53.74,58.19,62.63,67.07,71.52,75.96,80.41,60.41,0.000,0.9750,13.07,21.07,HOLD,0,35,1,0
1348,89.87,40.41,44.85,49.30,53.74,58.19,62.63,67.07,71.52,75.96,80.41,60.41,0.000,0.9750,13.07,21.07,HOLD,0,35,1,0
1349,89.93,40.41,44.85,49.30,53.74,58.19,62.63,67.07,71.52,75.96,80.41,60.41,0.000,0.9750,13.07,21.07,HOLD,0,35,1,0
1350,90.00,40.41,44.85,49.30,53.74,58.19,62.63,67.07,71.52,75.96,80.41,60.41,0.000,0.9750,13.07,21.07,HOLD,0,35,1,0
1351,90.07,40.41,44.85,49.30,53.74,58.19,62.63,67.07,71.52,75.96,80.41,60.41,0.000,0.9750,13.07,21.07,HOLD,0,35,1,0
1352,90.13,40.41,44.85,49.30,53.74,58.19,62.63,67.07,71.52,75.96,80.41,60.41,0.000,0.9750,13.07,21.07,HOLD,0,35,1,0
1353,90.20,40.41,44.85,49.30,53.74,58.19,62.63,67.07,71.52,75.96,80.41,60.41,0.000,0.9750,13.07,21.07,HOLD,0,35,1,0
1354,90.27,40.41,44.85,49.30,53.74,58.19,62.63,67.07,71.52,75.96,80.41,60.41,0.000,0.9750,13.07,21.07,HOLD,0,35,1,0
1355,90.33,40.41,44.85,49.30,53.74,58.19,62.63,67.07,71.52,75.96,80.41,60.41,0.000,0.9750,13.07,21.07,HOLD,0,35,1,0
1356,90.40,40.41,44.85,49.30,53.74,58.19,62.63,67.07,71.52,75.96,80.41,60.41,0.000,0.9750,13.07,21.07,HOLD,0,35,1,0
1357,90.47,40.41,44.85,49.30,53.74,58.19,62.63,67.07,71.52,75.96,80.41,60.41,0.000,0.9750,13.07,21.07,HOLD,0,35,1,0
1358,90.53,40.41,44.85,49.30,53.74,58.19,62.63,67.07,71.52,75.96,80.41,60.41,0.000,0.9750,13.07,21.07,HOLD,0,35,1,0
1359,90.60,40.41,44.85,49.30,53.74,58.19,62.63,67.07,71.52,75.96,80.41,60.41,0.000,0.9750,13.07,21.07,HOLD,0,35,1,0
1360,90.67,40.41,44.85,49.30,53.74,58.19,62.63,67.07,71.52,75.96,80.41,60.41,0.000,0.9750,13.07,21.07,HOLD,0,35,1,0
1361,90.73,40.41,44.85,49.30,53.74,58.19,62.63,67.07,71.52,75.96,80.41,60.41,0.000,0.9750,13.07,21.07,HOLD,0,35,1,0
1362,90.80,40.41,44.85,49.30,53.74,58.19,62.63,67.07,71.52,75.96,80.41,60.41,0.000,0.9750,13.07,21.07,HOLD,0,35,1,0
1363,90.87,40.41,44.85,49.30,53.74,58.19,62.63,67.07,71.52,75.96,80.41,60.41,0.000,0.9750,13.07,21.07,HOLD,0,35,1,0
1364,90.93,40.41,44.85,49.30,53.74,58.19,62.63,67.07,71.52,75.96,80.41,60.41,0.000,0.9750,13.07,21.07,HOLD,0,35,1,0
1365,91.00,40.41,44.85,49.30,53.74,58.19,62.63,67.07,71.52,75.96,80.41,60.41,0.000,0.9750,13.07,21.07,HOLD,0,35,1,0
1366,91.07,40.41,44.85,49.30,53.74,58.19,62.63,67.07,71.52,75.96,80.41,60.41,0.000,0.9750,13.07,21.07,HOLD,0,35,1,0
1367,91.13,40.41,44.85,49.30,53.74,58.19,62.63,67.07,71.52,75.96,80.41,60.41,0.000,0.9750,13.07,21.07,HOLD,0,35,1,0
1368,91.20,40.41,44.85,49.30,53.74,58.19,62.63,67.07,71.52,75.96,80.41,60.41,0.000,0.9750,13.07,21.07,HOLD,0,35,1,0
1369,91.27,40.41,44.85,49.30,53.74,58.19,62.63,67.07,71.52,75.96,80.41,60.41,0.000,0.9750,13.07,21.07,HOLD,0,35,1,0
1370,91.33,40.41,44.85,49.30,53.74,58.19,62.63,67.07,71.52,75.96,80.41,60.41,0.000,0.9750,13.07,21.07,HOLD,0,35,1,0
1371,91.40,40.41,44.85,49.30,53.74,58.19,62.63,67.07,71.52,75.96,80.41,60.41,0.000,0.9750,13.07,21.07,HOLD,0,35,1,0
1372,91.47,40.41,44.85,49.30,53.74,58.19,62.63,67.07,71.52,75.96,80.41,60.41,0.000,0.9750,13.07,21.07,HOLD,0,35,1,0
1373,91.53,40.41,44.85,49.30,53.74,58.19,62.63,67.07,71.52,75.96,80.41,60.41,0.000,0.9750,13.07,21.07,HOLD,0,35,1,0
1374,91.60,40.41,44.85,49.30,53.74,58.19,62.63,67.07,71.52,75.96,80.41,60.41,0.000,0.9750,13.07,21.07,HOLD,0,35,1,0
1375,91.67,40.41,44.85,49.30,53.74,58.19,62.63,67.07,71.52,75.96,80.41,60.41,0.000,0.9750,13.07,21.07,HOLD,0,35,1,0
1376,91.73,40.41,44.85,49.30,53.74,58.19,62.63,67.07,71.52,75.96,80.41,60.41,0.000,0.9750,13.07,21.07,HOLD,0,35,1,0
1377,91.80,40.41,44.85,49.30,53.74,58.19,62.63,67.07,71.52,75.96,80.41,60.41,0.000,0.9750,13.07,21.07,HOLD,0,35,1,0
1378,91.87,40.41,44.85,49.30,53.74,58.19,62.63,67.07,71.52,75.96,80.41,60.41,0.000,0.9750,13.07,21.07,HOLD,0,35,1,0
1379,91.93,40.41,44.85,49.30,53.74,58.19,62.63,67.07,71.52,75.96,80.41,60.41,0.000,0.9750,13.07,21.07,HOLD,0,35,1,0
1380,92.00,40.41,44.85,49.30,53.74,58.19,62.63,67.07,71.52,75.96,80.41,60.41,0.000,0.9750,13.07,21.07,HOLD,0,35,1,0
1381,92.07,40.41,44.85,49.30,53.74,58.19,62.63,67.07,71.52,75.96,80.41,60.41,0.000,0.9750,13.07,21.07,HOLD,0,35,1,0
1382,92.13,40.41,44.85,49.30,53.74,58.19,62.63,67.07,71.52,75.96,80.41,60.41,0.000,0.9750,13.07,21.07,HOLD,0,35,1,0
1383,92.20,40.41,44.85,49.30,53.74,58.19,62.63,67.07,71.52,75.96,80.41,60.41,0.000,0.9750,13.07,21.07,HOLD,0,35,1,0
1384,92.27,40.41,44.85,49.30,53.74,58.19,62.63,67.07,71.52,75.96,80.41,60.41,0.000,0.9750,13.07,21.07,HOLD,0,35,1,0
1385,92.33,40.41,44.85,49.30,53.74,58.19,62.63,67.07,71.52,75.96,80.41,60.41,0.000,0.9750,13.07,21.07,HOLD,0,35,1,0
1386,92.40,40.41,44.85,49.30,53.74,58.19,62.63,67.07,71.52,75.96,80.41,60.41,0.000,0.9750,13.07,21.07,HOLD,0,35,1,0
1387,92.47,40.41,44.85,49.30,53.74,58.19,62.63,67.07,71.52,75.96,80.41,60.41,0.000,0.9750,13.07,21.07,HOLD,0,35,1,0
1388,92.53,40.41,44.85,49.30,53.74,58.19,62.63,67.07,71.52,75.96,80.41,60.41,0.000,0.9750,13.07,21.07,HOLD,0,35,1,0
1389,92.60,40.41,44.85,49.30,53.74,58.19,62.63,67.07,71.52,75.96,80.41,60.41,0.000,0.9750,13.07,21.07,HOLD,0,35,1,0
1390,92.67,40.41,44.85,49.30,53.74,58.19,62.63,67.07,71.52,75.96,80.41,60.41,0.000,0.9750,13.07,21.07,HOLD,0,35,1,0
1391,92.73,40.41,44.85,49.30,53.74,58.19,62.63,67.07,71.52,75.96,80.41,60.41,0.000,0.9750,13.07,21.07,HOLD,0,35,1,0
1392,92.80,40.41,44.85,49.30,53.74,58.19,62.63,67.07,71.52,75.96,80.41,60.41,0.000,0.9750,13.07,21.07,HOLD,0,35,1,0
1393,92.87,40.41,44.85,49.30,53.74,58.19,62.63,67.07,71.52,75.96,80.41,60.41,0.000,0.9750,13.07,21.07,HOLD,0,35,1,0
1394,92.93,40.41,44.85,49.30,53.74,58.19,62.63,67.07,71.52,75.96,80.41,60.41,0.000,0.9750,13.07,21.07,HOLD,0,35,1,0
1395,93.00,40.41,44.85,49.30,53.74,58.19,62.63,67.07,71.52,75.96,80.41,60.41,0.000,0.9750,13.07,21.07,HOLD,0,35,1,0
1396,93.07,40.41,44.85,49.30,53.74,58.19,62.63,67.07,71.52,75.96,80.41,60.41,0.000,0.9750,13.07,21.07,HOLD,0,35,1,0
1397,93.13,40.41,44.85,49.30,53.74,58.19,62.63,67.07,71.52,75.96,80.41,60.41,0.000,0.9750,13.07,21.07,HOLD,0,35,1,0
1398,93.20,40.41,44.85,49.30,53.74,58.19,62.63,67.07,71.52,75.96,80.41,60.41,0.000,0.9750,13.07,21.07,HOLD,0,35,1,0
1399,93.27,40.41,44.85,49.30,53.74,58.19,62.63,67.07,71.52,75.96,80.41,60.41,0.000,0.9750,13.07,21.07,HOLD,0,35,1,0
1400,93.33,40.41,44.85,49.30,53.74,58.19,62.63,67.07,71.52,75.96,80.41,60.41,0.000,0.9750,13.07,21.07,HOLD,0,35,1,0
1401,93.40,40.41,44.85,49.30,53.74,58.19,62.63,67.07,71.52,75.96,80.41,60.41,0.000,0.9750,13.07,21.07,HOLD,0,35,1,0
1402,93.47,40.41,44.85,49.30,53.74,58.19,62.63,67.07,71.52,75.96,80.41,60.41,0.000,0.9750,13.07,21.07,HOLD,0,35,1,0
1403,93.53,40.41,44.85,49.30,53.74,58.19,62.63,67.07,71.52,75.96,80.41,60.41,0.000,0.9750,13.07,21.07,HOLD,0,35,1,0
1404,93.60,40.41,44.85,49.30,53.74,58.19,62.63,67.07,71.52,75.96,80.41,60.41,0.000,0.9750,13.07,21.07,HOLD,0,35,1,0
1405,93.67,40.41,44.85,49.30,53.74,58.19,62.63,67.07,71.52,75.96,80.41,60.41,0.000,0.9750,13.07,21.07,HOLD,0,35,1,0
1406,93.73,40.41,44.85,49.30,53.74,58.19,62.63,67.07,71.52,75.96,80.41,60.41,0.000,0.9750,13.07,21.07,HOLD,0,35,1,0
1407,93.80,40.41,44.85,49.30,53.74,58.19,62.63,67.07,71.52,75.96,80.41,60.41,0.000,0.9750,13.07,21.07,HOLD,0,35,1,0
1408,93.87,40.41,44.85,49.30,53.74,58.19,62.63,67.07,71.52,75.96,80.41,60.41,0.000,0.9750,13.07,21.07,HOLD,0,35,1,0
1409,93.93,40.41,44.85,49.30,53.74,58.19,62.63,67.07,71.52,75.96,80.41,60.41,0.000,0.9750,13.07,21.07,HOLD,0,35,1,0
1410,94.00,40.41,44.85,49.30,53.74,58.19,62.63,67.07,71.52,75.96,80.41,60.41,0.000,0.9750,13.07,21.07,HOLD,0,35,1,0
1411,94.07,40.41,44.85,49.30,53.74,58.19,62.63,67.07,71.52,75.96,80.41,60.41,0.000,0.9750,13.07,21.07,HOLD,0,35,1,0
1412,94.13,40.41,44.85,49.30,53.74,58.19,62.63,67.07,71.52,75.96,80.41,60.41,0.000,0.9750,13.07,21.07,HOLD,0,35,1,0
1413,94.20,40.41,44.85,49.30,53.74,58.19,62.63,67.07,71.52,75.96,80.41,60.41,0.000,0.9750,13.07,21.07,HOLD,0,35,1,0
1414,94.27,40.41,44.85,49.30,53.74,58.19,62.63,67.07,71.52,75.96,80.41,60.41,0.000,0.9750,13.07,21.07,HOLD,0,35,1,0
1415,94.33,40.41,44.85,49.30,53.74,58.19,62.63,67.07,71.52,75.96,80.41,60.41,0.000,0.9750,13.07,21.07,HOLD,0,35,1,0
1416,94.40,40.41,44.85,49.30,53.74,58.19,62.63,67.07,71.52,75.96,80.41,60.41,0.000,0.9750,13.07,21.07,HOLD,0,35,1,0
1417,94.47,40.41,44.85,49.30,53.74,58.19,62.63,67.07,71.52,75.96,80.41,60.41,0.000,0.9750,13.07,21.07,HOLD,0,35,1,0
1418,94.53,40.41,44.85,49.30,53.74,58.19,62.63,67.07,71.52,75.96,80.41,60.41,0.000,0.9750,13.07,21.07,HOLD,0,35,1,0
1419,94.60,40.41,44.85,49.30,53.74,58.19,62.63,67.07,71.52,75.96,80.41,60.41,0.000,0.9750,13.07,21.07,HOLD,0,35,1,0
1420,94.67,40.41,44.85,49.30,53.74,58.19,62.63,67.07,71.52,75.96,80.41,60.41,0.000,0.9750,13.07,21.07,HOLD,0,35,1,0
1421,94.73,40.41,44.85,49.30,53.74,58.19,62.63,67.07,71.52,75.96,80.41,60.41,0.000,0.9750,13.07,21.07,HOLD,0,35,1,0
1422,94.80,40.41,44.85,49.30,53.74,58.19,62.63,67.07,71.52,75.96,80.41,60.41,0.000,0.9750,13.07,21.07,HOLD,0,35,1,0
1423,94.87,40.41,44.85,49.30,53.74,58.19,62.63,67.07,71.52,75.96,80.41,60.41,0.000,0.9750,13.07,21.07,HOLD,0,35,1,0
1424,94.93,40.41,44.85,49.30,53.74,58.19,62.63,67.07,71.52,75.96,80.41,60.41,0.000,0.9750,13.07,21.07,HOLD,0,35,1,0
1425,95.00,40.41,44.85,49.30,53.74,58.19,62.63,67.07,71.52,75.96,80.41,60.41,0.000,0.9750,13.07,21.07,HOLD,0,35,1,0
1426,95.07,40.41,44.85,49.30,53.74,58.19,62.63,67.07,71.52,75.96,80.41,60.41,0.000,0.9750,13.07,21.07,HOLD,0,35,1,0
1427,95.13,40.41,44.85,49.30,53.74,58.19,62.63,67.07,71.52,75.96,80.41,60.41,0.000,0.9750,13.07,21.07,HOLD,0,35,1,0
1428,95.20,40.41,44.85,49.30,53.74,58.19,62.63,67.07,71.52,75.96,80.41,60.41,0.000,0.9750,13.07,21.07,HOLD,0,35,1,0
1429,95.27,40.41,44.85,49.30,53.74,58.19,62.63,67.07,71.52,75.96,80.41,60.41,0.000,0.9750,13.07,21.07,HOLD,0,35,1,0
1430,95.33,40.41,44.85,49.30,53.74,58.19,62.63,67.07,71.52,75.96,80.41,60.41,0.000,0.9750,13.07,21.07,HOLD,0,35,1,0
1431,95.40,40.41,44.85,49.30,53.74,58.19,62.63,67.07,71.52,75.96,80.41,60.41,0.000,0.9750,13.07,21.07,HOLD,0,35,1,0
1432,95.47,40.41,44.85,49.30,53.74,58.19,62.63,67.07,71.52,75.96,80.41,60.41,0.000,0.9750,13.07,21.07,HOLD,0,35,1,0
1433,95.53,40.41,44.85,49.30,53.74,58.19,62.63,67.07,71.52,75.96,80.41,60.41,0.000,0.9750,13.07,21.07,HOLD,0,35,1,0
1434,95.60,40.41,44.85,49.30,53.74,58.19,62.63,67.07,71.52,75.96,80.41,60.41,0.000,0.9750,13.07,21.07,HOLD,0,35,1,0
1435,95.67,40.41,44.85,49.30,53.74,58.19,62.63,67.07,71.52,75.96,80.41,60.41,0.000,0.9750,13.07,21.07,HOLD,0,35,1,0
1436,95.73,40.41,44.85,49.30,53.74,58.19,62.63,67.07,71.52,75.96,80.41,60.41,0.000,0.9750,13.07,21.07,HOLD,0,35,1,0
1437,95.80,40.41,44.85,49.30,53.74,58.19,62.63,67.07,71.52,75.96,80.41,60.41,0.000,0.9750,13.07,21.07,HOLD,0,35,1,0
1438,95.87,40.41,44.85,49.30,53.74,58.19,62.63,67.07,71.52,75.96,80.41,60.41,0.000,0.9750,13.07,21.07,HOLD,0,35,1,0
1439,95.93,40.41,44.85,49.30,53.74,58.19,62.63,67.07,71.52,75.96,80.41,60.41,0.000,0.9750,13.07,21.07,HOLD,0,35,1,0
1440,96.00,40.41,44.85,49.30,53.74,58.19,62.63,67.07,71.52,75.96,80.41,60.41,0.000,0.9750,13.07,21.07,HOLD,0,35,1,0
1441,96.07,40.41,44.85,49.30,53.74,58.19,62.63,67.07,71.52,75.96,80.41,60.41,0.000,0.9750,13.07,21.07,HOLD,0,35,1,0
1442,96.13,40.41,44.85,49.30,53.74,58.19,62.63,67.07,71.52,75.96,80.41,60.41,0.000,0.9750,13.07,21.07,HOLD,0,35,1,0
1443,96.20,40.41,44.85,49.30,53.74,58.19,62.63,67.07,71.52,75.96,80.41,60.41,0.000,0.9750,13.07,21.07,HOLD,0,35,1,0
1444,96.27,40.41,44.85,49.30,53.74,58.19,62.63,67.07,71.52,75.96,80.41,60.41,0.000,0.9750,13.07,21.07,HOLD,0,35,1,0
1445,96.33,40.41,44.85,49.30,53.74,58.19,62.63,67.07,71.52,75.96,80.41,60.41,0.000,0.9750,13.07,21.07,HOLD,0,35,1,0
1446,96.40,40.41,44.85,49.30,53.74,58.19,62.63,67.07,71.52,75.96,80.41,60.41,0.000,0.9750,13.07,21.07,HOLD,0,35,1,0
1447,96.47,40.41,44.85,49.30,53.74,58.19,62.63,67.07,71.52,75.96,80.41,60.41,0.000,0.9750,13.07,21.07,HOLD,0,35,1,0
1448,96.53,40.41,44.85,49.30,53.74,58.19,62.63,67.07,71.52,75.96,80.41,60.41,0.000,0.9750,13.07,21.07,HOLD,0,35,1,0
1449,96.60,40.41,44.85,49.30,53.74,58.19,62.63,67.07,71.52,75.96,80.41,60.41,0.000,0.9750,13.07,21.07,HOLD,0,35,1,0
1450,96.67,40.41,44.85,49.30,53.74,58.19,62.63,67.07,71.52,75.96,80.41,60.41,0.000,0.9750,13.07,21.07,HOLD,0,35,1,0
1451,96.73,40.41,44.85,49.30,53.74,58.19,62.63,67.07,71.52,75.96,80.41,60.41,0.000,0.9750,13.07,21.07,HOLD,0,35,1,0
1452,96.80,40.41,44.85,49.30,53.74,58.19,62.63,67.07,71.52,75.96,80.41,60.41,0.000,0.9750,13.07,21.07,HOLD,0,35,1,0
1453,96.87,40.41,44.85,49.30,53.74,58.19,62.63,67.07,71.52,75.96,80.41,60.41,0.000,0.9750,13.07,21.07,HOLD,0,35,1,0
1454,96.93,40.41,44.85,49.30,53.74,58.19,62.63,67.07,71.52,75.96,80.41,60.41,0.000,0.9750,13.07,21.07,HOLD,0,35,1,0
1455,97.00,40.41,44.85,49.30,53.74,58.19,62.63,67.07,71.52,75.96,80.41,60.41,0.000,0.9750,13.07,21.07,HOLD,0,35,1,0
1456,97.07,40.41,44.85,49.30,53.74,58.19,62.63,67.07,71.52,75.96,80.41,60.41,0.000,0.9750,13.07,21.07,HOLD,0,35,1,0
1457,97.13,40.41,44.85,49.30,53.74,58.19,62.63,67.07,71.52,75.96,80.41,60.41,0.000,0.9750,13.07,21.07,HOLD,0,35,1,0
1458,97.20,40.41,44.85,49.30,53.74,58.19,62.63,67.07,71.52,75.96,80.41,60.41,0.000,0.9750,13.07,21.07,HOLD,0,35,1,0
1459,97.27,40.41,44.85,49.30,53.74,58.19,62.63,67.07,71.52,75.96,80.41,60.41,0.000,0.9750,13.07,21.07,HOLD,0,35,1,0
1460,97.33,40.41,44.85,49.30,53.74,58.19,62.63,67.07,71.52,75.96,80.41,60.41,0.000,0.9750,13.07,21.07,HOLD,0,35,1,0
1461,97.40,40.41,44.85,49.30,53.74,58.19,62.63,67.07,71.52,75.96,80.41,60.41,0.000,0.9750,13.07,21.07,HOLD,0,35,1,0
1462,97.47,40.41,44.85,49.30,53.74,58.19,62.63,67.07,71.52,75.96,80.41,60.41,0.000,0.9750,13.07,21.07,HOLD,0,35,1,0
1463,97.53,40.41,44.85,49.30,53.74,58.19,62.63,67.07,71.52,75.96,80.41,60.41,0.000,0.9750,13.07,21.07,HOLD,0,35,1,0
1464,97.60,40.41,44.85,49.30,53.74,58.19,62.63,67.07,71.52,75.96,80.41,60.41,0.000,0.9750,13.07,21.07,HOLD,0,35,1,0
1465,97.67,40.41,44.85,49.30,53.74,58.19,62.63,67.07,71.52,75.96,80.41,60.41,0.000,0.9750,13.07,21.07,HOLD,0,35,1,0
1466,97.73,40.41,44.85,49.30,53.74,58.19,62.63,67.07,71.52,75.96,80.41,60.41,0.000,0.9750,13.07,21.07,HOLD,0,35,1,0
1467,97.80,40.41,44.85,49.30,53.74,58.19,62.63,67.07,71.52,75.96,80.41,60.41,0.000,0.9750,13.07,21.07,HOLD,0,35,1,0
1468,97.87,40.41,44.85,49.30,53.74,58.19,62.63,67.07,71.52,75.96,80.41,60.41,0.000,0.9750,13.07,21.07,HOLD,0,35,1,0
1469,97.93,40.41,44.85,49.30,53.74,58.19,62.63,67.07,71.52,75.96,80.41,60.41,0.000,0.9750,13.07,21.07,HOLD,0,35,1,0
1470,98.00,40.41,44.85,49.30,53.74,58.19,62.63,67.07,71.52,75.96,80.41,60.41,0.000,0.9750,13.07,21.07,HOLD,0,35,1,0
1471,98.07,40.41,44.85,49.30,53.74,58.19,62.63,67.07,71.52,75.96,80.41,60.41,0.000,0.9750,13.07,21.07,HOLD,0,35,1,0
1472,98.13,40.41,44.85,49.30,53.74,58.19,62.63,67.07,71.52,75.96,80.41,60.41,0.000,0.9750,13.07,21.07,HOLD,0,35,1,0
1473,98.20,40.41,44.85,49.30,53.74,58.19,62.63,67.07,71.52,75.96,80.41,60.41,0.000,0.9750,13.07,21.07,HOLD,0,35,1,0
1474,98.27,40.41,44.85,49.30,53.74,58.19,62.63,67.07,71.52,75.96,80.41,60.41,0.000,0.9750,13.07,21.07,HOLD,0,35,1,0
1475,98.33,40.41,44.85,49.30,53.74,58.19,62.63,67.07,71.52,75.96,80.41,60.41,0.000,0.9750,13.07,21.07,HOLD,0,35,1,0
1476,98.40,40.41,44.85,49.30,53.74,58.19,62.63,67.07,71.52,75.96,80.41,60.41,0.000,0.9750,13.07,21.07,HOLD,0,35,1,0
1477,98.47,40.41,44.85,49.30,53.74,58.19,62.63,67.07,71.52,75.96,80.41,60.41,0.000,0.9750,13.07,21.07,HOLD,0,35,1,0
1478,98.53,40.41,44.85,49.30,53.74,58.19,62.63,67.07,71.52,75.96,80.41,60.41,0.000,0.9750,13.07,21.07,HOLD,0,35,1,0
1479,98.60,40.41,44.85,49.30,53.74,58.19,62.63,67.07,71.52,75.96,80.41,60.41,0.000,0.9750,13.07,21.07,HOLD,0,35,1,0
1480,98.67,40.41,44.85,49.30,53.74,58.19,62.63,67.07,71.52,75.96,80.41,60.41,0.000,0.9750,13.07,21.07,HOLD,0,35,1,0
1481,98.73,40.41,44.85,49.30,53.74,58.19,62.63,67.07,71.52,75.96,80.41,60.41,0.000,0.9750,13.07,21.07,HOLD,0,35,1,0
1482,98.80,40.41,44.85,49.30,53.74,58.19,62.63,67.07,71.52,75.96,80.41,60.41,0.000,0.9750,13.07,21.07,HOLD,0,35,1,0
1483,98.87,40.41,44.85,49.30,53.74,58.19,62.63,67.07,71.52,75.96,80.41,60.41,0.000,0.9750,13.07,21.07,HOLD,0,35,1,0
1484,98.93,40.41,44.85,49.30,53.74,58.19,62.63,67.07,71.52,75.96,80.41,60.41,0.000,0.9750,13.07,21.07,HOLD,0,35,1,0
1485,99.00,40.41,44.85,49.30,53.74,58.19,62.63,67.07,71.52,75.96,80.41,60.41,0.000,0.9750,13.07,21.07,HOLD,0,35,1,0
1486,99.07,40.41,44.85,49.30,53.74,58.19,62.63,67.07,71.52,75.96,80.41,60.41,0.000,0.9750,13.07,21.07,HOLD,0,35,1,0
1487,99.13,40.41,44.85,49.30,53.74,58.19,62.63,67.07,71.52,75.96,80.41,60.41,0.000,0.9750,13.07,21.07,HOLD,0,35,1,0
1488,99.20,40.41,44.85,49.30,53.74,58.19,62.63,67.07,71.52,75.96,80.41,60.41,0.000,0.9750,13.07,21.07,HOLD,0,35,1,0
1489,99.27,40.41,44.85,49.30,53.74,58.19,62.63,67.07,71.52,75.96,80.41,60.41,0.000,0.9750,13.07,21.07,HOLD,0,35,1,0
1490,99.33,40.41,44.85,49.30,53.74,58.19,62.63,67.07,71.52,75.96,80.41,60.41,0.000,0.9750,13.07,21.07,HOLD,0,35,1,0
1491,99.40,40.41,44.85,49.30,53.74,58.19,62.63,67.07,71.52,75.96,80.41,60.41,0.000,0.9750,13.07,21.07,HOLD,0,35,1,0
1492,99.47,40.41,44.85,49.30,53.74,58.19,62.63,67.07,71.52,75.96,80.41,60.41,0.000,0.9750,13.07,21.07,HOLD,0,35,1,0
1493,99.53,40.41,44.85,49.30,53.74,58.19,62.63,67.07,71.52,75.96,80.41,60.41,0.000,0.9750,13.07,21.07,HOLD,0,35,1,0
1494,99.60,40.41,44.85,49.30,53.74,58.19,62.63,67.07,71.52,75.96,80.41,60.41,0.000,0.9750,13.07,21.07,HOLD,0,35,1,0
1495,99.67,40.41,44.85,49.30,53.74,58.19,62.63,67.07,71.52,75.96,80.41,60.41,0.000,0.9750,13.07,21.07,HOLD,0,35,1,0
1496,99.73,40.41,44.85,49.30,53.74,58.19,62.63,67.07,71.52,75.96,80.41,60.41,0.000,0.9750,13.07,21.07,HOLD,0,35,1,0
1497,99.80,40.41,44.85,49.30,53.74,58.19,62.63,67.07,71.52,75.96,80.41,60.41,0.000,0.9750,13.07,21.07,HOLD,0,35,1,0
1498,99.87,40.41,44.85,49.30,53.74,58.19,62.63,67.07,71.52,75.96,80.41,60.41,0.000,0.9750,13.07,21.07,HOLD,0,35,1,0
1499,99.93,40.41,44.85,49.30,53.74,58.19,62.63,67.07,71.52,75.96,80.41,60.41,0.000,0.9750,13.07,21.07,HOLD,0,35,1,0
1500,100.00,40.41,44.85,49.30,53.74,58.19,62.63,67.07,71.52,75.96,80.41,60.41,0.000,0.9750,13.07,21.07,HOLD,0,35,1,0
1501,100.07,40.41,44.85,49.30,53.74,58.19,62.63,67.07,71.52,75.96,80.41,60.41,0.000,0.9750,13.07,21.07,HOLD,0,35,1,0
1502,100.13,40.41,44.85,49.30,53.74,58.19,62.63,67.07,71.52,75.96,80.41,60.41,0.000,0.9750,13.07,21.07,HOLD,0,35,1,0
1503,100.20,40.41,44.85,49.30,53.74,58.19,62.63,67.07,71.52,75.96,80.41,60.41,0.000,0.9750,13.07,21.07,HOLD,0,35,1,0
1504,100.27,40.41,44.85,49.30,53.74,58.19,62.63,67.07,71.52,75.96,80.41,60.41,0.000,0.9750,13.07,21.07,HOLD,0,35,1,0
1505,100.33,40.41,44.85,49.30,53.74,58.19,62.63,67.07,71.52,75.96,80.41,60.41,0.000,0.9750,13.07,21.07,HOLD,0,35,1,0
1506,100.40,40.41,44.85,49.30,53.74,58.19,62.63,67.07,71.52,75.96,80.41,60.41,0.000,0.9750,13.07,21.07,HOLD,0,35,1,0
1507,100.47,40.41,44.85,49.30,53.74,58.19,62.63,67.07,71.52,75.96,80.41,60.41,0.000,0.9750,13.07,21.07,HOLD,0,35,1,0
1508,100.53,40.41,44.85,49.30,53.74,58.19,62.63,67.07,71.52,75.96,80.41,60.41,0.000,0.9750,13.07,21.07,HOLD,0,35,1,0
1509,100.60,40.41,44.85,49.30,53.74,58.19,62.63,67.07,71.52,75.96,80.41,60.41,0.000,0.9750,13.07,21.07,HOLD,0,35,1,0
1510,100.67,40.41,44.85,49.30,53.74,58.19,62.63,67.07,71.52,75.96,80.41,60.41,0.000,0.9750,13.07,21.07,HOLD,0,35,1,0
1511,100.73,40.41,44.85,49.30,53.74,58.19,62.63,67.07,71.52,75.96,80.41,60.41,0.000,0.9750,13.07,21.07,HOLD,0,35,1,0
1512,100.80,40.41,44.85,49.30,53.74,58.19,62.63,67.07,71.52,75.96,80.41,60.41,0.000,0.9750,13.07,21.07,HOLD,0,35,1,0
1513,100.87,40.41,44.85,49.30,53.74,58.19,62.63,67.07,71.52,75.96,80.41,60.41,0.000,0.9750,13.07,21.07,HOLD,0,35,1,0
1514,100.93,40.41,44.85,49.30,53.74,58.19,62.63,67.07,71.52,75.96,80.41,60.41,0.000,0.9750,13.07,21.07,HOLD,0,35,1,0
1515,101.00,40.41,44.85,49.30,53.74,58.19,62.63,67.07,71.52,75.96,80.41,60.41,0.000,0.9750,13.07,21.07,HOLD,0,35,1,0
1516,101.07,40.41,44.85,49.30,53.74,58.19,62.63,67.07,71.52,75.96,80.41,60.41,0.000,0.9750,13.07,21.07,HOLD,0,35,1,0
1517,101.13,40.41,44.85,49.30,53.74,58.19,62.63,67.07,71.52,75.96,80.41,60.41,0.000,0.9750,13.07,21.07,HOLD,0,35,1,0
1518,101.20,40.41,44.85,49.30,53.74,58.19,62.63,67.07,71.52,75.96,80.41,60.41,0.000,0.9750,13.07,21.07,HOLD,0,35,1,0
1519,101.27,40.41,44.85,49.30,53.74,58.19,62.63,67.07,71.52,75.96,80.41,60.41,0.000,0.9750,13.07,21.07,HOLD,0,35,1,0
1520,101.33,40.41,44.85,49.30,53.74,58.19,62.63,67.07,71.52,75.96,80.41,60.41,0.000,0.9750,13.07,21.07,HOLD,0,35,1,0
1521,101.40,40.41,44.85,49.30,53.74,58.19,62.63,67.07,71.52,75.96,80.41,60.41,0.000,0.9750,13.07,21.07,HOLD,0,35,1,0
1522,101.47,40.41,44.85,49.30,53.74,58.19,62.63,67.07,71.52,75.96,80.41,60.41,0.000,0.9750,13.07,21.07,HOLD,0,35,1,0
1523,101.53,40.41,44.85,49.30,53.74,58.19,62.63,67.07,71.52,75.96,80.41,60.41,0.000,0.9750,13.07,21.07,HOLD,0,35,1,0
1524,101.60,40.41,44.85,49.30,53.74,58.19,62.63,67.07,71.52,75.96,80.41,60.41,0.000,0.9750,13.07,21.07,HOLD,0,35,1,0
1525,101.67,40.41,44.85,49.30,53.74,58.19,62.63,67.07,71.52,75.96,80.41,60.41,0.000,0.9750,13.07,21.07,HOLD,0,35,1,0
1526,101.73,40.41,44.85,49.30,53.74,58.19,62.63,67.07,71.52,75.96,80.41,60.41,0.000,0.9750,13.07,21.07,HOLD,0,35,1,0
1527,101.80,40.41,44.85,49.30,53.74,58.19,62.63,67.07,71.52,75.96,80.41,60.41,0.000,0.9750,13.07,21.07,HOLD,0,35,1,0
1528,101.87,40.41,44.85,49.30,53.74,58.19,62.63,67.07,71.52,75.96,80.41,60.41,0.000,0.9750,13.07,21.07,HOLD,0,35,1,0
1529,101.93,40.41,44.85,49.30,53.74,58.19,62.63,67.07,71.52,75.96,80.41,60.41,0.000,0.9750,13.07,21.07,HOLD,0,35,1,0
1530,102.00,40.41,44.85,49.30,53.74,58.19,62.63,67.07,71.52,75.96,80.41,60.41,0.000,0.9750,13.07,21.07,HOLD,0,35,1,0
1531,102.07,40.41,44.85,49.30,53.74,58.19,62.63,67.07,71.52,75.96,80.41,60.41,0.000,0.9750,13.07,21.07,HOLD,0,35,1,0
1532,102.13,40.41,44.85,49.30,53.74,58.19,62.63,67.07,71.52,75.96,80.41,60.41,0.000,0.9750,13.07,21.07,HOLD,0,35,1,0
1533,102.20,40.41,44.85,49.30,53.74,58.19,62.63,67.07,71.52,75.96,80.41,60.41,0.000,0.9750,13.07,21.07,HOLD,0,35,1,0
1534,102.27,40.41,44.85,49.30,53.74,58.19,62.63,67.07,71.52,75.96,80.41,60.41,0.000,0.9750,13.07,21.07,HOLD,0,35,1,0
1535,102.33,40.41,44.85,49.30,53.74,58.19,62.63,67.07,71.52,75.96,80.41,60.41,0.000,0.9750,13.07,21.07,HOLD,0,35,1,0
1536,102.40,40.41,44.85,49.30,53.74,58.19,62.63,67.07,71.52,75.96,80.41,60.41,0.000,0.9750,13.07,21.07,HOLD,0,35,1,0
1537,102.47,40.41,44.85,49.30,53.74,58.19,62.63,67.07,71.52,75.96,80.41,60.41,0.000,0.9750,13.07,21.07,HOLD,0,35,1,0
1538,102.53,40.41,44.85,49.30,53.74,58.19,62.63,67.07,71.52,75.96,80.41,60.41,0.000,0.9750,13.07,21.07,HOLD,0,35,1,0
1539,102.60,40.41,44.85,49.30,53.74,58.19,62.63,67.07,71.52,75.96,80.41,60.41,0.000,0.9750,13.07,21.07,HOLD,0,35,1,0
1540,102.67,40.41,44.85,49.30,53.74,58.19,62.63,67.07,71.52,75.96,80.41,60.41,0.000,0.9750,13.07,21.07,HOLD,0,35,1,0
1541,102.73,40.41,44.85,49.30,53.74,58.19,62.63,67.07,71.52,75.96,80.41,60.41,0.000,0.9750,13.07,21.07,HOLD,0,35,1,0
1542,102.80,40.41,44.85,49.30,53.74,58.19,62.63,67.07,71.52,75.96,80.41,60.41,0.000,0.9750,13.07,21.07,HOLD,0,35,1,0
1543,102.87,40.41,44.85,49.30,53.74,58.19,62.63,67.07,71.52,75.96,80.41,60.41,0.000,0.9750,13.07,21.07,HOLD,0,35,1,0
1544,102.93,40.41,44.85,49.30,53.74,58.19,62.63,67.07,71.52,75.96,80.41,60.41,0.000,0.9750,13.07,21.07,HOLD,0,35,1,0
1545,103.00,40.41,44.85,49.30,53.74,58.19,62.63,67.07,71.52,75.96,80.41,60.41,0.000,0.9750,13.07,21.07,HOLD,0,35,1,0
1546,103.07,40.41,44.85,49.30,53.74,58.19,62.63,67.07,71.52,75.96,80.41,60.41,0.000,0.9750,13.07,21.07,HOLD,0,35,1,0
1547,103.13,40.41,44.85,49.30,53.74,58.19,62.63,67.07,71.52,75.96,80.41,60.41,0.000,0.9750,13.07,21.07,HOLD,0,35,1,0
1548,103.20,40.41,44.85,49.30,53.74,58.19,62.63,67.07,71.52,75.96,80.41,60.41,0.000,0.9750,13.07,21.07,HOLD,0,35,1,0
1549,103.27,40.41,44.85,49.30,53.74,58.19,62.63,67.07,71.52,75.96,80.41,60.41,0.000,0.9750,13.07,21.07,HOLD,0,35,1,0
1550,103.33,40.41,44.85,49.30,53.74,58.19,62.63,67.07,71.52,75.96,80.41,60.41,0.000,0.9750,13.07,21.07,HOLD,0,35,1,0
1551,103.40,40.41,44.85,49.30,53.74,58.19,62.63,67.07,71.52,75.96,80.41,60.41,0.000,0.9750,13.07,21.07,HOLD,0,35,1,0
1552,103.47,40.41,44.85,49.30,53.74,58.19,62.63,67.07,71.52,75.96,80.41,60.41,0.000,0.9750,13.07,21.07,HOLD,0,35,1,0
1553,103.53,40.41,44.85,49.30,53.74,58.19,62.63,67.07,71.52,75.96,80.41,60.41,0.000,0.9750,13.07,21.07,HOLD,0,35,1,0
1554,103.60,40.41,44.85,49.30,53.74,58.19,62.63,67.07,71.52,75.96,80.41,60.41,0.000,0.9750,13.07,21.07,HOLD,0,35,1,0
1555,103.67,40.41,44.85,49.30,53.74,58.19,62.63,67.07,71.52,75.96,80.41,60.41,0.000,0.9750,13.07,21.07,HOLD,0,35,1,0
1556,103.73,40.41,44.85,49.30,53.74,58.19,62.63,67.07,71.52,75.96,80.41,60.41,0.000,0.9750,13.07,21.07,HOLD,0,35,1,0
1557,103.80,40.41,44.85,49.30,53.74,58.19,62.63,67.07,71.52,75.96,80.41,60.41,0.000,0.9750,13.07,21.07,HOLD,0,35,1,0
1558,103.87,40.41,44.85,49.30,53.74,58.19,62.63,67.07,71.52,75.96,80.41,60.41,0.000,0.9750,13.07,21.07,HOLD,0,35,1,0
1559,103.93,40.41,44.85,49.30,53.74,58.19,62.63,67.07,71.52,75.96,80.41,60.41,0.000,0.9750,13.07,21.07,HOLD,0,35,1,0
1560,104.00,40.41,44.85,49.30,53.74,58.19,62.63,67.07,71.52,75.96,80.41,60.41,0.000,0.9750,13.07,21.07,HOLD,0,35,1,0
1561,104.07,40.41,44.85,49.30,53.74,58.19,62.63,67.07,71.52,75.96,80.41,60.41,0.000,0.9750,13.07,21.07,HOLD,0,35,1,0
1562,104.13,40.41,44.85,49.30,53.74,58.19,62.63,67.07,71.52,75.96,80.41,60.41,0.000,0.9750,13.07,21.07,HOLD,0,35,1,0
1563,104.20,40.41,44.85,49.30,53.74,58.19,62.63,67.07,71.52,75.96,80.41,60.41,0.000,0.9750,13.07,21.07,HOLD,0,35,1,0
1564,104.27,40.41,44.85,49.30,53.74,58.19,62.63,67.07,71.52,75.96,80.41,60.41,0.000,0.9750,13.07,21.07,HOLD,0,35,1,0
1565,104.33,40.41,44.85,49.30,53.74,58.19,62.63,67.07,71.52,75.96,80.41,60.41,0.000,0.9750,13.07,21.07,HOLD,0,35,1,0
1566,104.40,40.41,44.85,49.30,53.74,58.19,62.63,67.07,71.52,75.96,80.41,60.41,0.000,0.9750,13.07,21.07,HOLD,0,35,1,0
1567,104.47,40.41,44.85,49.30,53.74,58.19,62.63,67.07,71.52,75.96,80.41,60.41,0.000,0.9750,13.07,21.07,HOLD,0,35,1,0
1568,104.53,40.41,44.85,49.30,53.74,58.19,62.63,67.07,71.52,75.96,80.41,60.41,0.000,0.9750,13.07,21.07,HOLD,0,35,1,0
1569,104.60,40.41,44.85,49.30,53.74,58.19,62.63,67.07,71.52,75.96,80.41,60.41,0.000,0.9750,13.07,21.07,HOLD,0,35,1,0
1570,104.67,40.41,44.85,49.30,53.74,58.19,62.63,67.07,71.52,75.96,80.41,60.41,0.000,0.9750,13.07,21.07,HOLD,0,35,1,0
1571,104.73,40.41,44.85,49.30,53.74,58.19,62.63,67.07,71.52,75.96,80.41,60.41,0.000,0.9750,13.07,21.07,HOLD,0,35,1,0
1572,104.80,40.41,44.85,49.30,53.74,58.19,62.63,67.07,71.52,75.96,80.41,60.41,0.000,0.9750,13.07,21.07,HOLD,0,35,1,0
1573,104.87,40.41,44.85,49.30,53.74,58.19,62.63,67.07,71.52,75.96,80.41,60.41,0.000,0.9750,13.07,21.07,HOLD,0,35,1,0
1574,104.93,40.41,44.85,49.30,53.74,58.19,62.63,67.07,71.52,75.96,80.41,60.41,0.000,0.9750,13.07,21.07,HOLD,0,35,1,0
1575,105.00,40.41,44.85,49.30,53.74,58.19,62.63,67.07,71.52,75.96,80.41,60.41,0.000,0.9750,13.07,21.07,HOLD,0,35,1,0
1576,105.07,40.41,44.85,49.30,53.74,58.19,62.63,67.07,71.52,75.96,80.41,60.41,0.000,0.9750,13.07,21.07,HOLD,0,35,1,0
1577,105.13,40.41,44.85,49.30,53.74,58.19,62.63,67.07,71.52,75.96,80.41,60.41,0.000,0.9750,13.07,21.07,HOLD,0,35,1,0
1578,105.20,40.41,44.85,49.30,53.74,58.19,62.63,67.07,71.52,75.96,80.41,60.41,0.000,0.9750,13.07,21.07,HOLD,0,35,1,0
1579,105.27,40.41,44.85,49.30,53.74,58.19,62.63,67.07,71.52,75.96,80.41,60.41,0.000,0.9750,13.07,21.07,HOLD,0,35,1,0
1580,105.33,40.41,44.85,49.30,53.74,58.19,62.63,67.07,71.52,75.96,80.41,60.41,0.000,0.9750,13.07,21.07,HOLD,0,35,1,0
1581,105.40,40.41,44.85,49.30,53.74,58.19,62.63,67.07,71.52,75.96,80.41,60.41,0.000,0.9750,13.07,21.07,HOLD,0,35,1,0
1582,105.47,40.41,44.85,49.30,53.74,58.19,62.63,67.07,71.52,75.96,80.41,60.41,0.000,0.9750,13.07,21.07,HOLD,0,35,1,0
1583,105.53,40.41,44.85,49.30,53.74,58.19,62.63,67.07,71.52,75.96,80.41,60.41,0.000,0.9750,13.07,21.07,HOLD,0,35,1,0
1584,105.60,40.41,44.85,49.30,53.74,58.19,62.63,67.07,71.52,75.96,80.41,60.41,0.000,0.9750,13.07,21.07,HOLD,0,35,1,0
1585,105.67,40.41,44.85,49.30,53.74,58.19,62.63,67.07,71.52,75.96,80.41,60.41,0.000,0.9750,13.07,21.07,HOLD,0,35,1,0
1586,105.73,40.41,44.85,49.30,53.74,58.19,62.63,67.07,71.52,75.96,80.41,60.41,0.000,0.9750,13.07,21.07,HOLD,0,35,1,0
1587,105.80,40.41,44.85,49.30,53.74,58.19,62.63,67.07,71.52,75.96,80.41,60.41,0.000,0.9750,13.07,21.07,HOLD,0,35,1,0
1588,105.87,40.41,44.85,49.30,53.74,58.19,62.63,67.07,71.52,75.96,80.41,60.41,0.000,0.9750,13.07,21.07,HOLD,0,35,1,0
1589,105.93,40.41,44.85,49.30,53.74,58.19,62.63,67.07,71.52,75.96,80.41,60.41,0.000,0.9750,13.07,21.07,HOLD,0,35,1,0
1590,106.00,40.41,44.85,49.30,53.74,58.19,62.63,67.07,71.52,75.96,80.41,60.41,0.000,0.9750,13.07,21.07,HOLD,0,35,1,0
1591,106.07,40.41,44.85,49.30,53.74,58.19,62.63,67.07,71.52,75.96,80.41,60.41,0.000,0.9750,13.07,21.07,HOLD,0,35,1,0
1592,106.13,40.41,44.85,49.30,53.74,58.19,62.63,67.07,71.52,75.96,80.41,60.41,0.000,0.9750,13.07,21.07,HOLD,0,35,1,0
1593,106.20,40.41,44.85,49.30,53.74,58.19,62.63,67.07,71.52,75.96,80.41,60.41,0.000,0.9750,13.07,21.07,HOLD,0,35,1,0
1594,106.27,40.41,44.85,49.30,53.74,58.19,62.63,67.07,71.52,75.96,80.41,60.41,0.000,0.9750,13.07,21.07,HOLD,0,35,1,0
1595,106.33,40.41,44.85,49.30,53.74,58.19,62.63,67.07,71.52,75.96,80.41,60.41,0.000,0.9750,13.07,21.07,HOLD,0,35,1,0
1596,106.40,40.41,44.85,49.30,53.74,58.19,62.63,67.07,71.52,75.96,80.41,60.41,0.000,0.9750,13.07,21.07,HOLD,0,35,1,0
1597,106.47,40.41,44.85,49.30,53.74,58.19,62.63,67.07,71.52,75.96,80.41,60.41,0.000,0.9750,13.07,21.07,HOLD,0,35,1,0
1598,106.53,40.41,44.85,49.30,53.74,58.19,62.63,67.07,71.52,75.96,80.41,60.41,0.000,0.9750,13.07,21.07,HOLD,0,35,1,0
1599,106.60,40.41,44.85,49.30,53.74,58.19,62.63,67.07,71.52,75.96,80.41,60.41,0.000,0.9750,13.07,21.07,HOLD,0,35,1,0
1600,106.67,40.41,44.85,49.30,53.74,58.19,62.63,67.07,71.52,75.96,80.41,60.41,0.000,0.9750,13.07,21.07,HOLD,0,35,1,0
1601,106.73,40.41,44.85,49.30,53.74,58.19,62.63,67.07,71.52,75.96,80.41,60.41,0.000,0.9750,13.07,21.07,HOLD,0,35,1,0
1602,106.80,40.41,44.85,49.30,53.74,58.19,62.63,67.07,71.52,75.96,80.41,60.41,0.000,0.9750,13.07,21.07,HOLD,0,35,1,0
1603,106.87,40.41,44.85,49.30,53.74,58.19,62.63,67.07,71.52,75.96,80.41,60.41,0.000,0.9750,13.07,21.07,HOLD,0,35,1,0
1604,106.93,40.41,44.85,49.30,53.74,58.19,62.63,67.07,71.52,75.96,80.41,60.41,0.000,0.9750,13.07,21.07,HOLD,0,35,1,0
1605,107.00,40.41,44.85,49.30,53.74,58.19,62.63,67.07,71.52,75.96,80.41,60.41,0.000,0.9750,13.07,21.07,HOLD,0,35,1,0
1606,107.07,40.41,44.85,49.30,53.74,58.19,62.63,67.07,71.52,75.96,80.41,60.41,0.000,0.9750,13.07,21.07,HOLD,0,35,1,0
1607,107.13,40.41,44.85,49.30,53.74,58.19,62.63,67.07,71.52,75.96,80.41,60.41,0.000,0.9750,13.07,21.07,HOLD,0,35,1,0
1608,107.20,40.41,44.85,49.30,53.74,58.19,62.63,67.07,71.52,75.96,80.41,60.41,0.000,0.9750,13.07,21.07,HOLD,0,35,1,0
1609,107.27,40.41,44.85,49.30,53.74,58.19,62.63,67.07,71.52,75.96,80.41,60.41,0.000,0.9750,13.07,21.07,HOLD,0,35,1,0
1610,107.33,40.41,44.85,49.30,53.74,58.19,62.63,67.07,71.52,75.96,80.41,60.41,0.000,0.9750,13.07,21.07,HOLD,0,35,1,0
1611,107.40,40.41,44.85,49.30,53.74,58.19,62.63,67.07,71.52,75.96,80.41,60.41,0.000,0.9750,13.07,21.07,HOLD,0,35,1,0
1612,107.47,40.41,44.85,49.30,53.74,58.19,62.63,67.07,71.52,75.96,80.41,60.41,0.000,0.9750,13.07,21.07,HOLD,0,35,1,0
1613,107.53,40.41,44.85,49.30,53.74,58.19,62.63,67.07,71.52,75.96,80.41,60.41,0.000,0.9750,13.07,21.07,HOLD,0,35,1,0
1614,107.60,40.41,44.85,49.30,53.74,58.19,62.63,67.07,71.52,75.96,80.41,60.41,0.000,0.9750,13.07,21.07,HOLD,0,35,1,0
1615,107.67,40.41,44.85,49.30,53.74,58.19,62.63,67.07,71.52,75.96,80.41,60.41,0.000,0.9750,13.07,21.07,HOLD,0,35,1,0
1616,107.73,40.41,44.85,49.30,53.74,58.19,62.63,67.07,71.52,75.96,80.41,60.41,0.000,0.9750,13.07,21.07,HOLD,0,35,1,0
1617,107.80,40.41,44.85,49.30,53.74,58.19,62.63,67.07,71.52,75.96,80.41,60.41,0.000,0.9750,13.07,21.07,HOLD,0,35,1,0
1618,107.87,40.41,44.85,49.30,53.74,58.19,62.63,67.07,71.52,75.96,80.41,60.41,0.000,0.9750,13.07,21.07,HOLD,0,35,1,0
1619,107.93,40.41,44.85,49.30,53.74,58.19,62.63,67.07,71.52,75.96,80.41,60.41,0.000,0.9750,13.07,21.07,HOLD,0,35,1,0
1620,108.00,40.41,44.85,49.30,53.74,58.19,62.63,67.07,71.52,75.96,80.41,60.41,0.000,0.9750,13.07,21.07,HOLD,0,35,1,0
1621,108.07,40.41,44.85,49.30,53.74,58.19,62.63,67.07,71.52,75.96,80.41,60.41,0.000,0.9750,13.07,21.07,HOLD,0,35,1,0
1622,108.13,40.41,44.85,49.30,53.74,58.19,62.63,67.07,71.52,75.96,80.41,60.41,0.000,0.9750,13.07,21.07,HOLD,0,35,1,0
1623,108.20,40.41,44.85,49.30,53.74,58.19,62.63,67.07,71.52,75.96,80.41,60.41,0.000,0.9750,13.07,21.07,HOLD,0,35,1,0
1624,108.27,40.41,44.85,49.30,53.74,58.19,62.63,67.07,71.52,75.96,80.41,60.41,0.000,0.9750,13.07,21.07,HOLD,0,35,1,0
1625,108.33,40.41,44.85,49.30,53.74,58.19,62.63,67.07,71.52,75.96,80.41,60.41,0.000,0.9750,13.07,21.07,HOLD,0,35,1,0
1626,108.40,40.41,44.85,49.30,53.74,58.19,62.63,67.07,71.52,75.96,80.41,60.41,0.000,0.9750,13.07,21.07,HOLD,0,35,1,0
1627,108.47,40.41,44.85,49.30,53.74,58.19,62.63,67.07,71.52,75.96,80.41,60.41,0.000,0.9750,13.07,21.07,HOLD,0,35,1,0
1628,108.53,40.41,44.85,49.30,53.74,58.19,62.63,67.07,71.52,75.96,80.41,60.41,0.000,0.9750,13.07,21.07,HOLD,0,35,1,0
1629,108.60,40.41,44.85,49.30,53.74,58.19,62.63,67.07,71.52,75.96,80.41,60.41,0.000,0.9750,13.07,21.07,HOLD,0,35,1,0
1630,108.67,40.41,44.85,49.30,53.74,58.19,62.63,67.07,71.52,75.96,80.41,60.41,0.000,0.9750,13.07,21.07,HOLD,0,35,1,0
1631,108.73,40.41,44.85,49.30,53.74,58.19,62.63,67.07,71.52,75.96,80.41,60.41,0.000,0.9750,13.07,21.07,HOLD,0,35,1,0
1632,108.80,40.41,44.85,49.30,53.74,58.19,62.63,67.07,71.52,75.96,80.41,60.41,0.000,0.9750,13.07,21.07,HOLD,0,35,1,0
1633,108.87,40.41,44.85,49.30,53.74,58.19,62.63,67.07,71.52,75.96,80.41,60.41,0.000,0.9750,13.07,21.07,HOLD,0,35,1,0
1634,108.93,40.41,44.85,49.30,53.74,58.19,62.63,67.07,71.52,75.96,80.41,60.41,0.000,0.9750,13.07,21.07,HOLD,0,35,1,0
1635,109.00,40.41,44.85,49.30,53.74,58.19,62.63,67.07,71.52,75.96,80.41,60.41,0.000,0.9750,13.07,21.07,HOLD,0,35,1,0
1636,109.07,40.41,44.85,49.30,53.74,58.19,62.63,67.07,71.52,75.96,80.41,60.41,0.000,0.9750,13.07,21.07,HOLD,0,35,1,0
1637,109.13,40.41,44.85,49.30,53.74,58.19,62.63,67.07,71.52,75.96,80.41,60.41,0.000,0.9750,13.07,21.07,HOLD,0,35,1,0
1638,109.20,40.41,44.85,49.30,53.74,58.19,62.63,67.07,71.52,75.96,80.41,60.41,0.000,0.9750,13.07,21.07,HOLD,0,35,1,0
1639,109.27,40.41,44.85,49.30,53.74,58.19,62.63,67.07,71.52,75.96,80.41,60.41,0.000,0.9750,13.07,21.07,HOLD,0,35,1,0
1640,109.33,40.41,44.85,49.30,53.74,58.19,62.63,67.07,71.52,75.96,80.41,60.41,0.000,0.9750,13.07,21.07,HOLD,0,35,1,0
1641,109.40,40.41,44.85,49.30,53.74,58.19,62.63,67.07,71.52,75.96,80.41,60.41,0.000,0.9750,13.07,21.07,HOLD,0,35,1,0
1642,109.47,40.41,44.85,49.30,53.74,58.19,62.63,67.07,71.52,75.96,80.41,60.41,0.000,0.9750,13.07,21.07,HOLD,0,35,1,0
1643,109.53,40.41,44.85,49.30,53.74,58.19,62.63,67.07,71.52,75.96,80.41,60.41,0.000,0.9750,13.07,21.07,HOLD,0,35,1,0
1644,109.60,40.41,44.85,49.30,53.74,58.19,62.63,67.07,71.52,75.96,80.41,60.41,0.000,0.9750,13.07,21.07,HOLD,0,35,1,0
1645,109.67,40.41,44.85,49.30,53.74,58.19,62.63,67.07,71.52,75.96,80.41,60.41,0.000,0.9750,13.07,21.07,HOLD,0,35,1,0
1646,109.73,40.41,44.85,49.30,53.74,58.19,62.63,67.07,71.52,75.96,80.41,60.41,0.000,0.9750,13.07,21.07,HOLD,0,35,1,0
1647,109.80,40.41,44.85,49.30,53.74,58.19,62.63,67.07,71.52,75.96,80.41,60.41,0.000,0.9750,13.07,21.07,HOLD,0,35,1,0
1648,109.87,40.41,44.85,49.30,53.74,58.19,62.63,67.07,71.52,75.96,80.41,60.41,0.000,0.9750,13.07,21.07,HOLD,0,35,1,0
1649,109.93,40.41,44.85,49.30,53.74,58.19,62.63,67.07,71.52,75.96,80.41,60.41,0.000,0.9750,13.07,21.07,HOLD,0,35,1,0
1650,110.00,40.41,44.85,49.30,53.74,58.19,62.63,67.07,71.52,75.96,80.41,60.41,0.000,0.9750,13.07,21.07,HOLD,0,35,1,0
1651,110.07,40.41,44.85,49.30,53.74,58.19,62.63,67.07,71.52,75.96,80.41,60.41,0.000,0.9750,13.07,21.07,HOLD,0,35,1,0
1652,110.13,40.41,44.85,49.30,53.74,58.19,62.63,67.07,71.52,75.96,80.41,60.41,0.000,0.9750,13.07,21.07,HOLD,0,35,1,0
1653,110.20,40.41,44.85,49.30,53.74,58.19,62.63,67.07,71.52,75.96,80.41,60.41,0.000,0.9750,13.07,21.07,HOLD,0,35,1,0
1654,110.27,40.41,44.85,49.30,53.74,58.19,62.63,67.07,71.52,75.96,80.41,60.41,0.000,0.9750,13.07,21.07,HOLD,0,35,1,0
1655,110.33,40.41,44.85,49.30,53.74,58.19,62.63,67.07,71.52,75.96,80.41,60.41,0.000,0.9750,13.07,21.07,HOLD,0,35,1,0
1656,110.40,40.41,44.85,49.30,53.74,58.19,62.63,67.07,71.52,75.96,80.41,60.41,0.000,0.9750,13.07,21.07,HOLD,0,35,1,0
1657,110.47,40.41,44.85,49.30,53.74,58.19,62.63,67.07,71.52,75.96,80.41,60.41,0.000,0.9750,13.07,21.07,HOLD,0,35,1,0
1658,110.53,40.41,44.85,49.30,53.74,58.19,62.63,67.07,71.52,75.96,80.41,60.41,0.000,0.9750,13.07,21.07,HOLD,0,35,1,0
1659,110.60,40.41,44.85,49.30,53.74,58.19,62.63,67.07,71.52,75.96,80.41,60.41,0.000,0.9750,13.07,21.07,HOLD,0,35,1,0
1660,110.67,40.41,44.85,49.30,53.74,58.19,62.63,67.07,71.52,75.96,80.41,60.41,0.000,0.9750,13.07,21.07,HOLD,0,35,1,0
1661,110.73,40.41,44.85,49.30,53.74,58.19,62.63,67.07,71.52,75.96,80.41,60.41,0.000,0.9750,13.07,21.07,HOLD,0,35,1,0
1662,110.80,40.41,44.85,49.30,53.74,58.19,62.63,67.07,71.52,75.96,80.41,60.41,0.000,0.9750,13.07,21.07,HOLD,0,35,1,0
1663,110.87,40.41,44.85,49.30,53.74,58.19,62.63,67.07,71.52,75.96,80.41,60.41,0.000,0.9750,13.07,21.07,HOLD,0,35,1,0
1664,110.93,40.41,44.85,49.30,53.74,58.19,62.63,67.07,71.52,75.96,80.41,60.41,0.000,0.9750,13.07,21.07,HOLD,0,35,1,0
1665,111.00,40.41,44.85,49.30,53.74,58.19,62.63,67.07,71.52,75.96,80.41,60.41,0.000,0.9750,13.07,21.07,HOLD,0,35,1,0
1666,111.07,40.41,44.85,49.30,53.74,58.19,62.63,67.07,71.52,75.96,80.41,60.41,0.000,0.9750,13.07,21.07,HOLD,0,35,1,0
1667,111.13,40.41,44.85,49.30,53.74,58.19,62.63,67.07,71.52,75.96,80.41,60.41,0.000,0.9750,13.07,21.07,HOLD,0,35,1,0
1668,111.20,40.41,44.85,49.30,53.74,58.19,62.63,67.07,71.52,75.96,80.41,60.41,0.000,0.9750,13.07,21.07,HOLD,0,35,1,0
1669,111.27,40.41,44.85,49.30,53.74,58.19,62.63,67.07,71.52,75.96,80.41,60.41,0.000,0.9750,13.07,21.07,HOLD,0,35,1,0
1670,111.33,40.41,44.85,49.30,53.74,58.19,62.63,67.07,71.52,75.96,80.41,60.41,0.000,0.9750,13.07,21.07,HOLD,0,35,1,0
1671,111.40,40.41,44.85,49.30,53.74,58.19,62.63,67.07,71.52,75.96,80.41,60.41,0.000,0.9750,13.07,21.07,HOLD,0,35,1,0
1672,111.47,40.41,44.85,49.30,53.74,58.19,62.63,67.07,71.52,75.96,80.41,60.41,0.000,0.9750,13.07,21.07,HOLD,0,35,1,0
1673,111.53,40.41,44.85,49.30,53.74,58.19,62.63,67.07,71.52,75.96,80.41,60.41,0.000,0.9750,13.07,21.07,HOLD,0,35,1,0
1674,111.60,40.41,44.85,49.30,53.74,58.19,62.63,67.07,71.52,75.96,80.41,60.41,0.000,0.9750,13.07,21.07,HOLD,0,35,1,0
1675,111.67,40.41,44.85,49.30,53.74,58.19,62.63,67.07,71.52,75.96,80.41,60.41,0.000,0.9750,13.07,21.07,HOLD,0,35,1,0
1676,111.73,40.41,44.85,49.30,53.74,58.19,62.63,67.07,71.52,75.96,80.41,60.41,0.000,0.9750,13.07,21.07,HOLD,0,35,1,0
1677,111.80,40.41,44.85,49.30,53.74,58.19,62.63,67.07,71.52,75.96,80.41,60.41,0.000,0.9750,13.07,21.07,HOLD,0,35,1,0
1678,111.87,40.41,44.85,49.30,53.74,58.19,62.63,67.07,71.52,75.96,80.41,60.41,0.000,0.9750,13.07,21.07,HOLD,0,35,1,0
1679,111.93,40.41,44.85,49.30,53.74,58.19,62.63,67.07,71.52,75.96,80.41,60.41,0.000,0.9750,13.07,21.07,HOLD,0,35,1,0
1680,112.00,40.41,44.85,49.30,53.74,58.19,62.63,67.07,71.52,75.96,80.41,60.41,0.000,0.9750,13.07,21.07,HOLD,0,35,1,0
1681,112.07,40.41,44.85,49.30,53.74,58.19,62.63,67.07,71.52,75.96,80.41,60.41,0.000,0.9750,13.07,21.07,HOLD,0,35,1,0
1682,112.13,40.41,44.85,49.30,53.74,58.19,62.63,67.07,71.52,75.96,80.41,60.41,0.000,0.9750,13.07,21.07,HOLD,0,35,1,0
1683,112.20,40.41,44.85,49.30,53.74,58.19,62.63,67.07,71.52,75.96,80.41,60.41,0.000,0.9750,13.07,21.07,HOLD,0,35,1,0
1684,112.27,40.41,44.85,49.30,53.74,58.19,62.63,67.07,71.52,75.96,80.41,60.41,0.000,0.9750,13.07,21.07,HOLD,0,35,1,0
1685,112.33,40.41,44.85,49.30,53.74,58.19,62.63,67.07,71.52,75.96,80.41,60.41,0.000,0.9750,13.07,21.07,HOLD,0,35,1,0
1686,112.40,40.41,44.85,49.30,53.74,58.19,62.63,67.07,71.52,75.96,80.41,60.41,0.000,0.9750,13.07,21.07,HOLD,0,35,1,0
1687,112.47,40.41,44.85,49.30,53.74,58.19,62.63,67.07,71.52,75.96,80.41,60.41,0.000,0.9750,13.07,21.07,HOLD,0,35,1,0
1688,112.53,40.41,44.85,49.30,53.74,58.19,62.63,67.07,71.52,75.96,80.41,60.41,0.000,0.9750,13.07,21.07,HOLD,0,35,1,0
1689,112.60,40.41,44.85,49.30,53.74,58.19,62.63,67.07,71.52,75.96,80.41,60.41,0.000,0.9750,13.07,21.07,HOLD,0,35,1,0
1690,112.67,40.41,44.85,49.30,53.74,58.19,62.63,67.07,71.52,75.96,80.41,60.41,0.000,0.9750,13.07,21.07,HOLD,0,35,1,0
1691,112.73,40.41,44.85,49.30,53.74,58.19,62.63,67.07,71.52,75.96,80.41,60.41,0.000,0.9750,13.07,21.07,HOLD,0,35,1,0
1692,112.80,40.41,44.85,49.30,53.74,58.19,62.63,67.07,71.52,75.96,80.41,60.41,0.000,0.9750,13.07,21.07,HOLD,0,35,1,0
1693,112.87,40.41,44.85,49.30,53.74,58.19,62.63,67.07,71.52,75.96,80.41,60.41,0.000,0.9750,13.07,21.07,HOLD,0,35,1,0
1694,112.93,40.41,44.85,49.30,53.74,58.19,62.63,67.07,71.52,75.96,80.41,60.41,0.000,0.9750,13.07,21.07,HOLD,0,35,1,0
1695,113.00,40.41,44.85,49.30,53.74,58.19,62.63,67.07,71.52,75.96,80.41,60.41,0.000,0.9750,13.07,21.07,HOLD,0,35,1,0
1696,113.07,40.41,44.85,49.30,53.74,58.19,62.63,67.07,71.52,75.96,80.41,60.41,0.000,0.9750,13.07,21.07,HOLD,0,35,1,0
1697,113.13,40.41,44.85,49.30,53.74,58.19,62.63,67.07,71.52,75.96,80.41,60.41,0.000,0.9750,13.07,21.07,HOLD,0,35,1,0
1698,113.20,40.41,44.85,49.30,53.74,58.19,62.63,67.07,71.52,75.96,80.41,60.41,0.000,0.9750,13.07,21.07,HOLD,0,35,1,0
1699,113.27,40.41,44.85,49.30,53.74,58.19,62.63,67.07,71.52,75.96,80.41,60.41,0.000,0.9750,13.07,21.07,HOLD,0,35,1,0
1700,113.33,40.41,44.85,49.30,53.74,58.19,62.63,67.07,71.52,75.96,80.41,60.41,0.000,0.9750,13.07,21.07,HOLD,0,35,1,0
1701,113.40,40.41,44.85,49.30,53.74,58.19,62.63,67.07,71.52,75.96,80.41,60.41,0.000,0.9750,13.07,21.07,HOLD,0,35,1,0
1702,113.47,40.41,44.85,49.30,53.74,58.19,62.63,67.07,71.52,75.96,80.41,60.41,0.000,0.9750,13.07,21.07,HOLD,0,35,1,0
1703,113.53,40.41,44.85,49.30,53.74,58.19,62.63,67.07,71.52,75.96,80.41,60.41,0.000,0.9750,13.07,21.07,HOLD,0,35,1,0
1704,113.60,40.41,44.85,49.30,53.74,58.19,62.63,67.07,71.52,75.96,80.41,60.41,0.000,0.9750,13.07,21.07,HOLD,0,35,1,0
1705,113.67,40.41,44.85,49.30,53.74,58.19,62.63,67.07,71.52,75.96,80.41,60.41,0.000,0.9750,13.07,21.07,HOLD,0,35,1,0
1706,113.73,40.41,44.85,49.30,53.74,58.19,62.63,67.07,71.52,75.96,80.41,60.41,0.000,0.9750,13.07,21.07,HOLD,0,35,1,0
1707,113.80,40.41,44.85,49.30,53.74,58.19,62.63,67.07,71.52,75.96,80.41,60.41,0.000,0.9750,13.07,21.07,HOLD,0,35,1,0
1708,113.87,40.41,44.85,49.30,53.74,58.19,62.63,67.07,71.52,75.96,80.41,60.41,0.000,0.9750,13.07,21.07,HOLD,0,35,1,0
1709,113.93,40.41,44.85,49.30,53.74,58.19,62.63,67.07,71.52,75.96,80.41,60.41,0.000,0.9750,13.07,21.07,HOLD,0,35,1,0
1710,114.00,40.41,44.85,49.30,53.74,58.19,62.63,67.07,71.52,75.96,80.41,60.41,0.000,0.9750,13.07,21.07,HOLD,0,35,1,0
1711,114.07,40.41,44.85,49.30,53.74,58.19,62.63,67.07,71.52,75.96,80.41,60.41,0.000,0.9750,13.07,21.07,HOLD,0,35,1,0
1712,114.13,40.41,44.85,49.30,53.74,58.19,62.63,67.07,71.52,75.96,80.41,60.41,0.000,0.9750,13.07,21.07,HOLD,0,35,1,0
1713,114.20,40.41,44.85,49.30,53.74,58.19,62.63,67.07,71.52,75.96,80.41,60.41,0.000,0.9750,13.07,21.07,HOLD,0,35,1,0
1714,114.27,40.41,44.85,49.30,53.74,58.19,62.63,67.07,71.52,75.96,80.41,60.41,0.000,0.9750,13.07,21.07,HOLD,0,35,1,0
1715,114.33,40.41,44.85,49.30,53.74,58.19,62.63,67.07,71.52,75.96,80.41,60.41,0.000,0.9750,13.07,21.07,HOLD,0,35,1,0
1716,114.40,40.41,44.85,49.30,53.74,58.19,62.63,67.07,71.52,75.96,80.41,60.41,0.000,0.9750,13.07,21.07,HOLD,0,35,1,0
1717,114.47,40.41,44.85,49.30,53.74,58.19,62.63,67.07,71.52,75.96,80.41,60.41,0.000,0.9750,13.07,21.07,HOLD,0,35,1,0
1718,114.53,40.41,44.85,49.30,53.74,58.19,62.63,67.07,71.52,75.96,80.41,60.41,0.000,0.9750,13.07,21.07,HOLD,0,35,1,0
1719,114.60,40.41,44.85,49.30,53.74,58.19,62.63,67.07,71.52,75.96,80.41,60.41,0.000,0.9750,13.07,21.07,HOLD,0,35,1,0
1720,114.67,40.41,44.85,49.30,53.74,58.19,62.63,67.07,71.52,75.96,80.41,60.41,0.000,0.9750,13.07,21.07,HOLD,0,35,1,0
1721,114.73,40.41,44.85,49.30,53.74,58.19,62.63,67.07,71.52,75.96,80.41,60.41,0.000,0.9750,13.07,21.07,HOLD,0,35,1,0
1722,114.80,40.41,44.85,49.30,53.74,58.19,62.63,67.07,71.52,75.96,80.41,60.41,0.000,0.9750,13.07,21.07,HOLD,0,35,1,0
1723,114.87,40.41,44.85,49.30,53.74,58.19,62.63,67.07,71.52,75.96,80.41,60.41,0.000,0.9750,13.07,21.07,HOLD,0,35,1,0
1724,114.93,40.41,44.85,49.30,53.74,58.19,62.63,67.07,71.52,75.96,80.41,60.41,0.000,0.9750,13.07,21.07,HOLD,0,35,1,0
1725,115.00,40.41,44.85,49.30,53.74,58.19,62.63,67.07,71.52,75.96,80.41,60.41,0.000,0.9750,13.07,21.07,HOLD,0,35,1,0
1726,115.07,40.41,44.85,49.30,53.74,58.19,62.63,67.07,71.52,75.96,80.41,60.41,0.000,0.9750,13.07,21.07,HOLD,0,35,1,0
1727,115.13,40.41,44.85,49.30,53.74,58.19,62.63,67.07,71.52,75.96,80.41,60.41,0.000,0.9750,13.07,21.07,HOLD,0,35,1,0
1728,115.20,40.41,44.85,49.30,53.74,58.19,62.63,67.07,71.52,75.96,80.41,60.41,0.000,0.9750,13.07,21.07,HOLD,0,35,1,0
1729,115.27,40.41,44.85,49.30,53.74,58.19,62.63,67.07,71.52,75.96,80.41,60.41,0.000,0.9750,13.07,21.07,HOLD,0,35,1,0
1730,115.33,40.41,44.85,49.30,53.74,58.19,62.63,67.07,71.52,75.96,80.41,60.41,0.000,0.9750,13.07,21.07,HOLD,0,35,1,0
1731,115.40,40.41,44.85,49.30,53.74,58.19,62.63,67.07,71.52,75.96,80.41,60.41,0.000,0.9750,13.07,21.07,HOLD,0,35,1,0
1732,115.47,40.41,44.85,49.30,53.74,58.19,62.63,67.07,71.52,75.96,80.41,60.41,0.000,0.9750,13.07,21.07,HOLD,0,35,1,0
1733,115.53,40.41,44.85,49.30,53.74,58.19,62.63,67.07,71.52,75.96,80.41,60.41,0.000,0.9750,13.07,21.07,HOLD,0,35,1,0
1734,115.60,40.41,44.85,49.30,53.74,58.19,62.63,67.07,71.52,75.96,80.41,60.41,0.000,0.9750,13.07,21.07,HOLD,0,35,1,0
1735,115.67,40.41,44.85,49.30,53.74,58.19,62.63,67.07,71.52,75.96,80.41,60.41,0.000,0.9750,13.07,21.07,HOLD,0,35,1,0
1736,115.73,40.41,44.85,49.30,53.74,58.19,62.63,67.07,71.52,75.96,80.41,60.41,0.000,0.9750,13.07,21.07,HOLD,0,35,1,0
1737,115.80,40.41,44.85,49.30,53.74,58.19,62.63,67.07,71.52,75.96,80.41,60.41,0.000,0.9750,13.07,21.07,HOLD,0,35,1,0
1738,115.87,40.41,44.85,49.30,53.74,58.19,62.63,67.07,71.52,75.96,80.41,60.41,0.000,0.9750,13.07,21.07,HOLD,0,35,1,0
1739,115.93,40.41,44.85,49.30,53.74,58.19,62.63,67.07,71.52,75.96,80.41,60.41,0.000,0.9750,13.07,21.07,HOLD,0,35,1,0
1740,116.00,40.41,44.85,49.30,53.74,58.19,62.63,67.07,71.52,75.96,80.41,60.41,0.000,0.9750,13.07,21.07,HOLD,0,35,1,0
1741,116.07,40.41,44.85,49.30,53.74,58.19,62.63,67.07,71.52,75.96,80.41,60.41,0.000,0.9750,13.07,21.07,HOLD,0,35,1,0
1742,116.13,40.41,44.85,49.30,53.74,58.19,62.63,67.07,71.52,75.96,80.41,60.41,0.000,0.9750,13.07,21.07,HOLD,0,35,1,0
1743,116.20,40.41,44.85,49.30,53.74,58.19,62.63,67.07,71.52,75.96,80.41,60.41,0.000,0.9750,13.07,21.07,HOLD,0,35,1,0
1744,116.27,40.41,44.85,49.30,53.74,58.19,62.63,67.07,71.52,75.96,80.41,60.41,0.000,0.9750,13.07,21.07,HOLD,0,35,1,0
1745,116.33,40.41,44.85,49.30,53.74,58.19,62.63,67.07,71.52,75.96,80.41,60.41,0.000,0.9750,13.07,21.07,HOLD,0,35,1,0
1746,116.40,40.41,44.85,49.30,53.74,58.19,62.63,67.07,71.52,75.96,80.41,60.41,0.000,0.9750,13.07,21.07,HOLD,0,35,1,0
1747,116.47,40.41,44.85,49.30,53.74,58.19,62.63,67.07,71.52,75.96,80.41,60.41,0.000,0.9750,13.07,21.07,HOLD,0,35,1,0
1748,116.53,40.41,44.85,49.30,53.74,58.19,62.63,67.07,71.52,75.96,80.41,60.41,0.000,0.9750,13.07,21.07,HOLD,0,35,1,0
1749,116.60,40.41,44.85,49.30,53.74,58.19,62.63,67.07,71.52,75.96,80.41,60.41,0.000,0.9750,13.07,21.07,HOLD,0,35,1,0
1750,116.67,40.41,44.85,49.30,53.74,58.19,62.63,67.07,71.52,75.96,80.41,60.41,0.000,0.9750,13.07,21.07,HOLD,0,35,1,0
1751,116.73,40.41,44.85,49.30,53.74,58.19,62.63,67.07,71.52,75.96,80.41,60.41,0.000,0.9750,13.07,21.07,HOLD,0,35,1,0
1752,116.80,40.41,44.85,49.30,53.74,58.19,62.63,67.07,71.52,75.96,80.41,60.41,0.000,0.9750,13.07,21.07,HOLD,0,35,1,0
1753,116.87,40.41,44.85,49.30,53.74,58.19,62.63,67.07,71.52,75.96,80.41,60.41,0.000,0.9750,13.07,21.07,HOLD,0,35,1,0
1754,116.93,40.41,44.85,49.30,53.74,58.19,62.63,67.07,71.52,75.96,80.41,60.41,0.000,0.9750,13.07,21.07,HOLD,0,35,1,0
1755,117.00,40.41,44.85,49.30,53.74,58.19,62.63,67.07,71.52,75.96,80.41,60.41,0.000,0.9750,13.07,21.07,HOLD,0,35,1,0
1756,117.07,40.41,44.85,49.30,53.74,58.19,62.63,67.07,71.52,75.96,80.41,60.41,0.000,0.9750,13.07,21.07,HOLD,0,35,1,0
1757,117.13,40.41,44.85,49.30,53.74,58.19,62.63,67.07,71.52,75.96,80.41,60.41,0.000,0.9750,13.07,21.07,HOLD,0,35,1,0
1758,117.20,40.41,44.85,49.30,53.74,58.19,62.63,67.07,71.52,75.96,80.41,60.41,0.000,0.9750,13.07,21.07,HOLD,0,35,1,0
1759,117.27,40.41,44.85,49.30,53.74,58.19,62.63,67.07,71.52,75.96,80.41,60.41,0.000,0.9750,13.07,21.07,HOLD,0,35,1,0
1760,117.33,40.41,44.85,49.30,53.74,58.19,62.63,67.07,71.52,75.96,80.41,60.41,0.000,0.9750,13.07,21.07,HOLD,0,35,1,0
1761,117.40,40.41,44.85,49.30,53.74,58.19,62.63,67.07,71.52,75.96,80.41,60.41,0.000,0.9750,13.07,21.07,HOLD,0,35,1,0
1762,117.47,40.41,44.85,49.30,53.74,58.19,62.63,67.07,71.52,75.96,80.41,60.41,0.000,0.9750,13.07,21.07,HOLD,0,35,1,0
1763,117.53,40.41,44.85,49.30,53.74,58.19,62.63,67.07,71.52,75.96,80.41,60.41,0.000,0.9750,13.07,21.07,HOLD,0,35,1,0
1764,117.60,40.41,44.85,49.30,53.74,58.19,62.63,67.07,71.52,75.96,80.41,60.41,0.000,0.9750,13.07,21.07,HOLD,0,35,1,0
1765,117.67,40.41,44.85,49.30,53.74,58.19,62.63,67.07,71.52,75.96,80.41,60.41,0.000,0.9750,13.07,21.07,HOLD,0,35,1,0
1766,117.73,40.41,44.85,49.30,53.74,58.19,62.63,67.07,71.52,75.96,80.41,60.41,0.000,0.9750,13.07,21.07,HOLD,0,35,1,0
1767,117.80,40.41,44.85,49.30,53.74,58.19,62.63,67.07,71.52,75.96,80.41,60.41,0.000,0.9750,13.07,21.07,HOLD,0,35,1,0
1768,117.87,40.41,44.85,49.30,53.74,58.19,62.63,67.07,71.52,75.96,80.41,60.41,0.000,0.9750,13.07,21.07,HOLD,0,35,1,0
1769,117.93,40.41,44.85,49.30,53.74,58.19,62.63,67.07,71.52,75.96,80.41,60.41,0.000,0.9750,13.07,21.07,HOLD,0,35,1,0
1770,118.00,40.41,44.85,49.30,53.74,58.19,62.63,67.07,71.52,75.96,80.41,60.41,0.000,0.9750,13.07,21.07,HOLD,0,35,1,0
1771,118.07,40.41,44.85,49.30,53.74,58.19,62.63,67.07,71.52,75.96,80.41,60.41,0.000,0.9750,13.07,21.07,HOLD,0,35,1,0
1772,118.13,40.41,44.85,49.30,53.74,58.19,62.63,67.07,71.52,75.96,80.41,60.41,0.000,0.9750,13.07,21.07,HOLD,0,35,1,0
1773,118.20,40.41,44.85,49.30,53.74,58.19,62.63,67.07,71.52,75.96,80.41,60.41,0.000,0.9750,13.07,21.07,HOLD,0,35,1,0
1774,118.27,40.41,44.85,49.30,53.74,58.19,62.63,67.07,71.52,75.96,80.41,60.41,0.000,0.9750,13.07,21.07,HOLD,0,35,1,0
1775,118.33,40.41,44.85,49.30,53.74,58.19,62.63,67.07,71.52,75.96,80.41,60.41,0.000,0.9750,13.07,21.07,HOLD,0,35,1,0
1776,118.40,40.41,44.85,49.30,53.74,58.19,62.63,67.07,71.52,75.96,80.41,60.41,0.000,0.9750,13.07,21.07,HOLD,0,35,1,0
1777,118.47,40.41,44.85,49.30,53.74,58.19,62.63,67.07,71.52,75.96,80.41,60.41,0.000,0.9750,13.07,21.07,HOLD,0,35,1,0
1778,118.53,40.41,44.85,49.30,53.74,58.19,62.63,67.07,71.52,75.96,80.41,60.41,0.000,0.9750,13.07,21.07,HOLD,0,35,1,0
1779,118.60,40.41,44.85,49.30,53.74,58.19,62.63,67.07,71.52,75.96,80.41,60.41,0.000,0.9750,13.07,21.07,HOLD,0,35,1,0
1780,118.67,40.41,44.85,49.30,53.74,58.19,62.63,67.07,71.52,75.96,80.41,60.41,0.000,0.9750,13.07,21.07,HOLD,0,35,1,0
1781,118.73,40.41,44.85,49.30,53.74,58.19,62.63,67.07,71.52,75.96,80.41,60.41,0.000,0.9750,13.07,21.07,HOLD,0,35,1,0
1782,118.80,40.41,44.85,49.30,53.74,58.19,62.63,67.07,71.52,75.96,80.41,60.41,0.000,0.9750,13.07,21.07,HOLD,0,35,1,0
1783,118.87,40.41,44.85,49.30,53.74,58.19,62.63,67.07,71.52,75.96,80.41,60.41,0.000,0.9750,13.07,21.07,HOLD,0,35,1,0
1784,118.93,40.41,44.85,49.30,53.74,58.19,62.63,67.07,71.52,75.96,80.41,60.41,0.000,0.9750,13.07,21.07,HOLD,0,35,1,0
1785,119.00,40.41,44.85,49.30,53.74,58.19,62.63,67.07,71.52,75.96,80.41,60.41,0.000,0.9750,13.07,21.07,HOLD,0,35,1,0
1786,119.07,40.41,44.85,49.30,53.74,58.19,62.63,67.07,71.52,75.96,80.41,60.41,0.000,0.9750,13.07,21.07,HOLD,0,35,1,0
1787,119.13,40.41,44.85,49.30,53.74,58.19,62.63,67.07,71.52,75.96,80.41,60.41,0.000,0.9750,13.07,21.07,HOLD,0,35,1,0
1788,119.20,40.41,44.85,49.30,53.74,58.19,62.63,67.07,71.52,75.96,80.41,60.41,0.000,0.9750,13.07,21.07,HOLD,0,35,1,0
1789,119.27,40.41,44.85,49.30,53.74,58.19,62.63,67.07,71.52,75.96,80.41,60.41,0.000,0.9750,13.07,21.07,HOLD,0,35,1,0
1790,119.33,40.41,44.85,49.30,53.74,58.19,62.63,67.07,71.52,75.96,80.41,60.41,0.000,0.9750,13.07,21.07,HOLD,0,35,1,0
1791,119.40,40.41,44.85,49.30,53.74,58.19,62.63,67.07,71.52,75.96,80.41,60.41,0.000,0.9750,13.07,21.07,HOLD,0,35,1,0
1792,119.47,40.41,44.85,49.30,53.74,58.19,62.63,67.07,71.52,75.96,80.41,60.41,0.000,0.9750,13.07,21.07,HOLD,0,35,1,0
1793,119.53,40.41,44.85,49.30,53.74,58.19,62.63,67.07,71.52,75.96,80.41,60.41,0.000,0.9750,13.07,21.07,HOLD,0,35,1,0
1794,119.60,40.41,44.85,49.30,53.74,58.19,62.63,67.07,71.52,75.96,80.41,60.41,0.000,0.9750,13.07,21.07,HOLD,0,35,1,0
1795,119.67,40.41,44.85,49.30,53.74,58.19,62.63,67.07,71.52,75.96,80.41,60.41,0.000,0.9750,13.07,21.07,HOLD,0,35,1,0
1796,119.73,40.41,44.85,49.30,53.74,58.19,62.63,67.07,71.52,75.96,80.41,60.41,0.000,0.9750,13.07,21.07,HOLD,0,35,1,0
1797,119.80,40.41,44.85,49.30,53.74,58.19,62.63,67.07,71.52,75.96,80.41,60.41,0.000,0.9750,13.07,21.07,HOLD,0,35,1,0
1798,119.87,40.41,44.85,49.30,53.74,58.19,62.63,67.07,71.52,75.96,80.41,60.41,0.000,0.9750,13.07,21.07,HOLD,0,35,1,0
1799,119.93,40.41,44.85,49.30,53.74,58.19,62.63,67.07,71.52,75.96,80.41,60.41,0.000,0.9750,13.07,21.07,HOLD,0,35,1,0
