timestamp_unix,timestamp_iso,direction,msg_type,size_bytes,processing_ms
1782236617.949,2026-06-23T18:43:37,incoming,BootNotification,144,0.000
1782236617.953,2026-06-23T18:43:37,outgoing,CallResult,127,0.000
1782236617.994,2026-06-23T18:43:37,incoming,Heartbeat,57,0.000
1782236617.995,2026-06-23T18:43:37,outgoing,CallResult,81,0.000
1782236618.006,2026-06-23T18:43:38,incoming,MeterValues,859,0.000
1782236618.009,2026-06-23T18:43:38,incoming,MeterValues,0,0.415
1782236618.010,2026-06-23T18:43:38,outgoing,CallResult,45,0.000
1782236628.021,2026-06-23T18:43:48,incoming,Heartbeat,57,0.000
1782236628.021,2026-06-23T18:43:48,outgoing,CallResult,81,0.000
1782236628.043,2026-06-23T18:43:48,incoming,MeterValues,859,0.000
1782236628.045,2026-06-23T18:43:48,incoming,MeterValues,0,0.345
1782236628.045,2026-06-23T18:43:48,outgoing,CallResult,45,0.000
1782236638.928,2026-06-23T18:43:58,incoming,Heartbeat,57,0.000
1782236638.929,2026-06-23T18:43:58,outgoing,CallResult,81,0.000
1782236638.938,2026-06-23T18:43:58,incoming,MeterValues,859,0.000
1782236638.941,2026-06-23T18:43:58,incoming,MeterValues,0,0.327
1782236638.941,2026-06-23T18:43:58,outgoing,CallResult,45,0.000
1782236648.949,2026-06-23T18:44:08,incoming,Heartbeat,57,0.000
1782236648.950,2026-06-23T18:44:08,outgoing,CallResult,81,0.000
1782236648.975,2026-06-23T18:44:08,incoming,MeterValues,859,0.000
1782236648.978,2026-06-23T18:44:08,incoming,MeterValues,0,0.340
1782236648.978,2026-06-23T18:44:08,outgoing,CallResult,45,0.000
1782236659.376,2026-06-23T18:44:19,incoming,Heartbeat,57,0.000
1782236659.377,2026-06-23T18:44:19,outgoing,CallResult,81,0.000
1782236659.386,2026-06-23T18:44:19,incoming,MeterValues,875,0.000
1782236659.388,2026-06-23T18:44:19,incoming,MeterValues,0,0.301
1782236659.388,2026-06-23T18:44:19,outgoing,CallResult,45,0.000
1782236669.398,2026-06-23T18:44:29,incoming,Heartbeat,57,0.000
1782236669.399,2026-06-23T18:44:29,outgoing,CallResult,81,0.000
1782236669.424,2026-06-23T18:44:29,incoming,MeterValues,877,0.000
1782236669.427,2026-06-23T18:44:29,incoming,MeterValues,0,0.419
1782236669.427,2026-06-23T18:44:29,outgoing,CallResult,45,0.000
1782236679.456,2026-06-23T18:44:39,incoming,Heartbeat,57,0.000
1782236679.457,2026-06-23T18:44:39,outgoing,CallResult,81,0.000
1782236680.120,2026-06-23T18:44:40,incoming,MeterValues,887,0.000
1782236680.123,2026-06-23T18:44:40,incoming,MeterValues,0,0.449
1782236680.123,2026-06-23T18:44:40,outgoing,CallResult,45,0.000
1782236689.481,2026-06-23T18:44:49,incoming,Heartbeat,57,0.000
1782236689.482,2026-06-23T18:44:49,outgoing,CallResult,81,0.000
1782236690.163,2026-06-23T18:44:50,incoming,MeterValues,877,0.000
1782236690.166,2026-06-23T18:44:50,incoming,MeterValues,0,0.412
1782236690.166,2026-06-23T18:44:50,outgoing,CallResult,45,0.000
1782236692.505,2026-06-23T18:44:52,outgoing,SetVariables,461,0.000
1782236692.547,2026-06-23T18:44:52,incoming,CallResult,472,0.000
1782236697.352,2026-06-23T18:44:57,outgoing,SetVariables,461,0.000
1782236697.981,2026-06-23T18:44:57,incoming,CallResult,472,0.000
1782236699.500,2026-06-23T18:44:59,incoming,Heartbeat,57,0.000
1782236699.501,2026-06-23T18:44:59,outgoing,CallResult,81,0.000
1782236700.499,2026-06-23T18:45:00,incoming,MeterValues,876,0.000
1782236700.501,2026-06-23T18:45:00,incoming,MeterValues,0,0.434
1782236700.502,2026-06-23T18:45:00,outgoing,CallResult,45,0.000
1782236703.083,2026-06-23T18:45:03,outgoing,SetVariables,461,0.000
1782236703.217,2026-06-23T18:45:03,incoming,CallResult,472,0.000
1782236709.518,2026-06-23T18:45:09,incoming,Heartbeat,57,0.000
1782236709.519,2026-06-23T18:45:09,outgoing,CallResult,81,0.000
1782236710.581,2026-06-23T18:45:10,incoming,MeterValues,877,0.000
1782236710.584,2026-06-23T18:45:10,incoming,MeterValues,0,0.283
1782236710.584,2026-06-23T18:45:10,outgoing,CallResult,45,0.000
1782236719.537,2026-06-23T18:45:19,incoming,Heartbeat,57,0.000
1782236719.538,2026-06-23T18:45:19,outgoing,CallResult,81,0.000
1782236720.720,2026-06-23T18:45:20,incoming,MeterValues,877,0.000
1782236720.723,2026-06-23T18:45:20,incoming,MeterValues,0,0.274
1782236720.723,2026-06-23T18:45:20,outgoing,CallResult,45,0.000
1782236729.560,2026-06-23T18:45:29,incoming,Heartbeat,57,0.000
1782236729.561,2026-06-23T18:45:29,outgoing,CallResult,81,0.000
1782236730.754,2026-06-23T18:45:30,incoming,MeterValues,886,0.000
1782236730.756,2026-06-23T18:45:30,incoming,MeterValues,0,0.277
1782236730.756,2026-06-23T18:45:30,outgoing,CallResult,45,0.000
1782236739.698,2026-06-23T18:45:39,incoming,Heartbeat,57,0.000
1782236739.699,2026-06-23T18:45:39,outgoing,CallResult,81,0.000
1782236740.790,2026-06-23T18:45:40,incoming,MeterValues,880,0.000
1782236740.793,2026-06-23T18:45:40,incoming,MeterValues,0,0.392
1782236740.793,2026-06-23T18:45:40,outgoing,CallResult,45,0.000
1782236749.712,2026-06-23T18:45:49,incoming,Heartbeat,57,0.000
1782236749.713,2026-06-23T18:45:49,outgoing,CallResult,81,0.000
1782236750.823,2026-06-23T18:45:50,incoming,MeterValues,878,0.000
1782236750.825,2026-06-23T18:45:50,incoming,MeterValues,0,0.265
1782236750.826,2026-06-23T18:45:50,outgoing,CallResult,45,0.000
1782236759.779,2026-06-23T18:45:59,incoming,Heartbeat,57,0.000
1782236759.780,2026-06-23T18:45:59,outgoing,CallResult,81,0.000
1782236760.861,2026-06-23T18:46:00,incoming,MeterValues,880,0.000
1782236760.863,2026-06-23T18:46:00,incoming,MeterValues,0,0.273
1782236760.864,2026-06-23T18:46:00,outgoing,CallResult,45,0.000
1782236769.791,2026-06-23T18:46:09,incoming,Heartbeat,57,0.000
1782236769.792,2026-06-23T18:46:09,outgoing,CallResult,81,0.000
1782236771.075,2026-06-23T18:46:11,incoming,MeterValues,889,0.000
1782236771.077,2026-06-23T18:46:11,incoming,MeterValues,0,0.266
1782236771.078,2026-06-23T18:46:11,outgoing,CallResult,45,0.000
1782236779.970,2026-06-23T18:46:19,incoming,Heartbeat,57,0.000
1782236779.971,2026-06-23T18:46:19,outgoing,CallResult,81,0.000
1782236781.113,2026-06-23T18:46:21,incoming,MeterValues,880,0.000
1782236781.115,2026-06-23T18:46:21,incoming,MeterValues,0,0.325
1782236781.116,2026-06-23T18:46:21,outgoing,CallResult,45,0.000
1782236789.986,2026-06-23T18:46:29,incoming,Heartbeat,57,0.000
1782236789.987,2026-06-23T18:46:29,outgoing,CallResult,81,0.000
1782236791.150,2026-06-23T18:46:31,incoming,MeterValues,880,0.000
1782236791.153,2026-06-23T18:46:31,incoming,MeterValues,0,0.327
1782236791.153,2026-06-23T18:46:31,outgoing,CallResult,45,0.000
1782236800.002,2026-06-23T18:46:40,incoming,Heartbeat,57,0.000
1782236800.003,2026-06-23T18:46:40,outgoing,CallResult,81,0.000
1782236801.186,2026-06-23T18:46:41,incoming,MeterValues,880,0.000
1782236801.188,2026-06-23T18:46:41,incoming,MeterValues,0,0.341
1782236801.189,2026-06-23T18:46:41,outgoing,CallResult,45,0.000
1782236810.018,2026-06-23T18:46:50,incoming,Heartbeat,57,0.000
1782236810.019,2026-06-23T18:46:50,outgoing,CallResult,81,0.000
1782236811.268,2026-06-23T18:46:51,incoming,MeterValues,880,0.000
1782236811.270,2026-06-23T18:46:51,incoming,MeterValues,0,0.427
1782236811.271,2026-06-23T18:46:51,outgoing,CallResult,45,0.000
1782236820.034,2026-06-23T18:47:00,incoming,Heartbeat,57,0.000
1782236820.035,2026-06-23T18:47:00,outgoing,CallResult,81,0.000
1782236821.301,2026-06-23T18:47:01,incoming,MeterValues,880,0.000
1782236821.303,2026-06-23T18:47:01,incoming,MeterValues,0,0.412
1782236821.304,2026-06-23T18:47:01,outgoing,CallResult,45,0.000
1782236830.046,2026-06-23T18:47:10,incoming,Heartbeat,57,0.000
1782236830.047,2026-06-23T18:47:10,outgoing,CallResult,81,0.000
1782236831.458,2026-06-23T18:47:11,incoming,MeterValues,880,0.000
1782236831.461,2026-06-23T18:47:11,incoming,MeterValues,0,0.308
1782236831.461,2026-06-23T18:47:11,outgoing,CallResult,45,0.000
1782236840.062,2026-06-23T18:47:20,incoming,Heartbeat,57,0.000
1782236840.063,2026-06-23T18:47:20,outgoing,CallResult,81,0.000
1782236841.639,2026-06-23T18:47:21,incoming,MeterValues,880,0.000
1782236841.641,2026-06-23T18:47:21,incoming,MeterValues,0,0.347
1782236841.642,2026-06-23T18:47:21,outgoing,CallResult,45,0.000
1782236850.079,2026-06-23T18:47:30,incoming,Heartbeat,57,0.000
1782236850.080,2026-06-23T18:47:30,outgoing,CallResult,81,0.000
1782236851.735,2026-06-23T18:47:31,incoming,MeterValues,880,0.000
1782236851.737,2026-06-23T18:47:31,incoming,MeterValues,0,0.272
1782236851.739,2026-06-23T18:47:31,outgoing,CallResult,45,0.000
1782236860.098,2026-06-23T18:47:40,incoming,Heartbeat,57,0.000
1782236860.099,2026-06-23T18:47:40,outgoing,CallResult,81,0.000
1782236861.777,2026-06-23T18:47:41,incoming,MeterValues,880,0.000
1782236861.779,2026-06-23T18:47:41,incoming,MeterValues,0,0.273
1782236861.780,2026-06-23T18:47:41,outgoing,CallResult,45,0.000
1782236870.111,2026-06-23T18:47:50,incoming,Heartbeat,57,0.000
1782236870.112,2026-06-23T18:47:50,outgoing,CallResult,81,0.000
1782236871.853,2026-06-23T18:47:51,incoming,MeterValues,880,0.000
1782236871.856,2026-06-23T18:47:51,incoming,MeterValues,0,0.295
1782236871.856,2026-06-23T18:47:51,outgoing,CallResult,45,0.000
1782236880.193,2026-06-23T18:48:00,incoming,Heartbeat,57,0.000
1782236880.195,2026-06-23T18:48:00,outgoing,CallResult,81,0.000
1782236881.980,2026-06-23T18:48:01,incoming,MeterValues,880,0.000
1782236881.983,2026-06-23T18:48:01,incoming,MeterValues,0,0.412
1782236881.983,2026-06-23T18:48:01,outgoing,CallResult,45,0.000
1782236890.363,2026-06-23T18:48:10,incoming,Heartbeat,57,0.000
1782236890.364,2026-06-23T18:48:10,outgoing,CallResult,81,0.000
1782236892.141,2026-06-23T18:48:12,incoming,MeterValues,880,0.000
1782236892.143,2026-06-23T18:48:12,incoming,MeterValues,0,0.335
1782236892.144,2026-06-23T18:48:12,outgoing,CallResult,45,0.000
1782236900.542,2026-06-23T18:48:20,incoming,Heartbeat,57,0.000
1782236900.543,2026-06-23T18:48:20,outgoing,CallResult,81,0.000
1782236902.248,2026-06-23T18:48:22,incoming,MeterValues,880,0.000
1782236902.251,2026-06-23T18:48:22,incoming,MeterValues,0,0.390
1782236902.251,2026-06-23T18:48:22,outgoing,CallResult,45,0.000
1782236910.556,2026-06-23T18:48:30,incoming,Heartbeat,57,0.000
1782236910.557,2026-06-23T18:48:30,outgoing,CallResult,81,0.000
1782236912.280,2026-06-23T18:48:32,incoming,MeterValues,889,0.000
1782236912.282,2026-06-23T18:48:32,incoming,MeterValues,0,0.304
1782236912.283,2026-06-23T18:48:32,outgoing,CallResult,45,0.000
1782236920.593,2026-06-23T18:48:40,incoming,Heartbeat,57,0.000
1782236920.595,2026-06-23T18:48:40,outgoing,CallResult,81,0.000
1782236922.313,2026-06-23T18:48:42,incoming,MeterValues,880,0.000
1782236922.316,2026-06-23T18:48:42,incoming,MeterValues,0,0.338
1782236922.317,2026-06-23T18:48:42,outgoing,CallResult,45,0.000
1782236930.605,2026-06-23T18:48:50,incoming,Heartbeat,57,0.000
1782236930.606,2026-06-23T18:48:50,outgoing,CallResult,81,0.000
1782236932.350,2026-06-23T18:48:52,incoming,MeterValues,886,0.000
1782236932.353,2026-06-23T18:48:52,incoming,MeterValues,0,0.276
1782236932.353,2026-06-23T18:48:52,outgoing,CallResult,45,0.000
1782236940.622,2026-06-23T18:49:00,incoming,Heartbeat,57,0.000
1782236940.623,2026-06-23T18:49:00,outgoing,CallResult,81,0.000
1782236942.393,2026-06-23T18:49:02,incoming,MeterValues,878,0.000
1782236942.395,2026-06-23T18:49:02,incoming,MeterValues,0,0.287
1782236942.396,2026-06-23T18:49:02,outgoing,CallResult,45,0.000
1782236951.187,2026-06-23T18:49:11,incoming,Heartbeat,57,0.000
1782236951.188,2026-06-23T18:49:11,outgoing,CallResult,81,0.000
1782236952.651,2026-06-23T18:49:12,incoming,MeterValues,879,0.000
1782236952.653,2026-06-23T18:49:12,incoming,MeterValues,0,0.285
1782236952.654,2026-06-23T18:49:12,outgoing,CallResult,45,0.000
1782236961.572,2026-06-23T18:49:21,incoming,Heartbeat,57,0.000
1782236961.573,2026-06-23T18:49:21,outgoing,CallResult,81,0.000
1782236962.846,2026-06-23T18:49:22,incoming,MeterValues,877,0.000
1782236962.848,2026-06-23T18:49:22,incoming,MeterValues,0,0.267
1782236962.849,2026-06-23T18:49:22,outgoing,CallResult,45,0.000
1782236971.902,2026-06-23T18:49:31,incoming,Heartbeat,57,0.000
1782236971.903,2026-06-23T18:49:31,outgoing,CallResult,81,0.000
1782236972.881,2026-06-23T18:49:32,incoming,MeterValues,870,0.000
1782236972.883,2026-06-23T18:49:32,incoming,MeterValues,0,0.273
1782236972.884,2026-06-23T18:49:32,outgoing,CallResult,45,0.000
1782236981.914,2026-06-23T18:49:41,incoming,Heartbeat,57,0.000
1782236981.915,2026-06-23T18:49:41,outgoing,CallResult,81,0.000
1782236982.914,2026-06-23T18:49:42,incoming,MeterValues,877,0.000
1782236982.917,2026-06-23T18:49:42,incoming,MeterValues,0,0.268
1782236982.917,2026-06-23T18:49:42,outgoing,CallResult,45,0.000
1782236992.297,2026-06-23T18:49:52,incoming,Heartbeat,57,0.000
1782236992.298,2026-06-23T18:49:52,outgoing,CallResult,81,0.000
1782236993.202,2026-06-23T18:49:53,incoming,MeterValues,878,0.000
1782236993.204,2026-06-23T18:49:53,incoming,MeterValues,0,0.341
1782236993.205,2026-06-23T18:49:53,outgoing,CallResult,45,0.000
1782237002.313,2026-06-23T18:50:02,incoming,Heartbeat,57,0.000
1782237002.315,2026-06-23T18:50:02,outgoing,CallResult,81,0.000
1782237003.236,2026-06-23T18:50:03,incoming,MeterValues,877,0.000
1782237003.239,2026-06-23T18:50:03,incoming,MeterValues,0,0.270
1782237003.239,2026-06-23T18:50:03,outgoing,CallResult,45,0.000
1782237012.749,2026-06-23T18:50:12,incoming,Heartbeat,57,0.000
1782237012.750,2026-06-23T18:50:12,outgoing,CallResult,81,0.000
1782237013.270,2026-06-23T18:50:13,incoming,MeterValues,877,0.000
1782237013.273,2026-06-23T18:50:13,incoming,MeterValues,0,0.271
1782237013.273,2026-06-23T18:50:13,outgoing,CallResult,45,0.000
1782237022.764,2026-06-23T18:50:22,incoming,Heartbeat,57,0.000
1782237022.765,2026-06-23T18:50:22,outgoing,CallResult,81,0.000
1782237023.306,2026-06-23T18:50:23,incoming,MeterValues,879,0.000
1782237023.309,2026-06-23T18:50:23,incoming,MeterValues,0,0.325
1782237023.309,2026-06-23T18:50:23,outgoing,CallResult,45,0.000
1782237032.780,2026-06-23T18:50:32,incoming,Heartbeat,57,0.000
1782237032.781,2026-06-23T18:50:32,outgoing,CallResult,81,0.000
1782237033.531,2026-06-23T18:50:33,incoming,MeterValues,877,0.000
1782237033.534,2026-06-23T18:50:33,incoming,MeterValues,0,0.268
1782237033.534,2026-06-23T18:50:33,outgoing,CallResult,45,0.000
1782237043.018,2026-06-23T18:50:43,incoming,Heartbeat,57,0.000
1782237043.019,2026-06-23T18:50:43,outgoing,CallResult,81,0.000
1782237043.566,2026-06-23T18:50:43,incoming,MeterValues,867,0.000
1782237043.569,2026-06-23T18:50:43,incoming,MeterValues,0,0.269
1782237043.569,2026-06-23T18:50:43,outgoing,CallResult,45,0.000
1782237053.369,2026-06-23T18:50:53,incoming,Heartbeat,57,0.000
1782237053.370,2026-06-23T18:50:53,outgoing,CallResult,81,0.000
1782237053.596,2026-06-23T18:50:53,incoming,MeterValues,867,0.000
1782237053.599,2026-06-23T18:50:53,incoming,MeterValues,0,0.265
1782237053.599,2026-06-23T18:50:53,outgoing,CallResult,45,0.000
1782237063.386,2026-06-23T18:51:03,incoming,Heartbeat,57,0.000
1782237063.387,2026-06-23T18:51:03,outgoing,CallResult,81,0.000
1782237063.819,2026-06-23T18:51:03,incoming,MeterValues,877,0.000
1782237063.822,2026-06-23T18:51:03,incoming,MeterValues,0,0.270
1782237063.822,2026-06-23T18:51:03,outgoing,CallResult,45,0.000
1782237073.524,2026-06-23T18:51:13,incoming,Heartbeat,57,0.000
1782237073.525,2026-06-23T18:51:13,outgoing,CallResult,81,0.000
1782237073.967,2026-06-23T18:51:13,incoming,MeterValues,877,0.000
1782237073.969,2026-06-23T18:51:13,incoming,MeterValues,0,0.211
1782237073.969,2026-06-23T18:51:13,outgoing,CallResult,45,0.000
1782237083.538,2026-06-23T18:51:23,incoming,Heartbeat,57,0.000
1782237083.539,2026-06-23T18:51:23,outgoing,CallResult,81,0.000
1782237083.996,2026-06-23T18:51:23,incoming,MeterValues,867,0.000
1782237083.999,2026-06-23T18:51:23,incoming,MeterValues,0,0.277
1782237083.999,2026-06-23T18:51:23,outgoing,CallResult,45,0.000
1782237093.652,2026-06-23T18:51:33,incoming,Heartbeat,57,0.000
1782237093.653,2026-06-23T18:51:33,outgoing,CallResult,81,0.000
1782237094.133,2026-06-23T18:51:34,incoming,MeterValues,879,0.000
1782237094.136,2026-06-23T18:51:34,incoming,MeterValues,0,0.283
1782237094.136,2026-06-23T18:51:34,outgoing,CallResult,45,0.000
1782237103.706,2026-06-23T18:51:43,incoming,Heartbeat,57,0.000
1782237103.707,2026-06-23T18:51:43,outgoing,CallResult,81,0.000
1782237104.186,2026-06-23T18:51:44,incoming,MeterValues,879,0.000
1782237104.189,2026-06-23T18:51:44,incoming,MeterValues,0,0.269
1782237104.190,2026-06-23T18:51:44,outgoing,CallResult,45,0.000
1782237113.752,2026-06-23T18:51:53,incoming,Heartbeat,57,0.000
1782237113.753,2026-06-23T18:51:53,outgoing,CallResult,81,0.000
1782237114.220,2026-06-23T18:51:54,incoming,MeterValues,877,0.000
1782237114.222,2026-06-23T18:51:54,incoming,MeterValues,0,0.285
1782237114.223,2026-06-23T18:51:54,outgoing,CallResult,45,0.000
1782237124.443,2026-06-23T18:52:04,incoming,Heartbeat,57,0.000
1782237124.444,2026-06-23T18:52:04,outgoing,CallResult,81,0.000
1782237124.451,2026-06-23T18:52:04,incoming,MeterValues,867,0.000
1782237124.454,2026-06-23T18:52:04,incoming,MeterValues,0,0.425
1782237124.454,2026-06-23T18:52:04,outgoing,CallResult,45,0.000
1782237134.462,2026-06-23T18:52:14,incoming,Heartbeat,57,0.000
1782237134.463,2026-06-23T18:52:14,outgoing,CallResult,81,0.000
1782237134.756,2026-06-23T18:52:14,incoming,MeterValues,879,0.000
1782237134.758,2026-06-23T18:52:14,incoming,MeterValues,0,0.331
1782237134.759,2026-06-23T18:52:14,outgoing,CallResult,45,0.000
1782237144.762,2026-06-23T18:52:24,incoming,Heartbeat,57,0.000
1782237144.763,2026-06-23T18:52:24,outgoing,CallResult,81,0.000
1782237145.058,2026-06-23T18:52:25,incoming,MeterValues,867,0.000
1782237145.061,2026-06-23T18:52:25,incoming,MeterValues,0,0.304
1782237145.061,2026-06-23T18:52:25,outgoing,CallResult,45,0.000
1782237155.065,2026-06-23T18:52:35,incoming,Heartbeat,57,0.000
1782237155.066,2026-06-23T18:52:35,outgoing,CallResult,81,0.000
1782237155.329,2026-06-23T18:52:35,incoming,MeterValues,867,0.000
1782237155.331,2026-06-23T18:52:35,incoming,MeterValues,0,0.398
1782237155.332,2026-06-23T18:52:35,outgoing,CallResult,45,0.000
1782237165.334,2026-06-23T18:52:45,incoming,Heartbeat,57,0.000
1782237165.335,2026-06-23T18:52:45,outgoing,CallResult,81,0.000
1782237165.361,2026-06-23T18:52:45,incoming,MeterValues,877,0.000
1782237165.363,2026-06-23T18:52:45,incoming,MeterValues,0,0.323
1782237165.363,2026-06-23T18:52:45,outgoing,CallResult,45,0.000
1782237175.363,2026-06-23T18:52:55,incoming,Heartbeat,57,0.000
1782237175.364,2026-06-23T18:52:55,outgoing,CallResult,81,0.000
1782237175.390,2026-06-23T18:52:55,incoming,MeterValues,876,0.000
1782237175.392,2026-06-23T18:52:55,incoming,MeterValues,0,0.263
1782237175.392,2026-06-23T18:52:55,outgoing,CallResult,45,0.000
1782237185.589,2026-06-23T18:53:05,incoming,Heartbeat,57,0.000
1782237185.590,2026-06-23T18:53:05,outgoing,CallResult,81,0.000
1782237185.597,2026-06-23T18:53:05,incoming,MeterValues,866,0.000
1782237185.600,2026-06-23T18:53:05,incoming,MeterValues,0,0.259
1782237185.600,2026-06-23T18:53:05,outgoing,CallResult,45,0.000
1782237195.847,2026-06-23T18:53:15,incoming,Heartbeat,57,0.000
1782237195.848,2026-06-23T18:53:15,outgoing,CallResult,81,0.000
1782237195.855,2026-06-23T18:53:15,incoming,MeterValues,866,0.000
1782237195.858,2026-06-23T18:53:15,incoming,MeterValues,0,0.257
1782237195.858,2026-06-23T18:53:15,outgoing,CallResult,45,0.000
1782237205.866,2026-06-23T18:53:25,incoming,Heartbeat,57,0.000
1782237205.867,2026-06-23T18:53:25,outgoing,CallResult,81,0.000
1782237205.888,2026-06-23T18:53:25,incoming,MeterValues,877,0.000
1782237205.890,2026-06-23T18:53:25,incoming,MeterValues,0,0.263
1782237205.891,2026-06-23T18:53:25,outgoing,CallResult,45,0.000
1782237215.969,2026-06-23T18:53:35,incoming,Heartbeat,57,0.000
1782237215.970,2026-06-23T18:53:35,outgoing,CallResult,81,0.000
1782237216.109,2026-06-23T18:53:36,incoming,MeterValues,877,0.000
1782237216.111,2026-06-23T18:53:36,incoming,MeterValues,0,0.264
1782237216.111,2026-06-23T18:53:36,outgoing,CallResult,45,0.000
1782237226.187,2026-06-23T18:53:46,incoming,Heartbeat,57,0.000
1782237226.188,2026-06-23T18:53:46,outgoing,CallResult,81,0.000
1782237226.196,2026-06-23T18:53:46,incoming,MeterValues,867,0.000
1782237226.197,2026-06-23T18:53:46,incoming,MeterValues,0,0.208
1782237226.198,2026-06-23T18:53:46,outgoing,CallResult,45,0.000
1782237236.201,2026-06-23T18:53:56,incoming,Heartbeat,57,0.000
1782237236.202,2026-06-23T18:53:56,outgoing,CallResult,81,0.000
1782237236.229,2026-06-23T18:53:56,incoming,MeterValues,879,0.000
1782237236.232,2026-06-23T18:53:56,incoming,MeterValues,0,0.263
1782237236.232,2026-06-23T18:53:56,outgoing,CallResult,45,0.000
1782237246.299,2026-06-23T18:54:06,incoming,Heartbeat,57,0.000
1782237246.300,2026-06-23T18:54:06,outgoing,CallResult,81,0.000
1782237246.307,2026-06-23T18:54:06,incoming,MeterValues,867,0.000
1782237246.309,2026-06-23T18:54:06,incoming,MeterValues,0,0.264
1782237246.310,2026-06-23T18:54:06,outgoing,CallResult,45,0.000
1782237256.314,2026-06-23T18:54:16,incoming,Heartbeat,57,0.000
1782237256.315,2026-06-23T18:54:16,outgoing,CallResult,81,0.000
1782237256.534,2026-06-23T18:54:16,incoming,MeterValues,867,0.000
1782237256.537,2026-06-23T18:54:16,incoming,MeterValues,0,0.404
1782237256.537,2026-06-23T18:54:16,outgoing,CallResult,45,0.000
1782237266.544,2026-06-23T18:54:26,incoming,Heartbeat,57,0.000
1782237266.545,2026-06-23T18:54:26,outgoing,CallResult,81,0.000
1782237266.767,2026-06-23T18:54:26,incoming,MeterValues,867,0.000
1782237266.770,2026-06-23T18:54:26,incoming,MeterValues,0,0.262
1782237266.770,2026-06-23T18:54:26,outgoing,CallResult,45,0.000
1782237276.998,2026-06-23T18:54:36,incoming,Heartbeat,57,0.000
1782237276.999,2026-06-23T18:54:36,outgoing,CallResult,81,0.000
1782237277.008,2026-06-23T18:54:37,incoming,MeterValues,867,0.000
1782237277.010,2026-06-23T18:54:37,incoming,MeterValues,0,0.260
1782237277.010,2026-06-23T18:54:37,outgoing,CallResult,45,0.000
1782237287.464,2026-06-23T18:54:47,incoming,Heartbeat,57,0.000
1782237287.465,2026-06-23T18:54:47,outgoing,CallResult,81,0.000
1782237287.473,2026-06-23T18:54:47,incoming,MeterValues,877,0.000
1782237287.475,2026-06-23T18:54:47,incoming,MeterValues,0,0.316
1782237287.476,2026-06-23T18:54:47,outgoing,CallResult,45,0.000
1782237297.758,2026-06-23T18:54:57,incoming,Heartbeat,57,0.000
1782237297.760,2026-06-23T18:54:57,outgoing,CallResult,81,0.000
1782237297.767,2026-06-23T18:54:57,incoming,MeterValues,877,0.000
1782237297.769,2026-06-23T18:54:57,incoming,MeterValues,0,0.325
1782237297.770,2026-06-23T18:54:57,outgoing,CallResult,45,0.000
1782237307.994,2026-06-23T18:55:07,incoming,Heartbeat,57,0.000
1782237307.995,2026-06-23T18:55:07,outgoing,CallResult,81,0.000
1782237308.004,2026-06-23T18:55:08,incoming,MeterValues,867,0.000
1782237308.006,2026-06-23T18:55:08,incoming,MeterValues,0,0.367
1782237308.007,2026-06-23T18:55:08,outgoing,CallResult,45,0.000
1782237318.009,2026-06-23T18:55:18,incoming,Heartbeat,57,0.000
1782237318.010,2026-06-23T18:55:18,outgoing,CallResult,81,0.000
1782237318.039,2026-06-23T18:55:18,incoming,MeterValues,867,0.000
1782237318.042,2026-06-23T18:55:18,incoming,MeterValues,0,0.309
1782237318.042,2026-06-23T18:55:18,outgoing,CallResult,45,0.000
1782237328.693,2026-06-23T18:55:28,incoming,Heartbeat,57,0.000
1782237328.695,2026-06-23T18:55:28,outgoing,CallResult,81,0.000
1782237328.702,2026-06-23T18:55:28,incoming,MeterValues,877,0.000
1782237328.704,2026-06-23T18:55:28,incoming,MeterValues,0,0.267
1782237328.705,2026-06-23T18:55:28,outgoing,CallResult,45,0.000
1782237338.869,2026-06-23T18:55:38,incoming,Heartbeat,57,0.000
1782237338.870,2026-06-23T18:55:38,outgoing,CallResult,81,0.000
1782237338.878,2026-06-23T18:55:38,incoming,MeterValues,872,0.000
1782237338.880,2026-06-23T18:55:38,incoming,MeterValues,0,0.264
1782237338.881,2026-06-23T18:55:38,outgoing,CallResult,45,0.000
1782237349.117,2026-06-23T18:55:49,incoming,Heartbeat,57,0.000
1782237349.118,2026-06-23T18:55:49,outgoing,CallResult,81,0.000
1782237349.126,2026-06-23T18:55:49,incoming,MeterValues,865,0.000
1782237349.128,2026-06-23T18:55:49,incoming,MeterValues,0,0.266
1782237349.128,2026-06-23T18:55:49,outgoing,CallResult,45,0.000
1782237359.314,2026-06-23T18:55:59,incoming,Heartbeat,57,0.000
1782237359.315,2026-06-23T18:55:59,outgoing,CallResult,81,0.000
1782237359.325,2026-06-23T18:55:59,incoming,MeterValues,874,0.000
1782237359.328,2026-06-23T18:55:59,incoming,MeterValues,0,0.279
1782237359.328,2026-06-23T18:55:59,outgoing,CallResult,45,0.000
1782237369.487,2026-06-23T18:56:09,incoming,Heartbeat,57,0.000
1782237369.488,2026-06-23T18:56:09,outgoing,CallResult,81,0.000
1782237369.496,2026-06-23T18:56:09,incoming,MeterValues,865,0.000
1782237369.498,2026-06-23T18:56:09,incoming,MeterValues,0,0.282
1782237369.498,2026-06-23T18:56:09,outgoing,CallResult,45,0.000
1782237379.648,2026-06-23T18:56:19,incoming,Heartbeat,57,0.000
1782237379.649,2026-06-23T18:56:19,outgoing,CallResult,81,0.000
1782237379.657,2026-06-23T18:56:19,incoming,MeterValues,877,0.000
1782237379.660,2026-06-23T18:56:19,incoming,MeterValues,0,0.410
1782237379.660,2026-06-23T18:56:19,outgoing,CallResult,45,0.000
1782237389.669,2026-06-23T18:56:29,incoming,Heartbeat,57,0.000
1782237389.670,2026-06-23T18:56:29,outgoing,CallResult,81,0.000
1782237389.932,2026-06-23T18:56:29,incoming,MeterValues,865,0.000
1782237389.934,2026-06-23T18:56:29,incoming,MeterValues,0,0.259
1782237389.935,2026-06-23T18:56:29,outgoing,CallResult,45,0.000
1782237400.161,2026-06-23T18:56:40,incoming,Heartbeat,57,0.000
1782237400.162,2026-06-23T18:56:40,outgoing,CallResult,81,0.000
1782237400.169,2026-06-23T18:56:40,incoming,MeterValues,874,0.000
1782237400.172,2026-06-23T18:56:40,incoming,MeterValues,0,0.432
1782237400.172,2026-06-23T18:56:40,outgoing,CallResult,45,0.000
1782237410.178,2026-06-23T18:56:50,incoming,Heartbeat,57,0.000
1782237410.179,2026-06-23T18:56:50,outgoing,CallResult,81,0.000
1782237410.203,2026-06-23T18:56:50,incoming,MeterValues,865,0.000
1782237410.205,2026-06-23T18:56:50,incoming,MeterValues,0,0.258
1782237410.205,2026-06-23T18:56:50,outgoing,CallResult,45,0.000
1782237420.244,2026-06-23T18:57:00,incoming,Heartbeat,57,0.000
1782237420.245,2026-06-23T18:57:00,outgoing,CallResult,81,0.000
1782237420.253,2026-06-23T18:57:00,incoming,MeterValues,874,0.000
1782237420.255,2026-06-23T18:57:00,incoming,MeterValues,0,0.259
1782237420.256,2026-06-23T18:57:00,outgoing,CallResult,45,0.000
1782237430.405,2026-06-23T18:57:10,incoming,Heartbeat,57,0.000
1782237430.406,2026-06-23T18:57:10,outgoing,CallResult,81,0.000
1782237430.415,2026-06-23T18:57:10,incoming,MeterValues,866,0.000
1782237430.417,2026-06-23T18:57:10,incoming,MeterValues,0,0.259
1782237430.418,2026-06-23T18:57:10,outgoing,CallResult,45,0.000
1782237440.425,2026-06-23T18:57:20,incoming,Heartbeat,57,0.000
1782237440.427,2026-06-23T18:57:20,outgoing,CallResult,81,0.000
1782237440.450,2026-06-23T18:57:20,incoming,MeterValues,866,0.000
1782237440.452,2026-06-23T18:57:20,incoming,MeterValues,0,0.381
1782237440.453,2026-06-23T18:57:20,outgoing,CallResult,45,0.000
1782237450.453,2026-06-23T18:57:30,incoming,Heartbeat,57,0.000
1782237450.454,2026-06-23T18:57:30,outgoing,CallResult,81,0.000
1782237450.667,2026-06-23T18:57:30,incoming,MeterValues,877,0.000
1782237450.670,2026-06-23T18:57:30,incoming,MeterValues,0,0.312
1782237450.670,2026-06-23T18:57:30,outgoing,CallResult,45,0.000
1782237460.470,2026-06-23T18:57:40,incoming,Heartbeat,57,0.000
1782237460.471,2026-06-23T18:57:40,outgoing,CallResult,81,0.000
1782237460.701,2026-06-23T18:57:40,incoming,MeterValues,877,0.000
1782237460.704,2026-06-23T18:57:40,incoming,MeterValues,0,0.321
1782237460.704,2026-06-23T18:57:40,outgoing,CallResult,45,0.000
1782237470.489,2026-06-23T18:57:50,incoming,Heartbeat,57,0.000
1782237470.490,2026-06-23T18:57:50,outgoing,CallResult,81,0.000
1782237470.917,2026-06-23T18:57:50,incoming,MeterValues,867,0.000
1782237470.920,2026-06-23T18:57:50,incoming,MeterValues,0,0.411
1782237470.920,2026-06-23T18:57:50,outgoing,CallResult,45,0.000
1782237480.505,2026-06-23T18:58:00,incoming,Heartbeat,57,0.000
1782237480.507,2026-06-23T18:58:00,outgoing,CallResult,81,0.000
1782237481.128,2026-06-23T18:58:01,incoming,MeterValues,870,0.000
1782237481.131,2026-06-23T18:58:01,incoming,MeterValues,0,0.326
1782237481.131,2026-06-23T18:58:01,outgoing,CallResult,45,0.000
1782237490.519,2026-06-23T18:58:10,incoming,Heartbeat,57,0.000
1782237490.520,2026-06-23T18:58:10,outgoing,CallResult,81,0.000
1782237491.359,2026-06-23T18:58:11,incoming,MeterValues,877,0.000
1782237491.362,2026-06-23T18:58:11,incoming,MeterValues,0,0.346
1782237491.362,2026-06-23T18:58:11,outgoing,CallResult,45,0.000
1782237500.705,2026-06-23T18:58:20,incoming,Heartbeat,57,0.000
1782237500.707,2026-06-23T18:58:20,outgoing,CallResult,81,0.000
1782237501.557,2026-06-23T18:58:21,incoming,MeterValues,874,0.000
1782237501.559,2026-06-23T18:58:21,incoming,MeterValues,0,0.447
1782237501.560,2026-06-23T18:58:21,outgoing,CallResult,45,0.000
1782237510.904,2026-06-23T18:58:30,incoming,Heartbeat,57,0.000
1782237510.906,2026-06-23T18:58:30,outgoing,CallResult,81,0.000
1782237511.767,2026-06-23T18:58:31,incoming,MeterValues,867,0.000
1782237511.769,2026-06-23T18:58:31,incoming,MeterValues,0,0.336
1782237511.770,2026-06-23T18:58:31,outgoing,CallResult,45,0.000
1782237521.115,2026-06-23T18:58:41,incoming,Heartbeat,57,0.000
1782237521.116,2026-06-23T18:58:41,outgoing,CallResult,81,0.000
1782237521.972,2026-06-23T18:58:41,incoming,MeterValues,877,0.000
1782237521.975,2026-06-23T18:58:41,incoming,MeterValues,0,0.335
1782237521.976,2026-06-23T18:58:41,outgoing,CallResult,45,0.000
1782237531.304,2026-06-23T18:58:51,incoming,Heartbeat,57,0.000
1782237531.305,2026-06-23T18:58:51,outgoing,CallResult,81,0.000
1782237532.150,2026-06-23T18:58:52,incoming,MeterValues,877,0.000
1782237532.153,2026-06-23T18:58:52,incoming,MeterValues,0,0.400
1782237532.153,2026-06-23T18:58:52,outgoing,CallResult,45,0.000
1782237541.502,2026-06-23T18:59:01,incoming,Heartbeat,57,0.000
1782237541.503,2026-06-23T18:59:01,outgoing,CallResult,81,0.000
1782237542.343,2026-06-23T18:59:02,incoming,MeterValues,867,0.000
1782237542.346,2026-06-23T18:59:02,incoming,MeterValues,0,0.348
1782237542.346,2026-06-23T18:59:02,outgoing,CallResult,45,0.000
1782237551.689,2026-06-23T18:59:11,incoming,Heartbeat,57,0.000
1782237551.690,2026-06-23T18:59:11,outgoing,CallResult,81,0.000
1782237552.618,2026-06-23T18:59:12,incoming,MeterValues,867,0.000
1782237552.621,2026-06-23T18:59:12,incoming,MeterValues,0,0.327
1782237552.621,2026-06-23T18:59:12,outgoing,CallResult,45,0.000
1782237561.885,2026-06-23T18:59:21,incoming,Heartbeat,57,0.000
1782237561.886,2026-06-23T18:59:21,outgoing,CallResult,81,0.000
1782237562.749,2026-06-23T18:59:22,incoming,MeterValues,877,0.000
1782237562.752,2026-06-23T18:59:22,incoming,MeterValues,0,0.292
1782237562.752,2026-06-23T18:59:22,outgoing,CallResult,45,0.000
1782237571.896,2026-06-23T18:59:31,incoming,Heartbeat,57,0.000
1782237571.897,2026-06-23T18:59:31,outgoing,CallResult,81,0.000
1782237572.787,2026-06-23T18:59:32,incoming,MeterValues,867,0.000
1782237572.790,2026-06-23T18:59:32,incoming,MeterValues,0,0.293
1782237572.790,2026-06-23T18:59:32,outgoing,CallResult,45,0.000
1782237581.912,2026-06-23T18:59:41,incoming,Heartbeat,57,0.000
1782237581.913,2026-06-23T18:59:41,outgoing,CallResult,81,0.000
1782237583.210,2026-06-23T18:59:43,incoming,MeterValues,867,0.000
1782237583.213,2026-06-23T18:59:43,incoming,MeterValues,0,0.422
1782237583.213,2026-06-23T18:59:43,outgoing,CallResult,45,0.000
1782237592.059,2026-06-23T18:59:52,incoming,Heartbeat,57,0.000
1782237592.060,2026-06-23T18:59:52,outgoing,CallResult,81,0.000
1782237593.414,2026-06-23T18:59:53,incoming,MeterValues,879,0.000
1782237593.416,2026-06-23T18:59:53,incoming,MeterValues,0,0.267
1782237593.417,2026-06-23T18:59:53,outgoing,CallResult,45,0.000
1782237602.268,2026-06-23T19:00:02,incoming,Heartbeat,57,0.000
1782237602.269,2026-06-23T19:00:02,outgoing,CallResult,81,0.000
1782237603.608,2026-06-23T19:00:03,incoming,MeterValues,867,0.000
1782237603.610,2026-06-23T19:00:03,incoming,MeterValues,0,0.278
1782237603.611,2026-06-23T19:00:03,outgoing,CallResult,45,0.000
1782237612.466,2026-06-23T19:00:12,incoming,Heartbeat,57,0.000
1782237612.467,2026-06-23T19:00:12,outgoing,CallResult,81,0.000
1782237613.776,2026-06-23T19:00:13,incoming,MeterValues,867,0.000
1782237613.779,2026-06-23T19:00:13,incoming,MeterValues,0,0.455
1782237613.779,2026-06-23T19:00:13,outgoing,CallResult,45,0.000
1782237622.655,2026-06-23T19:00:22,incoming,Heartbeat,57,0.000
1782237622.656,2026-06-23T19:00:22,outgoing,CallResult,81,0.000
1782237623.994,2026-06-23T19:00:23,incoming,MeterValues,877,0.000
1782237623.997,2026-06-23T19:00:23,incoming,MeterValues,0,0.273
1782237623.997,2026-06-23T19:00:23,outgoing,CallResult,45,0.000
1782237632.807,2026-06-23T19:00:32,incoming,Heartbeat,57,0.000
1782237632.808,2026-06-23T19:00:32,outgoing,CallResult,81,0.000
1782237634.158,2026-06-23T19:00:34,incoming,MeterValues,877,0.000
1782237634.160,2026-06-23T19:00:34,incoming,MeterValues,0,0.265
1782237634.161,2026-06-23T19:00:34,outgoing,CallResult,45,0.000
1782237642.861,2026-06-23T19:00:42,incoming,Heartbeat,57,0.000
1782237642.862,2026-06-23T19:00:42,outgoing,CallResult,81,0.000
1782237644.342,2026-06-23T19:00:44,incoming,MeterValues,867,0.000
1782237644.345,2026-06-23T19:00:44,incoming,MeterValues,0,0.273
1782237644.345,2026-06-23T19:00:44,outgoing,CallResult,45,0.000
1782237653.221,2026-06-23T19:00:53,incoming,Heartbeat,57,0.000
1782237653.222,2026-06-23T19:00:53,outgoing,CallResult,81,0.000
1782237654.497,2026-06-23T19:00:54,incoming,MeterValues,867,0.000
1782237654.499,2026-06-23T19:00:54,incoming,MeterValues,0,0.224
1782237654.500,2026-06-23T19:00:54,outgoing,CallResult,45,0.000
1782237663.429,2026-06-23T19:01:03,incoming,Heartbeat,57,0.000
1782237663.430,2026-06-23T19:01:03,outgoing,CallResult,81,0.000
1782237664.655,2026-06-23T19:01:04,incoming,MeterValues,877,0.000
1782237664.657,2026-06-23T19:01:04,incoming,MeterValues,0,0.272
1782237664.658,2026-06-23T19:01:04,outgoing,CallResult,45,0.000
1782237673.618,2026-06-23T19:01:13,incoming,Heartbeat,57,0.000
1782237673.619,2026-06-23T19:01:13,outgoing,CallResult,81,0.000
1782237674.852,2026-06-23T19:01:14,incoming,MeterValues,877,0.000
1782237674.855,2026-06-23T19:01:14,incoming,MeterValues,0,0.274
1782237674.855,2026-06-23T19:01:14,outgoing,CallResult,45,0.000
1782237683.769,2026-06-23T19:01:23,incoming,Heartbeat,57,0.000
1782237683.770,2026-06-23T19:01:23,outgoing,CallResult,81,0.000
1782237685.050,2026-06-23T19:01:25,incoming,MeterValues,867,0.000
1782237685.052,2026-06-23T19:01:25,incoming,MeterValues,0,0.272
1782237685.053,2026-06-23T19:01:25,outgoing,CallResult,45,0.000
1782237693.973,2026-06-23T19:01:33,incoming,Heartbeat,57,0.000
1782237693.974,2026-06-23T19:01:33,outgoing,CallResult,81,0.000
1782237695.627,2026-06-23T19:01:35,incoming,MeterValues,867,0.000
1782237695.630,2026-06-23T19:01:35,incoming,MeterValues,0,0.292
1782237695.630,2026-06-23T19:01:35,outgoing,CallResult,45,0.000
1782237704.105,2026-06-23T19:01:44,incoming,Heartbeat,57,0.000
1782237704.106,2026-06-23T19:01:44,outgoing,CallResult,81,0.000
1782237705.842,2026-06-23T19:01:45,incoming,MeterValues,878,0.000
1782237705.844,2026-06-23T19:01:45,incoming,MeterValues,0,0.235
1782237705.844,2026-06-23T19:01:45,outgoing,CallResult,45,0.000
1782237714.299,2026-06-23T19:01:54,incoming,Heartbeat,57,0.000
1782237714.300,2026-06-23T19:01:54,outgoing,CallResult,81,0.000
1782237716.421,2026-06-23T19:01:56,incoming,MeterValues,868,0.000
1782237716.424,2026-06-23T19:01:56,incoming,MeterValues,0,0.277
1782237716.424,2026-06-23T19:01:56,outgoing,CallResult,45,0.000
1782237724.517,2026-06-23T19:02:04,incoming,Heartbeat,57,0.000
1782237724.518,2026-06-23T19:02:04,outgoing,CallResult,81,0.000
1782237726.625,2026-06-23T19:02:06,incoming,MeterValues,877,0.000
1782237726.628,2026-06-23T19:02:06,incoming,MeterValues,0,0.279
1782237726.628,2026-06-23T19:02:06,outgoing,CallResult,45,0.000
1782237734.638,2026-06-23T19:02:14,incoming,Heartbeat,57,0.000
1782237734.639,2026-06-23T19:02:14,outgoing,CallResult,81,0.000
1782237736.791,2026-06-23T19:02:16,incoming,MeterValues,878,0.000
1782237736.794,2026-06-23T19:02:16,incoming,MeterValues,0,0.464
1782237736.795,2026-06-23T19:02:16,outgoing,CallResult,45,0.000
1782237744.815,2026-06-23T19:02:24,incoming,Heartbeat,57,0.000
1782237744.816,2026-06-23T19:02:24,outgoing,CallResult,81,0.000
1782237747.394,2026-06-23T19:02:27,incoming,MeterValues,868,0.000
1782237747.397,2026-06-23T19:02:27,incoming,MeterValues,0,0.270
1782237747.412,2026-06-23T19:02:27,outgoing,CallResult,45,0.000
1782237755.005,2026-06-23T19:02:35,incoming,Heartbeat,57,0.000
1782237755.006,2026-06-23T19:02:35,outgoing,CallResult,81,0.000
1782237757.553,2026-06-23T19:02:37,incoming,MeterValues,868,0.000
1782237757.556,2026-06-23T19:02:37,incoming,MeterValues,0,0.443
1782237757.556,2026-06-23T19:02:37,outgoing,CallResult,45,0.000
1782237765.166,2026-06-23T19:02:45,incoming,Heartbeat,57,0.000
1782237765.167,2026-06-23T19:02:45,outgoing,CallResult,81,0.000
1782237767.731,2026-06-23T19:02:47,incoming,MeterValues,878,0.000
1782237767.733,2026-06-23T19:02:47,incoming,MeterValues,0,0.333
1782237767.734,2026-06-23T19:02:47,outgoing,CallResult,45,0.000
1782237775.334,2026-06-23T19:02:55,incoming,Heartbeat,57,0.000
1782237775.335,2026-06-23T19:02:55,outgoing,CallResult,81,0.000
1782237777.838,2026-06-23T19:02:57,incoming,MeterValues,878,0.000
1782237777.841,2026-06-23T19:02:57,incoming,MeterValues,0,0.328
1782237777.841,2026-06-23T19:02:57,outgoing,CallResult,45,0.000
1782237785.458,2026-06-23T19:03:05,incoming,Heartbeat,57,0.000
1782237785.459,2026-06-23T19:03:05,outgoing,CallResult,81,0.000
1782237787.971,2026-06-23T19:03:07,incoming,MeterValues,868,0.000
1782237787.974,2026-06-23T19:03:07,incoming,MeterValues,0,0.349
1782237787.974,2026-06-23T19:03:07,outgoing,CallResult,45,0.000
1782237795.578,2026-06-23T19:03:15,incoming,Heartbeat,57,0.000
1782237795.579,2026-06-23T19:03:15,outgoing,CallResult,81,0.000
1782237798.141,2026-06-23T19:03:18,incoming,MeterValues,868,0.000
1782237798.143,2026-06-23T19:03:18,incoming,MeterValues,0,0.335
1782237798.144,2026-06-23T19:03:18,outgoing,CallResult,45,0.000
1782237805.792,2026-06-23T19:03:25,incoming,Heartbeat,57,0.000
1782237805.793,2026-06-23T19:03:25,outgoing,CallResult,81,0.000
1782237808.346,2026-06-23T19:03:28,incoming,MeterValues,882,0.000
1782237808.348,2026-06-23T19:03:28,incoming,MeterValues,0,0.408
1782237808.349,2026-06-23T19:03:28,outgoing,CallResult,45,0.000
1782237815.916,2026-06-23T19:03:35,incoming,Heartbeat,57,0.000
1782237815.917,2026-06-23T19:03:35,outgoing,CallResult,81,0.000
1782237818.503,2026-06-23T19:03:38,incoming,MeterValues,868,0.000
1782237818.505,2026-06-23T19:03:38,incoming,MeterValues,0,0.266
1782237818.505,2026-06-23T19:03:38,outgoing,CallResult,45,0.000
1782237826.079,2026-06-23T19:03:46,incoming,Heartbeat,57,0.000
1782237826.080,2026-06-23T19:03:46,outgoing,CallResult,81,0.000
1782237828.636,2026-06-23T19:03:48,incoming,MeterValues,878,0.000
1782237828.639,2026-06-23T19:03:48,incoming,MeterValues,0,0.271
1782237828.639,2026-06-23T19:03:48,outgoing,CallResult,45,0.000
1782237836.250,2026-06-23T19:03:56,incoming,Heartbeat,57,0.000
1782237836.251,2026-06-23T19:03:56,outgoing,CallResult,81,0.000
1782237838.793,2026-06-23T19:03:58,incoming,MeterValues,882,0.000
1782237838.796,2026-06-23T19:03:58,incoming,MeterValues,0,0.272
1782237838.796,2026-06-23T19:03:58,outgoing,CallResult,45,0.000
1782237846.429,2026-06-23T19:04:06,incoming,Heartbeat,57,0.000
1782237846.430,2026-06-23T19:04:06,outgoing,CallResult,81,0.000
1782237848.975,2026-06-23T19:04:08,incoming,MeterValues,878,0.000
1782237848.977,2026-06-23T19:04:08,incoming,MeterValues,0,0.268
1782237848.978,2026-06-23T19:04:08,outgoing,CallResult,45,0.000
1782237856.626,2026-06-23T19:04:16,incoming,Heartbeat,57,0.000
1782237856.627,2026-06-23T19:04:16,outgoing,CallResult,81,0.000
1782237859.180,2026-06-23T19:04:19,incoming,MeterValues,877,0.000
1782237859.182,2026-06-23T19:04:19,incoming,MeterValues,0,0.272
1782237859.182,2026-06-23T19:04:19,outgoing,CallResult,45,0.000
1782237866.739,2026-06-23T19:04:26,incoming,Heartbeat,57,0.000
1782237866.741,2026-06-23T19:04:26,outgoing,CallResult,81,0.000
1782237869.350,2026-06-23T19:04:29,incoming,MeterValues,867,0.000
1782237869.352,2026-06-23T19:04:29,incoming,MeterValues,0,0.311
1782237869.353,2026-06-23T19:04:29,outgoing,CallResult,45,0.000
1782237876.873,2026-06-23T19:04:36,incoming,Heartbeat,57,0.000
1782237876.874,2026-06-23T19:04:36,outgoing,CallResult,81,0.000
1782237879.498,2026-06-23T19:04:39,incoming,MeterValues,867,0.000
1782237879.501,2026-06-23T19:04:39,incoming,MeterValues,0,0.309
1782237879.501,2026-06-23T19:04:39,outgoing,CallResult,45,0.000
1782237886.889,2026-06-23T19:04:46,incoming,Heartbeat,57,0.000
1782237886.890,2026-06-23T19:04:46,outgoing,CallResult,81,0.000
1782237889.530,2026-06-23T19:04:49,incoming,MeterValues,878,0.000
1782237889.533,2026-06-23T19:04:49,incoming,MeterValues,0,0.422
1782237889.533,2026-06-23T19:04:49,outgoing,CallResult,45,0.000
1782237896.900,2026-06-23T19:04:56,incoming,Heartbeat,57,0.000
1782237896.902,2026-06-23T19:04:56,outgoing,CallResult,81,0.000
1782237899.936,2026-06-23T19:04:59,incoming,MeterValues,878,0.000
1782237899.938,2026-06-23T19:04:59,incoming,MeterValues,0,0.267
1782237899.939,2026-06-23T19:04:59,outgoing,CallResult,45,0.000
1782237907.066,2026-06-23T19:05:07,incoming,Heartbeat,57,0.000
1782237907.067,2026-06-23T19:05:07,outgoing,CallResult,81,0.000
1782237910.068,2026-06-23T19:05:10,incoming,MeterValues,868,0.000
1782237910.071,2026-06-23T19:05:10,incoming,MeterValues,0,0.386
1782237910.071,2026-06-23T19:05:10,outgoing,CallResult,45,0.000
1782237917.262,2026-06-23T19:05:17,incoming,Heartbeat,57,0.000
1782237917.263,2026-06-23T19:05:17,outgoing,CallResult,81,0.000
1782237920.283,2026-06-23T19:05:20,incoming,MeterValues,868,0.000
1782237920.286,2026-06-23T19:05:20,incoming,MeterValues,0,0.416
1782237920.286,2026-06-23T19:05:20,outgoing,CallResult,45,0.000
1782237927.497,2026-06-23T19:05:27,incoming,Heartbeat,57,0.000
1782237927.498,2026-06-23T19:05:27,outgoing,CallResult,81,0.000
1782237930.466,2026-06-23T19:05:30,incoming,MeterValues,868,0.000
1782237930.468,2026-06-23T19:05:30,incoming,MeterValues,0,0.320
1782237930.469,2026-06-23T19:05:30,outgoing,CallResult,45,0.000
1782237937.714,2026-06-23T19:05:37,incoming,Heartbeat,57,0.000
1782237937.715,2026-06-23T19:05:37,outgoing,CallResult,81,0.000
1782237940.506,2026-06-23T19:05:40,incoming,MeterValues,868,0.000
1782237940.509,2026-06-23T19:05:40,incoming,MeterValues,0,0.391
1782237940.509,2026-06-23T19:05:40,outgoing,CallResult,45,0.000
1782237947.732,2026-06-23T19:05:47,incoming,Heartbeat,57,0.000
1782237947.733,2026-06-23T19:05:47,outgoing,CallResult,81,0.000
1782237950.542,2026-06-23T19:05:50,incoming,MeterValues,868,0.000
1782237950.544,2026-06-23T19:05:50,incoming,MeterValues,0,0.389
1782237950.545,2026-06-23T19:05:50,outgoing,CallResult,45,0.000
1782237957.778,2026-06-23T19:05:57,incoming,Heartbeat,57,0.000
1782237957.780,2026-06-23T19:05:57,outgoing,CallResult,81,0.000
1782237960.577,2026-06-23T19:06:00,incoming,MeterValues,880,0.000
1782237960.580,2026-06-23T19:06:00,incoming,MeterValues,0,0.448
1782237960.580,2026-06-23T19:06:00,outgoing,CallResult,45,0.000
1782237967.794,2026-06-23T19:06:07,incoming,Heartbeat,57,0.000
1782237967.795,2026-06-23T19:06:07,outgoing,CallResult,81,0.000
1782237970.780,2026-06-23T19:06:10,incoming,MeterValues,868,0.000
1782237970.783,2026-06-23T19:06:10,incoming,MeterValues,0,0.410
1782237970.783,2026-06-23T19:06:10,outgoing,CallResult,45,0.000
1782237978.025,2026-06-23T19:06:18,incoming,Heartbeat,57,0.000
1782237978.026,2026-06-23T19:06:18,outgoing,CallResult,81,0.000
1782237980.857,2026-06-23T19:06:20,incoming,MeterValues,880,0.000
1782237980.859,2026-06-23T19:06:20,incoming,MeterValues,0,0.323
1782237980.860,2026-06-23T19:06:20,outgoing,CallResult,45,0.000
1782237988.036,2026-06-23T19:06:28,incoming,Heartbeat,57,0.000
1782237988.038,2026-06-23T19:06:28,outgoing,CallResult,81,0.000
1782237991.004,2026-06-23T19:06:31,incoming,MeterValues,868,0.000
1782237991.007,2026-06-23T19:06:31,incoming,MeterValues,0,0.314
1782237991.007,2026-06-23T19:06:31,outgoing,CallResult,45,0.000
1782237998.145,2026-06-23T19:06:38,incoming,Heartbeat,57,0.000
1782237998.146,2026-06-23T19:06:38,outgoing,CallResult,81,0.000
1782238001.193,2026-06-23T19:06:41,incoming,MeterValues,868,0.000
1782238001.195,2026-06-23T19:06:41,incoming,MeterValues,0,0.273
1782238001.196,2026-06-23T19:06:41,outgoing,CallResult,45,0.000
1782238008.276,2026-06-23T19:06:48,incoming,Heartbeat,57,0.000
1782238008.277,2026-06-23T19:06:48,outgoing,CallResult,81,0.000
1782238011.255,2026-06-23T19:06:51,incoming,MeterValues,878,0.000
1782238011.257,2026-06-23T19:06:51,incoming,MeterValues,0,0.253
1782238011.257,2026-06-23T19:06:51,outgoing,CallResult,45,0.000
1782238018.342,2026-06-23T19:06:58,incoming,Heartbeat,57,0.000
1782238018.343,2026-06-23T19:06:58,outgoing,CallResult,81,0.000
1782238021.290,2026-06-23T19:07:01,incoming,MeterValues,878,0.000
1782238021.292,2026-06-23T19:07:01,incoming,MeterValues,0,0.268
1782238021.293,2026-06-23T19:07:01,outgoing,CallResult,45,0.000
1782238028.354,2026-06-23T19:07:08,incoming,Heartbeat,57,0.000
1782238028.355,2026-06-23T19:07:08,outgoing,CallResult,81,0.000
1782238031.325,2026-06-23T19:07:11,incoming,MeterValues,875,0.000
1782238031.327,2026-06-23T19:07:11,incoming,MeterValues,0,0.266
1782238031.328,2026-06-23T19:07:11,outgoing,CallResult,45,0.000
1782238038.373,2026-06-23T19:07:18,incoming,Heartbeat,57,0.000
1782238038.374,2026-06-23T19:07:18,outgoing,CallResult,81,0.000
1782238041.360,2026-06-23T19:07:21,incoming,MeterValues,880,0.000
1782238041.363,2026-06-23T19:07:21,incoming,MeterValues,0,0.332
1782238041.364,2026-06-23T19:07:21,outgoing,CallResult,45,0.000
1782238048.384,2026-06-23T19:07:28,incoming,Heartbeat,57,0.000
1782238048.385,2026-06-23T19:07:28,outgoing,CallResult,81,0.000
1782238051.392,2026-06-23T19:07:31,incoming,MeterValues,875,0.000
1782238051.395,2026-06-23T19:07:31,incoming,MeterValues,0,0.443
1782238051.396,2026-06-23T19:07:31,outgoing,CallResult,45,0.000
1782238058.418,2026-06-23T19:07:38,incoming,Heartbeat,57,0.000
1782238058.419,2026-06-23T19:07:38,outgoing,CallResult,81,0.000
1782238061.439,2026-06-23T19:07:41,incoming,MeterValues,879,0.000
1782238061.441,2026-06-23T19:07:41,incoming,MeterValues,0,0.236
1782238061.441,2026-06-23T19:07:41,outgoing,CallResult,45,0.000
1782238068.476,2026-06-23T19:07:48,incoming,Heartbeat,57,0.000
1782238068.478,2026-06-23T19:07:48,outgoing,CallResult,81,0.000
1782238071.473,2026-06-23T19:07:51,incoming,MeterValues,878,0.000
1782238071.476,2026-06-23T19:07:51,incoming,MeterValues,0,0.449
1782238071.476,2026-06-23T19:07:51,outgoing,CallResult,45,0.000
1782238078.539,2026-06-23T19:07:58,incoming,Heartbeat,57,0.000
1782238078.541,2026-06-23T19:07:58,outgoing,CallResult,81,0.000
1782238081.508,2026-06-23T19:08:01,incoming,MeterValues,868,0.000
1782238081.511,2026-06-23T19:08:01,incoming,MeterValues,0,0.274
1782238081.512,2026-06-23T19:08:01,outgoing,CallResult,45,0.000
1782238088.555,2026-06-23T19:08:08,incoming,Heartbeat,57,0.000
1782238088.556,2026-06-23T19:08:08,outgoing,CallResult,81,0.000
1782238091.542,2026-06-23T19:08:11,incoming,MeterValues,868,0.000
1782238091.545,2026-06-23T19:08:11,incoming,MeterValues,0,0.331
1782238091.545,2026-06-23T19:08:11,outgoing,CallResult,45,0.000
1782238098.566,2026-06-23T19:08:18,incoming,Heartbeat,57,0.000
1782238098.567,2026-06-23T19:08:18,outgoing,CallResult,81,0.000
1782238101.572,2026-06-23T19:08:21,incoming,MeterValues,878,0.000
1782238101.575,2026-06-23T19:08:21,incoming,MeterValues,0,0.269
1782238101.575,2026-06-23T19:08:21,outgoing,CallResult,45,0.000
1782238108.605,2026-06-23T19:08:28,incoming,Heartbeat,57,0.000
1782238108.606,2026-06-23T19:08:28,outgoing,CallResult,81,0.000
1782238111.604,2026-06-23T19:08:31,incoming,MeterValues,878,0.000
1782238111.607,2026-06-23T19:08:31,incoming,MeterValues,0,0.273
1782238111.607,2026-06-23T19:08:31,outgoing,CallResult,45,0.000
1782238118.714,2026-06-23T19:08:38,incoming,Heartbeat,57,0.000
1782238118.715,2026-06-23T19:08:38,outgoing,CallResult,81,0.000
1782238121.633,2026-06-23T19:08:41,incoming,MeterValues,868,0.000
1782238121.636,2026-06-23T19:08:41,incoming,MeterValues,0,0.281
1782238121.636,2026-06-23T19:08:41,outgoing,CallResult,45,0.000
1782238128.770,2026-06-23T19:08:48,incoming,Heartbeat,57,0.000
1782238128.771,2026-06-23T19:08:48,outgoing,CallResult,81,0.000
1782238131.723,2026-06-23T19:08:51,incoming,MeterValues,880,0.000
1782238131.726,2026-06-23T19:08:51,incoming,MeterValues,0,0.299
1782238131.727,2026-06-23T19:08:51,outgoing,CallResult,45,0.000
1782238138.802,2026-06-23T19:08:58,incoming,Heartbeat,57,0.000
1782238138.803,2026-06-23T19:08:58,outgoing,CallResult,81,0.000
1782238141.765,2026-06-23T19:09:01,incoming,MeterValues,868,0.000
1782238141.768,2026-06-23T19:09:01,incoming,MeterValues,0,0.271
1782238141.768,2026-06-23T19:09:01,outgoing,CallResult,45,0.000
1782238148.837,2026-06-23T19:09:08,incoming,Heartbeat,57,0.000
1782238148.838,2026-06-23T19:09:08,outgoing,CallResult,81,0.000
1782238151.800,2026-06-23T19:09:11,incoming,MeterValues,868,0.000
1782238151.802,2026-06-23T19:09:11,incoming,MeterValues,0,0.224
1782238151.802,2026-06-23T19:09:11,outgoing,CallResult,45,0.000
1782238158.852,2026-06-23T19:09:18,incoming,Heartbeat,57,0.000
1782238158.853,2026-06-23T19:09:18,outgoing,CallResult,81,0.000
1782238161.831,2026-06-23T19:09:21,incoming,MeterValues,877,0.000
1782238161.833,2026-06-23T19:09:21,incoming,MeterValues,0,0.275
1782238161.834,2026-06-23T19:09:21,outgoing,CallResult,45,0.000
1782238168.898,2026-06-23T19:09:28,incoming,Heartbeat,57,0.000
1782238168.899,2026-06-23T19:09:28,outgoing,CallResult,81,0.000
1782238171.866,2026-06-23T19:09:31,incoming,MeterValues,868,0.000
1782238171.869,2026-06-23T19:09:31,incoming,MeterValues,0,0.276
1782238171.869,2026-06-23T19:09:31,outgoing,CallResult,45,0.000
1782238179.042,2026-06-23T19:09:39,incoming,Heartbeat,57,0.000
1782238179.043,2026-06-23T19:09:39,outgoing,CallResult,81,0.000
1782238181.901,2026-06-23T19:09:41,incoming,MeterValues,877,0.000
1782238181.904,2026-06-23T19:09:41,incoming,MeterValues,0,0.283
1782238181.904,2026-06-23T19:09:41,outgoing,CallResult,45,0.000
1782238189.055,2026-06-23T19:09:49,incoming,Heartbeat,57,0.000
1782238189.056,2026-06-23T19:09:49,outgoing,CallResult,81,0.000
1782238191.950,2026-06-23T19:09:51,incoming,MeterValues,868,0.000
1782238191.953,2026-06-23T19:09:51,incoming,MeterValues,0,0.273
1782238191.953,2026-06-23T19:09:51,outgoing,CallResult,45,0.000
1782238199.072,2026-06-23T19:09:59,incoming,Heartbeat,57,0.000
1782238199.073,2026-06-23T19:09:59,outgoing,CallResult,81,0.000
1782238201.985,2026-06-23T19:10:01,incoming,MeterValues,868,0.000
1782238201.987,2026-06-23T19:10:01,incoming,MeterValues,0,0.226
1782238201.987,2026-06-23T19:10:01,outgoing,CallResult,45,0.000
1782238209.088,2026-06-23T19:10:09,incoming,Heartbeat,57,0.000
1782238209.089,2026-06-23T19:10:09,outgoing,CallResult,81,0.000
1782238212.284,2026-06-23T19:10:12,incoming,MeterValues,878,0.000
1782238212.287,2026-06-23T19:10:12,incoming,MeterValues,0,0.318
1782238212.287,2026-06-23T19:10:12,outgoing,CallResult,45,0.000
1782238219.200,2026-06-23T19:10:19,incoming,Heartbeat,57,0.000
1782238219.201,2026-06-23T19:10:19,outgoing,CallResult,81,0.000
1782238222.474,2026-06-23T19:10:22,incoming,MeterValues,878,0.000
1782238222.476,2026-06-23T19:10:22,incoming,MeterValues,0,0.281
1782238222.477,2026-06-23T19:10:22,outgoing,CallResult,45,0.000
1782238229.211,2026-06-23T19:10:29,incoming,Heartbeat,57,0.000
1782238229.212,2026-06-23T19:10:29,outgoing,CallResult,81,0.000
1782238232.505,2026-06-23T19:10:32,incoming,MeterValues,868,0.000
1782238232.507,2026-06-23T19:10:32,incoming,MeterValues,0,0.268
1782238232.508,2026-06-23T19:10:32,outgoing,CallResult,45,0.000
1782238239.223,2026-06-23T19:10:39,incoming,Heartbeat,57,0.000
1782238239.224,2026-06-23T19:10:39,outgoing,CallResult,81,0.000
1782238242.539,2026-06-23T19:10:42,incoming,MeterValues,868,0.000
1782238242.541,2026-06-23T19:10:42,incoming,MeterValues,0,0.269
1782238242.542,2026-06-23T19:10:42,outgoing,CallResult,45,0.000
1782238249.235,2026-06-23T19:10:49,incoming,Heartbeat,57,0.000
1782238249.236,2026-06-23T19:10:49,outgoing,CallResult,81,0.000
1782238252.744,2026-06-23T19:10:52,incoming,MeterValues,868,0.000
1782238252.747,2026-06-23T19:10:52,incoming,MeterValues,0,0.411
1782238252.747,2026-06-23T19:10:52,outgoing,CallResult,45,0.000
1782238259.250,2026-06-23T19:10:59,incoming,Heartbeat,57,0.000
1782238259.251,2026-06-23T19:10:59,outgoing,CallResult,81,0.000
1782238262.774,2026-06-23T19:11:02,incoming,MeterValues,868,0.000
1782238262.776,2026-06-23T19:11:02,incoming,MeterValues,0,0.371
1782238262.777,2026-06-23T19:11:02,outgoing,CallResult,45,0.000
1782238269.630,2026-06-23T19:11:09,incoming,Heartbeat,57,0.000
1782238269.631,2026-06-23T19:11:09,outgoing,CallResult,81,0.000
1782238272.992,2026-06-23T19:11:12,incoming,MeterValues,878,0.000
1782238272.995,2026-06-23T19:11:12,incoming,MeterValues,0,0.280
1782238272.996,2026-06-23T19:11:12,outgoing,CallResult,45,0.000
1782238279.646,2026-06-23T19:11:19,incoming,Heartbeat,57,0.000
1782238279.647,2026-06-23T19:11:19,outgoing,CallResult,81,0.000
1782238283.215,2026-06-23T19:11:23,incoming,MeterValues,878,0.000
1782238283.218,2026-06-23T19:11:23,incoming,MeterValues,0,0.340
1782238283.218,2026-06-23T19:11:23,outgoing,CallResult,45,0.000
1782238289.662,2026-06-23T19:11:29,incoming,Heartbeat,57,0.000
1782238289.663,2026-06-23T19:11:29,outgoing,CallResult,81,0.000
1782238293.369,2026-06-23T19:11:33,incoming,MeterValues,880,0.000
1782238293.371,2026-06-23T19:11:33,incoming,MeterValues,0,0.277
1782238293.372,2026-06-23T19:11:33,outgoing,CallResult,45,0.000
1782238299.678,2026-06-23T19:11:39,incoming,Heartbeat,57,0.000
1782238299.679,2026-06-23T19:11:39,outgoing,CallResult,81,0.000
1782238303.404,2026-06-23T19:11:43,incoming,MeterValues,878,0.000
1782238303.406,2026-06-23T19:11:43,incoming,MeterValues,0,0.271
1782238303.407,2026-06-23T19:11:43,outgoing,CallResult,45,0.000
1782238309.779,2026-06-23T19:11:49,incoming,Heartbeat,57,0.000
1782238309.780,2026-06-23T19:11:49,outgoing,CallResult,81,0.000
1782238313.461,2026-06-23T19:11:53,incoming,MeterValues,868,0.000
1782238313.464,2026-06-23T19:11:53,incoming,MeterValues,0,0.315
1782238313.464,2026-06-23T19:11:53,outgoing,CallResult,45,0.000
1782238319.961,2026-06-23T19:11:59,incoming,Heartbeat,57,0.000
1782238319.962,2026-06-23T19:11:59,outgoing,CallResult,81,0.000
1782238323.691,2026-06-23T19:12:03,incoming,MeterValues,868,0.000
1782238323.693,2026-06-23T19:12:03,incoming,MeterValues,0,0.268
1782238323.693,2026-06-23T19:12:03,outgoing,CallResult,45,0.000
1782238329.978,2026-06-23T19:12:09,incoming,Heartbeat,57,0.000
1782238329.979,2026-06-23T19:12:09,outgoing,CallResult,81,0.000
1782238333.897,2026-06-23T19:12:13,incoming,MeterValues,878,0.000
1782238333.900,2026-06-23T19:12:13,incoming,MeterValues,0,0.327
1782238333.900,2026-06-23T19:12:13,outgoing,CallResult,45,0.000
1782238340.410,2026-06-23T19:12:20,incoming,Heartbeat,57,0.000
1782238340.411,2026-06-23T19:12:20,outgoing,CallResult,81,0.000
1782238344.072,2026-06-23T19:12:24,incoming,MeterValues,878,0.000
1782238344.075,2026-06-23T19:12:24,incoming,MeterValues,0,0.438
1782238344.075,2026-06-23T19:12:24,outgoing,CallResult,45,0.000
1782238350.426,2026-06-23T19:12:30,incoming,Heartbeat,57,0.000
1782238350.427,2026-06-23T19:12:30,outgoing,CallResult,81,0.000
1782238354.106,2026-06-23T19:12:34,incoming,MeterValues,875,0.000
1782238354.108,2026-06-23T19:12:34,incoming,MeterValues,0,0.217
1782238354.109,2026-06-23T19:12:34,outgoing,CallResult,45,0.000
1782238360.556,2026-06-23T19:12:40,incoming,Heartbeat,57,0.000
1782238360.557,2026-06-23T19:12:40,outgoing,CallResult,81,0.000
1782238364.228,2026-06-23T19:12:44,incoming,MeterValues,868,0.000
1782238364.231,2026-06-23T19:12:44,incoming,MeterValues,0,0.281
1782238364.232,2026-06-23T19:12:44,outgoing,CallResult,45,0.000
1782238370.752,2026-06-23T19:12:50,incoming,Heartbeat,57,0.000
1782238370.753,2026-06-23T19:12:50,outgoing,CallResult,81,0.000
1782238374.404,2026-06-23T19:12:54,incoming,MeterValues,878,0.000
1782238374.407,2026-06-23T19:12:54,incoming,MeterValues,0,0.455
1782238374.407,2026-06-23T19:12:54,outgoing,CallResult,45,0.000
1782238380.902,2026-06-23T19:13:00,incoming,Heartbeat,57,0.000
1782238380.903,2026-06-23T19:13:00,outgoing,CallResult,81,0.000
1782238384.437,2026-06-23T19:13:04,incoming,MeterValues,882,0.000
1782238384.439,2026-06-23T19:13:04,incoming,MeterValues,0,0.225
1782238384.439,2026-06-23T19:13:04,outgoing,CallResult,45,0.000
1782238390.918,2026-06-23T19:13:10,incoming,Heartbeat,57,0.000
1782238390.919,2026-06-23T19:13:10,outgoing,CallResult,81,0.000
1782238394.858,2026-06-23T19:13:14,incoming,MeterValues,877,0.000
1782238394.860,2026-06-23T19:13:14,incoming,MeterValues,0,0.240
1782238394.861,2026-06-23T19:13:14,outgoing,CallResult,45,0.000
1782238401.005,2026-06-23T19:13:21,incoming,Heartbeat,57,0.000
1782238401.006,2026-06-23T19:13:21,outgoing,CallResult,81,0.000
1782238404.891,2026-06-23T19:13:24,incoming,MeterValues,878,0.000
1782238404.893,2026-06-23T19:13:24,incoming,MeterValues,0,0.345
1782238404.894,2026-06-23T19:13:24,outgoing,CallResult,45,0.000
1782238411.021,2026-06-23T19:13:31,incoming,Heartbeat,57,0.000
1782238411.022,2026-06-23T19:13:31,outgoing,CallResult,81,0.000
1782238415.018,2026-06-23T19:13:35,incoming,MeterValues,871,0.000
1782238415.020,2026-06-23T19:13:35,incoming,MeterValues,0,0.411
1782238415.021,2026-06-23T19:13:35,outgoing,CallResult,45,0.000
1782238421.145,2026-06-23T19:13:41,incoming,Heartbeat,57,0.000
1782238421.146,2026-06-23T19:13:41,outgoing,CallResult,81,0.000
1782238425.182,2026-06-23T19:13:45,incoming,MeterValues,878,0.000
1782238425.185,2026-06-23T19:13:45,incoming,MeterValues,0,0.409
1782238425.185,2026-06-23T19:13:45,outgoing,CallResult,45,0.000
1782238431.157,2026-06-23T19:13:51,incoming,Heartbeat,57,0.000
1782238431.158,2026-06-23T19:13:51,outgoing,CallResult,81,0.000
1782238435.214,2026-06-23T19:13:55,incoming,MeterValues,875,0.000
1782238435.216,2026-06-23T19:13:55,incoming,MeterValues,0,0.286
1782238435.217,2026-06-23T19:13:55,outgoing,CallResult,45,0.000
1782238441.190,2026-06-23T19:14:01,incoming,Heartbeat,57,0.000
1782238441.191,2026-06-23T19:14:01,outgoing,CallResult,81,0.000
1782238445.244,2026-06-23T19:14:05,incoming,MeterValues,868,0.000
1782238445.247,2026-06-23T19:14:05,incoming,MeterValues,0,0.257
1782238445.247,2026-06-23T19:14:05,outgoing,CallResult,45,0.000
1782238451.363,2026-06-23T19:14:11,incoming,Heartbeat,57,0.000
1782238451.364,2026-06-23T19:14:11,outgoing,CallResult,81,0.000
1782238455.313,2026-06-23T19:14:15,incoming,MeterValues,868,0.000
1782238455.315,2026-06-23T19:14:15,incoming,MeterValues,0,0.264
1782238455.315,2026-06-23T19:14:15,outgoing,CallResult,45,0.000
1782238461.588,2026-06-23T19:14:21,incoming,Heartbeat,57,0.000
1782238461.589,2026-06-23T19:14:21,outgoing,CallResult,81,0.000
1782238465.350,2026-06-23T19:14:25,incoming,MeterValues,878,0.000
1782238465.353,2026-06-23T19:14:25,incoming,MeterValues,0,0.411
1782238465.353,2026-06-23T19:14:25,outgoing,CallResult,45,0.000
1782238471.689,2026-06-23T19:14:31,incoming,Heartbeat,57,0.000
1782238471.690,2026-06-23T19:14:31,outgoing,CallResult,81,0.000
1782238475.385,2026-06-23T19:14:35,incoming,MeterValues,878,0.000
1782238475.388,2026-06-23T19:14:35,incoming,MeterValues,0,0.376
1782238475.388,2026-06-23T19:14:35,outgoing,CallResult,45,0.000
1782238481.794,2026-06-23T19:14:41,incoming,Heartbeat,57,0.000
1782238481.795,2026-06-23T19:14:41,outgoing,CallResult,81,0.000
1782238485.450,2026-06-23T19:14:45,incoming,MeterValues,880,0.000
1782238485.452,2026-06-23T19:14:45,incoming,MeterValues,0,0.275
1782238485.453,2026-06-23T19:14:45,outgoing,CallResult,45,0.000
1782238491.919,2026-06-23T19:14:51,incoming,Heartbeat,57,0.000
1782238491.920,2026-06-23T19:14:51,outgoing,CallResult,81,0.000
1782238495.552,2026-06-23T19:14:55,incoming,MeterValues,877,0.000
1782238495.555,2026-06-23T19:14:55,incoming,MeterValues,0,0.218
1782238495.555,2026-06-23T19:14:55,outgoing,CallResult,45,0.000
1782238502.046,2026-06-23T19:15:02,incoming,Heartbeat,57,0.000
1782238502.047,2026-06-23T19:15:02,outgoing,CallResult,81,0.000
1782238505.767,2026-06-23T19:15:05,incoming,MeterValues,867,0.000
1782238505.770,2026-06-23T19:15:05,incoming,MeterValues,0,0.384
1782238505.770,2026-06-23T19:15:05,outgoing,CallResult,45,0.000
1782238512.170,2026-06-23T19:15:12,incoming,Heartbeat,57,0.000
1782238512.171,2026-06-23T19:15:12,outgoing,CallResult,81,0.000
1782238515.890,2026-06-23T19:15:15,incoming,MeterValues,867,0.000
1782238515.892,2026-06-23T19:15:15,incoming,MeterValues,0,0.270
1782238515.893,2026-06-23T19:15:15,outgoing,CallResult,45,0.000
1782238522.301,2026-06-23T19:15:22,incoming,Heartbeat,57,0.000
1782238522.302,2026-06-23T19:15:22,outgoing,CallResult,81,0.000
1782238526.016,2026-06-23T19:15:26,incoming,MeterValues,867,0.000
1782238526.018,2026-06-23T19:15:26,incoming,MeterValues,0,0.276
1782238526.019,2026-06-23T19:15:26,outgoing,CallResult,45,0.000
1782238532.428,2026-06-23T19:15:32,incoming,Heartbeat,57,0.000
1782238532.430,2026-06-23T19:15:32,outgoing,CallResult,81,0.000
1782238536.153,2026-06-23T19:15:36,incoming,MeterValues,867,0.000
1782238536.155,2026-06-23T19:15:36,incoming,MeterValues,0,0.333
1782238536.156,2026-06-23T19:15:36,outgoing,CallResult,45,0.000
1782238542.576,2026-06-23T19:15:42,incoming,Heartbeat,57,0.000
1782238542.577,2026-06-23T19:15:42,outgoing,CallResult,81,0.000
1782238546.295,2026-06-23T19:15:46,incoming,MeterValues,878,0.000
1782238546.298,2026-06-23T19:15:46,incoming,MeterValues,0,0.274
1782238546.298,2026-06-23T19:15:46,outgoing,CallResult,45,0.000
1782238552.676,2026-06-23T19:15:52,incoming,Heartbeat,57,0.000
1782238552.677,2026-06-23T19:15:52,outgoing,CallResult,81,0.000
1782238556.396,2026-06-23T19:15:56,incoming,MeterValues,878,0.000
1782238556.398,2026-06-23T19:15:56,incoming,MeterValues,0,0.217
1782238556.399,2026-06-23T19:15:56,outgoing,CallResult,45,0.000
1782238562.871,2026-06-23T19:16:02,incoming,Heartbeat,57,0.000
1782238562.873,2026-06-23T19:16:02,outgoing,CallResult,81,0.000
1782238566.552,2026-06-23T19:16:06,incoming,MeterValues,868,0.000
1782238566.555,2026-06-23T19:16:06,incoming,MeterValues,0,0.431
1782238566.556,2026-06-23T19:16:06,outgoing,CallResult,45,0.000
1782238572.960,2026-06-23T19:16:12,incoming,Heartbeat,57,0.000
1782238572.961,2026-06-23T19:16:12,outgoing,CallResult,81,0.000
1782238576.651,2026-06-23T19:16:16,incoming,MeterValues,868,0.000
1782238576.653,2026-06-23T19:16:16,incoming,MeterValues,0,0.280
1782238576.654,2026-06-23T19:16:16,outgoing,CallResult,45,0.000
1782238583.085,2026-06-23T19:16:23,incoming,Heartbeat,57,0.000
1782238583.086,2026-06-23T19:16:23,outgoing,CallResult,81,0.000
1782238586.709,2026-06-23T19:16:26,incoming,MeterValues,871,0.000
1782238586.711,2026-06-23T19:16:26,incoming,MeterValues,0,0.318
1782238586.712,2026-06-23T19:16:26,outgoing,CallResult,45,0.000
1782238593.219,2026-06-23T19:16:33,incoming,Heartbeat,57,0.000
1782238593.221,2026-06-23T19:16:33,outgoing,CallResult,81,0.000
1782238596.744,2026-06-23T19:16:36,incoming,MeterValues,878,0.000
1782238596.746,2026-06-23T19:16:36,incoming,MeterValues,0,0.414
1782238596.747,2026-06-23T19:16:36,outgoing,CallResult,45,0.000
1782238603.365,2026-06-23T19:16:43,incoming,Heartbeat,57,0.000
1782238603.366,2026-06-23T19:16:43,outgoing,CallResult,81,0.000
1782238606.780,2026-06-23T19:16:46,incoming,MeterValues,875,0.000
1782238606.782,2026-06-23T19:16:46,incoming,MeterValues,0,0.277
1782238606.783,2026-06-23T19:16:46,outgoing,CallResult,45,0.000
1782238613.419,2026-06-23T19:16:53,incoming,Heartbeat,57,0.000
1782238613.420,2026-06-23T19:16:53,outgoing,CallResult,81,0.000
1782238616.814,2026-06-23T19:16:56,incoming,MeterValues,880,0.000
1782238616.817,2026-06-23T19:16:56,incoming,MeterValues,0,0.277
1782238616.817,2026-06-23T19:16:56,outgoing,CallResult,45,0.000
1782238623.585,2026-06-23T19:17:03,incoming,Heartbeat,57,0.000
1782238623.586,2026-06-23T19:17:03,outgoing,CallResult,81,0.000
1782238626.852,2026-06-23T19:17:06,incoming,MeterValues,878,0.000
1782238626.854,2026-06-23T19:17:06,incoming,MeterValues,0,0.278
1782238626.855,2026-06-23T19:17:06,outgoing,CallResult,45,0.000
1782238633.743,2026-06-23T19:17:13,incoming,Heartbeat,57,0.000
1782238633.744,2026-06-23T19:17:13,outgoing,CallResult,81,0.000
1782238636.955,2026-06-23T19:17:16,incoming,MeterValues,868,0.000
1782238636.958,2026-06-23T19:17:16,incoming,MeterValues,0,0.298
1782238636.958,2026-06-23T19:17:16,outgoing,CallResult,45,0.000
1782238643.811,2026-06-23T19:17:23,incoming,Heartbeat,57,0.000
1782238643.812,2026-06-23T19:17:23,outgoing,CallResult,81,0.000
1782238647.121,2026-06-23T19:17:27,incoming,MeterValues,880,0.000
1782238647.124,2026-06-23T19:17:27,incoming,MeterValues,0,0.279
1782238647.124,2026-06-23T19:17:27,outgoing,CallResult,45,0.000
1782238653.831,2026-06-23T19:17:33,incoming,Heartbeat,57,0.000
1782238653.832,2026-06-23T19:17:33,outgoing,CallResult,81,0.000
1782238657.214,2026-06-23T19:17:37,incoming,MeterValues,868,0.000
1782238657.217,2026-06-23T19:17:37,incoming,MeterValues,0,0.267
1782238657.218,2026-06-23T19:17:37,outgoing,CallResult,45,0.000
1782238663.849,2026-06-23T19:17:43,incoming,Heartbeat,57,0.000
1782238663.850,2026-06-23T19:17:43,outgoing,CallResult,81,0.000
1782238667.248,2026-06-23T19:17:47,incoming,MeterValues,868,0.000
1782238667.251,2026-06-23T19:17:47,incoming,MeterValues,0,0.380
1782238667.251,2026-06-23T19:17:47,outgoing,CallResult,45,0.000
1782238673.958,2026-06-23T19:17:53,incoming,Heartbeat,57,0.000
1782238673.959,2026-06-23T19:17:53,outgoing,CallResult,81,0.000
1782238677.642,2026-06-23T19:17:57,incoming,MeterValues,878,0.000
1782238677.645,2026-06-23T19:17:57,incoming,MeterValues,0,0.270
1782238677.645,2026-06-23T19:17:57,outgoing,CallResult,45,0.000
1782238684.090,2026-06-23T19:18:04,incoming,Heartbeat,57,0.000
1782238684.091,2026-06-23T19:18:04,outgoing,CallResult,81,0.000
1782238687.768,2026-06-23T19:18:07,incoming,MeterValues,878,0.000
1782238687.770,2026-06-23T19:18:07,incoming,MeterValues,0,0.273
1782238687.771,2026-06-23T19:18:07,outgoing,CallResult,45,0.000
1782238694.622,2026-06-23T19:18:14,incoming,Heartbeat,57,0.000
1782238694.623,2026-06-23T19:18:14,outgoing,CallResult,81,0.000
1782238697.932,2026-06-23T19:18:17,incoming,MeterValues,868,0.000
1782238697.934,2026-06-23T19:18:17,incoming,MeterValues,0,0.230
1782238697.934,2026-06-23T19:18:17,outgoing,CallResult,45,0.000
1782238704.774,2026-06-23T19:18:24,incoming,Heartbeat,57,0.000
1782238704.775,2026-06-23T19:18:24,outgoing,CallResult,81,0.000
1782238708.081,2026-06-23T19:18:28,incoming,MeterValues,868,0.000
1782238708.083,2026-06-23T19:18:28,incoming,MeterValues,0,0.268
1782238708.084,2026-06-23T19:18:28,outgoing,CallResult,45,0.000
1782238714.894,2026-06-23T19:18:34,incoming,Heartbeat,57,0.000
1782238714.895,2026-06-23T19:18:34,outgoing,CallResult,81,0.000
1782238718.177,2026-06-23T19:18:38,incoming,MeterValues,878,0.000
1782238718.180,2026-06-23T19:18:38,incoming,MeterValues,0,0.277
1782238718.180,2026-06-23T19:18:38,outgoing,CallResult,45,0.000
1782238725.013,2026-06-23T19:18:45,incoming,Heartbeat,57,0.000
1782238725.014,2026-06-23T19:18:45,outgoing,CallResult,81,0.000
1782238728.243,2026-06-23T19:18:48,incoming,MeterValues,878,0.000
1782238728.245,2026-06-23T19:18:48,incoming,MeterValues,0,0.274
1782238728.246,2026-06-23T19:18:48,outgoing,CallResult,45,0.000
1782238735.090,2026-06-23T19:18:55,incoming,Heartbeat,57,0.000
1782238735.091,2026-06-23T19:18:55,outgoing,CallResult,81,0.000
1782238738.381,2026-06-23T19:18:58,incoming,MeterValues,868,0.000
1782238738.384,2026-06-23T19:18:58,incoming,MeterValues,0,0.286
1782238738.384,2026-06-23T19:18:58,outgoing,CallResult,45,0.000
1782238745.261,2026-06-23T19:19:05,incoming,Heartbeat,57,0.000
1782238745.262,2026-06-23T19:19:05,outgoing,CallResult,81,0.000
1782238748.466,2026-06-23T19:19:08,incoming,MeterValues,868,0.000
1782238748.469,2026-06-23T19:19:08,incoming,MeterValues,0,0.271
1782238748.469,2026-06-23T19:19:08,outgoing,CallResult,45,0.000
1782238755.332,2026-06-23T19:19:15,incoming,Heartbeat,57,0.000
1782238755.333,2026-06-23T19:19:15,outgoing,CallResult,81,0.000
1782238758.594,2026-06-23T19:19:18,incoming,MeterValues,878,0.000
1782238758.596,2026-06-23T19:19:18,incoming,MeterValues,0,0.243
1782238758.596,2026-06-23T19:19:18,outgoing,CallResult,45,0.000
1782238765.477,2026-06-23T19:19:25,incoming,Heartbeat,57,0.000
1782238765.478,2026-06-23T19:19:25,outgoing,CallResult,81,0.000
1782238768.630,2026-06-23T19:19:28,incoming,MeterValues,878,0.000
1782238768.633,2026-06-23T19:19:28,incoming,MeterValues,0,0.273
1782238768.633,2026-06-23T19:19:28,outgoing,CallResult,45,0.000
1782238775.566,2026-06-23T19:19:35,incoming,Heartbeat,57,0.000
1782238775.567,2026-06-23T19:19:35,outgoing,CallResult,81,0.000
1782238778.796,2026-06-23T19:19:38,incoming,MeterValues,875,0.000
1782238778.798,2026-06-23T19:19:38,incoming,MeterValues,0,0.303
1782238778.799,2026-06-23T19:19:38,outgoing,CallResult,45,0.000
1782238785.682,2026-06-23T19:19:45,incoming,Heartbeat,57,0.000
1782238785.683,2026-06-23T19:19:45,outgoing,CallResult,81,0.000
1782238788.981,2026-06-23T19:19:48,incoming,MeterValues,868,0.000
1782238788.984,2026-06-23T19:19:48,incoming,MeterValues,0,0.275
1782238788.984,2026-06-23T19:19:48,outgoing,CallResult,45,0.000
1782238795.790,2026-06-23T19:19:55,incoming,Heartbeat,57,0.000
1782238795.791,2026-06-23T19:19:55,outgoing,CallResult,81,0.000
1782238799.085,2026-06-23T19:19:59,incoming,MeterValues,876,0.000
1782238799.087,2026-06-23T19:19:59,incoming,MeterValues,0,0.395
1782238799.088,2026-06-23T19:19:59,outgoing,CallResult,45,0.000
1782238805.935,2026-06-23T19:20:05,incoming,Heartbeat,57,0.000
1782238805.936,2026-06-23T19:20:05,outgoing,CallResult,81,0.000
1782238809.156,2026-06-23T19:20:09,incoming,MeterValues,878,0.000
1782238809.159,2026-06-23T19:20:09,incoming,MeterValues,0,0.278
1782238809.159,2026-06-23T19:20:09,outgoing,CallResult,45,0.000
1782238816.041,2026-06-23T19:20:16,incoming,Heartbeat,57,0.000
1782238816.042,2026-06-23T19:20:16,outgoing,CallResult,81,0.000
1782238819.362,2026-06-23T19:20:19,incoming,MeterValues,875,0.000
1782238819.365,2026-06-23T19:20:19,incoming,MeterValues,0,0.269
1782238819.365,2026-06-23T19:20:19,outgoing,CallResult,45,0.000
1782238826.132,2026-06-23T19:20:26,incoming,Heartbeat,57,0.000
1782238826.133,2026-06-23T19:20:26,outgoing,CallResult,81,0.000
1782238829.417,2026-06-23T19:20:29,incoming,MeterValues,880,0.000
1782238829.420,2026-06-23T19:20:29,incoming,MeterValues,0,0.284
1782238829.420,2026-06-23T19:20:29,outgoing,CallResult,45,0.000
1782238836.300,2026-06-23T19:20:36,incoming,Heartbeat,57,0.000
1782238836.301,2026-06-23T19:20:36,outgoing,CallResult,81,0.000
1782238839.533,2026-06-23T19:20:39,incoming,MeterValues,875,0.000
1782238839.535,2026-06-23T19:20:39,incoming,MeterValues,0,0.311
1782238839.536,2026-06-23T19:20:39,outgoing,CallResult,45,0.000
1782238846.370,2026-06-23T19:20:46,incoming,Heartbeat,57,0.000
1782238846.371,2026-06-23T19:20:46,outgoing,CallResult,81,0.000
1782238850.056,2026-06-23T19:20:50,incoming,MeterValues,880,0.000
1782238850.058,2026-06-23T19:20:50,incoming,MeterValues,0,0.339
1782238850.059,2026-06-23T19:20:50,outgoing,CallResult,45,0.000
1782238856.386,2026-06-23T19:20:56,incoming,Heartbeat,57,0.000
1782238856.387,2026-06-23T19:20:56,outgoing,CallResult,81,0.000
1782238860.121,2026-06-23T19:21:00,incoming,MeterValues,868,0.000
1782238860.124,2026-06-23T19:21:00,incoming,MeterValues,0,0.406
1782238860.124,2026-06-23T19:21:00,outgoing,CallResult,45,0.000
1782238866.404,2026-06-23T19:21:06,incoming,Heartbeat,57,0.000
1782238866.405,2026-06-23T19:21:06,outgoing,CallResult,81,0.000
1782238870.235,2026-06-23T19:21:10,incoming,MeterValues,868,0.000
1782238870.237,2026-06-23T19:21:10,incoming,MeterValues,0,0.383
1782238870.238,2026-06-23T19:21:10,outgoing,CallResult,45,0.000
1782238876.420,2026-06-23T19:21:16,incoming,Heartbeat,57,0.000
1782238876.421,2026-06-23T19:21:16,outgoing,CallResult,81,0.000
1782238880.322,2026-06-23T19:21:20,incoming,MeterValues,871,0.000
1782238880.324,2026-06-23T19:21:20,incoming,MeterValues,0,0.222
1782238880.324,2026-06-23T19:21:20,outgoing,CallResult,45,0.000
1782238886.432,2026-06-23T19:21:26,incoming,Heartbeat,57,0.000
1782238886.433,2026-06-23T19:21:26,outgoing,CallResult,81,0.000
1782238890.418,2026-06-23T19:21:30,incoming,MeterValues,878,0.000
1782238890.421,2026-06-23T19:21:30,incoming,MeterValues,0,0.370
1782238890.421,2026-06-23T19:21:30,outgoing,CallResult,45,0.000
1782238896.500,2026-06-23T19:21:36,incoming,Heartbeat,57,0.000
1782238896.501,2026-06-23T19:21:36,outgoing,CallResult,81,0.000
1782238900.521,2026-06-23T19:21:40,incoming,MeterValues,875,0.000
1782238900.524,2026-06-23T19:21:40,incoming,MeterValues,0,0.378
1782238900.524,2026-06-23T19:21:40,outgoing,CallResult,45,0.000
1782238906.582,2026-06-23T19:21:46,incoming,Heartbeat,57,0.000
1782238906.583,2026-06-23T19:21:46,outgoing,CallResult,81,0.000
1782238910.677,2026-06-23T19:21:50,incoming,MeterValues,868,0.000
1782238910.679,2026-06-23T19:21:50,incoming,MeterValues,0,0.247
1782238910.680,2026-06-23T19:21:50,outgoing,CallResult,45,0.000
1782238916.675,2026-06-23T19:21:56,incoming,Heartbeat,57,0.000
1782238916.676,2026-06-23T19:21:56,outgoing,CallResult,81,0.000
1782238920.792,2026-06-23T19:22:00,incoming,MeterValues,868,0.000
1782238920.795,2026-06-23T19:22:00,incoming,MeterValues,0,0.287
1782238920.795,2026-06-23T19:22:00,outgoing,CallResult,45,0.000
1782238926.823,2026-06-23T19:22:06,incoming,Heartbeat,57,0.000
1782238926.824,2026-06-23T19:22:06,outgoing,CallResult,81,0.000
1782238930.927,2026-06-23T19:22:10,incoming,MeterValues,868,0.000
1782238930.930,2026-06-23T19:22:10,incoming,MeterValues,0,0.378
1782238930.930,2026-06-23T19:22:10,outgoing,CallResult,45,0.000
1782238936.938,2026-06-23T19:22:16,incoming,Heartbeat,57,0.000
1782238936.939,2026-06-23T19:22:16,outgoing,CallResult,81,0.000
1782238941.060,2026-06-23T19:22:21,incoming,MeterValues,868,0.000
1782238941.063,2026-06-23T19:22:21,incoming,MeterValues,0,0.271
1782238941.063,2026-06-23T19:22:21,outgoing,CallResult,45,0.000
1782238947.099,2026-06-23T19:22:27,incoming,Heartbeat,57,0.000
1782238947.100,2026-06-23T19:22:27,outgoing,CallResult,81,0.000
1782238951.155,2026-06-23T19:22:31,incoming,MeterValues,882,0.000
1782238951.158,2026-06-23T19:22:31,incoming,MeterValues,0,0.302
1782238951.158,2026-06-23T19:22:31,outgoing,CallResult,45,0.000
1782238957.220,2026-06-23T19:22:37,incoming,Heartbeat,57,0.000
1782238957.221,2026-06-23T19:22:37,outgoing,CallResult,81,0.000
1782238961.244,2026-06-23T19:22:41,incoming,MeterValues,868,0.000
1782238961.246,2026-06-23T19:22:41,incoming,MeterValues,0,0.273
1782238961.247,2026-06-23T19:22:41,outgoing,CallResult,45,0.000
1782238967.285,2026-06-23T19:22:47,incoming,Heartbeat,57,0.000
1782238967.286,2026-06-23T19:22:47,outgoing,CallResult,81,0.000
1782238971.363,2026-06-23T19:22:51,incoming,MeterValues,877,0.000
1782238971.366,2026-06-23T19:22:51,incoming,MeterValues,0,0.410
1782238971.367,2026-06-23T19:22:51,outgoing,CallResult,45,0.000
1782238977.432,2026-06-23T19:22:57,incoming,Heartbeat,57,0.000
1782238977.433,2026-06-23T19:22:57,outgoing,CallResult,81,0.000
1782238981.472,2026-06-23T19:23:01,incoming,MeterValues,878,0.000
1782238981.474,2026-06-23T19:23:01,incoming,MeterValues,0,0.272
1782238981.475,2026-06-23T19:23:01,outgoing,CallResult,45,0.000
1782238987.546,2026-06-23T19:23:07,incoming,Heartbeat,57,0.000
1782238987.547,2026-06-23T19:23:07,outgoing,CallResult,81,0.000
1782238991.601,2026-06-23T19:23:11,incoming,MeterValues,868,0.000
1782238991.604,2026-06-23T19:23:11,incoming,MeterValues,0,0.272
1782238991.604,2026-06-23T19:23:11,outgoing,CallResult,45,0.000
1782238997.635,2026-06-23T19:23:17,incoming,Heartbeat,57,0.000
1782238997.636,2026-06-23T19:23:17,outgoing,CallResult,81,0.000
1782239001.635,2026-06-23T19:23:21,incoming,MeterValues,868,0.000
1782239001.637,2026-06-23T19:23:21,incoming,MeterValues,0,0.282
1782239001.638,2026-06-23T19:23:21,outgoing,CallResult,45,0.000
1782239007.788,2026-06-23T19:23:27,incoming,Heartbeat,57,0.000
1782239007.789,2026-06-23T19:23:27,outgoing,CallResult,81,0.000
1782239011.758,2026-06-23T19:23:31,incoming,MeterValues,878,0.000
1782239011.761,2026-06-23T19:23:31,incoming,MeterValues,0,0.276
1782239011.761,2026-06-23T19:23:31,outgoing,CallResult,45,0.000
1782239017.872,2026-06-23T19:23:37,incoming,Heartbeat,57,0.000
1782239017.873,2026-06-23T19:23:37,outgoing,CallResult,81,0.000
1782239021.892,2026-06-23T19:23:41,incoming,MeterValues,878,0.000
1782239021.895,2026-06-23T19:23:41,incoming,MeterValues,0,0.272
1782239021.895,2026-06-23T19:23:41,outgoing,CallResult,45,0.000
1782239027.883,2026-06-23T19:23:47,incoming,Heartbeat,57,0.000
1782239027.885,2026-06-23T19:23:47,outgoing,CallResult,81,0.000
1782239032.038,2026-06-23T19:23:52,incoming,MeterValues,868,0.000
1782239032.040,2026-06-23T19:23:52,incoming,MeterValues,0,0.277
1782239032.041,2026-06-23T19:23:52,outgoing,CallResult,45,0.000
1782239038.038,2026-06-23T19:23:58,incoming,Heartbeat,57,0.000
1782239038.039,2026-06-23T19:23:58,outgoing,CallResult,81,0.000
1782239042.138,2026-06-23T19:24:02,incoming,MeterValues,868,0.000
1782239042.141,2026-06-23T19:24:02,incoming,MeterValues,0,0.273
1782239042.141,2026-06-23T19:24:02,outgoing,CallResult,45,0.000
1782239048.174,2026-06-23T19:24:08,incoming,Heartbeat,57,0.000
1782239048.175,2026-06-23T19:24:08,outgoing,CallResult,81,0.000
1782239052.273,2026-06-23T19:24:12,incoming,MeterValues,877,0.000
1782239052.275,2026-06-23T19:24:12,incoming,MeterValues,0,0.280
1782239052.276,2026-06-23T19:24:12,outgoing,CallResult,45,0.000
1782239058.289,2026-06-23T19:24:18,incoming,Heartbeat,57,0.000
1782239058.290,2026-06-23T19:24:18,outgoing,CallResult,81,0.000
1782239062.383,2026-06-23T19:24:22,incoming,MeterValues,868,0.000
1782239062.386,2026-06-23T19:24:22,incoming,MeterValues,0,0.290
1782239062.386,2026-06-23T19:24:22,outgoing,CallResult,45,0.000
1782239068.408,2026-06-23T19:24:28,incoming,Heartbeat,57,0.000
1782239068.409,2026-06-23T19:24:28,outgoing,CallResult,81,0.000
1782239072.523,2026-06-23T19:24:32,incoming,MeterValues,882,0.000
1782239072.525,2026-06-23T19:24:32,incoming,MeterValues,0,0.282
1782239072.526,2026-06-23T19:24:32,outgoing,CallResult,45,0.000
1782239078.519,2026-06-23T19:24:38,incoming,Heartbeat,57,0.000
1782239078.520,2026-06-23T19:24:38,outgoing,CallResult,81,0.000
1782239082.640,2026-06-23T19:24:42,incoming,MeterValues,868,0.000
1782239082.642,2026-06-23T19:24:42,incoming,MeterValues,0,0.230
1782239082.642,2026-06-23T19:24:42,outgoing,CallResult,45,0.000
1782239088.711,2026-06-23T19:24:48,incoming,Heartbeat,57,0.000
1782239088.712,2026-06-23T19:24:48,outgoing,CallResult,81,0.000
1782239092.804,2026-06-23T19:24:52,incoming,MeterValues,871,0.000
1782239092.807,2026-06-23T19:24:52,incoming,MeterValues,0,0.269
1782239092.807,2026-06-23T19:24:52,outgoing,CallResult,45,0.000
1782239098.813,2026-06-23T19:24:58,incoming,Heartbeat,57,0.000
1782239098.814,2026-06-23T19:24:58,outgoing,CallResult,81,0.000
1782239102.905,2026-06-23T19:25:02,incoming,MeterValues,878,0.000
1782239102.908,2026-06-23T19:25:02,incoming,MeterValues,0,0.273
1782239102.908,2026-06-23T19:25:02,outgoing,CallResult,45,0.000
1782239108.923,2026-06-23T19:25:08,incoming,Heartbeat,57,0.000
1782239108.924,2026-06-23T19:25:08,outgoing,CallResult,81,0.000
1782239112.995,2026-06-23T19:25:12,incoming,MeterValues,875,0.000
1782239112.998,2026-06-23T19:25:12,incoming,MeterValues,0,0.227
1782239112.998,2026-06-23T19:25:12,outgoing,CallResult,45,0.000
1782239119.434,2026-06-23T19:25:19,incoming,Heartbeat,57,0.000
1782239119.435,2026-06-23T19:25:19,outgoing,CallResult,81,0.000
1782239123.044,2026-06-23T19:25:23,incoming,MeterValues,868,0.000
1782239123.047,2026-06-23T19:25:23,incoming,MeterValues,0,0.268
1782239123.047,2026-06-23T19:25:23,outgoing,CallResult,45,0.000
1782239129.576,2026-06-23T19:25:29,incoming,Heartbeat,57,0.000
1782239129.577,2026-06-23T19:25:29,outgoing,CallResult,81,0.000
1782239133.181,2026-06-23T19:25:33,incoming,MeterValues,868,0.000
1782239133.183,2026-06-23T19:25:33,incoming,MeterValues,0,0.271
1782239133.184,2026-06-23T19:25:33,outgoing,CallResult,45,0.000
1782239139.762,2026-06-23T19:25:39,incoming,Heartbeat,57,0.000
1782239139.763,2026-06-23T19:25:39,outgoing,CallResult,81,0.000
1782239143.216,2026-06-23T19:25:43,incoming,MeterValues,878,0.000
1782239143.219,2026-06-23T19:25:43,incoming,MeterValues,0,0.280
1782239143.219,2026-06-23T19:25:43,outgoing,CallResult,45,0.000
1782239149.986,2026-06-23T19:25:49,incoming,Heartbeat,57,0.000
1782239149.987,2026-06-23T19:25:49,outgoing,CallResult,81,0.000
1782239153.584,2026-06-23T19:25:53,incoming,MeterValues,878,0.000
1782239153.586,2026-06-23T19:25:53,incoming,MeterValues,0,0.275
1782239153.587,2026-06-23T19:25:53,outgoing,CallResult,45,0.000
1782239160.078,2026-06-23T19:26:00,incoming,Heartbeat,57,0.000
1782239160.079,2026-06-23T19:26:00,outgoing,CallResult,81,0.000
1782239163.651,2026-06-23T19:26:03,incoming,MeterValues,882,0.000
1782239163.653,2026-06-23T19:26:03,incoming,MeterValues,0,0.274
1782239163.654,2026-06-23T19:26:03,outgoing,CallResult,45,0.000
1782239170.134,2026-06-23T19:26:10,incoming,Heartbeat,57,0.000
1782239170.135,2026-06-23T19:26:10,outgoing,CallResult,81,0.000
1782239173.835,2026-06-23T19:26:13,incoming,MeterValues,868,0.000
1782239173.838,2026-06-23T19:26:13,incoming,MeterValues,0,0.285
1782239173.838,2026-06-23T19:26:13,outgoing,CallResult,45,0.000
1782239180.288,2026-06-23T19:26:20,incoming,Heartbeat,57,0.000
1782239180.289,2026-06-23T19:26:20,outgoing,CallResult,81,0.000
1782239183.902,2026-06-23T19:26:23,incoming,MeterValues,878,0.000
1782239183.904,2026-06-23T19:26:23,incoming,MeterValues,0,0.273
1782239183.905,2026-06-23T19:26:23,outgoing,CallResult,45,0.000
1782239190.366,2026-06-23T19:26:30,incoming,Heartbeat,57,0.000
1782239190.367,2026-06-23T19:26:30,outgoing,CallResult,81,0.000
1782239194.045,2026-06-23T19:26:34,incoming,MeterValues,878,0.000
1782239194.048,2026-06-23T19:26:34,incoming,MeterValues,0,0.274
1782239194.048,2026-06-23T19:26:34,outgoing,CallResult,45,0.000
1782239200.382,2026-06-23T19:26:40,incoming,Heartbeat,57,0.000
1782239200.383,2026-06-23T19:26:40,outgoing,CallResult,81,0.000
1782239204.238,2026-06-23T19:26:44,incoming,MeterValues,868,0.000
1782239204.241,2026-06-23T19:26:44,incoming,MeterValues,0,0.258
1782239204.241,2026-06-23T19:26:44,outgoing,CallResult,45,0.000
1782239210.395,2026-06-23T19:26:50,incoming,Heartbeat,57,0.000
1782239210.396,2026-06-23T19:26:50,outgoing,CallResult,81,0.000
1782239214.330,2026-06-23T19:26:54,incoming,MeterValues,868,0.000
1782239214.333,2026-06-23T19:26:54,incoming,MeterValues,0,0.275
1782239214.333,2026-06-23T19:26:54,outgoing,CallResult,45,0.000
1782239220.407,2026-06-23T19:27:00,incoming,Heartbeat,57,0.000
1782239220.408,2026-06-23T19:27:00,outgoing,CallResult,81,0.000
1782239224.387,2026-06-23T19:27:04,incoming,MeterValues,878,0.000
1782239224.389,2026-06-23T19:27:04,incoming,MeterValues,0,0.277
1782239224.390,2026-06-23T19:27:04,outgoing,CallResult,45,0.000
1782239230.418,2026-06-23T19:27:10,incoming,Heartbeat,57,0.000
1782239230.419,2026-06-23T19:27:10,outgoing,CallResult,81,0.000
1782239234.474,2026-06-23T19:27:14,incoming,MeterValues,882,0.000
1782239234.477,2026-06-23T19:27:14,incoming,MeterValues,0,0.271
1782239234.477,2026-06-23T19:27:14,outgoing,CallResult,45,0.000
1782239240.478,2026-06-23T19:27:20,incoming,Heartbeat,57,0.000
1782239240.479,2026-06-23T19:27:20,outgoing,CallResult,81,0.000
1782239244.578,2026-06-23T19:27:24,incoming,MeterValues,878,0.000
1782239244.580,2026-06-23T19:27:24,incoming,MeterValues,0,0.285
1782239244.581,2026-06-23T19:27:24,outgoing,CallResult,45,0.000
1782239250.555,2026-06-23T19:27:30,incoming,Heartbeat,57,0.000
1782239250.556,2026-06-23T19:27:30,outgoing,CallResult,81,0.000
1782239254.632,2026-06-23T19:27:34,incoming,MeterValues,878,0.000
1782239254.634,2026-06-23T19:27:34,incoming,MeterValues,0,0.278
1782239254.635,2026-06-23T19:27:34,outgoing,CallResult,45,0.000
1782239260.693,2026-06-23T19:27:40,incoming,Heartbeat,57,0.000
1782239260.695,2026-06-23T19:27:40,outgoing,CallResult,81,0.000
1782239265.165,2026-06-23T19:27:45,incoming,MeterValues,877,0.000
1782239265.168,2026-06-23T19:27:45,incoming,MeterValues,0,0.272
1782239265.168,2026-06-23T19:27:45,outgoing,CallResult,45,0.000
1782239270.801,2026-06-23T19:27:50,incoming,Heartbeat,57,0.000
1782239270.802,2026-06-23T19:27:50,outgoing,CallResult,81,0.000
1782239275.208,2026-06-23T19:27:55,incoming,MeterValues,881,0.000
1782239275.211,2026-06-23T19:27:55,incoming,MeterValues,0,0.281
1782239275.211,2026-06-23T19:27:55,outgoing,CallResult,45,0.000
1782239280.812,2026-06-23T19:28:00,incoming,Heartbeat,57,0.000
1782239280.813,2026-06-23T19:28:00,outgoing,CallResult,81,0.000
1782239285.293,2026-06-23T19:28:05,incoming,MeterValues,878,0.000
1782239285.296,2026-06-23T19:28:05,incoming,MeterValues,0,0.279
1782239285.296,2026-06-23T19:28:05,outgoing,CallResult,45,0.000
1782239290.913,2026-06-23T19:28:10,incoming,Heartbeat,57,0.000
1782239290.914,2026-06-23T19:28:10,outgoing,CallResult,81,0.000
1782239295.370,2026-06-23T19:28:15,incoming,MeterValues,878,0.000
1782239295.372,2026-06-23T19:28:15,incoming,MeterValues,0,0.247
1782239295.372,2026-06-23T19:28:15,outgoing,CallResult,45,0.000
1782239301.001,2026-06-23T19:28:21,incoming,Heartbeat,57,0.000
1782239301.002,2026-06-23T19:28:21,outgoing,CallResult,81,0.000
1782239305.410,2026-06-23T19:28:25,incoming,MeterValues,875,0.000
1782239305.412,2026-06-23T19:28:25,incoming,MeterValues,0,0.268
1782239305.413,2026-06-23T19:28:25,outgoing,CallResult,45,0.000
1782239311.123,2026-06-23T19:28:31,incoming,Heartbeat,57,0.000
1782239311.124,2026-06-23T19:28:31,outgoing,CallResult,81,0.000
1782239315.532,2026-06-23T19:28:35,incoming,MeterValues,868,0.000
1782239315.535,2026-06-23T19:28:35,incoming,MeterValues,0,0.274
1782239315.535,2026-06-23T19:28:35,outgoing,CallResult,45,0.000
1782239321.213,2026-06-23T19:28:41,incoming,Heartbeat,57,0.000
1782239321.214,2026-06-23T19:28:41,outgoing,CallResult,81,0.000
1782239325.609,2026-06-23T19:28:45,incoming,MeterValues,871,0.000
1782239325.612,2026-06-23T19:28:45,incoming,MeterValues,0,0.302
1782239325.614,2026-06-23T19:28:45,outgoing,CallResult,45,0.000
1782239331.264,2026-06-23T19:28:51,incoming,Heartbeat,57,0.000
1782239331.265,2026-06-23T19:28:51,outgoing,CallResult,81,0.000
1782239335.734,2026-06-23T19:28:55,incoming,MeterValues,878,0.000
1782239335.736,2026-06-23T19:28:55,incoming,MeterValues,0,0.271
1782239335.737,2026-06-23T19:28:55,outgoing,CallResult,45,0.000
1782239341.361,2026-06-23T19:29:01,incoming,Heartbeat,57,0.000
1782239341.363,2026-06-23T19:29:01,outgoing,CallResult,81,0.000
1782239345.795,2026-06-23T19:29:05,incoming,MeterValues,875,0.000
1782239345.798,2026-06-23T19:29:05,incoming,MeterValues,0,0.270
1782239345.798,2026-06-23T19:29:05,outgoing,CallResult,45,0.000
1782239351.446,2026-06-23T19:29:11,incoming,Heartbeat,57,0.000
1782239351.447,2026-06-23T19:29:11,outgoing,CallResult,81,0.000
1782239355.857,2026-06-23T19:29:15,incoming,MeterValues,868,0.000
1782239355.860,2026-06-23T19:29:15,incoming,MeterValues,0,0.274
1782239355.860,2026-06-23T19:29:15,outgoing,CallResult,45,0.000
1782239361.504,2026-06-23T19:29:21,incoming,Heartbeat,57,0.000
1782239361.505,2026-06-23T19:29:21,outgoing,CallResult,81,0.000
1782239365.975,2026-06-23T19:29:25,incoming,MeterValues,868,0.000
1782239365.978,2026-06-23T19:29:25,incoming,MeterValues,0,0.285
1782239365.978,2026-06-23T19:29:25,outgoing,CallResult,45,0.000
1782239371.562,2026-06-23T19:29:31,incoming,Heartbeat,57,0.000
1782239371.563,2026-06-23T19:29:31,outgoing,CallResult,81,0.000
1782239376.051,2026-06-23T19:29:36,incoming,MeterValues,878,0.000
1782239376.053,2026-06-23T19:29:36,incoming,MeterValues,0,0.245
1782239376.054,2026-06-23T19:29:36,outgoing,CallResult,45,0.000
1782239381.673,2026-06-23T19:29:41,incoming,Heartbeat,57,0.000
1782239381.675,2026-06-23T19:29:41,outgoing,CallResult,81,0.000
1782239386.163,2026-06-23T19:29:46,incoming,MeterValues,878,0.000
1782239386.165,2026-06-23T19:29:46,incoming,MeterValues,0,0.273
1782239386.166,2026-06-23T19:29:46,outgoing,CallResult,45,0.000
1782239391.794,2026-06-23T19:29:51,incoming,Heartbeat,57,0.000
1782239391.795,2026-06-23T19:29:51,outgoing,CallResult,81,0.000
1782239396.261,2026-06-23T19:29:56,incoming,MeterValues,880,0.000
1782239396.264,2026-06-23T19:29:56,incoming,MeterValues,0,0.274
1782239396.264,2026-06-23T19:29:56,outgoing,CallResult,45,0.000
1782239401.897,2026-06-23T19:30:01,incoming,Heartbeat,57,0.000
1782239401.898,2026-06-23T19:30:01,outgoing,CallResult,81,0.000
1782239406.303,2026-06-23T19:30:06,incoming,MeterValues,878,0.000
1782239406.306,2026-06-23T19:30:06,incoming,MeterValues,0,0.292
1782239406.306,2026-06-23T19:30:06,outgoing,CallResult,45,0.000
1782239411.941,2026-06-23T19:30:11,incoming,Heartbeat,57,0.000
1782239411.942,2026-06-23T19:30:11,outgoing,CallResult,81,0.000
1782239416.427,2026-06-23T19:30:16,incoming,MeterValues,868,0.000
1782239416.429,2026-06-23T19:30:16,incoming,MeterValues,0,0.273
1782239416.430,2026-06-23T19:30:16,outgoing,CallResult,45,0.000
1782239422.026,2026-06-23T19:30:22,incoming,Heartbeat,57,0.000
1782239422.027,2026-06-23T19:30:22,outgoing,CallResult,81,0.000
1782239426.489,2026-06-23T19:30:26,incoming,MeterValues,868,0.000
1782239426.491,2026-06-23T19:30:26,incoming,MeterValues,0,0.279
1782239426.492,2026-06-23T19:30:26,outgoing,CallResult,45,0.000
1782239432.094,2026-06-23T19:30:32,incoming,Heartbeat,57,0.000
1782239432.095,2026-06-23T19:30:32,outgoing,CallResult,81,0.000
1782239436.528,2026-06-23T19:30:36,incoming,MeterValues,878,0.000
1782239436.530,2026-06-23T19:30:36,incoming,MeterValues,0,0.284
1782239436.531,2026-06-23T19:30:36,outgoing,CallResult,45,0.000
1782239442.166,2026-06-23T19:30:42,incoming,Heartbeat,57,0.000
1782239442.167,2026-06-23T19:30:42,outgoing,CallResult,81,0.000
1782239446.572,2026-06-23T19:30:46,incoming,MeterValues,878,0.000
1782239446.575,2026-06-23T19:30:46,incoming,MeterValues,0,0.420
1782239446.575,2026-06-23T19:30:46,outgoing,CallResult,45,0.000
1782239452.291,2026-06-23T19:30:52,incoming,Heartbeat,57,0.000
1782239452.292,2026-06-23T19:30:52,outgoing,CallResult,81,0.000
1782239456.686,2026-06-23T19:30:56,incoming,MeterValues,871,0.000
1782239456.689,2026-06-23T19:30:56,incoming,MeterValues,0,0.319
1782239456.690,2026-06-23T19:30:56,outgoing,CallResult,45,0.000
1782239462.331,2026-06-23T19:31:02,incoming,Heartbeat,57,0.000
1782239462.332,2026-06-23T19:31:02,outgoing,CallResult,81,0.000
1782239466.734,2026-06-23T19:31:06,incoming,MeterValues,878,0.000
1782239466.737,2026-06-23T19:31:06,incoming,MeterValues,0,0.276
1782239466.737,2026-06-23T19:31:06,outgoing,CallResult,45,0.000
1782239472.415,2026-06-23T19:31:12,incoming,Heartbeat,57,0.000
1782239472.416,2026-06-23T19:31:12,outgoing,CallResult,81,0.000
1782239476.832,2026-06-23T19:31:16,incoming,MeterValues,875,0.000
1782239476.835,2026-06-23T19:31:16,incoming,MeterValues,0,0.278
1782239476.835,2026-06-23T19:31:16,outgoing,CallResult,45,0.000
1782239482.489,2026-06-23T19:31:22,incoming,Heartbeat,57,0.000
1782239482.490,2026-06-23T19:31:22,outgoing,CallResult,81,0.000
1782239486.876,2026-06-23T19:31:26,incoming,MeterValues,880,0.000
1782239486.878,2026-06-23T19:31:26,incoming,MeterValues,0,0.279
1782239486.879,2026-06-23T19:31:26,outgoing,CallResult,45,0.000
1782239492.506,2026-06-23T19:31:32,incoming,Heartbeat,57,0.000
1782239492.507,2026-06-23T19:31:32,outgoing,CallResult,81,0.000
1782239496.970,2026-06-23T19:31:36,incoming,MeterValues,875,0.000
1782239496.973,2026-06-23T19:31:36,incoming,MeterValues,0,0.279
1782239496.973,2026-06-23T19:31:36,outgoing,CallResult,45,0.000
1782239502.628,2026-06-23T19:31:42,incoming,Heartbeat,57,0.000
1782239502.629,2026-06-23T19:31:42,outgoing,CallResult,81,0.000
1782239507.066,2026-06-23T19:31:47,incoming,MeterValues,868,0.000
1782239507.068,2026-06-23T19:31:47,incoming,MeterValues,0,0.211
1782239507.068,2026-06-23T19:31:47,outgoing,CallResult,45,0.000
1782239512.645,2026-06-23T19:31:52,incoming,Heartbeat,57,0.000
1782239512.646,2026-06-23T19:31:52,outgoing,CallResult,81,0.000
1782239517.116,2026-06-23T19:31:57,incoming,MeterValues,868,0.000
1782239517.119,2026-06-23T19:31:57,incoming,MeterValues,0,0.269
1782239517.119,2026-06-23T19:31:57,outgoing,CallResult,45,0.000
1782239522.741,2026-06-23T19:32:02,incoming,Heartbeat,57,0.000
1782239522.742,2026-06-23T19:32:02,outgoing,CallResult,81,0.000
1782239527.184,2026-06-23T19:32:07,incoming,MeterValues,878,0.000
1782239527.187,2026-06-23T19:32:07,incoming,MeterValues,0,0.271
1782239527.187,2026-06-23T19:32:07,outgoing,CallResult,45,0.000
1782239532.800,2026-06-23T19:32:12,incoming,Heartbeat,57,0.000
1782239532.801,2026-06-23T19:32:12,outgoing,CallResult,81,0.000
1782239537.236,2026-06-23T19:32:17,incoming,MeterValues,878,0.000
1782239537.239,2026-06-23T19:32:17,incoming,MeterValues,0,0.273
1782239537.239,2026-06-23T19:32:17,outgoing,CallResult,45,0.000
1782239542.864,2026-06-23T19:32:22,incoming,Heartbeat,57,0.000
1782239542.865,2026-06-23T19:32:22,outgoing,CallResult,81,0.000
1782239547.311,2026-06-23T19:32:27,incoming,MeterValues,868,0.000
1782239547.314,2026-06-23T19:32:27,incoming,MeterValues,0,0.267
1782239547.314,2026-06-23T19:32:27,outgoing,CallResult,45,0.000
1782239552.910,2026-06-23T19:32:32,incoming,Heartbeat,57,0.000
1782239552.911,2026-06-23T19:32:32,outgoing,CallResult,81,0.000
1782239557.425,2026-06-23T19:32:37,incoming,MeterValues,868,0.000
1782239557.428,2026-06-23T19:32:37,incoming,MeterValues,0,0.271
1782239557.428,2026-06-23T19:32:37,outgoing,CallResult,45,0.000
1782239563.024,2026-06-23T19:32:43,incoming,Heartbeat,57,0.000
1782239563.025,2026-06-23T19:32:43,outgoing,CallResult,81,0.000
1782239567.501,2026-06-23T19:32:47,incoming,MeterValues,878,0.000
1782239567.504,2026-06-23T19:32:47,incoming,MeterValues,0,0.278
1782239567.504,2026-06-23T19:32:47,outgoing,CallResult,45,0.000
1782239573.094,2026-06-23T19:32:53,incoming,Heartbeat,57,0.000
1782239573.095,2026-06-23T19:32:53,outgoing,CallResult,81,0.000
1782239577.536,2026-06-23T19:32:57,incoming,MeterValues,878,0.000
1782239577.538,2026-06-23T19:32:57,incoming,MeterValues,0,0.308
1782239577.539,2026-06-23T19:32:57,outgoing,CallResult,45,0.000
1782239583.141,2026-06-23T19:33:03,incoming,Heartbeat,57,0.000
1782239583.142,2026-06-23T19:33:03,outgoing,CallResult,81,0.000
1782239587.565,2026-06-23T19:33:07,incoming,MeterValues,868,0.000
1782239587.568,2026-06-23T19:33:07,incoming,MeterValues,0,0.268
1782239587.568,2026-06-23T19:33:07,outgoing,CallResult,45,0.000
1782239593.296,2026-06-23T19:33:13,incoming,Heartbeat,57,0.000
1782239593.297,2026-06-23T19:33:13,outgoing,CallResult,81,0.000
1782239597.717,2026-06-23T19:33:17,incoming,MeterValues,880,0.000
1782239597.719,2026-06-23T19:33:17,incoming,MeterValues,0,0.279
1782239597.720,2026-06-23T19:33:17,outgoing,CallResult,45,0.000
1782239603.348,2026-06-23T19:33:23,incoming,Heartbeat,57,0.000
1782239603.349,2026-06-23T19:33:23,outgoing,CallResult,81,0.000
1782239607.808,2026-06-23T19:33:27,incoming,MeterValues,868,0.000
1782239607.810,2026-06-23T19:33:27,incoming,MeterValues,0,0.252
1782239607.810,2026-06-23T19:33:27,outgoing,CallResult,45,0.000
1782239613.442,2026-06-23T19:33:33,incoming,Heartbeat,57,0.000
1782239613.443,2026-06-23T19:33:33,outgoing,CallResult,81,0.000
1782239617.880,2026-06-23T19:33:37,incoming,MeterValues,868,0.000
1782239617.882,2026-06-23T19:33:37,incoming,MeterValues,0,0.306
1782239617.883,2026-06-23T19:33:37,outgoing,CallResult,45,0.000
1782239623.462,2026-06-23T19:33:43,incoming,Heartbeat,57,0.000
1782239623.463,2026-06-23T19:33:43,outgoing,CallResult,81,0.000
1782239627.911,2026-06-23T19:33:47,incoming,MeterValues,871,0.000
1782239627.914,2026-06-23T19:33:47,incoming,MeterValues,0,0.288
1782239627.914,2026-06-23T19:33:47,outgoing,CallResult,45,0.000
1782239633.566,2026-06-23T19:33:53,incoming,Heartbeat,57,0.000
1782239633.567,2026-06-23T19:33:53,outgoing,CallResult,81,0.000
1782239637.941,2026-06-23T19:33:57,incoming,MeterValues,878,0.000
1782239637.943,2026-06-23T19:33:57,incoming,MeterValues,0,0.319
1782239637.944,2026-06-23T19:33:57,outgoing,CallResult,45,0.000
1782239643.582,2026-06-23T19:34:03,incoming,Heartbeat,57,0.000
1782239643.583,2026-06-23T19:34:03,outgoing,CallResult,81,0.000
1782239648.040,2026-06-23T19:34:08,incoming,MeterValues,877,0.000
1782239648.043,2026-06-23T19:34:08,incoming,MeterValues,0,0.278
1782239648.043,2026-06-23T19:34:08,outgoing,CallResult,45,0.000
1782239653.598,2026-06-23T19:34:13,incoming,Heartbeat,57,0.000
1782239653.599,2026-06-23T19:34:13,outgoing,CallResult,81,0.000
1782239658.093,2026-06-23T19:34:18,incoming,MeterValues,867,0.000
1782239658.095,2026-06-23T19:34:18,incoming,MeterValues,0,0.277
1782239658.096,2026-06-23T19:34:18,outgoing,CallResult,45,0.000
1782239663.712,2026-06-23T19:34:23,incoming,Heartbeat,57,0.000
1782239663.713,2026-06-23T19:34:23,outgoing,CallResult,81,0.000
1782239668.129,2026-06-23T19:34:28,incoming,MeterValues,867,0.000
1782239668.132,2026-06-23T19:34:28,incoming,MeterValues,0,0.336
1782239668.132,2026-06-23T19:34:28,outgoing,CallResult,45,0.000
1782239673.723,2026-06-23T19:34:33,incoming,Heartbeat,57,0.000
1782239673.724,2026-06-23T19:34:33,outgoing,CallResult,81,0.000
1782239678.161,2026-06-23T19:34:38,incoming,MeterValues,878,0.000
1782239678.164,2026-06-23T19:34:38,incoming,MeterValues,0,0.275
1782239678.164,2026-06-23T19:34:38,outgoing,CallResult,45,0.000
1782239683.734,2026-06-23T19:34:43,incoming,Heartbeat,57,0.000
1782239683.736,2026-06-23T19:34:43,outgoing,CallResult,81,0.000
1782239688.192,2026-06-23T19:34:48,incoming,MeterValues,878,0.000
1782239688.194,2026-06-23T19:34:48,incoming,MeterValues,0,0.278
1782239688.195,2026-06-23T19:34:48,outgoing,CallResult,45,0.000
1782239693.792,2026-06-23T19:34:53,incoming,Heartbeat,57,0.000
1782239693.793,2026-06-23T19:34:53,outgoing,CallResult,81,0.000
1782239698.226,2026-06-23T19:34:58,incoming,MeterValues,868,0.000
1782239698.229,2026-06-23T19:34:58,incoming,MeterValues,0,0.284
1782239698.229,2026-06-23T19:34:58,outgoing,CallResult,45,0.000
1782239703.939,2026-06-23T19:35:03,incoming,Heartbeat,57,0.000
1782239703.940,2026-06-23T19:35:03,outgoing,CallResult,81,0.000
1782239708.409,2026-06-23T19:35:08,incoming,MeterValues,880,0.000
1782239708.411,2026-06-23T19:35:08,incoming,MeterValues,0,0.243
1782239708.412,2026-06-23T19:35:08,outgoing,CallResult,45,0.000
1782239714.418,2026-06-23T19:35:14,incoming,Heartbeat,57,0.000
1782239714.419,2026-06-23T19:35:14,outgoing,CallResult,81,0.000
1782239718.438,2026-06-23T19:35:18,incoming,MeterValues,868,0.000
1782239718.441,2026-06-23T19:35:18,incoming,MeterValues,0,0.274
1782239718.441,2026-06-23T19:35:18,outgoing,CallResult,45,0.000
1782239724.434,2026-06-23T19:35:24,incoming,Heartbeat,57,0.000
1782239724.435,2026-06-23T19:35:24,outgoing,CallResult,81,0.000
1782239728.473,2026-06-23T19:35:28,incoming,MeterValues,868,0.000
1782239728.476,2026-06-23T19:35:28,incoming,MeterValues,0,0.395
1782239728.477,2026-06-23T19:35:28,outgoing,CallResult,45,0.000
1782239734.449,2026-06-23T19:35:34,incoming,Heartbeat,57,0.000
1782239734.451,2026-06-23T19:35:34,outgoing,CallResult,81,0.000
1782239738.509,2026-06-23T19:35:38,incoming,MeterValues,878,0.000
1782239738.511,2026-06-23T19:35:38,incoming,MeterValues,0,0.274
1782239738.512,2026-06-23T19:35:38,outgoing,CallResult,45,0.000
1782239744.460,2026-06-23T19:35:44,incoming,Heartbeat,57,0.000
1782239744.461,2026-06-23T19:35:44,outgoing,CallResult,81,0.000
1782239748.540,2026-06-23T19:35:48,incoming,MeterValues,878,0.000
1782239748.543,2026-06-23T19:35:48,incoming,MeterValues,0,0.406
1782239748.543,2026-06-23T19:35:48,outgoing,CallResult,45,0.000
1782239754.524,2026-06-23T19:35:54,incoming,Heartbeat,57,0.000
1782239754.525,2026-06-23T19:35:54,outgoing,CallResult,81,0.000
1782239758.576,2026-06-23T19:35:58,incoming,MeterValues,868,0.000
1782239758.579,2026-06-23T19:35:58,incoming,MeterValues,0,0.398
1782239758.579,2026-06-23T19:35:58,outgoing,CallResult,45,0.000
1782239764.542,2026-06-23T19:36:04,incoming,Heartbeat,57,0.000
1782239764.543,2026-06-23T19:36:04,outgoing,CallResult,81,0.000
1782239768.608,2026-06-23T19:36:08,incoming,MeterValues,868,0.000
1782239768.611,2026-06-23T19:36:08,incoming,MeterValues,0,0.441
1782239768.612,2026-06-23T19:36:08,outgoing,CallResult,45,0.000
1782239774.555,2026-06-23T19:36:14,incoming,Heartbeat,57,0.000
1782239774.556,2026-06-23T19:36:14,outgoing,CallResult,81,0.000
1782239778.641,2026-06-23T19:36:18,incoming,MeterValues,871,0.000
1782239778.643,2026-06-23T19:36:18,incoming,MeterValues,0,0.336
1782239778.643,2026-06-23T19:36:18,outgoing,CallResult,45,0.000
1782239784.573,2026-06-23T19:36:24,incoming,Heartbeat,57,0.000
1782239784.574,2026-06-23T19:36:24,outgoing,CallResult,81,0.000
1782239788.679,2026-06-23T19:36:28,incoming,MeterValues,878,0.000
1782239788.682,2026-06-23T19:36:28,incoming,MeterValues,0,0.439
1782239788.682,2026-06-23T19:36:28,outgoing,CallResult,45,0.000
1782239794.594,2026-06-23T19:36:34,incoming,Heartbeat,57,0.000
1782239794.595,2026-06-23T19:36:34,outgoing,CallResult,81,0.000
1782239798.713,2026-06-23T19:36:38,incoming,MeterValues,882,0.000
1782239798.716,2026-06-23T19:36:38,incoming,MeterValues,0,0.316
1782239798.716,2026-06-23T19:36:38,outgoing,CallResult,45,0.000
1782239804.607,2026-06-23T19:36:44,incoming,Heartbeat,57,0.000
1782239804.608,2026-06-23T19:36:44,outgoing,CallResult,81,0.000
1782239808.748,2026-06-23T19:36:48,incoming,MeterValues,877,0.000
1782239808.751,2026-06-23T19:36:48,incoming,MeterValues,0,0.325
1782239808.751,2026-06-23T19:36:48,outgoing,CallResult,45,0.000
1782239814.619,2026-06-23T19:36:54,incoming,Heartbeat,57,0.000
1782239814.620,2026-06-23T19:36:54,outgoing,CallResult,81,0.000
1782239818.784,2026-06-23T19:36:58,incoming,MeterValues,878,0.000
1782239818.786,2026-06-23T19:36:58,incoming,MeterValues,0,0.316
1782239818.787,2026-06-23T19:36:58,outgoing,CallResult,45,0.000
1782239824.712,2026-06-23T19:37:04,incoming,Heartbeat,57,0.000
1782239824.714,2026-06-23T19:37:04,outgoing,CallResult,81,0.000
1782239828.820,2026-06-23T19:37:08,incoming,MeterValues,878,0.000
1782239828.823,2026-06-23T19:37:08,incoming,MeterValues,0,0.331
1782239828.823,2026-06-23T19:37:08,outgoing,CallResult,45,0.000
1782239834.758,2026-06-23T19:37:14,incoming,Heartbeat,57,0.000
1782239834.759,2026-06-23T19:37:14,outgoing,CallResult,81,0.000
1782239838.852,2026-06-23T19:37:18,incoming,MeterValues,878,0.000
1782239838.855,2026-06-23T19:37:18,incoming,MeterValues,0,0.415
1782239838.855,2026-06-23T19:37:18,outgoing,CallResult,45,0.000
1782239844.770,2026-06-23T19:37:24,incoming,Heartbeat,57,0.000
1782239844.771,2026-06-23T19:37:24,outgoing,CallResult,81,0.000
1782239848.914,2026-06-23T19:37:28,incoming,MeterValues,868,0.000
1782239848.917,2026-06-23T19:37:28,incoming,MeterValues,0,0.273
1782239848.917,2026-06-23T19:37:28,outgoing,CallResult,45,0.000
1782239854.817,2026-06-23T19:37:34,incoming,Heartbeat,57,0.000
1782239854.818,2026-06-23T19:37:34,outgoing,CallResult,81,0.000
1782239858.950,2026-06-23T19:37:38,incoming,MeterValues,868,0.000
1782239858.952,2026-06-23T19:37:38,incoming,MeterValues,0,0.431
1782239858.953,2026-06-23T19:37:38,outgoing,CallResult,45,0.000
1782239864.830,2026-06-23T19:37:44,incoming,Heartbeat,57,0.000
1782239864.831,2026-06-23T19:37:44,outgoing,CallResult,81,0.000
1782239868.985,2026-06-23T19:37:48,incoming,MeterValues,878,0.000
1782239868.987,2026-06-23T19:37:48,incoming,MeterValues,0,0.226
1782239868.988,2026-06-23T19:37:48,outgoing,CallResult,45,0.000
1782239874.842,2026-06-23T19:37:54,incoming,Heartbeat,57,0.000
1782239874.843,2026-06-23T19:37:54,outgoing,CallResult,81,0.000
1782239879.203,2026-06-23T19:37:59,incoming,MeterValues,878,0.000
1782239879.206,2026-06-23T19:37:59,incoming,MeterValues,0,0.426
1782239879.207,2026-06-23T19:37:59,outgoing,CallResult,45,0.000
1782239884.881,2026-06-23T19:38:04,incoming,Heartbeat,57,0.000
1782239884.882,2026-06-23T19:38:04,outgoing,CallResult,81,0.000
1782239889.318,2026-06-23T19:38:09,incoming,MeterValues,868,0.000
1782239889.321,2026-06-23T19:38:09,incoming,MeterValues,0,0.415
1782239889.322,2026-06-23T19:38:09,outgoing,CallResult,45,0.000
1782239894.918,2026-06-23T19:38:14,incoming,Heartbeat,57,0.000
1782239894.919,2026-06-23T19:38:14,outgoing,CallResult,81,0.000
1782239899.353,2026-06-23T19:38:19,incoming,MeterValues,868,0.000
1782239899.356,2026-06-23T19:38:19,incoming,MeterValues,0,0.260
1782239899.356,2026-06-23T19:38:19,outgoing,CallResult,45,0.000
1782239904.930,2026-06-23T19:38:24,incoming,Heartbeat,57,0.000
1782239904.931,2026-06-23T19:38:24,outgoing,CallResult,81,0.000
1782239909.388,2026-06-23T19:38:29,incoming,MeterValues,871,0.000
1782239909.391,2026-06-23T19:38:29,incoming,MeterValues,0,0.334
1782239909.391,2026-06-23T19:38:29,outgoing,CallResult,45,0.000
1782239914.941,2026-06-23T19:38:34,incoming,Heartbeat,57,0.000
1782239914.942,2026-06-23T19:38:34,outgoing,CallResult,81,0.000
1782239919.424,2026-06-23T19:38:39,incoming,MeterValues,878,0.000
1782239919.426,2026-06-23T19:38:39,incoming,MeterValues,0,0.319
1782239919.427,2026-06-23T19:38:39,outgoing,CallResult,45,0.000
1782239925.006,2026-06-23T19:38:45,incoming,Heartbeat,57,0.000
1782239925.007,2026-06-23T19:38:45,outgoing,CallResult,81,0.000
1782239929.457,2026-06-23T19:38:49,incoming,MeterValues,872,0.000
1782239929.460,2026-06-23T19:38:49,incoming,MeterValues,0,0.269
1782239929.460,2026-06-23T19:38:49,outgoing,CallResult,45,0.000
1782239935.051,2026-06-23T19:38:55,incoming,Heartbeat,57,0.000
1782239935.052,2026-06-23T19:38:55,outgoing,CallResult,81,0.000
1782239939.493,2026-06-23T19:38:59,incoming,MeterValues,868,0.000
1782239939.495,2026-06-23T19:38:59,incoming,MeterValues,0,0.283
1782239939.496,2026-06-23T19:38:59,outgoing,CallResult,45,0.000
1782239945.065,2026-06-23T19:39:05,incoming,Heartbeat,57,0.000
1782239945.067,2026-06-23T19:39:05,outgoing,CallResult,81,0.000
1782239949.529,2026-06-23T19:39:09,incoming,MeterValues,868,0.000
1782239949.531,2026-06-23T19:39:09,incoming,MeterValues,0,0.266
1782239949.532,2026-06-23T19:39:09,outgoing,CallResult,45,0.000
1782239955.486,2026-06-23T19:39:15,incoming,Heartbeat,57,0.000
1782239955.487,2026-06-23T19:39:15,outgoing,CallResult,81,0.000
1782239959.565,2026-06-23T19:39:19,incoming,MeterValues,868,0.000
1782239959.567,2026-06-23T19:39:19,incoming,MeterValues,0,0.268
1782239959.568,2026-06-23T19:39:19,outgoing,CallResult,45,0.000
1782239965.505,2026-06-23T19:39:25,incoming,Heartbeat,57,0.000
1782239965.506,2026-06-23T19:39:25,outgoing,CallResult,81,0.000
1782239969.602,2026-06-23T19:39:29,incoming,MeterValues,868,0.000
1782239969.604,2026-06-23T19:39:29,incoming,MeterValues,0,0.248
1782239969.604,2026-06-23T19:39:29,outgoing,CallResult,45,0.000
1782239975.516,2026-06-23T19:39:35,incoming,Heartbeat,57,0.000
1782239975.517,2026-06-23T19:39:35,outgoing,CallResult,81,0.000
1782239979.633,2026-06-23T19:39:39,incoming,MeterValues,878,0.000
1782239979.636,2026-06-23T19:39:39,incoming,MeterValues,0,0.274
1782239979.636,2026-06-23T19:39:39,outgoing,CallResult,45,0.000
1782239985.585,2026-06-23T19:39:45,incoming,Heartbeat,57,0.000
1782239985.586,2026-06-23T19:39:45,outgoing,CallResult,81,0.000
1782239989.666,2026-06-23T19:39:49,incoming,MeterValues,878,0.000
1782239989.668,2026-06-23T19:39:49,incoming,MeterValues,0,0.364
1782239989.669,2026-06-23T19:39:49,outgoing,CallResult,45,0.000
1782239995.607,2026-06-23T19:39:55,incoming,Heartbeat,57,0.000
1782239995.608,2026-06-23T19:39:55,outgoing,CallResult,81,0.000
1782239999.701,2026-06-23T19:39:59,incoming,MeterValues,868,0.000
1782239999.704,2026-06-23T19:39:59,incoming,MeterValues,0,0.275
1782239999.705,2026-06-23T19:39:59,outgoing,CallResult,45,0.000
1782240005.669,2026-06-23T19:40:05,incoming,Heartbeat,57,0.000
1782240005.670,2026-06-23T19:40:05,outgoing,CallResult,81,0.000
1782240009.736,2026-06-23T19:40:09,incoming,MeterValues,868,0.000
1782240009.739,2026-06-23T19:40:09,incoming,MeterValues,0,0.273
1782240009.739,2026-06-23T19:40:09,outgoing,CallResult,45,0.000
1782240015.748,2026-06-23T19:40:15,incoming,Heartbeat,57,0.000
1782240015.749,2026-06-23T19:40:15,outgoing,CallResult,81,0.000
1782240019.770,2026-06-23T19:40:19,incoming,MeterValues,878,0.000
1782240019.772,2026-06-23T19:40:19,incoming,MeterValues,0,0.270
1782240019.773,2026-06-23T19:40:19,outgoing,CallResult,45,0.000
1782240025.763,2026-06-23T19:40:25,incoming,Heartbeat,57,0.000
1782240025.764,2026-06-23T19:40:25,outgoing,CallResult,81,0.000
1782240029.822,2026-06-23T19:40:29,incoming,MeterValues,882,0.000
1782240029.825,2026-06-23T19:40:29,incoming,MeterValues,0,0.390
1782240029.825,2026-06-23T19:40:29,outgoing,CallResult,45,0.000
1782240035.789,2026-06-23T19:40:35,incoming,Heartbeat,57,0.000
1782240035.790,2026-06-23T19:40:35,outgoing,CallResult,81,0.000
1782240039.877,2026-06-23T19:40:39,incoming,MeterValues,878,0.000
1782240039.879,2026-06-23T19:40:39,incoming,MeterValues,0,0.270
1782240039.880,2026-06-23T19:40:39,outgoing,CallResult,45,0.000
1782240045.842,2026-06-23T19:40:45,incoming,Heartbeat,57,0.000
1782240045.843,2026-06-23T19:40:45,outgoing,CallResult,81,0.000
1782240049.908,2026-06-23T19:40:49,incoming,MeterValues,878,0.000
1782240049.911,2026-06-23T19:40:49,incoming,MeterValues,0,0.332
1782240049.911,2026-06-23T19:40:49,outgoing,CallResult,45,0.000
1782240055.854,2026-06-23T19:40:55,incoming,Heartbeat,57,0.000
1782240055.855,2026-06-23T19:40:55,outgoing,CallResult,81,0.000
1782240059.939,2026-06-23T19:40:59,incoming,MeterValues,881,0.000
1782240059.941,2026-06-23T19:40:59,incoming,MeterValues,0,0.276
1782240059.942,2026-06-23T19:40:59,outgoing,CallResult,45,0.000
1782240065.914,2026-06-23T19:41:05,incoming,Heartbeat,57,0.000
1782240065.915,2026-06-23T19:41:05,outgoing,CallResult,81,0.000
1782240069.974,2026-06-23T19:41:09,incoming,MeterValues,878,0.000
1782240069.976,2026-06-23T19:41:09,incoming,MeterValues,0,0.400
1782240069.977,2026-06-23T19:41:09,outgoing,CallResult,45,0.000
1782240075.926,2026-06-23T19:41:15,incoming,Heartbeat,57,0.000
1782240075.927,2026-06-23T19:41:15,outgoing,CallResult,81,0.000
1782240080.010,2026-06-23T19:41:20,incoming,MeterValues,876,0.000
1782240080.013,2026-06-23T19:41:20,incoming,MeterValues,0,0.335
1782240080.013,2026-06-23T19:41:20,outgoing,CallResult,45,0.000
1782240085.950,2026-06-23T19:41:25,incoming,Heartbeat,57,0.000
1782240085.951,2026-06-23T19:41:25,outgoing,CallResult,81,0.000
1782240090.045,2026-06-23T19:41:30,incoming,MeterValues,866,0.000
1782240090.048,2026-06-23T19:41:30,incoming,MeterValues,0,0.395
1782240090.048,2026-06-23T19:41:30,outgoing,CallResult,45,0.000
1782240096.004,2026-06-23T19:41:36,incoming,Heartbeat,57,0.000
1782240096.006,2026-06-23T19:41:36,outgoing,CallResult,81,0.000
1782240100.433,2026-06-23T19:41:40,incoming,MeterValues,869,0.000
1782240100.435,2026-06-23T19:41:40,incoming,MeterValues,0,0.340
1782240100.436,2026-06-23T19:41:40,outgoing,CallResult,45,0.000
1782240106.022,2026-06-23T19:41:46,incoming,Heartbeat,57,0.000
1782240106.023,2026-06-23T19:41:46,outgoing,CallResult,81,0.000
1782240110.469,2026-06-23T19:41:50,incoming,MeterValues,878,0.000
1782240110.472,2026-06-23T19:41:50,incoming,MeterValues,0,0.277
1782240110.472,2026-06-23T19:41:50,outgoing,CallResult,45,0.000
1782240116.033,2026-06-23T19:41:56,incoming,Heartbeat,57,0.000
1782240116.034,2026-06-23T19:41:56,outgoing,CallResult,81,0.000
1782240120.507,2026-06-23T19:42:00,incoming,MeterValues,878,0.000
1782240120.509,2026-06-23T19:42:00,incoming,MeterValues,0,0.277
1782240120.510,2026-06-23T19:42:00,outgoing,CallResult,45,0.000
1782240126.118,2026-06-23T19:42:06,incoming,Heartbeat,57,0.000
1782240126.119,2026-06-23T19:42:06,outgoing,CallResult,81,0.000
1782240130.541,2026-06-23T19:42:10,incoming,MeterValues,868,0.000
1782240130.544,2026-06-23T19:42:10,incoming,MeterValues,0,0.416
1782240130.545,2026-06-23T19:42:10,outgoing,CallResult,45,0.000
1782240136.129,2026-06-23T19:42:16,incoming,Heartbeat,57,0.000
1782240136.130,2026-06-23T19:42:16,outgoing,CallResult,81,0.000
1782240140.597,2026-06-23T19:42:20,incoming,MeterValues,868,0.000
1782240140.600,2026-06-23T19:42:20,incoming,MeterValues,0,0.286
1782240140.600,2026-06-23T19:42:20,outgoing,CallResult,45,0.000
1782240146.160,2026-06-23T19:42:26,incoming,Heartbeat,57,0.000
1782240146.161,2026-06-23T19:42:26,outgoing,CallResult,81,0.000
1782240150.633,2026-06-23T19:42:30,incoming,MeterValues,878,0.000
1782240150.636,2026-06-23T19:42:30,incoming,MeterValues,0,0.404
1782240150.636,2026-06-23T19:42:30,outgoing,CallResult,45,0.000
1782240156.332,2026-06-23T19:42:36,incoming,Heartbeat,57,0.000
1782240156.333,2026-06-23T19:42:36,outgoing,CallResult,81,0.000
1782240160.665,2026-06-23T19:42:40,incoming,MeterValues,878,0.000
1782240160.667,2026-06-23T19:42:40,incoming,MeterValues,0,0.228
1782240160.667,2026-06-23T19:42:40,outgoing,CallResult,45,0.000
1782240166.357,2026-06-23T19:42:46,incoming,Heartbeat,57,0.000
1782240166.358,2026-06-23T19:42:46,outgoing,CallResult,81,0.000
1782240170.705,2026-06-23T19:42:50,incoming,MeterValues,880,0.000
1782240170.707,2026-06-23T19:42:50,incoming,MeterValues,0,0.316
1782240170.708,2026-06-23T19:42:50,outgoing,CallResult,45,0.000
1782240176.374,2026-06-23T19:42:56,incoming,Heartbeat,57,0.000
1782240176.375,2026-06-23T19:42:56,outgoing,CallResult,81,0.000
1782240180.739,2026-06-23T19:43:00,incoming,MeterValues,878,0.000
1782240180.742,2026-06-23T19:43:00,incoming,MeterValues,0,0.267
1782240180.742,2026-06-23T19:43:00,outgoing,CallResult,45,0.000
1782240186.754,2026-06-23T19:43:06,incoming,Heartbeat,57,0.000
1782240186.755,2026-06-23T19:43:06,outgoing,CallResult,81,0.000
1782240190.774,2026-06-23T19:43:10,incoming,MeterValues,868,0.000
1782240190.777,2026-06-23T19:43:10,incoming,MeterValues,0,0.395
1782240190.777,2026-06-23T19:43:10,outgoing,CallResult,45,0.000
1782240196.820,2026-06-23T19:43:16,incoming,Heartbeat,57,0.000
1782240196.821,2026-06-23T19:43:16,outgoing,CallResult,81,0.000
1782240200.832,2026-06-23T19:43:20,incoming,MeterValues,868,0.000
1782240200.835,2026-06-23T19:43:20,incoming,MeterValues,0,0.271
1782240200.835,2026-06-23T19:43:20,outgoing,CallResult,45,0.000
1782240206.834,2026-06-23T19:43:26,incoming,Heartbeat,57,0.000
1782240206.835,2026-06-23T19:43:26,outgoing,CallResult,81,0.000
1782240210.866,2026-06-23T19:43:30,incoming,MeterValues,871,0.000
1782240210.868,2026-06-23T19:43:30,incoming,MeterValues,0,0.235
1782240210.869,2026-06-23T19:43:30,outgoing,CallResult,45,0.000
1782240216.852,2026-06-23T19:43:36,incoming,Heartbeat,57,0.000
1782240216.853,2026-06-23T19:43:36,outgoing,CallResult,81,0.000
1782240220.896,2026-06-23T19:43:40,incoming,MeterValues,878,0.000
1782240220.898,2026-06-23T19:43:40,incoming,MeterValues,0,0.274
1782240220.899,2026-06-23T19:43:40,outgoing,CallResult,45,0.000
1782240226.864,2026-06-23T19:43:46,incoming,Heartbeat,57,0.000
1782240226.865,2026-06-23T19:43:46,outgoing,CallResult,81,0.000
1782240230.944,2026-06-23T19:43:50,incoming,MeterValues,878,0.000
1782240230.947,2026-06-23T19:43:50,incoming,MeterValues,0,0.273
1782240230.947,2026-06-23T19:43:50,outgoing,CallResult,45,0.000
1782240236.926,2026-06-23T19:43:56,incoming,Heartbeat,57,0.000
1782240236.927,2026-06-23T19:43:56,outgoing,CallResult,81,0.000
1782240240.979,2026-06-23T19:44:00,incoming,MeterValues,868,0.000
1782240240.982,2026-06-23T19:44:00,incoming,MeterValues,0,0.417
1782240240.982,2026-06-23T19:44:00,outgoing,CallResult,45,0.000
1782240246.939,2026-06-23T19:44:06,incoming,Heartbeat,57,0.000
1782240246.940,2026-06-23T19:44:06,outgoing,CallResult,81,0.000
1782240251.014,2026-06-23T19:44:11,incoming,MeterValues,868,0.000
1782240251.017,2026-06-23T19:44:11,incoming,MeterValues,0,0.274
1782240251.017,2026-06-23T19:44:11,outgoing,CallResult,45,0.000
1782240256.975,2026-06-23T19:44:16,incoming,Heartbeat,57,0.000
1782240256.976,2026-06-23T19:44:16,outgoing,CallResult,81,0.000
1782240261.046,2026-06-23T19:44:21,incoming,MeterValues,878,0.000
1782240261.049,2026-06-23T19:44:21,incoming,MeterValues,0,0.275
1782240261.049,2026-06-23T19:44:21,outgoing,CallResult,45,0.000
1782240267.004,2026-06-23T19:44:27,incoming,Heartbeat,57,0.000
1782240267.005,2026-06-23T19:44:27,outgoing,CallResult,81,0.000
1782240271.078,2026-06-23T19:44:31,incoming,MeterValues,878,0.000
1782240271.081,2026-06-23T19:44:31,incoming,MeterValues,0,0.280
1782240271.081,2026-06-23T19:44:31,outgoing,CallResult,45,0.000
1782240277.018,2026-06-23T19:44:37,incoming,Heartbeat,57,0.000
1782240277.019,2026-06-23T19:44:37,outgoing,CallResult,81,0.000
1782240281.111,2026-06-23T19:44:41,incoming,MeterValues,880,0.000
1782240281.114,2026-06-23T19:44:41,incoming,MeterValues,0,0.272
1782240281.115,2026-06-23T19:44:41,outgoing,CallResult,45,0.000
1782240287.029,2026-06-23T19:44:47,incoming,Heartbeat,57,0.000
1782240287.030,2026-06-23T19:44:47,outgoing,CallResult,81,0.000
1782240291.146,2026-06-23T19:44:51,incoming,MeterValues,878,0.000
1782240291.148,2026-06-23T19:44:51,incoming,MeterValues,0,0.269
1782240291.149,2026-06-23T19:44:51,outgoing,CallResult,45,0.000
1782240297.112,2026-06-23T19:44:57,incoming,Heartbeat,57,0.000
1782240297.113,2026-06-23T19:44:57,outgoing,CallResult,81,0.000
1782240301.178,2026-06-23T19:45:01,incoming,MeterValues,875,0.000
1782240301.180,2026-06-23T19:45:01,incoming,MeterValues,0,0.272
1782240301.181,2026-06-23T19:45:01,outgoing,CallResult,45,0.000
1782240307.124,2026-06-23T19:45:07,incoming,Heartbeat,57,0.000
1782240307.125,2026-06-23T19:45:07,outgoing,CallResult,81,0.000
1782240311.212,2026-06-23T19:45:11,incoming,MeterValues,868,0.000
1782240311.215,2026-06-23T19:45:11,incoming,MeterValues,0,0.286
1782240311.215,2026-06-23T19:45:11,outgoing,CallResult,45,0.000
1782240317.166,2026-06-23T19:45:17,incoming,Heartbeat,57,0.000
1782240317.167,2026-06-23T19:45:17,outgoing,CallResult,81,0.000
1782240321.251,2026-06-23T19:45:21,incoming,MeterValues,871,0.000
1782240321.254,2026-06-23T19:45:21,incoming,MeterValues,0,0.299
1782240321.254,2026-06-23T19:45:21,outgoing,CallResult,45,0.000
1782240327.177,2026-06-23T19:45:27,incoming,Heartbeat,57,0.000
1782240327.178,2026-06-23T19:45:27,outgoing,CallResult,81,0.000
1782240331.288,2026-06-23T19:45:31,incoming,MeterValues,878,0.000
1782240331.291,2026-06-23T19:45:31,incoming,MeterValues,0,0.285
1782240331.291,2026-06-23T19:45:31,outgoing,CallResult,45,0.000
1782240337.189,2026-06-23T19:45:37,incoming,Heartbeat,57,0.000
1782240337.190,2026-06-23T19:45:37,outgoing,CallResult,81,0.000
1782240341.319,2026-06-23T19:45:41,incoming,MeterValues,878,0.000
1782240341.322,2026-06-23T19:45:41,incoming,MeterValues,0,0.274
1782240341.322,2026-06-23T19:45:41,outgoing,CallResult,45,0.000
1782240347.201,2026-06-23T19:45:47,incoming,Heartbeat,57,0.000
1782240347.201,2026-06-23T19:45:47,outgoing,CallResult,81,0.000
1782240351.610,2026-06-23T19:45:51,incoming,MeterValues,868,0.000
1782240351.613,2026-06-23T19:45:51,incoming,MeterValues,0,0.271
1782240351.613,2026-06-23T19:45:51,outgoing,CallResult,45,0.000
1782240357.212,2026-06-23T19:45:57,incoming,Heartbeat,57,0.000
1782240357.213,2026-06-23T19:45:57,outgoing,CallResult,81,0.000
1782240361.676,2026-06-23T19:46:01,incoming,MeterValues,868,0.000
1782240361.679,2026-06-23T19:46:01,incoming,MeterValues,0,0.273
1782240361.679,2026-06-23T19:46:01,outgoing,CallResult,45,0.000
1782240367.252,2026-06-23T19:46:07,incoming,Heartbeat,57,0.000
1782240367.253,2026-06-23T19:46:07,outgoing,CallResult,81,0.000
1782240371.731,2026-06-23T19:46:11,incoming,MeterValues,868,0.000
1782240371.733,2026-06-23T19:46:11,incoming,MeterValues,0,0.276
1782240371.734,2026-06-23T19:46:11,outgoing,CallResult,45,0.000
1782240377.329,2026-06-23T19:46:17,incoming,Heartbeat,57,0.000
1782240377.330,2026-06-23T19:46:17,outgoing,CallResult,81,0.000
1782240381.762,2026-06-23T19:46:21,incoming,MeterValues,868,0.000
1782240381.764,2026-06-23T19:46:21,incoming,MeterValues,0,0.214
1782240381.765,2026-06-23T19:46:21,outgoing,CallResult,45,0.000
1782240387.349,2026-06-23T19:46:27,incoming,Heartbeat,57,0.000
1782240387.350,2026-06-23T19:46:27,outgoing,CallResult,81,0.000
1782240391.810,2026-06-23T19:46:31,incoming,MeterValues,878,0.000
1782240391.812,2026-06-23T19:46:31,incoming,MeterValues,0,0.270
1782240391.813,2026-06-23T19:46:31,outgoing,CallResult,45,0.000
1782240397.399,2026-06-23T19:46:37,incoming,Heartbeat,57,0.000
1782240397.400,2026-06-23T19:46:37,outgoing,CallResult,81,0.000
1782240401.845,2026-06-23T19:46:41,incoming,MeterValues,878,0.000
1782240401.848,2026-06-23T19:46:41,incoming,MeterValues,0,0.273
1782240401.848,2026-06-23T19:46:41,outgoing,CallResult,45,0.000
1782240407.414,2026-06-23T19:46:47,incoming,Heartbeat,57,0.000
1782240407.415,2026-06-23T19:46:47,outgoing,CallResult,81,0.000
1782240411.880,2026-06-23T19:46:51,incoming,MeterValues,868,0.000
1782240411.883,2026-06-23T19:46:51,incoming,MeterValues,0,0.276
1782240411.883,2026-06-23T19:46:51,outgoing,CallResult,45,0.000
1782240417.428,2026-06-23T19:46:57,incoming,Heartbeat,57,0.000
1782240417.429,2026-06-23T19:46:57,outgoing,CallResult,81,0.000
1782240421.914,2026-06-23T19:47:01,incoming,MeterValues,868,0.000
1782240421.917,2026-06-23T19:47:01,incoming,MeterValues,0,0.268
1782240421.917,2026-06-23T19:47:01,outgoing,CallResult,45,0.000
1782240427.795,2026-06-23T19:47:07,incoming,Heartbeat,57,0.000
1782240427.796,2026-06-23T19:47:07,outgoing,CallResult,81,0.000
1782240432.036,2026-06-23T19:47:12,incoming,MeterValues,878,0.000
1782240432.038,2026-06-23T19:47:12,incoming,MeterValues,0,0.256
1782240432.038,2026-06-23T19:47:12,outgoing,CallResult,45,0.000
1782240438.097,2026-06-23T19:47:18,incoming,Heartbeat,57,0.000
1782240438.098,2026-06-23T19:47:18,outgoing,CallResult,81,0.000
1782240442.152,2026-06-23T19:47:22,incoming,MeterValues,878,0.000
1782240442.155,2026-06-23T19:47:22,incoming,MeterValues,0,0.275
1782240442.155,2026-06-23T19:47:22,outgoing,CallResult,45,0.000
1782240448.167,2026-06-23T19:47:28,incoming,Heartbeat,57,0.000
1782240448.168,2026-06-23T19:47:28,outgoing,CallResult,81,0.000
1782240452.211,2026-06-23T19:47:32,incoming,MeterValues,868,0.000
1782240452.213,2026-06-23T19:47:32,incoming,MeterValues,0,0.269
1782240452.214,2026-06-23T19:47:32,outgoing,CallResult,45,0.000
1782240458.226,2026-06-23T19:47:38,incoming,Heartbeat,57,0.000
1782240458.227,2026-06-23T19:47:38,outgoing,CallResult,81,0.000
1782240462.326,2026-06-23T19:47:42,incoming,MeterValues,868,0.000
1782240462.328,2026-06-23T19:47:42,incoming,MeterValues,0,0.271
1782240462.329,2026-06-23T19:47:42,outgoing,CallResult,45,0.000
1782240468.242,2026-06-23T19:47:48,incoming,Heartbeat,57,0.000
1782240468.243,2026-06-23T19:47:48,outgoing,CallResult,81,0.000
1782240472.358,2026-06-23T19:47:52,incoming,MeterValues,871,0.000
1782240472.361,2026-06-23T19:47:52,incoming,MeterValues,0,0.268
1782240472.361,2026-06-23T19:47:52,outgoing,CallResult,45,0.000
1782240478.336,2026-06-23T19:47:58,incoming,Heartbeat,57,0.000
1782240478.337,2026-06-23T19:47:58,outgoing,CallResult,81,0.000
1782240482.390,2026-06-23T19:48:02,incoming,MeterValues,878,0.000
1782240482.392,2026-06-23T19:48:02,incoming,MeterValues,0,0.254
1782240482.393,2026-06-23T19:48:02,outgoing,CallResult,45,0.000
1782240488.347,2026-06-23T19:48:08,incoming,Heartbeat,57,0.000
1782240488.348,2026-06-23T19:48:08,outgoing,CallResult,81,0.000
1782240492.426,2026-06-23T19:48:12,incoming,MeterValues,868,0.000
1782240492.428,2026-06-23T19:48:12,incoming,MeterValues,0,0.274
1782240492.429,2026-06-23T19:48:12,outgoing,CallResult,45,0.000
1782240498.358,2026-06-23T19:48:18,incoming,Heartbeat,57,0.000
1782240498.359,2026-06-23T19:48:18,outgoing,CallResult,81,0.000
1782240502.458,2026-06-23T19:48:22,incoming,MeterValues,877,0.000
1782240502.460,2026-06-23T19:48:22,incoming,MeterValues,0,0.286
1782240502.461,2026-06-23T19:48:22,outgoing,CallResult,45,0.000
1782240508.376,2026-06-23T19:48:28,incoming,Heartbeat,57,0.000
1782240508.377,2026-06-23T19:48:28,outgoing,CallResult,81,0.000
1782240512.491,2026-06-23T19:48:32,incoming,MeterValues,878,0.000
1782240512.493,2026-06-23T19:48:32,incoming,MeterValues,0,0.289
1782240512.494,2026-06-23T19:48:32,outgoing,CallResult,45,0.000
1782240518.393,2026-06-23T19:48:38,incoming,Heartbeat,57,0.000
1782240518.394,2026-06-23T19:48:38,outgoing,CallResult,81,0.000
1782240522.797,2026-06-23T19:48:42,incoming,MeterValues,868,0.000
1782240522.799,2026-06-23T19:48:42,incoming,MeterValues,0,0.274
1782240522.800,2026-06-23T19:48:42,outgoing,CallResult,45,0.000
1782240528.404,2026-06-23T19:48:48,incoming,Heartbeat,57,0.000
1782240528.405,2026-06-23T19:48:48,outgoing,CallResult,81,0.000
1782240532.861,2026-06-23T19:48:52,incoming,MeterValues,868,0.000
1782240532.864,2026-06-23T19:48:52,incoming,MeterValues,0,0.261
1782240532.864,2026-06-23T19:48:52,outgoing,CallResult,45,0.000
1782240538.840,2026-06-23T19:48:58,incoming,Heartbeat,57,0.000
1782240538.841,2026-06-23T19:48:58,outgoing,CallResult,81,0.000
1782240542.892,2026-06-23T19:49:02,incoming,MeterValues,878,0.000
1782240542.894,2026-06-23T19:49:02,incoming,MeterValues,0,0.285
1782240542.895,2026-06-23T19:49:02,outgoing,CallResult,45,0.000
1782240548.895,2026-06-23T19:49:08,incoming,Heartbeat,57,0.000
1782240548.896,2026-06-23T19:49:08,outgoing,CallResult,81,0.000
1782240552.952,2026-06-23T19:49:12,incoming,MeterValues,878,0.000
1782240552.955,2026-06-23T19:49:12,incoming,MeterValues,0,0.281
1782240552.955,2026-06-23T19:49:12,outgoing,CallResult,45,0.000
1782240558.906,2026-06-23T19:49:18,incoming,Heartbeat,57,0.000
1782240558.907,2026-06-23T19:49:18,outgoing,CallResult,81,0.000
1782240562.988,2026-06-23T19:49:22,incoming,MeterValues,868,0.000
1782240562.990,2026-06-23T19:49:22,incoming,MeterValues,0,0.308
1782240562.991,2026-06-23T19:49:22,outgoing,CallResult,45,0.000
1782240568.967,2026-06-23T19:49:28,incoming,Heartbeat,57,0.000
1782240568.969,2026-06-23T19:49:28,outgoing,CallResult,81,0.000
1782240573.023,2026-06-23T19:49:33,incoming,MeterValues,868,0.000
1782240573.026,2026-06-23T19:49:33,incoming,MeterValues,0,0.314
1782240573.026,2026-06-23T19:49:33,outgoing,CallResult,45,0.000
1782240578.978,2026-06-23T19:49:38,incoming,Heartbeat,57,0.000
1782240578.979,2026-06-23T19:49:38,outgoing,CallResult,81,0.000
1782240583.058,2026-06-23T19:49:43,incoming,MeterValues,868,0.000
1782240583.061,2026-06-23T19:49:43,incoming,MeterValues,0,0.273
1782240583.061,2026-06-23T19:49:43,outgoing,CallResult,45,0.000
1782240588.991,2026-06-23T19:49:48,incoming,Heartbeat,57,0.000
1782240588.992,2026-06-23T19:49:48,outgoing,CallResult,81,0.000
1782240593.088,2026-06-23T19:49:53,incoming,MeterValues,868,0.000
1782240593.090,2026-06-23T19:49:53,incoming,MeterValues,0,0.272
1782240593.091,2026-06-23T19:49:53,outgoing,CallResult,45,0.000
1782240599.004,2026-06-23T19:49:59,incoming,Heartbeat,57,0.000
1782240599.005,2026-06-23T19:49:59,outgoing,CallResult,81,0.000
1782240603.153,2026-06-23T19:50:03,incoming,MeterValues,871,0.000
1782240603.156,2026-06-23T19:50:03,incoming,MeterValues,0,0.271
1782240603.156,2026-06-23T19:50:03,outgoing,CallResult,45,0.000
1782240609.177,2026-06-23T19:50:09,incoming,Heartbeat,57,0.000
1782240609.222,2026-06-23T19:50:09,outgoing,CallResult,81,0.000
1782240613.226,2026-06-23T19:50:13,incoming,MeterValues,878,0.000
1782240613.229,2026-06-23T19:50:13,incoming,MeterValues,0,0.273
1782240613.229,2026-06-23T19:50:13,outgoing,CallResult,45,0.000
1782240619.238,2026-06-23T19:50:19,incoming,Heartbeat,57,0.000
1782240619.239,2026-06-23T19:50:19,outgoing,CallResult,81,0.000
1782240623.268,2026-06-23T19:50:23,incoming,MeterValues,878,0.000
1782240623.271,2026-06-23T19:50:23,incoming,MeterValues,0,0.276
1782240623.271,2026-06-23T19:50:23,outgoing,CallResult,45,0.000
1782240629.250,2026-06-23T19:50:29,incoming,Heartbeat,57,0.000
1782240629.251,2026-06-23T19:50:29,outgoing,CallResult,81,0.000
1782240633.304,2026-06-23T19:50:33,incoming,MeterValues,868,0.000
1782240633.306,2026-06-23T19:50:33,incoming,MeterValues,0,0.274
1782240633.307,2026-06-23T19:50:33,outgoing,CallResult,45,0.000
1782240639.266,2026-06-23T19:50:39,incoming,Heartbeat,57,0.000
1782240639.267,2026-06-23T19:50:39,outgoing,CallResult,81,0.000
1782240643.639,2026-06-23T19:50:43,incoming,MeterValues,868,0.000
1782240643.641,2026-06-23T19:50:43,incoming,MeterValues,0,0.265
1782240643.641,2026-06-23T19:50:43,outgoing,CallResult,45,0.000
1782240649.282,2026-06-23T19:50:49,incoming,Heartbeat,57,0.000
1782240649.283,2026-06-23T19:50:49,outgoing,CallResult,81,0.000
1782240653.678,2026-06-23T19:50:53,incoming,MeterValues,878,0.000
1782240653.681,2026-06-23T19:50:53,incoming,MeterValues,0,0.267
1782240653.681,2026-06-23T19:50:53,outgoing,CallResult,45,0.000
1782240659.297,2026-06-23T19:50:59,incoming,Heartbeat,57,0.000
1782240659.299,2026-06-23T19:50:59,outgoing,CallResult,81,0.000
1782240663.711,2026-06-23T19:51:03,incoming,MeterValues,878,0.000
1782240663.714,2026-06-23T19:51:03,incoming,MeterValues,0,0.419
1782240663.714,2026-06-23T19:51:03,outgoing,CallResult,45,0.000
1782240669.311,2026-06-23T19:51:09,incoming,Heartbeat,57,0.000
1782240669.312,2026-06-23T19:51:09,outgoing,CallResult,81,0.000
1782240673.744,2026-06-23T19:51:13,incoming,MeterValues,868,0.000
1782240673.746,2026-06-23T19:51:13,incoming,MeterValues,0,0.269
1782240673.747,2026-06-23T19:51:13,outgoing,CallResult,45,0.000
1782240679.329,2026-06-23T19:51:19,incoming,Heartbeat,57,0.000
1782240679.330,2026-06-23T19:51:19,outgoing,CallResult,81,0.000
1782240683.776,2026-06-23T19:51:23,incoming,MeterValues,880,0.000
1782240683.778,2026-06-23T19:51:23,incoming,MeterValues,0,0.272
1782240683.779,2026-06-23T19:51:23,outgoing,CallResult,45,0.000
1782240689.341,2026-06-23T19:51:29,incoming,Heartbeat,57,0.000
1782240689.342,2026-06-23T19:51:29,outgoing,CallResult,81,0.000
1782240693.810,2026-06-23T19:51:33,incoming,MeterValues,868,0.000
1782240693.813,2026-06-23T19:51:33,incoming,MeterValues,0,0.275
1782240693.813,2026-06-23T19:51:33,outgoing,CallResult,45,0.000
1782240699.353,2026-06-23T19:51:39,incoming,Heartbeat,57,0.000
1782240699.354,2026-06-23T19:51:39,outgoing,CallResult,81,0.000
1782240703.843,2026-06-23T19:51:43,incoming,MeterValues,868,0.000
1782240703.846,2026-06-23T19:51:43,incoming,MeterValues,0,0.296
1782240703.846,2026-06-23T19:51:43,outgoing,CallResult,45,0.000
1782240709.372,2026-06-23T19:51:49,incoming,Heartbeat,57,0.000
1782240709.373,2026-06-23T19:51:49,outgoing,CallResult,81,0.000
1782240714.110,2026-06-23T19:51:54,incoming,MeterValues,868,0.000
1782240714.113,2026-06-23T19:51:54,incoming,MeterValues,0,0.275
1782240714.158,2026-06-23T19:51:54,outgoing,CallResult,45,0.000
1782240719.398,2026-06-23T19:51:59,incoming,Heartbeat,57,0.000
1782240719.399,2026-06-23T19:51:59,outgoing,CallResult,81,0.000
1782240724.187,2026-06-23T19:52:04,incoming,MeterValues,868,0.000
1782240724.190,2026-06-23T19:52:04,incoming,MeterValues,0,0.272
1782240724.190,2026-06-23T19:52:04,outgoing,CallResult,45,0.000
1782240729.414,2026-06-23T19:52:09,incoming,Heartbeat,57,0.000
1782240729.415,2026-06-23T19:52:09,outgoing,CallResult,81,0.000
1782240734.222,2026-06-23T19:52:14,incoming,MeterValues,878,0.000
1782240734.225,2026-06-23T19:52:14,incoming,MeterValues,0,0.400
1782240734.225,2026-06-23T19:52:14,outgoing,CallResult,45,0.000
1782240739.432,2026-06-23T19:52:19,incoming,Heartbeat,57,0.000
1782240739.433,2026-06-23T19:52:19,outgoing,CallResult,81,0.000
1782240744.252,2026-06-23T19:52:24,incoming,MeterValues,878,0.000
1782240744.255,2026-06-23T19:52:24,incoming,MeterValues,0,0.284
1782240744.255,2026-06-23T19:52:24,outgoing,CallResult,45,0.000
1782240749.450,2026-06-23T19:52:29,incoming,Heartbeat,57,0.000
1782240749.451,2026-06-23T19:52:29,outgoing,CallResult,81,0.000
1782240754.284,2026-06-23T19:52:34,incoming,MeterValues,875,0.000
1782240754.287,2026-06-23T19:52:34,incoming,MeterValues,0,0.426
1782240754.287,2026-06-23T19:52:34,outgoing,CallResult,45,0.000
1782240759.469,2026-06-23T19:52:39,incoming,Heartbeat,57,0.000
1782240759.470,2026-06-23T19:52:39,outgoing,CallResult,81,0.000
1782240764.324,2026-06-23T19:52:44,incoming,MeterValues,880,0.000
1782240764.327,2026-06-23T19:52:44,incoming,MeterValues,0,0.286
1782240764.327,2026-06-23T19:52:44,outgoing,CallResult,45,0.000
1782240769.487,2026-06-23T19:52:49,incoming,Heartbeat,57,0.000
1782240769.488,2026-06-23T19:52:49,outgoing,CallResult,81,0.000
1782240774.361,2026-06-23T19:52:54,incoming,MeterValues,878,0.000
1782240774.363,2026-06-23T19:52:54,incoming,MeterValues,0,0.378
1782240774.364,2026-06-23T19:52:54,outgoing,CallResult,45,0.000
1782240779.507,2026-06-23T19:52:59,incoming,Heartbeat,57,0.000
1782240779.508,2026-06-23T19:52:59,outgoing,CallResult,81,0.000
1782240784.610,2026-06-23T19:53:04,incoming,MeterValues,868,0.000
1782240784.613,2026-06-23T19:53:04,incoming,MeterValues,0,0.268
1782240784.613,2026-06-23T19:53:04,outgoing,CallResult,45,0.000
1782240789.523,2026-06-23T19:53:09,incoming,Heartbeat,57,0.000
1782240789.524,2026-06-23T19:53:09,outgoing,CallResult,81,0.000
1782240794.652,2026-06-23T19:53:14,incoming,MeterValues,871,0.000
1782240794.654,2026-06-23T19:53:14,incoming,MeterValues,0,0.327
1782240794.655,2026-06-23T19:53:14,outgoing,CallResult,45,0.000
1782240799.541,2026-06-23T19:53:19,incoming,Heartbeat,57,0.000
1782240799.542,2026-06-23T19:53:19,outgoing,CallResult,81,0.000
1782240804.682,2026-06-23T19:53:24,incoming,MeterValues,878,0.000
1782240804.685,2026-06-23T19:53:24,incoming,MeterValues,0,0.456
1782240804.685,2026-06-23T19:53:24,outgoing,CallResult,45,0.000
1782240809.559,2026-06-23T19:53:29,incoming,Heartbeat,57,0.000
1782240809.560,2026-06-23T19:53:29,outgoing,CallResult,81,0.000
1782240814.714,2026-06-23T19:53:34,incoming,MeterValues,878,0.000
1782240814.717,2026-06-23T19:53:34,incoming,MeterValues,0,0.279
1782240814.717,2026-06-23T19:53:34,outgoing,CallResult,45,0.000
1782240819.576,2026-06-23T19:53:39,incoming,Heartbeat,57,0.000
1782240819.577,2026-06-23T19:53:39,outgoing,CallResult,81,0.000
1782240825.073,2026-06-23T19:53:45,incoming,MeterValues,878,0.000
1782240825.076,2026-06-23T19:53:45,incoming,MeterValues,0,0.322
1782240825.076,2026-06-23T19:53:45,outgoing,CallResult,45,0.000
1782240829.604,2026-06-23T19:53:49,incoming,Heartbeat,57,0.000
1782240829.605,2026-06-23T19:53:49,outgoing,CallResult,81,0.000
1782240835.109,2026-06-23T19:53:55,incoming,MeterValues,878,0.000
1782240835.111,2026-06-23T19:53:55,incoming,MeterValues,0,0.281
1782240835.112,2026-06-23T19:53:55,outgoing,CallResult,45,0.000
1782240839.620,2026-06-23T19:53:59,incoming,Heartbeat,57,0.000
1782240839.621,2026-06-23T19:53:59,outgoing,CallResult,81,0.000
1782240845.143,2026-06-23T19:54:05,incoming,MeterValues,868,0.000
1782240845.146,2026-06-23T19:54:05,incoming,MeterValues,0,0.320
1782240845.146,2026-06-23T19:54:05,outgoing,CallResult,45,0.000
1782240849.637,2026-06-23T19:54:09,incoming,Heartbeat,57,0.000
1782240849.638,2026-06-23T19:54:09,outgoing,CallResult,81,0.000
1782240855.178,2026-06-23T19:54:15,incoming,MeterValues,868,0.000
1782240855.181,2026-06-23T19:54:15,incoming,MeterValues,0,0.310
1782240855.181,2026-06-23T19:54:15,outgoing,CallResult,45,0.000
1782240859.654,2026-06-23T19:54:19,incoming,Heartbeat,57,0.000
1782240859.655,2026-06-23T19:54:19,outgoing,CallResult,81,0.000
1782240865.210,2026-06-23T19:54:25,incoming,MeterValues,878,0.000
1782240865.212,2026-06-23T19:54:25,incoming,MeterValues,0,0.352
1782240865.213,2026-06-23T19:54:25,outgoing,CallResult,45,0.000
1782240869.670,2026-06-23T19:54:29,incoming,Heartbeat,57,0.000
1782240869.671,2026-06-23T19:54:29,outgoing,CallResult,81,0.000
1782240875.242,2026-06-23T19:54:35,incoming,MeterValues,878,0.000
1782240875.244,2026-06-23T19:54:35,incoming,MeterValues,0,0.308
1782240875.245,2026-06-23T19:54:35,outgoing,CallResult,45,0.000
1782240879.688,2026-06-23T19:54:39,incoming,Heartbeat,57,0.000
1782240879.689,2026-06-23T19:54:39,outgoing,CallResult,81,0.000
1782240885.278,2026-06-23T19:54:45,incoming,MeterValues,868,0.000
1782240885.280,2026-06-23T19:54:45,incoming,MeterValues,0,0.280
1782240885.281,2026-06-23T19:54:45,outgoing,CallResult,45,0.000
1782240889.706,2026-06-23T19:54:49,incoming,Heartbeat,57,0.000
1782240889.707,2026-06-23T19:54:49,outgoing,CallResult,81,0.000
1782240895.307,2026-06-23T19:54:55,incoming,MeterValues,868,0.000
1782240895.310,2026-06-23T19:54:55,incoming,MeterValues,0,0.386
1782240895.310,2026-06-23T19:54:55,outgoing,CallResult,45,0.000
1782240899.720,2026-06-23T19:54:59,incoming,Heartbeat,57,0.000
1782240899.722,2026-06-23T19:54:59,outgoing,CallResult,81,0.000
1782240905.338,2026-06-23T19:55:05,incoming,MeterValues,878,0.000
1782240905.340,2026-06-23T19:55:05,incoming,MeterValues,0,0.282
1782240905.341,2026-06-23T19:55:05,outgoing,CallResult,45,0.000
1782240909.739,2026-06-23T19:55:09,incoming,Heartbeat,57,0.000
1782240909.740,2026-06-23T19:55:09,outgoing,CallResult,81,0.000
1782240915.380,2026-06-23T19:55:15,incoming,MeterValues,877,0.000
1782240915.382,2026-06-23T19:55:15,incoming,MeterValues,0,0.280
1782240915.383,2026-06-23T19:55:15,outgoing,CallResult,45,0.000
1782240919.756,2026-06-23T19:55:19,incoming,Heartbeat,57,0.000
1782240919.757,2026-06-23T19:55:19,outgoing,CallResult,81,0.000
1782240925.416,2026-06-23T19:55:25,incoming,MeterValues,880,0.000
1782240925.418,2026-06-23T19:55:25,incoming,MeterValues,0,0.286
1782240925.419,2026-06-23T19:55:25,outgoing,CallResult,45,0.000
1782240929.772,2026-06-23T19:55:29,incoming,Heartbeat,57,0.000
1782240929.773,2026-06-23T19:55:29,outgoing,CallResult,81,0.000
1782240935.453,2026-06-23T19:55:35,incoming,MeterValues,878,0.000
1782240935.456,2026-06-23T19:55:35,incoming,MeterValues,0,0.458
1782240935.456,2026-06-23T19:55:35,outgoing,CallResult,45,0.000
1782240940.076,2026-06-23T19:55:40,incoming,Heartbeat,57,0.000
1782240940.077,2026-06-23T19:55:40,outgoing,CallResult,81,0.000
1782240945.678,2026-06-23T19:55:45,incoming,MeterValues,875,0.000
1782240945.681,2026-06-23T19:55:45,incoming,MeterValues,0,0.440
1782240945.682,2026-06-23T19:55:45,outgoing,CallResult,45,0.000
1782240950.112,2026-06-23T19:55:50,incoming,Heartbeat,57,0.000
1782240950.113,2026-06-23T19:55:50,outgoing,CallResult,81,0.000
1782240955.736,2026-06-23T19:55:55,incoming,MeterValues,868,0.000
1782240955.738,2026-06-23T19:55:55,incoming,MeterValues,0,0.384
1782240955.739,2026-06-23T19:55:55,outgoing,CallResult,45,0.000
1782240960.140,2026-06-23T19:56:00,incoming,Heartbeat,57,0.000
1782240960.141,2026-06-23T19:56:00,outgoing,CallResult,81,0.000
1782240965.770,2026-06-23T19:56:05,incoming,MeterValues,877,0.000
1782240965.773,2026-06-23T19:56:05,incoming,MeterValues,0,0.456
1782240965.773,2026-06-23T19:56:05,outgoing,CallResult,45,0.000
1782240970.160,2026-06-23T19:56:10,incoming,Heartbeat,57,0.000
1782240970.161,2026-06-23T19:56:10,outgoing,CallResult,81,0.000
1782240975.800,2026-06-23T19:56:15,incoming,MeterValues,868,0.000
1782240975.803,2026-06-23T19:56:15,incoming,MeterValues,0,0.284
1782240975.803,2026-06-23T19:56:15,outgoing,CallResult,45,0.000
1782240980.230,2026-06-23T19:56:20,incoming,Heartbeat,57,0.000
1782240980.231,2026-06-23T19:56:20,outgoing,CallResult,81,0.000
1782240985.851,2026-06-23T19:56:25,incoming,MeterValues,868,0.000
1782240985.854,2026-06-23T19:56:25,incoming,MeterValues,0,0.270
1782240985.854,2026-06-23T19:56:25,outgoing,CallResult,45,0.000
1782240990.246,2026-06-23T19:56:30,incoming,Heartbeat,57,0.000
1782240990.247,2026-06-23T19:56:30,outgoing,CallResult,81,0.000
1782240995.886,2026-06-23T19:56:35,incoming,MeterValues,878,0.000
1782240995.888,2026-06-23T19:56:35,incoming,MeterValues,0,0.266
1782240995.888,2026-06-23T19:56:35,outgoing,CallResult,45,0.000
1782241000.257,2026-06-23T19:56:40,incoming,Heartbeat,57,0.000
1782241000.258,2026-06-23T19:56:40,outgoing,CallResult,81,0.000
1782241005.915,2026-06-23T19:56:45,incoming,MeterValues,878,0.000
1782241005.917,2026-06-23T19:56:45,incoming,MeterValues,0,0.240
1782241005.918,2026-06-23T19:56:45,outgoing,CallResult,45,0.000
1782241010.269,2026-06-23T19:56:50,incoming,Heartbeat,57,0.000
1782241010.270,2026-06-23T19:56:50,outgoing,CallResult,81,0.000
1782241015.950,2026-06-23T19:56:55,incoming,MeterValues,868,0.000
1782241015.953,2026-06-23T19:56:55,incoming,MeterValues,0,0.309
1782241015.953,2026-06-23T19:56:55,outgoing,CallResult,45,0.000
1782241020.288,2026-06-23T19:57:00,incoming,Heartbeat,57,0.000
1782241020.289,2026-06-23T19:57:00,outgoing,CallResult,81,0.000
1782241025.984,2026-06-23T19:57:05,incoming,MeterValues,880,0.000
1782241025.986,2026-06-23T19:57:05,incoming,MeterValues,0,0.279
1782241025.987,2026-06-23T19:57:05,outgoing,CallResult,45,0.000
1782241030.298,2026-06-23T19:57:10,incoming,Heartbeat,57,0.000
1782241030.299,2026-06-23T19:57:10,outgoing,CallResult,81,0.000
1782241036.014,2026-06-23T19:57:16,incoming,MeterValues,880,0.000
1782241036.016,2026-06-23T19:57:16,incoming,MeterValues,0,0.272
1782241036.017,2026-06-23T19:57:16,outgoing,CallResult,45,0.000
1782241040.316,2026-06-23T19:57:20,incoming,Heartbeat,57,0.000
1782241040.317,2026-06-23T19:57:20,outgoing,CallResult,81,0.000
1782241046.373,2026-06-23T19:57:26,incoming,MeterValues,878,0.000
1782241046.376,2026-06-23T19:57:26,incoming,MeterValues,0,0.269
1782241046.376,2026-06-23T19:57:26,outgoing,CallResult,45,0.000
1782241050.358,2026-06-23T19:57:30,incoming,Heartbeat,57,0.000
1782241050.359,2026-06-23T19:57:30,outgoing,CallResult,81,0.000
1782241056.420,2026-06-23T19:57:36,incoming,MeterValues,874,0.000
1782241056.423,2026-06-23T19:57:36,incoming,MeterValues,0,0.309
1782241056.423,2026-06-23T19:57:36,outgoing,CallResult,45,0.000
1782241060.425,2026-06-23T19:57:40,incoming,Heartbeat,57,0.000
1782241060.426,2026-06-23T19:57:40,outgoing,CallResult,81,0.000
1782241066.451,2026-06-23T19:57:46,incoming,MeterValues,867,0.000
1782241066.453,2026-06-23T19:57:46,incoming,MeterValues,0,0.277
1782241066.454,2026-06-23T19:57:46,outgoing,CallResult,45,0.000
1782241070.439,2026-06-23T19:57:50,incoming,Heartbeat,57,0.000
1782241070.440,2026-06-23T19:57:50,outgoing,CallResult,81,0.000
1782241076.484,2026-06-23T19:57:56,incoming,MeterValues,867,0.000
1782241076.486,2026-06-23T19:57:56,incoming,MeterValues,0,0.279
1782241076.487,2026-06-23T19:57:56,outgoing,CallResult,45,0.000
1782241080.534,2026-06-23T19:58:00,incoming,Heartbeat,57,0.000
1782241080.535,2026-06-23T19:58:00,outgoing,CallResult,81,0.000
1782241086.515,2026-06-23T19:58:06,incoming,MeterValues,867,0.000
1782241086.518,2026-06-23T19:58:06,incoming,MeterValues,0,0.290
1782241086.518,2026-06-23T19:58:06,outgoing,CallResult,45,0.000
1782241090.550,2026-06-23T19:58:10,incoming,Heartbeat,57,0.000
1782241090.551,2026-06-23T19:58:10,outgoing,CallResult,81,0.000
1782241096.550,2026-06-23T19:58:16,incoming,MeterValues,870,0.000
1782241096.552,2026-06-23T19:58:16,incoming,MeterValues,0,0.271
1782241096.553,2026-06-23T19:58:16,outgoing,CallResult,45,0.000
1782241100.568,2026-06-23T19:58:20,incoming,Heartbeat,57,0.000
1782241100.569,2026-06-23T19:58:20,outgoing,CallResult,81,0.000
1782241106.582,2026-06-23T19:58:26,incoming,MeterValues,878,0.000
1782241106.585,2026-06-23T19:58:26,incoming,MeterValues,0,0.251
1782241106.585,2026-06-23T19:58:26,outgoing,CallResult,45,0.000
1782241110.584,2026-06-23T19:58:30,incoming,Heartbeat,57,0.000
1782241110.585,2026-06-23T19:58:30,outgoing,CallResult,81,0.000
1782241116.617,2026-06-23T19:58:36,incoming,MeterValues,878,0.000
1782241116.620,2026-06-23T19:58:36,incoming,MeterValues,0,0.283
1782241116.620,2026-06-23T19:58:36,outgoing,CallResult,45,0.000
1782241120.602,2026-06-23T19:58:40,incoming,Heartbeat,57,0.000
1782241120.603,2026-06-23T19:58:40,outgoing,CallResult,81,0.000
1782241126.653,2026-06-23T19:58:46,incoming,MeterValues,868,0.000
1782241126.656,2026-06-23T19:58:46,incoming,MeterValues,0,0.283
1782241126.656,2026-06-23T19:58:46,outgoing,CallResult,45,0.000
1782241130.618,2026-06-23T19:58:50,incoming,Heartbeat,57,0.000
1782241130.619,2026-06-23T19:58:50,outgoing,CallResult,81,0.000
1782241136.688,2026-06-23T19:58:56,incoming,MeterValues,868,0.000
1782241136.691,2026-06-23T19:58:56,incoming,MeterValues,0,0.279
1782241136.691,2026-06-23T19:58:56,outgoing,CallResult,45,0.000
1782241140.629,2026-06-23T19:59:00,incoming,Heartbeat,57,0.000
1782241140.630,2026-06-23T19:59:00,outgoing,CallResult,81,0.000
1782241146.723,2026-06-23T19:59:06,incoming,MeterValues,878,0.000
1782241146.726,2026-06-23T19:59:06,incoming,MeterValues,0,0.290
1782241146.726,2026-06-23T19:59:06,outgoing,CallResult,45,0.000
1782241150.648,2026-06-23T19:59:10,incoming,Heartbeat,57,0.000
1782241150.649,2026-06-23T19:59:10,outgoing,CallResult,81,0.000
1782241156.754,2026-06-23T19:59:16,incoming,MeterValues,868,0.000
1782241156.756,2026-06-23T19:59:16,incoming,MeterValues,0,0.276
1782241156.757,2026-06-23T19:59:16,outgoing,CallResult,45,0.000
1782241160.666,2026-06-23T19:59:20,incoming,Heartbeat,57,0.000
1782241160.667,2026-06-23T19:59:20,outgoing,CallResult,81,0.000
1782241167.002,2026-06-23T19:59:27,incoming,MeterValues,878,0.000
1782241167.005,2026-06-23T19:59:27,incoming,MeterValues,0,0.424
1782241167.005,2026-06-23T19:59:27,outgoing,CallResult,45,0.000
1782241170.682,2026-06-23T19:59:30,incoming,Heartbeat,57,0.000
1782241170.683,2026-06-23T19:59:30,outgoing,CallResult,81,0.000
1782241177.037,2026-06-23T19:59:37,incoming,MeterValues,878,0.000
1782241177.040,2026-06-23T19:59:37,incoming,MeterValues,0,0.305
1782241177.040,2026-06-23T19:59:37,outgoing,CallResult,45,0.000
1782241180.700,2026-06-23T19:59:40,incoming,Heartbeat,57,0.000
1782241180.701,2026-06-23T19:59:40,outgoing,CallResult,81,0.000
1782241187.077,2026-06-23T19:59:47,incoming,MeterValues,878,0.000
1782241187.080,2026-06-23T19:59:47,incoming,MeterValues,0,0.438
1782241187.080,2026-06-23T19:59:47,outgoing,CallResult,45,0.000
1782241190.716,2026-06-23T19:59:50,incoming,Heartbeat,57,0.000
1782241190.717,2026-06-23T19:59:50,outgoing,CallResult,81,0.000
1782241197.335,2026-06-23T19:59:57,incoming,MeterValues,878,0.000
1782241197.339,2026-06-23T19:59:57,incoming,MeterValues,0,0.297
1782241197.339,2026-06-23T19:59:57,outgoing,CallResult,45,0.000
1782241201.352,2026-06-23T20:00:01,incoming,Heartbeat,57,0.000
1782241201.353,2026-06-23T20:00:01,outgoing,CallResult,81,0.000
1782241207.368,2026-06-23T20:00:07,incoming,MeterValues,868,0.000
1782241207.370,2026-06-23T20:00:07,incoming,MeterValues,0,0.269
1782241207.370,2026-06-23T20:00:07,outgoing,CallResult,45,0.000
1782241211.364,2026-06-23T20:00:11,incoming,Heartbeat,57,0.000
1782241211.365,2026-06-23T20:00:11,outgoing,CallResult,81,0.000
1782241217.402,2026-06-23T20:00:17,incoming,MeterValues,868,0.000
1782241217.405,2026-06-23T20:00:17,incoming,MeterValues,0,0.427
1782241217.405,2026-06-23T20:00:17,outgoing,CallResult,45,0.000
1782241221.377,2026-06-23T20:00:21,incoming,Heartbeat,57,0.000
1782241221.378,2026-06-23T20:00:21,outgoing,CallResult,81,0.000
1782241227.438,2026-06-23T20:00:27,incoming,MeterValues,878,0.000
1782241227.441,2026-06-23T20:00:27,incoming,MeterValues,0,0.270
1782241227.441,2026-06-23T20:00:27,outgoing,CallResult,45,0.000
1782241231.387,2026-06-23T20:00:31,incoming,Heartbeat,57,0.000
1782241231.388,2026-06-23T20:00:31,outgoing,CallResult,81,0.000
1782241237.472,2026-06-23T20:00:37,incoming,MeterValues,878,0.000
1782241237.475,2026-06-23T20:00:37,incoming,MeterValues,0,0.273
1782241237.475,2026-06-23T20:00:37,outgoing,CallResult,45,0.000
1782241241.404,2026-06-23T20:00:41,incoming,Heartbeat,57,0.000
1782241241.406,2026-06-23T20:00:41,outgoing,CallResult,81,0.000
1782241247.506,2026-06-23T20:00:47,incoming,MeterValues,875,0.000
1782241247.509,2026-06-23T20:00:47,incoming,MeterValues,0,0.444
1782241247.509,2026-06-23T20:00:47,outgoing,CallResult,45,0.000
1782241251.418,2026-06-23T20:00:51,incoming,Heartbeat,57,0.000
1782241251.419,2026-06-23T20:00:51,outgoing,CallResult,81,0.000
1782241257.539,2026-06-23T20:00:57,incoming,MeterValues,880,0.000
1782241257.542,2026-06-23T20:00:57,incoming,MeterValues,0,0.421
1782241257.542,2026-06-23T20:00:57,outgoing,CallResult,45,0.000
1782241261.462,2026-06-23T20:01:01,incoming,Heartbeat,57,0.000
1782241261.463,2026-06-23T20:01:01,outgoing,CallResult,81,0.000
1782241267.572,2026-06-23T20:01:07,incoming,MeterValues,882,0.000
1782241267.574,2026-06-23T20:01:07,incoming,MeterValues,0,0.276
1782241267.575,2026-06-23T20:01:07,outgoing,CallResult,45,0.000
1782241271.473,2026-06-23T20:01:11,incoming,Heartbeat,57,0.000
1782241271.475,2026-06-23T20:01:11,outgoing,CallResult,81,0.000
1782241277.625,2026-06-23T20:01:17,incoming,MeterValues,878,0.000
1782241277.627,2026-06-23T20:01:17,incoming,MeterValues,0,0.400
1782241277.628,2026-06-23T20:01:17,outgoing,CallResult,45,0.000
1782241281.492,2026-06-23T20:01:21,incoming,Heartbeat,57,0.000
1782241281.493,2026-06-23T20:01:21,outgoing,CallResult,81,0.000
1782241287.870,2026-06-23T20:01:27,incoming,MeterValues,881,0.000
1782241287.872,2026-06-23T20:01:27,incoming,MeterValues,0,0.432
1782241287.873,2026-06-23T20:01:27,outgoing,CallResult,45,0.000
1782241291.508,2026-06-23T20:01:31,incoming,Heartbeat,57,0.000
1782241291.509,2026-06-23T20:01:31,outgoing,CallResult,81,0.000
1782241297.905,2026-06-23T20:01:37,incoming,MeterValues,878,0.000
1782241297.908,2026-06-23T20:01:37,incoming,MeterValues,0,0.414
1782241297.908,2026-06-23T20:01:37,outgoing,CallResult,45,0.000
1782241301.525,2026-06-23T20:01:41,incoming,Heartbeat,57,0.000
1782241301.526,2026-06-23T20:01:41,outgoing,CallResult,81,0.000
1782241307.940,2026-06-23T20:01:47,incoming,MeterValues,877,0.000
1782241307.943,2026-06-23T20:01:47,incoming,MeterValues,0,0.276
1782241307.943,2026-06-23T20:01:47,outgoing,CallResult,45,0.000
1782241311.540,2026-06-23T20:01:51,incoming,Heartbeat,57,0.000
1782241311.541,2026-06-23T20:01:51,outgoing,CallResult,81,0.000
1782241317.973,2026-06-23T20:01:57,incoming,MeterValues,878,0.000
1782241317.975,2026-06-23T20:01:57,incoming,MeterValues,0,0.416
1782241317.976,2026-06-23T20:01:57,outgoing,CallResult,45,0.000
1782241321.556,2026-06-23T20:02:01,incoming,Heartbeat,57,0.000
1782241321.557,2026-06-23T20:02:01,outgoing,CallResult,81,0.000
1782241328.049,2026-06-23T20:02:08,incoming,MeterValues,878,0.000
1782241328.051,2026-06-23T20:02:08,incoming,MeterValues,0,0.401
1782241328.052,2026-06-23T20:02:08,outgoing,CallResult,45,0.000
1782241331.571,2026-06-23T20:02:11,incoming,Heartbeat,57,0.000
1782241331.572,2026-06-23T20:02:11,outgoing,CallResult,81,0.000
1782241338.326,2026-06-23T20:02:18,incoming,MeterValues,868,0.000
1782241338.328,2026-06-23T20:02:18,incoming,MeterValues,0,0.417
1782241338.329,2026-06-23T20:02:18,outgoing,CallResult,45,0.000
1782241341.590,2026-06-23T20:02:21,incoming,Heartbeat,57,0.000
1782241341.591,2026-06-23T20:02:21,outgoing,CallResult,81,0.000
1782241348.364,2026-06-23T20:02:28,incoming,MeterValues,868,0.000
1782241348.367,2026-06-23T20:02:28,incoming,MeterValues,0,0.461
1782241348.367,2026-06-23T20:02:28,outgoing,CallResult,45,0.000
1782241351.606,2026-06-23T20:02:31,incoming,Heartbeat,57,0.000
1782241351.607,2026-06-23T20:02:31,outgoing,CallResult,81,0.000
1782241358.395,2026-06-23T20:02:38,incoming,MeterValues,878,0.000
1782241358.398,2026-06-23T20:02:38,incoming,MeterValues,0,0.283
1782241358.398,2026-06-23T20:02:38,outgoing,CallResult,45,0.000
1782241361.623,2026-06-23T20:02:41,incoming,Heartbeat,57,0.000
1782241361.624,2026-06-23T20:02:41,outgoing,CallResult,81,0.000
1782241368.653,2026-06-23T20:02:48,incoming,MeterValues,878,0.000
1782241368.656,2026-06-23T20:02:48,incoming,MeterValues,0,0.276
1782241368.656,2026-06-23T20:02:48,outgoing,CallResult,45,0.000
1782241371.639,2026-06-23T20:02:51,incoming,Heartbeat,57,0.000
1782241371.641,2026-06-23T20:02:51,outgoing,CallResult,81,0.000
1782241378.699,2026-06-23T20:02:58,incoming,MeterValues,868,0.000
1782241378.702,2026-06-23T20:02:58,incoming,MeterValues,0,0.427
1782241378.702,2026-06-23T20:02:58,outgoing,CallResult,45,0.000
1782241381.654,2026-06-23T20:03:01,incoming,Heartbeat,57,0.000
1782241381.655,2026-06-23T20:03:01,outgoing,CallResult,81,0.000
1782241388.743,2026-06-23T20:03:08,incoming,MeterValues,868,0.000
1782241388.746,2026-06-23T20:03:08,incoming,MeterValues,0,0.429
1782241388.747,2026-06-23T20:03:08,outgoing,CallResult,45,0.000
1782241391.669,2026-06-23T20:03:11,incoming,Heartbeat,57,0.000
1782241391.670,2026-06-23T20:03:11,outgoing,CallResult,81,0.000
1782241398.773,2026-06-23T20:03:18,incoming,MeterValues,878,0.000
1782241398.776,2026-06-23T20:03:18,incoming,MeterValues,0,0.430
1782241398.777,2026-06-23T20:03:18,outgoing,CallResult,45,0.000
1782241401.686,2026-06-23T20:03:21,incoming,Heartbeat,57,0.000
1782241401.687,2026-06-23T20:03:21,outgoing,CallResult,81,0.000
1782241408.848,2026-06-23T20:03:28,incoming,MeterValues,882,0.000
1782241408.851,2026-06-23T20:03:28,incoming,MeterValues,0,0.406
1782241408.851,2026-06-23T20:03:28,outgoing,CallResult,45,0.000
1782241411.996,2026-06-23T20:03:31,incoming,Heartbeat,57,0.000
1782241411.999,2026-06-23T20:03:31,outgoing,CallResult,81,0.000
1782241418.885,2026-06-23T20:03:38,incoming,MeterValues,878,0.000
1782241418.887,2026-06-23T20:03:38,incoming,MeterValues,0,0.379
1782241418.888,2026-06-23T20:03:38,outgoing,CallResult,45,0.000
1782241422.009,2026-06-23T20:03:42,incoming,Heartbeat,57,0.000
1782241422.010,2026-06-23T20:03:42,outgoing,CallResult,81,0.000
1782241428.917,2026-06-23T20:03:48,incoming,MeterValues,878,0.000
1782241428.920,2026-06-23T20:03:48,incoming,MeterValues,0,0.230
1782241428.920,2026-06-23T20:03:48,outgoing,CallResult,45,0.000
1782241432.026,2026-06-23T20:03:52,incoming,Heartbeat,57,0.000
1782241432.027,2026-06-23T20:03:52,outgoing,CallResult,81,0.000
1782241438.951,2026-06-23T20:03:58,incoming,MeterValues,882,0.000
1782241438.953,2026-06-23T20:03:58,incoming,MeterValues,0,0.278
1782241438.954,2026-06-23T20:03:58,outgoing,CallResult,45,0.000
1782241442.037,2026-06-23T20:04:02,incoming,Heartbeat,57,0.000
1782241442.038,2026-06-23T20:04:02,outgoing,CallResult,81,0.000
1782241448.986,2026-06-23T20:04:08,incoming,MeterValues,868,0.000
1782241448.989,2026-06-23T20:04:08,incoming,MeterValues,0,0.267
1782241448.989,2026-06-23T20:04:08,outgoing,CallResult,45,0.000
1782241452.054,2026-06-23T20:04:12,incoming,Heartbeat,57,0.000
1782241452.055,2026-06-23T20:04:12,outgoing,CallResult,81,0.000
1782241459.265,2026-06-23T20:04:19,incoming,MeterValues,878,0.000
1782241459.267,2026-06-23T20:04:19,incoming,MeterValues,0,0.267
1782241459.268,2026-06-23T20:04:19,outgoing,CallResult,45,0.000
1782241462.070,2026-06-23T20:04:22,incoming,Heartbeat,57,0.000
1782241462.071,2026-06-23T20:04:22,outgoing,CallResult,81,0.000
1782241469.300,2026-06-23T20:04:29,incoming,MeterValues,868,0.000
1782241469.303,2026-06-23T20:04:29,incoming,MeterValues,0,0.277
1782241469.303,2026-06-23T20:04:29,outgoing,CallResult,45,0.000
1782241472.086,2026-06-23T20:04:32,incoming,Heartbeat,57,0.000
1782241472.087,2026-06-23T20:04:32,outgoing,CallResult,81,0.000
1782241479.343,2026-06-23T20:04:39,incoming,MeterValues,878,0.000
1782241479.346,2026-06-23T20:04:39,incoming,MeterValues,0,0.215
1782241479.346,2026-06-23T20:04:39,outgoing,CallResult,45,0.000
1782241482.103,2026-06-23T20:04:42,incoming,Heartbeat,57,0.000
1782241482.104,2026-06-23T20:04:42,outgoing,CallResult,81,0.000
1782241489.376,2026-06-23T20:04:49,incoming,MeterValues,878,0.000
1782241489.379,2026-06-23T20:04:49,incoming,MeterValues,0,0.327
1782241489.380,2026-06-23T20:04:49,outgoing,CallResult,45,0.000
1782241492.117,2026-06-23T20:04:52,incoming,Heartbeat,57,0.000
1782241492.118,2026-06-23T20:04:52,outgoing,CallResult,81,0.000
1782241499.412,2026-06-23T20:04:59,incoming,MeterValues,875,0.000
1782241499.415,2026-06-23T20:04:59,incoming,MeterValues,0,0.277
1782241499.415,2026-06-23T20:04:59,outgoing,CallResult,45,0.000
1782241502.128,2026-06-23T20:05:02,incoming,Heartbeat,57,0.000
1782241502.129,2026-06-23T20:05:02,outgoing,CallResult,81,0.000
1782241509.448,2026-06-23T20:05:09,incoming,MeterValues,868,0.000
1782241509.451,2026-06-23T20:05:09,incoming,MeterValues,0,0.274
1782241509.451,2026-06-23T20:05:09,outgoing,CallResult,45,0.000
1782241512.145,2026-06-23T20:05:12,incoming,Heartbeat,57,0.000
1782241512.146,2026-06-23T20:05:12,outgoing,CallResult,81,0.000
1782241519.486,2026-06-23T20:05:19,incoming,MeterValues,880,0.000
1782241519.489,2026-06-23T20:05:19,incoming,MeterValues,0,0.272
1782241519.489,2026-06-23T20:05:19,outgoing,CallResult,45,0.000
1782241522.161,2026-06-23T20:05:22,incoming,Heartbeat,57,0.000
1782241522.162,2026-06-23T20:05:22,outgoing,CallResult,81,0.000
1782241529.520,2026-06-23T20:05:29,incoming,MeterValues,868,0.000
1782241529.523,2026-06-23T20:05:29,incoming,MeterValues,0,0.273
1782241529.523,2026-06-23T20:05:29,outgoing,CallResult,45,0.000
1782241532.178,2026-06-23T20:05:32,incoming,Heartbeat,57,0.000
1782241532.179,2026-06-23T20:05:32,outgoing,CallResult,81,0.000
1782241539.761,2026-06-23T20:05:39,incoming,MeterValues,880,0.000
1782241539.764,2026-06-23T20:05:39,incoming,MeterValues,0,0.422
1782241539.764,2026-06-23T20:05:39,outgoing,CallResult,45,0.000
1782241542.194,2026-06-23T20:05:42,incoming,Heartbeat,57,0.000
1782241542.195,2026-06-23T20:05:42,outgoing,CallResult,81,0.000
1782241549.796,2026-06-23T20:05:49,incoming,MeterValues,880,0.000
1782241549.798,2026-06-23T20:05:49,incoming,MeterValues,0,0.417
1782241549.799,2026-06-23T20:05:49,outgoing,CallResult,45,0.000
1782241552.210,2026-06-23T20:05:52,incoming,Heartbeat,57,0.000
1782241552.211,2026-06-23T20:05:52,outgoing,CallResult,81,0.000
1782241559.830,2026-06-23T20:05:59,incoming,MeterValues,878,0.000
1782241559.833,2026-06-23T20:05:59,incoming,MeterValues,0,0.410
1782241559.833,2026-06-23T20:05:59,outgoing,CallResult,45,0.000
1782241562.225,2026-06-23T20:06:02,incoming,Heartbeat,57,0.000
1782241562.226,2026-06-23T20:06:02,outgoing,CallResult,81,0.000
1782241569.866,2026-06-23T20:06:09,incoming,MeterValues,880,0.000
1782241569.869,2026-06-23T20:06:09,incoming,MeterValues,0,0.448
1782241569.869,2026-06-23T20:06:09,outgoing,CallResult,45,0.000
1782241572.242,2026-06-23T20:06:12,incoming,Heartbeat,57,0.000
1782241572.243,2026-06-23T20:06:12,outgoing,CallResult,81,0.000
1782241579.898,2026-06-23T20:06:19,incoming,MeterValues,878,0.000
1782241579.901,2026-06-23T20:06:19,incoming,MeterValues,0,0.291
1782241579.901,2026-06-23T20:06:19,outgoing,CallResult,45,0.000
1782241582.577,2026-06-23T20:06:22,incoming,Heartbeat,57,0.000
1782241582.578,2026-06-23T20:06:22,outgoing,CallResult,81,0.000
1782241589.934,2026-06-23T20:06:29,incoming,MeterValues,868,0.000
1782241589.936,2026-06-23T20:06:29,incoming,MeterValues,0,0.274
1782241589.937,2026-06-23T20:06:29,outgoing,CallResult,45,0.000
1782241592.590,2026-06-23T20:06:32,incoming,Heartbeat,57,0.000
1782241592.591,2026-06-23T20:06:32,outgoing,CallResult,81,0.000
1782241599.965,2026-06-23T20:06:39,incoming,MeterValues,868,0.000
1782241599.967,2026-06-23T20:06:39,incoming,MeterValues,0,0.368
1782241599.968,2026-06-23T20:06:39,outgoing,CallResult,45,0.000
1782241602.606,2026-06-23T20:06:42,incoming,Heartbeat,57,0.000
1782241602.607,2026-06-23T20:06:42,outgoing,CallResult,81,0.000
1782241610.014,2026-06-23T20:06:50,incoming,MeterValues,878,0.000
1782241610.017,2026-06-23T20:06:50,incoming,MeterValues,0,0.432
1782241610.017,2026-06-23T20:06:50,outgoing,CallResult,45,0.000
1782241612.623,2026-06-23T20:06:52,incoming,Heartbeat,57,0.000
1782241612.624,2026-06-23T20:06:52,outgoing,CallResult,81,0.000
1782241620.255,2026-06-23T20:07:00,incoming,MeterValues,878,0.000
1782241620.258,2026-06-23T20:07:00,incoming,MeterValues,0,0.411
1782241620.259,2026-06-23T20:07:00,outgoing,CallResult,45,0.000
1782241622.640,2026-06-23T20:07:02,incoming,Heartbeat,57,0.000
1782241622.642,2026-06-23T20:07:02,outgoing,CallResult,81,0.000
1782241630.612,2026-06-23T20:07:10,incoming,MeterValues,868,0.000
1782241630.614,2026-06-23T20:07:10,incoming,MeterValues,0,0.266
1782241630.615,2026-06-23T20:07:10,outgoing,CallResult,45,0.000
1782241632.657,2026-06-23T20:07:12,incoming,Heartbeat,57,0.000
1782241632.658,2026-06-23T20:07:12,outgoing,CallResult,81,0.000
1782241640.641,2026-06-23T20:07:20,incoming,MeterValues,868,0.000
1782241640.644,2026-06-23T20:07:20,incoming,MeterValues,0,0.270
1782241640.644,2026-06-23T20:07:20,outgoing,CallResult,45,0.000
1782241642.668,2026-06-23T20:07:22,incoming,Heartbeat,57,0.000
1782241642.669,2026-06-23T20:07:22,outgoing,CallResult,81,0.000
1782241650.677,2026-06-23T20:07:30,incoming,MeterValues,878,0.000
1782241650.680,2026-06-23T20:07:30,incoming,MeterValues,0,0.277
1782241650.680,2026-06-23T20:07:30,outgoing,CallResult,45,0.000
1782241652.685,2026-06-23T20:07:32,incoming,Heartbeat,57,0.000
1782241652.686,2026-06-23T20:07:32,outgoing,CallResult,81,0.000
1782241660.713,2026-06-23T20:07:40,incoming,MeterValues,878,0.000
1782241660.715,2026-06-23T20:07:40,incoming,MeterValues,0,0.377
1782241660.716,2026-06-23T20:07:40,outgoing,CallResult,45,0.000
1782241662.697,2026-06-23T20:07:42,incoming,Heartbeat,57,0.000
1782241662.698,2026-06-23T20:07:42,outgoing,CallResult,81,0.000
1782241670.743,2026-06-23T20:07:50,incoming,MeterValues,868,0.000
1782241670.745,2026-06-23T20:07:50,incoming,MeterValues,0,0.429
1782241670.746,2026-06-23T20:07:50,outgoing,CallResult,45,0.000
1782241672.709,2026-06-23T20:07:52,incoming,Heartbeat,57,0.000
1782241672.710,2026-06-23T20:07:52,outgoing,CallResult,81,0.000
1782241680.777,2026-06-23T20:08:00,incoming,MeterValues,868,0.000
1782241680.780,2026-06-23T20:08:00,incoming,MeterValues,0,0.255
1782241680.780,2026-06-23T20:08:00,outgoing,CallResult,45,0.000
1782241682.722,2026-06-23T20:08:02,incoming,Heartbeat,57,0.000
1782241682.723,2026-06-23T20:08:02,outgoing,CallResult,81,0.000
1782241691.030,2026-06-23T20:08:11,incoming,MeterValues,878,0.000
1782241691.033,2026-06-23T20:08:11,incoming,MeterValues,0,0.449
1782241691.034,2026-06-23T20:08:11,outgoing,CallResult,45,0.000
1782241692.735,2026-06-23T20:08:12,incoming,Heartbeat,57,0.000
1782241692.736,2026-06-23T20:08:12,outgoing,CallResult,81,0.000
1782241701.066,2026-06-23T20:08:21,incoming,MeterValues,882,0.000
1782241701.069,2026-06-23T20:08:21,incoming,MeterValues,0,0.431
1782241701.070,2026-06-23T20:08:21,outgoing,CallResult,45,0.000
1782241702.747,2026-06-23T20:08:22,incoming,Heartbeat,57,0.000
1782241702.748,2026-06-23T20:08:22,outgoing,CallResult,81,0.000
1782241711.098,2026-06-23T20:08:31,incoming,MeterValues,876,0.000
1782241711.101,2026-06-23T20:08:31,incoming,MeterValues,0,0.275
1782241711.101,2026-06-23T20:08:31,outgoing,CallResult,45,0.000
1782241712.758,2026-06-23T20:08:32,incoming,Heartbeat,57,0.000
1782241712.760,2026-06-23T20:08:32,outgoing,CallResult,81,0.000
1782241721.130,2026-06-23T20:08:41,incoming,MeterValues,878,0.000
1782241721.133,2026-06-23T20:08:41,incoming,MeterValues,0,0.279
1782241721.133,2026-06-23T20:08:41,outgoing,CallResult,45,0.000
1782241722.770,2026-06-23T20:08:42,incoming,Heartbeat,57,0.000
1782241722.770,2026-06-23T20:08:42,outgoing,CallResult,81,0.000
1782241731.164,2026-06-23T20:08:51,incoming,MeterValues,875,0.000
1782241731.167,2026-06-23T20:08:51,incoming,MeterValues,0,0.424
1782241731.167,2026-06-23T20:08:51,outgoing,CallResult,45,0.000
1782241733.010,2026-06-23T20:08:53,incoming,Heartbeat,57,0.000
1782241733.011,2026-06-23T20:08:53,outgoing,CallResult,81,0.000
1782241741.195,2026-06-23T20:09:01,incoming,MeterValues,868,0.000
1782241741.198,2026-06-23T20:09:01,incoming,MeterValues,0,0.471
1782241741.199,2026-06-23T20:09:01,outgoing,CallResult,45,0.000
1782241743.023,2026-06-23T20:09:03,incoming,Heartbeat,57,0.000
1782241743.025,2026-06-23T20:09:03,outgoing,CallResult,81,0.000
1782241751.232,2026-06-23T20:09:11,incoming,MeterValues,868,0.000
1782241751.234,2026-06-23T20:09:11,incoming,MeterValues,0,0.429
1782241751.235,2026-06-23T20:09:11,outgoing,CallResult,45,0.000
1782241753.036,2026-06-23T20:09:13,incoming,Heartbeat,57,0.000
1782241753.037,2026-06-23T20:09:13,outgoing,CallResult,81,0.000
1782241761.465,2026-06-23T20:09:21,incoming,MeterValues,878,0.000
1782241761.468,2026-06-23T20:09:21,incoming,MeterValues,0,0.429
1782241761.468,2026-06-23T20:09:21,outgoing,CallResult,45,0.000
1782241763.075,2026-06-23T20:09:23,incoming,Heartbeat,57,0.000
1782241763.076,2026-06-23T20:09:23,outgoing,CallResult,81,0.000
1782241771.501,2026-06-23T20:09:31,incoming,MeterValues,875,0.000
1782241771.504,2026-06-23T20:09:31,incoming,MeterValues,0,0.436
1782241771.504,2026-06-23T20:09:31,outgoing,CallResult,45,0.000
1782241773.093,2026-06-23T20:09:33,incoming,Heartbeat,57,0.000
1782241773.095,2026-06-23T20:09:33,outgoing,CallResult,81,0.000
1782241781.543,2026-06-23T20:09:41,incoming,MeterValues,868,0.000
1782241781.546,2026-06-23T20:09:41,incoming,MeterValues,0,0.439
1782241781.547,2026-06-23T20:09:41,outgoing,CallResult,45,0.000
1782241783.108,2026-06-23T20:09:43,incoming,Heartbeat,57,0.000
1782241783.109,2026-06-23T20:09:43,outgoing,CallResult,81,0.000
1782241791.581,2026-06-23T20:09:51,incoming,MeterValues,868,0.000
1782241791.583,2026-06-23T20:09:51,incoming,MeterValues,0,0.444
1782241791.584,2026-06-23T20:09:51,outgoing,CallResult,45,0.000
1782241793.155,2026-06-23T20:09:53,incoming,Heartbeat,57,0.000
1782241793.156,2026-06-23T20:09:53,outgoing,CallResult,81,0.000
1782241801.614,2026-06-23T20:10:01,incoming,MeterValues,878,0.000
1782241801.616,2026-06-23T20:10:01,incoming,MeterValues,0,0.333
1782241801.617,2026-06-23T20:10:01,outgoing,CallResult,45,0.000
1782241803.511,2026-06-23T20:10:03,incoming,Heartbeat,57,0.000
1782241803.512,2026-06-23T20:10:03,outgoing,CallResult,81,0.000
1782241811.882,2026-06-23T20:10:11,incoming,MeterValues,874,0.000
1782241811.885,2026-06-23T20:10:11,incoming,MeterValues,0,0.452
1782241811.886,2026-06-23T20:10:11,outgoing,CallResult,45,0.000
1782241813.529,2026-06-23T20:10:13,incoming,Heartbeat,57,0.000
1782241813.530,2026-06-23T20:10:13,outgoing,CallResult,81,0.000
1782241821.912,2026-06-23T20:10:21,incoming,MeterValues,867,0.000
1782241821.915,2026-06-23T20:10:21,incoming,MeterValues,0,0.412
1782241821.915,2026-06-23T20:10:21,outgoing,CallResult,45,0.000
1782241823.589,2026-06-23T20:10:23,incoming,Heartbeat,57,0.000
1782241823.590,2026-06-23T20:10:23,outgoing,CallResult,81,0.000
1782241832.333,2026-06-23T20:10:32,incoming,MeterValues,870,0.000
1782241832.335,2026-06-23T20:10:32,incoming,MeterValues,0,0.414
1782241832.336,2026-06-23T20:10:32,outgoing,CallResult,45,0.000
1782241833.613,2026-06-23T20:10:33,incoming,Heartbeat,57,0.000
1782241833.614,2026-06-23T20:10:33,outgoing,CallResult,81,0.000
1782241842.368,2026-06-23T20:10:42,incoming,MeterValues,878,0.000
1782241842.370,2026-06-23T20:10:42,incoming,MeterValues,0,0.409
1782241842.371,2026-06-23T20:10:42,outgoing,CallResult,45,0.000
1782241843.626,2026-06-23T20:10:43,incoming,Heartbeat,57,0.000
1782241843.627,2026-06-23T20:10:43,outgoing,CallResult,81,0.000
1782241852.409,2026-06-23T20:10:52,incoming,MeterValues,878,0.000
1782241852.412,2026-06-23T20:10:52,incoming,MeterValues,0,0.287
1782241852.412,2026-06-23T20:10:52,outgoing,CallResult,45,0.000
1782241853.643,2026-06-23T20:10:53,incoming,Heartbeat,57,0.000
1782241853.644,2026-06-23T20:10:53,outgoing,CallResult,81,0.000
1782241862.445,2026-06-23T20:11:02,incoming,MeterValues,868,0.000
1782241862.447,2026-06-23T20:11:02,incoming,MeterValues,0,0.276
1782241862.448,2026-06-23T20:11:02,outgoing,CallResult,45,0.000
1782241863.660,2026-06-23T20:11:03,incoming,Heartbeat,57,0.000
1782241863.661,2026-06-23T20:11:03,outgoing,CallResult,81,0.000
1782241872.480,2026-06-23T20:11:12,incoming,MeterValues,880,0.000
1782241872.482,2026-06-23T20:11:12,incoming,MeterValues,0,0.278
1782241872.483,2026-06-23T20:11:12,outgoing,CallResult,45,0.000
1782241873.889,2026-06-23T20:11:13,incoming,Heartbeat,57,0.000
1782241873.892,2026-06-23T20:11:13,outgoing,CallResult,81,0.000
1782241882.514,2026-06-23T20:11:22,incoming,MeterValues,868,0.000
1782241882.517,2026-06-23T20:11:22,incoming,MeterValues,0,0.425
1782241882.517,2026-06-23T20:11:22,outgoing,CallResult,45,0.000
1782241883.937,2026-06-23T20:11:23,incoming,Heartbeat,57,0.000
1782241883.939,2026-06-23T20:11:23,outgoing,CallResult,81,0.000
1782241892.549,2026-06-23T20:11:32,incoming,MeterValues,868,0.000
1782241892.552,2026-06-23T20:11:32,incoming,MeterValues,0,0.386
1782241892.552,2026-06-23T20:11:32,outgoing,CallResult,45,0.000
1782241893.952,2026-06-23T20:11:33,incoming,Heartbeat,57,0.000
1782241893.953,2026-06-23T20:11:33,outgoing,CallResult,81,0.000
1782241902.792,2026-06-23T20:11:42,incoming,MeterValues,878,0.000
1782241902.795,2026-06-23T20:11:42,incoming,MeterValues,0,0.388
1782241902.795,2026-06-23T20:11:42,outgoing,CallResult,45,0.000
1782241903.964,2026-06-23T20:11:43,incoming,Heartbeat,57,0.000
1782241903.965,2026-06-23T20:11:43,outgoing,CallResult,81,0.000
1782241912.827,2026-06-23T20:11:52,incoming,MeterValues,878,0.000
1782241912.829,2026-06-23T20:11:52,incoming,MeterValues,0,0.310
1782241912.830,2026-06-23T20:11:52,outgoing,CallResult,45,0.000
1782241913.981,2026-06-23T20:11:53,incoming,Heartbeat,57,0.000
1782241913.983,2026-06-23T20:11:53,outgoing,CallResult,81,0.000
1782241922.860,2026-06-23T20:12:02,incoming,MeterValues,868,0.000
1782241922.863,2026-06-23T20:12:02,incoming,MeterValues,0,0.411
1782241922.863,2026-06-23T20:12:02,outgoing,CallResult,45,0.000
1782241923.998,2026-06-23T20:12:03,incoming,Heartbeat,57,0.000
1782241923.999,2026-06-23T20:12:03,outgoing,CallResult,81,0.000
1782241932.903,2026-06-23T20:12:12,incoming,MeterValues,868,0.000
1782241932.905,2026-06-23T20:12:12,incoming,MeterValues,0,0.435
1782241932.906,2026-06-23T20:12:12,outgoing,CallResult,45,0.000
1782241934.014,2026-06-23T20:12:14,incoming,Heartbeat,57,0.000
1782241934.015,2026-06-23T20:12:14,outgoing,CallResult,81,0.000
1782241943.190,2026-06-23T20:12:23,incoming,MeterValues,878,0.000
1782241943.192,2026-06-23T20:12:23,incoming,MeterValues,0,0.422
1782241943.193,2026-06-23T20:12:23,outgoing,CallResult,45,0.000
1782241944.034,2026-06-23T20:12:24,incoming,Heartbeat,57,0.000
1782241944.035,2026-06-23T20:12:24,outgoing,CallResult,81,0.000
1782241953.226,2026-06-23T20:12:33,incoming,MeterValues,878,0.000
1782241953.228,2026-06-23T20:12:33,incoming,MeterValues,0,0.274
1782241953.229,2026-06-23T20:12:33,outgoing,CallResult,45,0.000
1782241954.045,2026-06-23T20:12:34,incoming,Heartbeat,57,0.000
1782241954.046,2026-06-23T20:12:34,outgoing,CallResult,81,0.000
1782241963.259,2026-06-23T20:12:43,incoming,MeterValues,868,0.000
1782241963.261,2026-06-23T20:12:43,incoming,MeterValues,0,0.241
1782241963.262,2026-06-23T20:12:43,outgoing,CallResult,45,0.000
1782241964.059,2026-06-23T20:12:44,incoming,Heartbeat,57,0.000
1782241964.060,2026-06-23T20:12:44,outgoing,CallResult,81,0.000
1782241973.294,2026-06-23T20:12:53,incoming,MeterValues,880,0.000
1782241973.296,2026-06-23T20:12:53,incoming,MeterValues,0,0.279
1782241973.297,2026-06-23T20:12:53,outgoing,CallResult,45,0.000
1782241974.076,2026-06-23T20:12:54,incoming,Heartbeat,57,0.000
1782241974.077,2026-06-23T20:12:54,outgoing,CallResult,81,0.000
1782241983.332,2026-06-23T20:13:03,incoming,MeterValues,880,0.000
1782241983.334,2026-06-23T20:13:03,incoming,MeterValues,0,0.281
1782241983.335,2026-06-23T20:13:03,outgoing,CallResult,45,0.000
1782241984.089,2026-06-23T20:13:04,incoming,Heartbeat,57,0.000
1782241984.090,2026-06-23T20:13:04,outgoing,CallResult,81,0.000
1782241993.366,2026-06-23T20:13:13,incoming,MeterValues,878,0.000
1782241993.369,2026-06-23T20:13:13,incoming,MeterValues,0,0.275
1782241993.369,2026-06-23T20:13:13,outgoing,CallResult,45,0.000
1782241994.402,2026-06-23T20:13:14,incoming,Heartbeat,57,0.000
1782241994.403,2026-06-23T20:13:14,outgoing,CallResult,81,0.000
1782242003.401,2026-06-23T20:13:23,incoming,MeterValues,875,0.000
1782242003.403,2026-06-23T20:13:23,incoming,MeterValues,0,0.277
1782242003.404,2026-06-23T20:13:23,outgoing,CallResult,45,0.000
1782242004.414,2026-06-23T20:13:24,incoming,Heartbeat,57,0.000
1782242004.415,2026-06-23T20:13:24,outgoing,CallResult,81,0.000
1782242014.049,2026-06-23T20:13:34,incoming,MeterValues,880,0.000
1782242014.052,2026-06-23T20:13:34,incoming,MeterValues,0,0.281
1782242014.052,2026-06-23T20:13:34,outgoing,CallResult,45,0.000
1782242014.425,2026-06-23T20:13:34,incoming,Heartbeat,57,0.000
1782242014.426,2026-06-23T20:13:34,outgoing,CallResult,81,0.000
1782242024.084,2026-06-23T20:13:44,incoming,MeterValues,875,0.000
1782242024.086,2026-06-23T20:13:44,incoming,MeterValues,0,0.261
1782242024.087,2026-06-23T20:13:44,outgoing,CallResult,45,0.000
1782242024.437,2026-06-23T20:13:44,incoming,Heartbeat,57,0.000
1782242024.438,2026-06-23T20:13:44,outgoing,CallResult,81,0.000
1782242034.114,2026-06-23T20:13:54,incoming,MeterValues,868,0.000
1782242034.117,2026-06-23T20:13:54,incoming,MeterValues,0,0.279
1782242034.117,2026-06-23T20:13:54,outgoing,CallResult,45,0.000
1782242034.448,2026-06-23T20:13:54,incoming,Heartbeat,57,0.000
1782242034.449,2026-06-23T20:13:54,outgoing,CallResult,81,0.000
1782242044.144,2026-06-23T20:14:04,incoming,MeterValues,871,0.000
1782242044.147,2026-06-23T20:14:04,incoming,MeterValues,0,0.275
1782242044.147,2026-06-23T20:14:04,outgoing,CallResult,45,0.000
1782242044.459,2026-06-23T20:14:04,incoming,Heartbeat,57,0.000
1782242044.460,2026-06-23T20:14:04,outgoing,CallResult,81,0.000
1782242054.180,2026-06-23T20:14:14,incoming,MeterValues,878,0.000
1782242054.183,2026-06-23T20:14:14,incoming,MeterValues,0,0.424
1782242054.183,2026-06-23T20:14:14,outgoing,CallResult,45,0.000
1782242054.470,2026-06-23T20:14:14,incoming,Heartbeat,57,0.000
1782242054.471,2026-06-23T20:14:14,outgoing,CallResult,81,0.000
1782242064.215,2026-06-23T20:14:24,incoming,MeterValues,878,0.000
1782242064.218,2026-06-23T20:14:24,incoming,MeterValues,0,0.415
1782242064.219,2026-06-23T20:14:24,outgoing,CallResult,45,0.000
1782242064.484,2026-06-23T20:14:24,incoming,Heartbeat,57,0.000
1782242064.485,2026-06-23T20:14:24,outgoing,CallResult,81,0.000
1782242074.436,2026-06-23T20:14:34,incoming,MeterValues,868,0.000
1782242074.438,2026-06-23T20:14:34,incoming,MeterValues,0,0.322
1782242074.439,2026-06-23T20:14:34,outgoing,CallResult,45,0.000
1782242074.500,2026-06-23T20:14:34,incoming,Heartbeat,57,0.000
1782242074.501,2026-06-23T20:14:34,outgoing,CallResult,81,0.000
1782242084.467,2026-06-23T20:14:44,incoming,MeterValues,868,0.000
1782242084.470,2026-06-23T20:14:44,incoming,MeterValues,0,0.268
1782242084.470,2026-06-23T20:14:44,outgoing,CallResult,45,0.000
1782242084.510,2026-06-23T20:14:44,incoming,Heartbeat,57,0.000
1782242084.511,2026-06-23T20:14:44,outgoing,CallResult,81,0.000
1782242094.502,2026-06-23T20:14:54,incoming,MeterValues,882,0.000
1782242094.504,2026-06-23T20:14:54,incoming,MeterValues,0,0.273
1782242094.505,2026-06-23T20:14:54,outgoing,CallResult,45,0.000
1782242094.522,2026-06-23T20:14:54,incoming,Heartbeat,57,0.000
1782242094.522,2026-06-23T20:14:54,outgoing,CallResult,81,0.000
1782242104.533,2026-06-23T20:15:04,incoming,MeterValues,868,0.000
1782242104.536,2026-06-23T20:15:04,incoming,MeterValues,0,0.271
1782242104.536,2026-06-23T20:15:04,outgoing,CallResult,45,0.000
1782242104.543,2026-06-23T20:15:04,incoming,Heartbeat,57,0.000
1782242104.544,2026-06-23T20:15:04,outgoing,CallResult,81,0.000
1782242114.573,2026-06-23T20:15:14,incoming,MeterValues,882,0.000
1782242114.575,2026-06-23T20:15:14,incoming,MeterValues,0,0.348
1782242114.575,2026-06-23T20:15:14,outgoing,CallResult,45,0.000
1782242114.586,2026-06-23T20:15:14,incoming,Heartbeat,57,0.000
1782242114.587,2026-06-23T20:15:14,outgoing,CallResult,81,0.000
1782242124.611,2026-06-23T20:15:24,incoming,MeterValues,868,0.000
1782242124.613,2026-06-23T20:15:24,incoming,MeterValues,0,0.281
1782242124.614,2026-06-23T20:15:24,outgoing,CallResult,45,0.000
1782242124.620,2026-06-23T20:15:24,incoming,Heartbeat,57,0.000
1782242124.621,2026-06-23T20:15:24,outgoing,CallResult,81,0.000
1782242134.650,2026-06-23T20:15:34,incoming,MeterValues,882,0.000
1782242134.653,2026-06-23T20:15:34,incoming,MeterValues,0,0.433
1782242134.653,2026-06-23T20:15:34,outgoing,CallResult,45,0.000
1782242134.660,2026-06-23T20:15:34,incoming,Heartbeat,57,0.000
1782242134.661,2026-06-23T20:15:34,outgoing,CallResult,81,0.000
1782242144.684,2026-06-23T20:15:44,incoming,MeterValues,868,0.000
1782242144.686,2026-06-23T20:15:44,incoming,MeterValues,0,0.335
1782242144.687,2026-06-23T20:15:44,outgoing,CallResult,45,0.000
1782242144.694,2026-06-23T20:15:44,incoming,Heartbeat,57,0.000
1782242144.694,2026-06-23T20:15:44,outgoing,CallResult,81,0.000
1782242154.723,2026-06-23T20:15:54,incoming,MeterValues,878,0.000
1782242154.726,2026-06-23T20:15:54,incoming,MeterValues,0,0.280
1782242154.727,2026-06-23T20:15:54,outgoing,CallResult,45,0.000
1782242154.946,2026-06-23T20:15:54,incoming,Heartbeat,57,0.000
1782242154.947,2026-06-23T20:15:54,outgoing,CallResult,81,0.000
1782242164.974,2026-06-23T20:16:04,incoming,MeterValues,877,0.000
1782242164.977,2026-06-23T20:16:04,incoming,MeterValues,0,0.273
1782242164.977,2026-06-23T20:16:04,outgoing,CallResult,45,0.000
1782242164.986,2026-06-23T20:16:04,incoming,Heartbeat,57,0.000
1782242164.987,2026-06-23T20:16:04,outgoing,CallResult,81,0.000
1782242175.009,2026-06-23T20:16:15,incoming,MeterValues,867,0.000
1782242175.012,2026-06-23T20:16:15,incoming,MeterValues,0,0.289
1782242175.012,2026-06-23T20:16:15,outgoing,CallResult,45,0.000
1782242175.019,2026-06-23T20:16:15,incoming,Heartbeat,57,0.000
1782242175.019,2026-06-23T20:16:15,outgoing,CallResult,81,0.000
1782242185.049,2026-06-23T20:16:25,incoming,MeterValues,867,0.000
1782242185.051,2026-06-23T20:16:25,incoming,MeterValues,0,0.275
1782242185.052,2026-06-23T20:16:25,outgoing,CallResult,45,0.000
1782242185.059,2026-06-23T20:16:25,incoming,Heartbeat,57,0.000
1782242185.060,2026-06-23T20:16:25,outgoing,CallResult,81,0.000
1782242195.360,2026-06-23T20:16:35,incoming,Heartbeat,57,0.000
1782242195.361,2026-06-23T20:16:35,outgoing,CallResult,81,0.000
1782242195.368,2026-06-23T20:16:35,incoming,MeterValues,878,0.000
1782242195.371,2026-06-23T20:16:35,incoming,MeterValues,0,0.273
1782242195.371,2026-06-23T20:16:35,outgoing,CallResult,45,0.000
1782242205.378,2026-06-23T20:16:45,incoming,Heartbeat,57,0.000
1782242205.379,2026-06-23T20:16:45,outgoing,CallResult,81,0.000
1782242205.401,2026-06-23T20:16:45,incoming,MeterValues,878,0.000
1782242205.404,2026-06-23T20:16:45,incoming,MeterValues,0,0.273
1782242205.404,2026-06-23T20:16:45,outgoing,CallResult,45,0.000
1782242215.412,2026-06-23T20:16:55,incoming,Heartbeat,57,0.000
1782242215.413,2026-06-23T20:16:55,outgoing,CallResult,81,0.000
1782242215.433,2026-06-23T20:16:55,incoming,MeterValues,868,0.000
1782242215.436,2026-06-23T20:16:55,incoming,MeterValues,0,0.399
1782242215.436,2026-06-23T20:16:55,outgoing,CallResult,45,0.000
1782242225.442,2026-06-23T20:17:05,incoming,Heartbeat,57,0.000
1782242225.443,2026-06-23T20:17:05,outgoing,CallResult,81,0.000
1782242225.505,2026-06-23T20:17:05,incoming,MeterValues,868,0.000
1782242225.508,2026-06-23T20:17:05,incoming,MeterValues,0,0.275
1782242225.508,2026-06-23T20:17:05,outgoing,CallResult,45,0.000
1782242235.474,2026-06-23T20:17:15,incoming,Heartbeat,57,0.000
1782242235.475,2026-06-23T20:17:15,outgoing,CallResult,81,0.000
1782242235.793,2026-06-23T20:17:15,incoming,MeterValues,878,0.000
1782242235.795,2026-06-23T20:17:15,incoming,MeterValues,0,0.273
1782242235.795,2026-06-23T20:17:15,outgoing,CallResult,45,0.000
1782242245.492,2026-06-23T20:17:25,incoming,Heartbeat,57,0.000
1782242245.493,2026-06-23T20:17:25,outgoing,CallResult,81,0.000
1782242245.826,2026-06-23T20:17:25,incoming,MeterValues,882,0.000
1782242245.829,2026-06-23T20:17:25,incoming,MeterValues,0,0.280
1782242245.829,2026-06-23T20:17:25,outgoing,CallResult,45,0.000
1782242255.504,2026-06-23T20:17:35,incoming,Heartbeat,57,0.000
1782242255.505,2026-06-23T20:17:35,outgoing,CallResult,81,0.000
1782242255.858,2026-06-23T20:17:35,incoming,MeterValues,871,0.000
1782242255.860,2026-06-23T20:17:35,incoming,MeterValues,0,0.270
1782242255.861,2026-06-23T20:17:35,outgoing,CallResult,45,0.000
1782242265.514,2026-06-23T20:17:45,incoming,Heartbeat,57,0.000
1782242265.515,2026-06-23T20:17:45,outgoing,CallResult,81,0.000
1782242265.894,2026-06-23T20:17:45,incoming,MeterValues,878,0.000
1782242265.896,2026-06-23T20:17:45,incoming,MeterValues,0,0.269
1782242265.897,2026-06-23T20:17:45,outgoing,CallResult,45,0.000
1782242275.526,2026-06-23T20:17:55,incoming,Heartbeat,57,0.000
1782242275.527,2026-06-23T20:17:55,outgoing,CallResult,81,0.000
1782242275.926,2026-06-23T20:17:55,incoming,MeterValues,878,0.000
1782242275.928,2026-06-23T20:17:55,incoming,MeterValues,0,0.216
1782242275.929,2026-06-23T20:17:55,outgoing,CallResult,45,0.000
1782242285.539,2026-06-23T20:18:05,incoming,Heartbeat,57,0.000
1782242285.540,2026-06-23T20:18:05,outgoing,CallResult,81,0.000
1782242285.957,2026-06-23T20:18:05,incoming,MeterValues,868,0.000
1782242285.960,2026-06-23T20:18:05,incoming,MeterValues,0,0.420
1782242285.961,2026-06-23T20:18:05,outgoing,CallResult,45,0.000
1782242295.552,2026-06-23T20:18:15,incoming,Heartbeat,57,0.000
1782242295.553,2026-06-23T20:18:15,outgoing,CallResult,81,0.000
1782242295.994,2026-06-23T20:18:15,incoming,MeterValues,868,0.000
1782242295.997,2026-06-23T20:18:15,incoming,MeterValues,0,0.264
1782242295.997,2026-06-23T20:18:15,outgoing,CallResult,45,0.000
1782242305.565,2026-06-23T20:18:25,incoming,Heartbeat,57,0.000
1782242305.566,2026-06-23T20:18:25,outgoing,CallResult,81,0.000
1782242306.027,2026-06-23T20:18:26,incoming,MeterValues,868,0.000
1782242306.030,2026-06-23T20:18:26,incoming,MeterValues,0,0.288
1782242306.030,2026-06-23T20:18:26,outgoing,CallResult,45,0.000
1782242315.579,2026-06-23T20:18:35,incoming,Heartbeat,57,0.000
1782242315.580,2026-06-23T20:18:35,outgoing,CallResult,81,0.000
1782242316.062,2026-06-23T20:18:36,incoming,MeterValues,868,0.000
1782242316.065,2026-06-23T20:18:36,incoming,MeterValues,0,0.270
1782242316.065,2026-06-23T20:18:36,outgoing,CallResult,45,0.000
1782242325.590,2026-06-23T20:18:45,incoming,Heartbeat,57,0.000
1782242325.591,2026-06-23T20:18:45,outgoing,CallResult,81,0.000
1782242326.272,2026-06-23T20:18:46,incoming,MeterValues,868,0.000
1782242326.275,2026-06-23T20:18:46,incoming,MeterValues,0,0.268
1782242326.275,2026-06-23T20:18:46,outgoing,CallResult,45,0.000
1782242335.602,2026-06-23T20:18:55,incoming,Heartbeat,57,0.000
1782242335.603,2026-06-23T20:18:55,outgoing,CallResult,81,0.000
1782242336.307,2026-06-23T20:18:56,incoming,MeterValues,868,0.000
1782242336.310,2026-06-23T20:18:56,incoming,MeterValues,0,0.268
1782242336.310,2026-06-23T20:18:56,outgoing,CallResult,45,0.000
1782242345.613,2026-06-23T20:19:05,incoming,Heartbeat,57,0.000
1782242345.614,2026-06-23T20:19:05,outgoing,CallResult,81,0.000
1782242346.340,2026-06-23T20:19:06,incoming,MeterValues,868,0.000
1782242346.342,2026-06-23T20:19:06,incoming,MeterValues,0,0.414
1782242346.343,2026-06-23T20:19:06,outgoing,CallResult,45,0.000
1782242355.626,2026-06-23T20:19:15,incoming,Heartbeat,57,0.000
1782242355.627,2026-06-23T20:19:15,outgoing,CallResult,81,0.000
1782242356.385,2026-06-23T20:19:16,incoming,MeterValues,868,0.000
1782242356.388,2026-06-23T20:19:16,incoming,MeterValues,0,0.437
1782242356.388,2026-06-23T20:19:16,outgoing,CallResult,45,0.000
1782242365.639,2026-06-23T20:19:25,incoming,Heartbeat,57,0.000
1782242365.640,2026-06-23T20:19:25,outgoing,CallResult,81,0.000
1782242366.421,2026-06-23T20:19:26,incoming,MeterValues,868,0.000
1782242366.424,2026-06-23T20:19:26,incoming,MeterValues,0,0.403
1782242366.424,2026-06-23T20:19:26,outgoing,CallResult,45,0.000
1782242376.260,2026-06-23T20:19:36,incoming,Heartbeat,57,0.000
1782242376.261,2026-06-23T20:19:36,outgoing,CallResult,81,0.000
1782242376.666,2026-06-23T20:19:36,incoming,MeterValues,868,0.000
1782242376.669,2026-06-23T20:19:36,incoming,MeterValues,0,0.268
1782242376.669,2026-06-23T20:19:36,outgoing,CallResult,45,0.000
1782242386.271,2026-06-23T20:19:46,incoming,Heartbeat,57,0.000
1782242386.272,2026-06-23T20:19:46,outgoing,CallResult,81,0.000
1782242386.702,2026-06-23T20:19:46,incoming,MeterValues,868,0.000
1782242386.704,2026-06-23T20:19:46,incoming,MeterValues,0,0.278
1782242386.705,2026-06-23T20:19:46,outgoing,CallResult,45,0.000
1782242396.305,2026-06-23T20:19:56,incoming,Heartbeat,57,0.000
1782242396.306,2026-06-23T20:19:56,outgoing,CallResult,81,0.000
1782242396.737,2026-06-23T20:19:56,incoming,MeterValues,868,0.000
1782242396.739,2026-06-23T20:19:56,incoming,MeterValues,0,0.277
1782242396.739,2026-06-23T20:19:56,outgoing,CallResult,45,0.000
1782242406.317,2026-06-23T20:20:06,incoming,Heartbeat,57,0.000
1782242406.318,2026-06-23T20:20:06,outgoing,CallResult,81,0.000
1782242406.772,2026-06-23T20:20:06,incoming,MeterValues,868,0.000
1782242406.775,2026-06-23T20:20:06,incoming,MeterValues,0,0.273
1782242406.776,2026-06-23T20:20:06,outgoing,CallResult,45,0.000
1782242416.328,2026-06-23T20:20:16,incoming,Heartbeat,57,0.000
1782242416.329,2026-06-23T20:20:16,outgoing,CallResult,81,0.000
1782242416.807,2026-06-23T20:20:16,incoming,MeterValues,868,0.000
1782242416.809,2026-06-23T20:20:16,incoming,MeterValues,0,0.279
1782242416.810,2026-06-23T20:20:16,outgoing,CallResult,45,0.000
1782242426.344,2026-06-23T20:20:26,incoming,Heartbeat,57,0.000
1782242426.346,2026-06-23T20:20:26,outgoing,CallResult,81,0.000
1782242426.842,2026-06-23T20:20:26,incoming,MeterValues,868,0.000
1782242426.844,2026-06-23T20:20:26,incoming,MeterValues,0,0.274
1782242426.845,2026-06-23T20:20:26,outgoing,CallResult,45,0.000
1782242436.371,2026-06-23T20:20:36,incoming,Heartbeat,57,0.000
1782242436.372,2026-06-23T20:20:36,outgoing,CallResult,81,0.000
1782242436.877,2026-06-23T20:20:36,incoming,MeterValues,868,0.000
1782242436.879,2026-06-23T20:20:36,incoming,MeterValues,0,0.273
1782242436.880,2026-06-23T20:20:36,outgoing,CallResult,45,0.000
1782242446.392,2026-06-23T20:20:46,incoming,Heartbeat,57,0.000
1782242446.393,2026-06-23T20:20:46,outgoing,CallResult,81,0.000
1782242446.909,2026-06-23T20:20:46,incoming,MeterValues,868,0.000
1782242446.912,2026-06-23T20:20:46,incoming,MeterValues,0,0.278
1782242446.912,2026-06-23T20:20:46,outgoing,CallResult,45,0.000
1782242456.407,2026-06-23T20:20:56,incoming,Heartbeat,57,0.000
1782242456.408,2026-06-23T20:20:56,outgoing,CallResult,81,0.000
1782242457.181,2026-06-23T20:20:57,incoming,MeterValues,868,0.000
1782242457.183,2026-06-23T20:20:57,incoming,MeterValues,0,0.279
1782242457.184,2026-06-23T20:20:57,outgoing,CallResult,45,0.000
1782242466.424,2026-06-23T20:21:06,incoming,Heartbeat,57,0.000
1782242466.425,2026-06-23T20:21:06,outgoing,CallResult,81,0.000
1782242467.216,2026-06-23T20:21:07,incoming,MeterValues,868,0.000
1782242467.219,2026-06-23T20:21:07,incoming,MeterValues,0,0.271
1782242467.219,2026-06-23T20:21:07,outgoing,CallResult,45,0.000
1782242476.435,2026-06-23T20:21:16,incoming,Heartbeat,57,0.000
1782242476.436,2026-06-23T20:21:16,outgoing,CallResult,81,0.000
1782242477.247,2026-06-23T20:21:17,incoming,MeterValues,868,0.000
1782242477.250,2026-06-23T20:21:17,incoming,MeterValues,0,0.269
1782242477.250,2026-06-23T20:21:17,outgoing,CallResult,45,0.000
1782242486.450,2026-06-23T20:21:26,incoming,Heartbeat,57,0.000
1782242486.451,2026-06-23T20:21:26,outgoing,CallResult,81,0.000
1782242487.282,2026-06-23T20:21:27,incoming,MeterValues,868,0.000
1782242487.285,2026-06-23T20:21:27,incoming,MeterValues,0,0.264
1782242487.285,2026-06-23T20:21:27,outgoing,CallResult,45,0.000
1782242496.464,2026-06-23T20:21:36,incoming,Heartbeat,57,0.000
1782242496.465,2026-06-23T20:21:36,outgoing,CallResult,81,0.000
1782242497.312,2026-06-23T20:21:37,incoming,MeterValues,868,0.000
1782242497.314,2026-06-23T20:21:37,incoming,MeterValues,0,0.273
1782242497.315,2026-06-23T20:21:37,outgoing,CallResult,45,0.000
1782242506.479,2026-06-23T20:21:46,incoming,Heartbeat,57,0.000
1782242506.480,2026-06-23T20:21:46,outgoing,CallResult,81,0.000
1782242507.344,2026-06-23T20:21:47,incoming,MeterValues,868,0.000
1782242507.347,2026-06-23T20:21:47,incoming,MeterValues,0,0.308
1782242507.347,2026-06-23T20:21:47,outgoing,CallResult,45,0.000
1782242516.496,2026-06-23T20:21:56,incoming,Heartbeat,57,0.000
1782242516.497,2026-06-23T20:21:56,outgoing,CallResult,81,0.000
1782242517.631,2026-06-23T20:21:57,incoming,MeterValues,868,0.000
1782242517.633,2026-06-23T20:21:57,incoming,MeterValues,0,0.271
1782242517.634,2026-06-23T20:21:57,outgoing,CallResult,45,0.000
1782242526.514,2026-06-23T20:22:06,incoming,Heartbeat,57,0.000
1782242526.515,2026-06-23T20:22:06,outgoing,CallResult,81,0.000
1782242527.666,2026-06-23T20:22:07,incoming,MeterValues,868,0.000
1782242527.668,2026-06-23T20:22:07,incoming,MeterValues,0,0.274
1782242527.669,2026-06-23T20:22:07,outgoing,CallResult,45,0.000
1782242536.541,2026-06-23T20:22:16,incoming,Heartbeat,57,0.000
1782242536.542,2026-06-23T20:22:16,outgoing,CallResult,81,0.000
1782242537.702,2026-06-23T20:22:17,incoming,MeterValues,868,0.000
1782242537.704,2026-06-23T20:22:17,incoming,MeterValues,0,0.220
1782242537.704,2026-06-23T20:22:17,outgoing,CallResult,45,0.000
1782242546.553,2026-06-23T20:22:26,incoming,Heartbeat,57,0.000
1782242546.554,2026-06-23T20:22:26,outgoing,CallResult,81,0.000
1782242547.736,2026-06-23T20:22:27,incoming,MeterValues,868,0.000
1782242547.739,2026-06-23T20:22:27,incoming,MeterValues,0,0.389
1782242547.740,2026-06-23T20:22:27,outgoing,CallResult,45,0.000
1782242556.570,2026-06-23T20:22:36,incoming,Heartbeat,57,0.000
1782242556.571,2026-06-23T20:22:36,outgoing,CallResult,81,0.000
1782242557.772,2026-06-23T20:22:37,incoming,MeterValues,868,0.000
1782242557.774,2026-06-23T20:22:37,incoming,MeterValues,0,0.271
1782242557.775,2026-06-23T20:22:37,outgoing,CallResult,45,0.000
1782242566.586,2026-06-23T20:22:46,incoming,Heartbeat,57,0.000
1782242566.587,2026-06-23T20:22:46,outgoing,CallResult,81,0.000
1782242567.808,2026-06-23T20:22:47,incoming,MeterValues,868,0.000
1782242567.810,2026-06-23T20:22:47,incoming,MeterValues,0,0.278
1782242567.811,2026-06-23T20:22:47,outgoing,CallResult,45,0.000
1782242576.818,2026-06-23T20:22:56,incoming,Heartbeat,57,0.000
1782242576.819,2026-06-23T20:22:56,outgoing,CallResult,81,0.000
1782242578.090,2026-06-23T20:22:58,incoming,MeterValues,868,0.000
1782242578.092,2026-06-23T20:22:58,incoming,MeterValues,0,0.276
1782242578.092,2026-06-23T20:22:58,outgoing,CallResult,45,0.000
1782242586.837,2026-06-23T20:23:06,incoming,Heartbeat,57,0.000
1782242586.838,2026-06-23T20:23:06,outgoing,CallResult,81,0.000
1782242588.125,2026-06-23T20:23:08,incoming,MeterValues,868,0.000
1782242588.127,2026-06-23T20:23:08,incoming,MeterValues,0,0.423
1782242588.128,2026-06-23T20:23:08,outgoing,CallResult,45,0.000
1782242596.886,2026-06-23T20:23:16,incoming,Heartbeat,57,0.000
1782242596.887,2026-06-23T20:23:16,outgoing,CallResult,81,0.000
1782242598.160,2026-06-23T20:23:18,incoming,MeterValues,868,0.000
1782242598.162,2026-06-23T20:23:18,incoming,MeterValues,0,0.283
1782242598.163,2026-06-23T20:23:18,outgoing,CallResult,45,0.000
1782242606.897,2026-06-23T20:23:26,incoming,Heartbeat,57,0.000
1782242606.898,2026-06-23T20:23:26,outgoing,CallResult,81,0.000
1782242608.192,2026-06-23T20:23:28,incoming,MeterValues,868,0.000
1782242608.195,2026-06-23T20:23:28,incoming,MeterValues,0,0.433
1782242608.195,2026-06-23T20:23:28,outgoing,CallResult,45,0.000
1782242616.908,2026-06-23T20:23:36,incoming,Heartbeat,57,0.000
1782242616.909,2026-06-23T20:23:36,outgoing,CallResult,81,0.000
1782242618.228,2026-06-23T20:23:38,incoming,MeterValues,868,0.000
1782242618.230,2026-06-23T20:23:38,incoming,MeterValues,0,0.345
1782242618.231,2026-06-23T20:23:38,outgoing,CallResult,45,0.000
1782242627.302,2026-06-23T20:23:47,incoming,Heartbeat,57,0.000
1782242627.303,2026-06-23T20:23:47,outgoing,CallResult,81,0.000
1782242628.262,2026-06-23T20:23:48,incoming,MeterValues,868,0.000
1782242628.265,2026-06-23T20:23:48,incoming,MeterValues,0,0.410
1782242628.265,2026-06-23T20:23:48,outgoing,CallResult,45,0.000
1782242637.318,2026-06-23T20:23:57,incoming,Heartbeat,57,0.000
1782242637.319,2026-06-23T20:23:57,outgoing,CallResult,81,0.000
1782242638.496,2026-06-23T20:23:58,incoming,MeterValues,868,0.000
1782242638.499,2026-06-23T20:23:58,incoming,MeterValues,0,0.426
1782242638.500,2026-06-23T20:23:58,outgoing,CallResult,45,0.000
1782242647.334,2026-06-23T20:24:07,incoming,Heartbeat,57,0.000
1782242647.335,2026-06-23T20:24:07,outgoing,CallResult,81,0.000
1782242648.555,2026-06-23T20:24:08,incoming,MeterValues,868,0.000
1782242648.558,2026-06-23T20:24:08,incoming,MeterValues,0,0.525
1782242648.558,2026-06-23T20:24:08,outgoing,CallResult,45,0.000
1782242657.348,2026-06-23T20:24:17,incoming,Heartbeat,57,0.000
1782242657.349,2026-06-23T20:24:17,outgoing,CallResult,81,0.000
1782242658.586,2026-06-23T20:24:18,incoming,MeterValues,868,0.000
1782242658.589,2026-06-23T20:24:18,incoming,MeterValues,0,0.406
1782242658.589,2026-06-23T20:24:18,outgoing,CallResult,45,0.000
1782242667.365,2026-06-23T20:24:27,incoming,Heartbeat,57,0.000
1782242667.366,2026-06-23T20:24:27,outgoing,CallResult,81,0.000
1782242668.629,2026-06-23T20:24:28,incoming,MeterValues,868,0.000
1782242668.631,2026-06-23T20:24:28,incoming,MeterValues,0,0.415
1782242668.632,2026-06-23T20:24:28,outgoing,CallResult,45,0.000
1782242677.382,2026-06-23T20:24:37,incoming,Heartbeat,57,0.000
1782242677.383,2026-06-23T20:24:37,outgoing,CallResult,81,0.000
1782242678.664,2026-06-23T20:24:38,incoming,MeterValues,868,0.000
1782242678.666,2026-06-23T20:24:38,incoming,MeterValues,0,0.277
1782242678.667,2026-06-23T20:24:38,outgoing,CallResult,45,0.000
1782242687.398,2026-06-23T20:24:47,incoming,Heartbeat,57,0.000
1782242687.399,2026-06-23T20:24:47,outgoing,CallResult,81,0.000
1782242688.945,2026-06-23T20:24:48,incoming,MeterValues,868,0.000
1782242688.948,2026-06-23T20:24:48,incoming,MeterValues,0,0.269
1782242688.948,2026-06-23T20:24:48,outgoing,CallResult,45,0.000
1782242697.414,2026-06-23T20:24:57,incoming,Heartbeat,57,0.000
1782242697.415,2026-06-23T20:24:57,outgoing,CallResult,81,0.000
1782242698.980,2026-06-23T20:24:58,incoming,MeterValues,868,0.000
1782242698.983,2026-06-23T20:24:58,incoming,MeterValues,0,0.268
1782242698.983,2026-06-23T20:24:58,outgoing,CallResult,45,0.000
1782242707.438,2026-06-23T20:25:07,incoming,Heartbeat,57,0.000
1782242707.439,2026-06-23T20:25:07,outgoing,CallResult,81,0.000
1782242709.039,2026-06-23T20:25:09,incoming,MeterValues,868,0.000
1782242709.042,2026-06-23T20:25:09,incoming,MeterValues,0,0.381
1782242709.042,2026-06-23T20:25:09,outgoing,CallResult,45,0.000
1782242717.457,2026-06-23T20:25:17,incoming,Heartbeat,57,0.000
1782242717.458,2026-06-23T20:25:17,outgoing,CallResult,81,0.000
1782242719.073,2026-06-23T20:25:19,incoming,MeterValues,868,0.000
1782242719.076,2026-06-23T20:25:19,incoming,MeterValues,0,0.269
1782242719.076,2026-06-23T20:25:19,outgoing,CallResult,45,0.000
1782242727.472,2026-06-23T20:25:27,incoming,Heartbeat,57,0.000
1782242727.473,2026-06-23T20:25:27,outgoing,CallResult,81,0.000
1782242729.110,2026-06-23T20:25:29,incoming,MeterValues,868,0.000
1782242729.113,2026-06-23T20:25:29,incoming,MeterValues,0,0.267
1782242729.113,2026-06-23T20:25:29,outgoing,CallResult,45,0.000
1782242737.485,2026-06-23T20:25:37,incoming,Heartbeat,57,0.000
1782242737.486,2026-06-23T20:25:37,outgoing,CallResult,81,0.000
1782242739.145,2026-06-23T20:25:39,incoming,MeterValues,868,0.000
1782242739.147,2026-06-23T20:25:39,incoming,MeterValues,0,0.274
1782242739.148,2026-06-23T20:25:39,outgoing,CallResult,45,0.000
1782242747.502,2026-06-23T20:25:47,incoming,Heartbeat,57,0.000
1782242747.503,2026-06-23T20:25:47,outgoing,CallResult,81,0.000
1782242749.774,2026-06-23T20:25:49,incoming,MeterValues,868,0.000
1782242749.777,2026-06-23T20:25:49,incoming,MeterValues,0,0.271
1782242749.777,2026-06-23T20:25:49,outgoing,CallResult,45,0.000
1782242757.518,2026-06-23T20:25:57,incoming,Heartbeat,57,0.000
1782242757.519,2026-06-23T20:25:57,outgoing,CallResult,81,0.000
1782242759.810,2026-06-23T20:25:59,incoming,MeterValues,868,0.000
1782242759.813,2026-06-23T20:25:59,incoming,MeterValues,0,0.270
1782242759.813,2026-06-23T20:25:59,outgoing,CallResult,45,0.000
1782242767.533,2026-06-23T20:26:07,incoming,Heartbeat,57,0.000
1782242767.534,2026-06-23T20:26:07,outgoing,CallResult,81,0.000
1782242769.842,2026-06-23T20:26:09,incoming,MeterValues,868,0.000
1782242769.845,2026-06-23T20:26:09,incoming,MeterValues,0,0.276
1782242769.845,2026-06-23T20:26:09,outgoing,CallResult,45,0.000
1782242777.547,2026-06-23T20:26:17,incoming,Heartbeat,57,0.000
1782242777.548,2026-06-23T20:26:17,outgoing,CallResult,81,0.000
1782242779.877,2026-06-23T20:26:19,incoming,MeterValues,868,0.000
1782242779.879,2026-06-23T20:26:19,incoming,MeterValues,0,0.405
1782242779.880,2026-06-23T20:26:19,outgoing,CallResult,45,0.000
1782242787.792,2026-06-23T20:26:27,incoming,Heartbeat,57,0.000
1782242787.793,2026-06-23T20:26:27,outgoing,CallResult,81,0.000
1782242789.910,2026-06-23T20:26:29,incoming,MeterValues,868,0.000
1782242789.913,2026-06-23T20:26:29,incoming,MeterValues,0,0.356
1782242789.913,2026-06-23T20:26:29,outgoing,CallResult,45,0.000
1782242798.157,2026-06-23T20:26:38,incoming,Heartbeat,57,0.000
1782242798.158,2026-06-23T20:26:38,outgoing,CallResult,81,0.000
1782242800.154,2026-06-23T20:26:40,incoming,MeterValues,868,0.000
1782242800.157,2026-06-23T20:26:40,incoming,MeterValues,0,0.420
1782242800.158,2026-06-23T20:26:40,outgoing,CallResult,45,0.000
1782242808.169,2026-06-23T20:26:48,incoming,Heartbeat,57,0.000
1782242808.170,2026-06-23T20:26:48,outgoing,CallResult,81,0.000
1782242810.223,2026-06-23T20:26:50,incoming,MeterValues,868,0.000
1782242810.225,2026-06-23T20:26:50,incoming,MeterValues,0,0.332
1782242810.226,2026-06-23T20:26:50,outgoing,CallResult,45,0.000
1782242818.181,2026-06-23T20:26:58,incoming,Heartbeat,57,0.000
1782242818.182,2026-06-23T20:26:58,outgoing,CallResult,81,0.000
1782242820.275,2026-06-23T20:27:00,incoming,MeterValues,868,0.000
1782242820.278,2026-06-23T20:27:00,incoming,MeterValues,0,0.281
1782242820.278,2026-06-23T20:27:00,outgoing,CallResult,45,0.000
1782242828.192,2026-06-23T20:27:08,incoming,Heartbeat,57,0.000
1782242828.193,2026-06-23T20:27:08,outgoing,CallResult,81,0.000
1782242830.309,2026-06-23T20:27:10,incoming,MeterValues,868,0.000
1782242830.312,2026-06-23T20:27:10,incoming,MeterValues,0,0.387
1782242830.313,2026-06-23T20:27:10,outgoing,CallResult,45,0.000
1782242838.209,2026-06-23T20:27:18,incoming,Heartbeat,57,0.000
1782242838.210,2026-06-23T20:27:18,outgoing,CallResult,81,0.000
1782242840.346,2026-06-23T20:27:20,incoming,MeterValues,868,0.000
1782242840.348,2026-06-23T20:27:20,incoming,MeterValues,0,0.406
1782242840.349,2026-06-23T20:27:20,outgoing,CallResult,45,0.000
1782242848.226,2026-06-23T20:27:28,incoming,Heartbeat,57,0.000
1782242848.227,2026-06-23T20:27:28,outgoing,CallResult,81,0.000
1782242850.380,2026-06-23T20:27:30,incoming,MeterValues,868,0.000
1782242850.382,2026-06-23T20:27:30,incoming,MeterValues,0,0.186
1782242850.382,2026-06-23T20:27:30,outgoing,CallResult,45,0.000
1782242858.238,2026-06-23T20:27:38,incoming,Heartbeat,57,0.000
1782242858.239,2026-06-23T20:27:38,outgoing,CallResult,81,0.000
1782242860.626,2026-06-23T20:27:40,incoming,MeterValues,868,0.000
1782242860.628,2026-06-23T20:27:40,incoming,MeterValues,0,0.273
1782242860.629,2026-06-23T20:27:40,outgoing,CallResult,45,0.000
1782242868.249,2026-06-23T20:27:48,incoming,Heartbeat,57,0.000
1782242868.251,2026-06-23T20:27:48,outgoing,CallResult,81,0.000
1782242870.659,2026-06-23T20:27:50,incoming,MeterValues,868,0.000
1782242870.662,2026-06-23T20:27:50,incoming,MeterValues,0,0.463
1782242870.663,2026-06-23T20:27:50,outgoing,CallResult,45,0.000
1782242878.269,2026-06-23T20:27:58,incoming,Heartbeat,57,0.000
1782242878.270,2026-06-23T20:27:58,outgoing,CallResult,81,0.000
1782242880.691,2026-06-23T20:28:00,incoming,MeterValues,868,0.000
1782242880.694,2026-06-23T20:28:00,incoming,MeterValues,0,0.278
1782242880.694,2026-06-23T20:28:00,outgoing,CallResult,45,0.000
1782242888.290,2026-06-23T20:28:08,incoming,Heartbeat,57,0.000
1782242888.291,2026-06-23T20:28:08,outgoing,CallResult,81,0.000
1782242890.726,2026-06-23T20:28:10,incoming,MeterValues,868,0.000
1782242890.729,2026-06-23T20:28:10,incoming,MeterValues,0,0.303
1782242890.729,2026-06-23T20:28:10,outgoing,CallResult,45,0.000
1782242898.306,2026-06-23T20:28:18,incoming,Heartbeat,57,0.000
1782242898.307,2026-06-23T20:28:18,outgoing,CallResult,81,0.000
1782242900.808,2026-06-23T20:28:20,incoming,MeterValues,868,0.000
1782242900.810,2026-06-23T20:28:20,incoming,MeterValues,0,0.350
1782242900.810,2026-06-23T20:28:20,outgoing,CallResult,45,0.000
1782242908.323,2026-06-23T20:28:28,incoming,Heartbeat,57,0.000
1782242908.324,2026-06-23T20:28:28,outgoing,CallResult,81,0.000
1782242911.066,2026-06-23T20:28:31,incoming,MeterValues,868,0.000
1782242911.069,2026-06-23T20:28:31,incoming,MeterValues,0,0.381
1782242911.070,2026-06-23T20:28:31,outgoing,CallResult,45,0.000
1782242918.336,2026-06-23T20:28:38,incoming,Heartbeat,57,0.000
1782242918.338,2026-06-23T20:28:38,outgoing,CallResult,81,0.000
1782242921.102,2026-06-23T20:28:41,incoming,MeterValues,868,0.000
1782242921.104,2026-06-23T20:28:41,incoming,MeterValues,0,0.396
1782242921.105,2026-06-23T20:28:41,outgoing,CallResult,45,0.000
1782242928.356,2026-06-23T20:28:48,incoming,Heartbeat,57,0.000
1782242928.357,2026-06-23T20:28:48,outgoing,CallResult,81,0.000
1782242931.137,2026-06-23T20:28:51,incoming,MeterValues,868,0.000
1782242931.140,2026-06-23T20:28:51,incoming,MeterValues,0,0.351
1782242931.140,2026-06-23T20:28:51,outgoing,CallResult,45,0.000
1782242938.390,2026-06-23T20:28:58,incoming,Heartbeat,57,0.000
1782242938.391,2026-06-23T20:28:58,outgoing,CallResult,81,0.000
1782242941.167,2026-06-23T20:29:01,incoming,MeterValues,868,0.000
1782242941.169,2026-06-23T20:29:01,incoming,MeterValues,0,0.276
1782242941.170,2026-06-23T20:29:01,outgoing,CallResult,45,0.000
1782242948.406,2026-06-23T20:29:08,incoming,Heartbeat,57,0.000
1782242948.407,2026-06-23T20:29:08,outgoing,CallResult,81,0.000
1782242951.200,2026-06-23T20:29:11,incoming,MeterValues,868,0.000
1782242951.203,2026-06-23T20:29:11,incoming,MeterValues,0,0.273
1782242951.203,2026-06-23T20:29:11,outgoing,CallResult,45,0.000
1782242958.635,2026-06-23T20:29:18,incoming,Heartbeat,57,0.000
1782242958.636,2026-06-23T20:29:18,outgoing,CallResult,81,0.000
1782242961.232,2026-06-23T20:29:21,incoming,MeterValues,868,0.000
1782242961.235,2026-06-23T20:29:21,incoming,MeterValues,0,0.273
1782242961.235,2026-06-23T20:29:21,outgoing,CallResult,45,0.000
1782242968.646,2026-06-23T20:29:28,incoming,Heartbeat,57,0.000
1782242968.647,2026-06-23T20:29:28,outgoing,CallResult,81,0.000
1782242971.892,2026-06-23T20:29:31,incoming,MeterValues,868,0.000
1782242971.895,2026-06-23T20:29:31,incoming,MeterValues,0,0.276
1782242971.896,2026-06-23T20:29:31,outgoing,CallResult,45,0.000
1782242978.658,2026-06-23T20:29:38,incoming,Heartbeat,57,0.000
1782242978.659,2026-06-23T20:29:38,outgoing,CallResult,81,0.000
1782242981.923,2026-06-23T20:29:41,incoming,MeterValues,868,0.000
1782242981.925,2026-06-23T20:29:41,incoming,MeterValues,0,0.269
1782242981.926,2026-06-23T20:29:41,outgoing,CallResult,45,0.000
1782242988.668,2026-06-23T20:29:48,incoming,Heartbeat,57,0.000
1782242988.670,2026-06-23T20:29:48,outgoing,CallResult,81,0.000
1782242991.960,2026-06-23T20:29:51,incoming,MeterValues,868,0.000
1782242991.962,2026-06-23T20:29:51,incoming,MeterValues,0,0.227
1782242991.962,2026-06-23T20:29:51,outgoing,CallResult,45,0.000
1782242998.682,2026-06-23T20:29:58,incoming,Heartbeat,57,0.000
1782242998.683,2026-06-23T20:29:58,outgoing,CallResult,81,0.000
1782243001.995,2026-06-23T20:30:01,incoming,MeterValues,868,0.000
1782243001.998,2026-06-23T20:30:01,incoming,MeterValues,0,0.341
1782243001.999,2026-06-23T20:30:01,outgoing,CallResult,45,0.000
1782243008.714,2026-06-23T20:30:08,incoming,Heartbeat,57,0.000
1782243008.715,2026-06-23T20:30:08,outgoing,CallResult,81,0.000
1782243012.031,2026-06-23T20:30:12,incoming,MeterValues,868,0.000
1782243012.034,2026-06-23T20:30:12,incoming,MeterValues,0,0.388
1782243012.035,2026-06-23T20:30:12,outgoing,CallResult,45,0.000
1782243018.727,2026-06-23T20:30:18,incoming,Heartbeat,57,0.000
1782243018.728,2026-06-23T20:30:18,outgoing,CallResult,81,0.000
1782243022.277,2026-06-23T20:30:22,incoming,MeterValues,868,0.000
1782243022.279,2026-06-23T20:30:22,incoming,MeterValues,0,0.378
1782243022.280,2026-06-23T20:30:22,outgoing,CallResult,45,0.000
1782243028.738,2026-06-23T20:30:28,incoming,Heartbeat,57,0.000
1782243028.739,2026-06-23T20:30:28,outgoing,CallResult,81,0.000
1782243032.307,2026-06-23T20:30:32,incoming,MeterValues,868,0.000
1782243032.309,2026-06-23T20:30:32,incoming,MeterValues,0,0.403
1782243032.310,2026-06-23T20:30:32,outgoing,CallResult,45,0.000
1782243039.124,2026-06-23T20:30:39,incoming,Heartbeat,57,0.000
1782243039.124,2026-06-23T20:30:39,outgoing,CallResult,81,0.000
1782243042.343,2026-06-23T20:30:42,incoming,MeterValues,868,0.000
1782243042.346,2026-06-23T20:30:42,incoming,MeterValues,0,0.289
1782243042.346,2026-06-23T20:30:42,outgoing,CallResult,45,0.000
1782243049.135,2026-06-23T20:30:49,incoming,Heartbeat,57,0.000
1782243049.136,2026-06-23T20:30:49,outgoing,CallResult,81,0.000
1782243052.381,2026-06-23T20:30:52,incoming,MeterValues,868,0.000
1782243052.384,2026-06-23T20:30:52,incoming,MeterValues,0,0.456
1782243052.384,2026-06-23T20:30:52,outgoing,CallResult,45,0.000
1782243059.151,2026-06-23T20:30:59,incoming,Heartbeat,57,0.000
1782243059.152,2026-06-23T20:30:59,outgoing,CallResult,81,0.000
1782243062.413,2026-06-23T20:31:02,incoming,MeterValues,868,0.000
1782243062.416,2026-06-23T20:31:02,incoming,MeterValues,0,0.328
1782243062.417,2026-06-23T20:31:02,outgoing,CallResult,45,0.000
1782243069.169,2026-06-23T20:31:09,incoming,Heartbeat,57,0.000
1782243069.170,2026-06-23T20:31:09,outgoing,CallResult,81,0.000
1782243072.449,2026-06-23T20:31:12,incoming,MeterValues,868,0.000
1782243072.452,2026-06-23T20:31:12,incoming,MeterValues,0,0.278
1782243072.452,2026-06-23T20:31:12,outgoing,CallResult,45,0.000
1782243079.185,2026-06-23T20:31:19,incoming,Heartbeat,57,0.000
1782243079.186,2026-06-23T20:31:19,outgoing,CallResult,81,0.000
1782243082.483,2026-06-23T20:31:22,incoming,MeterValues,868,0.000
1782243082.486,2026-06-23T20:31:22,incoming,MeterValues,0,0.450
1782243082.486,2026-06-23T20:31:22,outgoing,CallResult,45,0.000
1782243089.202,2026-06-23T20:31:29,incoming,Heartbeat,57,0.000
1782243089.203,2026-06-23T20:31:29,outgoing,CallResult,81,0.000
1782243092.519,2026-06-23T20:31:32,incoming,MeterValues,868,0.000
1782243092.521,2026-06-23T20:31:32,incoming,MeterValues,0,0.239
1782243092.522,2026-06-23T20:31:32,outgoing,CallResult,45,0.000
1782243099.217,2026-06-23T20:31:39,incoming,Heartbeat,57,0.000
1782243099.218,2026-06-23T20:31:39,outgoing,CallResult,81,0.000
1782243102.769,2026-06-23T20:31:42,incoming,MeterValues,868,0.000
1782243102.771,2026-06-23T20:31:42,incoming,MeterValues,0,0.269
1782243102.772,2026-06-23T20:31:42,outgoing,CallResult,45,0.000
1782243109.232,2026-06-23T20:31:49,incoming,Heartbeat,57,0.000
1782243109.233,2026-06-23T20:31:49,outgoing,CallResult,81,0.000
1782243112.800,2026-06-23T20:31:52,incoming,MeterValues,868,0.000
1782243112.802,2026-06-23T20:31:52,incoming,MeterValues,0,0.267
1782243112.803,2026-06-23T20:31:52,outgoing,CallResult,45,0.000
1782243119.255,2026-06-23T20:31:59,incoming,Heartbeat,57,0.000
1782243119.256,2026-06-23T20:31:59,outgoing,CallResult,81,0.000
1782243123.171,2026-06-23T20:32:03,incoming,MeterValues,868,0.000
1782243123.173,2026-06-23T20:32:03,incoming,MeterValues,0,0.268
1782243123.174,2026-06-23T20:32:03,outgoing,CallResult,45,0.000
1782243129.271,2026-06-23T20:32:09,incoming,Heartbeat,57,0.000
1782243129.272,2026-06-23T20:32:09,outgoing,CallResult,81,0.000
1782243133.217,2026-06-23T20:32:13,incoming,MeterValues,868,0.000
1782243133.219,2026-06-23T20:32:13,incoming,MeterValues,0,0.265
1782243133.220,2026-06-23T20:32:13,outgoing,CallResult,45,0.000
1782243139.289,2026-06-23T20:32:19,incoming,Heartbeat,57,0.000
1782243139.290,2026-06-23T20:32:19,outgoing,CallResult,81,0.000
1782243143.253,2026-06-23T20:32:23,incoming,MeterValues,868,0.000
1782243143.255,2026-06-23T20:32:23,incoming,MeterValues,0,0.279
1782243143.256,2026-06-23T20:32:23,outgoing,CallResult,45,0.000
1782243149.303,2026-06-23T20:32:29,incoming,Heartbeat,57,0.000
1782243149.304,2026-06-23T20:32:29,outgoing,CallResult,81,0.000
1782243153.289,2026-06-23T20:32:33,incoming,MeterValues,868,0.000
1782243153.292,2026-06-23T20:32:33,incoming,MeterValues,0,0.275
1782243153.292,2026-06-23T20:32:33,outgoing,CallResult,45,0.000
1782243159.317,2026-06-23T20:32:39,incoming,Heartbeat,57,0.000
1782243159.318,2026-06-23T20:32:39,outgoing,CallResult,81,0.000
1782243163.325,2026-06-23T20:32:43,incoming,MeterValues,868,0.000
1782243163.327,2026-06-23T20:32:43,incoming,MeterValues,0,0.280
1782243163.328,2026-06-23T20:32:43,outgoing,CallResult,45,0.000
1782243169.337,2026-06-23T20:32:49,incoming,Heartbeat,57,0.000
1782243169.338,2026-06-23T20:32:49,outgoing,CallResult,81,0.000
1782243173.356,2026-06-23T20:32:53,incoming,MeterValues,868,0.000
1782243173.359,2026-06-23T20:32:53,incoming,MeterValues,0,0.272
1782243173.359,2026-06-23T20:32:53,outgoing,CallResult,45,0.000
1782243179.354,2026-06-23T20:32:59,incoming,Heartbeat,57,0.000
1782243179.355,2026-06-23T20:32:59,outgoing,CallResult,81,0.000
1782243183.435,2026-06-23T20:33:03,incoming,MeterValues,868,0.000
1782243183.438,2026-06-23T20:33:03,incoming,MeterValues,0,0.268
1782243183.438,2026-06-23T20:33:03,outgoing,CallResult,45,0.000
1782243189.368,2026-06-23T20:33:09,incoming,Heartbeat,57,0.000
1782243189.369,2026-06-23T20:33:09,outgoing,CallResult,81,0.000
1782243193.641,2026-06-23T20:33:13,incoming,MeterValues,868,0.000
1782243193.644,2026-06-23T20:33:13,incoming,MeterValues,0,0.272
1782243193.644,2026-06-23T20:33:13,outgoing,CallResult,45,0.000
1782243199.385,2026-06-23T20:33:19,incoming,Heartbeat,57,0.000
1782243199.386,2026-06-23T20:33:19,outgoing,CallResult,81,0.000
1782243203.673,2026-06-23T20:33:23,incoming,MeterValues,868,0.000
1782243203.676,2026-06-23T20:33:23,incoming,MeterValues,0,0.271
1782243203.676,2026-06-23T20:33:23,outgoing,CallResult,45,0.000
1782243210.030,2026-06-23T20:33:30,incoming,Heartbeat,57,0.000
1782243210.031,2026-06-23T20:33:30,outgoing,CallResult,81,0.000
1782243213.706,2026-06-23T20:33:33,incoming,MeterValues,868,0.000
1782243213.709,2026-06-23T20:33:33,incoming,MeterValues,0,0.410
1782243213.709,2026-06-23T20:33:33,outgoing,CallResult,45,0.000
1782243220.073,2026-06-23T20:33:40,incoming,Heartbeat,57,0.000
1782243220.074,2026-06-23T20:33:40,outgoing,CallResult,81,0.000
1782243223.739,2026-06-23T20:33:43,incoming,MeterValues,868,0.000
1782243223.742,2026-06-23T20:33:43,incoming,MeterValues,0,0.412
1782243223.743,2026-06-23T20:33:43,outgoing,CallResult,45,0.000
1782243230.089,2026-06-23T20:33:50,incoming,Heartbeat,57,0.000
1782243230.090,2026-06-23T20:33:50,outgoing,CallResult,81,0.000
1782243233.774,2026-06-23T20:33:53,incoming,MeterValues,868,0.000
1782243233.776,2026-06-23T20:33:53,incoming,MeterValues,0,0.330
1782243233.777,2026-06-23T20:33:53,outgoing,CallResult,45,0.000
1782243240.102,2026-06-23T20:34:00,incoming,Heartbeat,57,0.000
1782243240.103,2026-06-23T20:34:00,outgoing,CallResult,81,0.000
1782243243.811,2026-06-23T20:34:03,incoming,MeterValues,868,0.000
1782243243.813,2026-06-23T20:34:03,incoming,MeterValues,0,0.418
1782243243.814,2026-06-23T20:34:03,outgoing,CallResult,45,0.000
1782243250.118,2026-06-23T20:34:10,incoming,Heartbeat,57,0.000
1782243250.119,2026-06-23T20:34:10,outgoing,CallResult,81,0.000
1782243253.847,2026-06-23T20:34:13,incoming,MeterValues,868,0.000
1782243253.850,2026-06-23T20:34:13,incoming,MeterValues,0,0.418
1782243253.850,2026-06-23T20:34:13,outgoing,CallResult,45,0.000
1782243260.132,2026-06-23T20:34:20,incoming,Heartbeat,57,0.000
1782243260.133,2026-06-23T20:34:20,outgoing,CallResult,81,0.000
1782243263.882,2026-06-23T20:34:23,incoming,MeterValues,868,0.000
1782243263.885,2026-06-23T20:34:23,incoming,MeterValues,0,0.275
1782243263.885,2026-06-23T20:34:23,outgoing,CallResult,45,0.000
1782243270.149,2026-06-23T20:34:30,incoming,Heartbeat,57,0.000
1782243270.150,2026-06-23T20:34:30,outgoing,CallResult,81,0.000
1782243274.133,2026-06-23T20:34:34,incoming,MeterValues,868,0.000
1782243274.135,2026-06-23T20:34:34,incoming,MeterValues,0,0.272
1782243274.136,2026-06-23T20:34:34,outgoing,CallResult,45,0.000
1782243280.169,2026-06-23T20:34:40,incoming,Heartbeat,57,0.000
1782243280.170,2026-06-23T20:34:40,outgoing,CallResult,81,0.000
1782243284.169,2026-06-23T20:34:44,incoming,MeterValues,868,0.000
1782243284.171,2026-06-23T20:34:44,incoming,MeterValues,0,0.275
1782243284.172,2026-06-23T20:34:44,outgoing,CallResult,45,0.000
1782243290.183,2026-06-23T20:34:50,incoming,Heartbeat,57,0.000
1782243290.184,2026-06-23T20:34:50,outgoing,CallResult,81,0.000
1782243294.208,2026-06-23T20:34:54,incoming,MeterValues,868,0.000
1782243294.211,2026-06-23T20:34:54,incoming,MeterValues,0,0.285
1782243294.211,2026-06-23T20:34:54,outgoing,CallResult,45,0.000
1782243300.198,2026-06-23T20:35:00,incoming,Heartbeat,57,0.000
1782243300.199,2026-06-23T20:35:00,outgoing,CallResult,81,0.000
1782243304.245,2026-06-23T20:35:04,incoming,MeterValues,868,0.000
1782243304.247,2026-06-23T20:35:04,incoming,MeterValues,0,0.280
1782243304.248,2026-06-23T20:35:04,outgoing,CallResult,45,0.000
1782243310.214,2026-06-23T20:35:10,incoming,Heartbeat,57,0.000
1782243310.215,2026-06-23T20:35:10,outgoing,CallResult,81,0.000
1782243314.309,2026-06-23T20:35:14,incoming,MeterValues,868,0.000
1782243314.311,2026-06-23T20:35:14,incoming,MeterValues,0,0.228
1782243314.311,2026-06-23T20:35:14,outgoing,CallResult,45,0.000
1782243320.230,2026-06-23T20:35:20,incoming,Heartbeat,57,0.000
1782243320.231,2026-06-23T20:35:20,outgoing,CallResult,81,0.000
1782243324.876,2026-06-23T20:35:24,incoming,MeterValues,868,0.000
1782243324.879,2026-06-23T20:35:24,incoming,MeterValues,0,0.273
1782243324.879,2026-06-23T20:35:24,outgoing,CallResult,45,0.000
1782243330.486,2026-06-23T20:35:30,incoming,Heartbeat,57,0.000
1782243330.487,2026-06-23T20:35:30,outgoing,CallResult,81,0.000
1782243334.910,2026-06-23T20:35:34,incoming,MeterValues,868,0.000
1782243334.913,2026-06-23T20:35:34,incoming,MeterValues,0,0.269
1782243334.913,2026-06-23T20:35:34,outgoing,CallResult,45,0.000
1782243340.497,2026-06-23T20:35:40,incoming,Heartbeat,57,0.000
1782243340.498,2026-06-23T20:35:40,outgoing,CallResult,81,0.000
1782243344.942,2026-06-23T20:35:44,incoming,MeterValues,868,0.000
1782243344.945,2026-06-23T20:35:44,incoming,MeterValues,0,0.415
1782243344.945,2026-06-23T20:35:44,outgoing,CallResult,45,0.000
1782243350.510,2026-06-23T20:35:50,incoming,Heartbeat,57,0.000
1782243350.511,2026-06-23T20:35:50,outgoing,CallResult,81,0.000
1782243354.978,2026-06-23T20:35:54,incoming,MeterValues,868,0.000
1782243354.981,2026-06-23T20:35:54,incoming,MeterValues,0,0.407
1782243354.981,2026-06-23T20:35:54,outgoing,CallResult,45,0.000
1782243360.522,2026-06-23T20:36:00,incoming,Heartbeat,57,0.000
1782243360.523,2026-06-23T20:36:00,outgoing,CallResult,81,0.000
1782243365.016,2026-06-23T20:36:05,incoming,MeterValues,868,0.000
1782243365.019,2026-06-23T20:36:05,incoming,MeterValues,0,0.272
1782243365.019,2026-06-23T20:36:05,outgoing,CallResult,45,0.000
1782243370.538,2026-06-23T20:36:10,incoming,Heartbeat,57,0.000
1782243370.539,2026-06-23T20:36:10,outgoing,CallResult,81,0.000
1782243375.256,2026-06-23T20:36:15,incoming,MeterValues,868,0.000
1782243375.258,2026-06-23T20:36:15,incoming,MeterValues,0,0.269
1782243375.259,2026-06-23T20:36:15,outgoing,CallResult,45,0.000
1782243380.552,2026-06-23T20:36:20,incoming,Heartbeat,57,0.000
1782243380.553,2026-06-23T20:36:20,outgoing,CallResult,81,0.000
1782243385.307,2026-06-23T20:36:25,incoming,MeterValues,868,0.000
1782243385.310,2026-06-23T20:36:25,incoming,MeterValues,0,0.400
1782243385.310,2026-06-23T20:36:25,outgoing,CallResult,45,0.000
1782243390.564,2026-06-23T20:36:30,incoming,Heartbeat,57,0.000
1782243390.565,2026-06-23T20:36:30,outgoing,CallResult,81,0.000
1782243395.375,2026-06-23T20:36:35,incoming,MeterValues,868,0.000
1782243395.378,2026-06-23T20:36:35,incoming,MeterValues,0,0.282
1782243395.378,2026-06-23T20:36:35,outgoing,CallResult,45,0.000
1782243400.575,2026-06-23T20:36:40,incoming,Heartbeat,57,0.000
1782243400.576,2026-06-23T20:36:40,outgoing,CallResult,81,0.000
1782243405.405,2026-06-23T20:36:45,incoming,MeterValues,868,0.000
1782243405.407,2026-06-23T20:36:45,incoming,MeterValues,0,0.224
1782243405.407,2026-06-23T20:36:45,outgoing,CallResult,45,0.000
1782243410.592,2026-06-23T20:36:50,incoming,Heartbeat,57,0.000
1782243410.635,2026-06-23T20:36:50,outgoing,CallResult,81,0.000
1782243415.442,2026-06-23T20:36:55,incoming,MeterValues,868,0.000
1782243415.445,2026-06-23T20:36:55,incoming,MeterValues,0,0.272
1782243415.445,2026-06-23T20:36:55,outgoing,CallResult,45,0.000
1782243421.020,2026-06-23T20:37:01,incoming,Heartbeat,57,0.000
1782243421.021,2026-06-23T20:37:01,outgoing,CallResult,81,0.000
1782243425.474,2026-06-23T20:37:05,incoming,MeterValues,868,0.000
1782243425.477,2026-06-23T20:37:05,incoming,MeterValues,0,0.266
1782243425.477,2026-06-23T20:37:05,outgoing,CallResult,45,0.000
1782243431.031,2026-06-23T20:37:11,incoming,Heartbeat,57,0.000
1782243431.032,2026-06-23T20:37:11,outgoing,CallResult,81,0.000
1782243435.521,2026-06-23T20:37:15,incoming,MeterValues,868,0.000
1782243435.523,2026-06-23T20:37:15,incoming,MeterValues,0,0.269
1782243435.524,2026-06-23T20:37:15,outgoing,CallResult,45,0.000
1782243441.049,2026-06-23T20:37:21,incoming,Heartbeat,57,0.000
1782243441.049,2026-06-23T20:37:21,outgoing,CallResult,81,0.000
1782243445.558,2026-06-23T20:37:25,incoming,MeterValues,868,0.000
1782243445.561,2026-06-23T20:37:25,incoming,MeterValues,0,0.277
1782243445.561,2026-06-23T20:37:25,outgoing,CallResult,45,0.000
1782243451.064,2026-06-23T20:37:31,incoming,Heartbeat,57,0.000
1782243451.065,2026-06-23T20:37:31,outgoing,CallResult,81,0.000
1782243455.593,2026-06-23T20:37:35,incoming,MeterValues,868,0.000
1782243455.596,2026-06-23T20:37:35,incoming,MeterValues,0,0.282
1782243455.596,2026-06-23T20:37:35,outgoing,CallResult,45,0.000
1782243461.082,2026-06-23T20:37:41,incoming,Heartbeat,57,0.000
1782243461.083,2026-06-23T20:37:41,outgoing,CallResult,81,0.000
1782243465.849,2026-06-23T20:37:45,incoming,MeterValues,868,0.000
1782243465.852,2026-06-23T20:37:45,incoming,MeterValues,0,0.384
1782243465.853,2026-06-23T20:37:45,outgoing,CallResult,45,0.000
1782243471.098,2026-06-23T20:37:51,incoming,Heartbeat,57,0.000
1782243471.099,2026-06-23T20:37:51,outgoing,CallResult,81,0.000
1782243475.879,2026-06-23T20:37:55,incoming,MeterValues,868,0.000
1782243475.881,2026-06-23T20:37:55,incoming,MeterValues,0,0.283
1782243475.882,2026-06-23T20:37:55,outgoing,CallResult,45,0.000
1782243481.110,2026-06-23T20:38:01,incoming,Heartbeat,57,0.000
1782243481.111,2026-06-23T20:38:01,outgoing,CallResult,81,0.000
1782243485.912,2026-06-23T20:38:05,incoming,MeterValues,868,0.000
1782243485.915,2026-06-23T20:38:05,incoming,MeterValues,0,0.385
1782243485.915,2026-06-23T20:38:05,outgoing,CallResult,45,0.000
1782243491.129,2026-06-23T20:38:11,incoming,Heartbeat,57,0.000
1782243491.130,2026-06-23T20:38:11,outgoing,CallResult,81,0.000
1782243495.946,2026-06-23T20:38:15,incoming,MeterValues,868,0.000
1782243495.949,2026-06-23T20:38:15,incoming,MeterValues,0,0.443
1782243495.949,2026-06-23T20:38:15,outgoing,CallResult,45,0.000
1782243501.143,2026-06-23T20:38:21,incoming,Heartbeat,57,0.000
1782243501.144,2026-06-23T20:38:21,outgoing,CallResult,81,0.000
1782243505.982,2026-06-23T20:38:25,incoming,MeterValues,868,0.000
1782243505.984,2026-06-23T20:38:25,incoming,MeterValues,0,0.354
1782243505.984,2026-06-23T20:38:25,outgoing,CallResult,45,0.000
1782243511.158,2026-06-23T20:38:31,incoming,Heartbeat,57,0.000
1782243511.160,2026-06-23T20:38:31,outgoing,CallResult,81,0.000
1782243516.014,2026-06-23T20:38:36,incoming,MeterValues,868,0.000
1782243516.017,2026-06-23T20:38:36,incoming,MeterValues,0,0.420
1782243516.017,2026-06-23T20:38:36,outgoing,CallResult,45,0.000
1782243521.173,2026-06-23T20:38:41,incoming,Heartbeat,57,0.000
1782243521.174,2026-06-23T20:38:41,outgoing,CallResult,81,0.000
1782243526.054,2026-06-23T20:38:46,incoming,MeterValues,868,0.000
1782243526.057,2026-06-23T20:38:46,incoming,MeterValues,0,0.325
1782243526.057,2026-06-23T20:38:46,outgoing,CallResult,45,0.000
1782243531.191,2026-06-23T20:38:51,incoming,Heartbeat,57,0.000
1782243531.192,2026-06-23T20:38:51,outgoing,CallResult,81,0.000
1782243536.089,2026-06-23T20:38:56,incoming,MeterValues,868,0.000
1782243536.092,2026-06-23T20:38:56,incoming,MeterValues,0,0.379
1782243536.092,2026-06-23T20:38:56,outgoing,CallResult,45,0.000
1782243541.206,2026-06-23T20:39:01,incoming,Heartbeat,57,0.000
1782243541.207,2026-06-23T20:39:01,outgoing,CallResult,81,0.000
1782243546.125,2026-06-23T20:39:06,incoming,MeterValues,868,0.000
1782243546.127,2026-06-23T20:39:06,incoming,MeterValues,0,0.429
1782243546.128,2026-06-23T20:39:06,outgoing,CallResult,45,0.000
1782243551.217,2026-06-23T20:39:11,incoming,Heartbeat,57,0.000
1782243551.219,2026-06-23T20:39:11,outgoing,CallResult,81,0.000
1782243556.361,2026-06-23T20:39:16,incoming,MeterValues,868,0.000
1782243556.363,2026-06-23T20:39:16,incoming,MeterValues,0,0.368
1782243556.363,2026-06-23T20:39:16,outgoing,CallResult,45,0.000
1782243561.236,2026-06-23T20:39:21,incoming,Heartbeat,57,0.000
1782243561.237,2026-06-23T20:39:21,outgoing,CallResult,81,0.000
1782243566.391,2026-06-23T20:39:26,incoming,MeterValues,868,0.000
1782243566.394,2026-06-23T20:39:26,incoming,MeterValues,0,0.381
1782243566.394,2026-06-23T20:39:26,outgoing,CallResult,45,0.000
1782243571.251,2026-06-23T20:39:31,incoming,Heartbeat,57,0.000
1782243571.252,2026-06-23T20:39:31,outgoing,CallResult,81,0.000
1782243576.426,2026-06-23T20:39:36,incoming,MeterValues,868,0.000
1782243576.429,2026-06-23T20:39:36,incoming,MeterValues,0,0.271
1782243576.429,2026-06-23T20:39:36,outgoing,CallResult,45,0.000
1782243581.269,2026-06-23T20:39:41,incoming,Heartbeat,57,0.000
1782243581.270,2026-06-23T20:39:41,outgoing,CallResult,81,0.000
1782243586.466,2026-06-23T20:39:46,incoming,MeterValues,868,0.000
1782243586.469,2026-06-23T20:39:46,incoming,MeterValues,0,0.329
1782243586.469,2026-06-23T20:39:46,outgoing,CallResult,45,0.000
1782243591.285,2026-06-23T20:39:51,incoming,Heartbeat,57,0.000
1782243591.286,2026-06-23T20:39:51,outgoing,CallResult,81,0.000
1782243596.502,2026-06-23T20:39:56,incoming,MeterValues,868,0.000
1782243596.505,2026-06-23T20:39:56,incoming,MeterValues,0,0.407
1782243596.505,2026-06-23T20:39:56,outgoing,CallResult,45,0.000
1782243601.302,2026-06-23T20:40:01,incoming,Heartbeat,57,0.000
1782243601.303,2026-06-23T20:40:01,outgoing,CallResult,81,0.000
1782243606.538,2026-06-23T20:40:06,incoming,MeterValues,868,0.000
1782243606.540,2026-06-23T20:40:06,incoming,MeterValues,0,0.374
1782243606.541,2026-06-23T20:40:06,outgoing,CallResult,45,0.000
1782243611.316,2026-06-23T20:40:11,incoming,Heartbeat,57,0.000
1782243611.317,2026-06-23T20:40:11,outgoing,CallResult,81,0.000
1782243616.771,2026-06-23T20:40:16,incoming,MeterValues,868,0.000
1782243616.773,2026-06-23T20:40:16,incoming,MeterValues,0,0.270
1782243616.774,2026-06-23T20:40:16,outgoing,CallResult,45,0.000
1782243621.334,2026-06-23T20:40:21,incoming,Heartbeat,57,0.000
1782243621.335,2026-06-23T20:40:21,outgoing,CallResult,81,0.000
1782243626.806,2026-06-23T20:40:26,incoming,MeterValues,868,0.000
1782243626.809,2026-06-23T20:40:26,incoming,MeterValues,0,0.274
1782243626.809,2026-06-23T20:40:26,outgoing,CallResult,45,0.000
1782243631.350,2026-06-23T20:40:31,incoming,Heartbeat,57,0.000
1782243631.351,2026-06-23T20:40:31,outgoing,CallResult,81,0.000
1782243636.842,2026-06-23T20:40:36,incoming,MeterValues,868,0.000
1782243636.844,2026-06-23T20:40:36,incoming,MeterValues,0,0.270
1782243636.889,2026-06-23T20:40:36,outgoing,CallResult,45,0.000
1782243641.549,2026-06-23T20:40:41,incoming,Heartbeat,57,0.000
1782243641.550,2026-06-23T20:40:41,outgoing,CallResult,81,0.000
1782243646.916,2026-06-23T20:40:46,incoming,MeterValues,868,0.000
1782243646.919,2026-06-23T20:40:46,incoming,MeterValues,0,0.273
1782243646.919,2026-06-23T20:40:46,outgoing,CallResult,45,0.000
1782243651.573,2026-06-23T20:40:51,incoming,Heartbeat,57,0.000
1782243651.575,2026-06-23T20:40:51,outgoing,CallResult,81,0.000
1782243656.948,2026-06-23T20:40:56,incoming,MeterValues,868,0.000
1782243656.951,2026-06-23T20:40:56,incoming,MeterValues,0,0.252
1782243656.951,2026-06-23T20:40:56,outgoing,CallResult,45,0.000
1782243662.014,2026-06-23T20:41:02,incoming,Heartbeat,57,0.000
1782243662.015,2026-06-23T20:41:02,outgoing,CallResult,81,0.000
1782243667.239,2026-06-23T20:41:07,incoming,MeterValues,868,0.000
1782243667.244,2026-06-23T20:41:07,incoming,MeterValues,0,0.339
1782243667.245,2026-06-23T20:41:07,outgoing,CallResult,45,0.000
1782243672.422,2026-06-23T20:41:12,incoming,Heartbeat,57,0.000
1782243672.423,2026-06-23T20:41:12,outgoing,CallResult,81,0.000
1782243677.272,2026-06-23T20:41:17,incoming,MeterValues,868,0.000
1782243677.274,2026-06-23T20:41:17,incoming,MeterValues,0,0.372
1782243677.275,2026-06-23T20:41:17,outgoing,CallResult,45,0.000
1782243682.437,2026-06-23T20:41:22,incoming,Heartbeat,57,0.000
1782243682.438,2026-06-23T20:41:22,outgoing,CallResult,81,0.000
1782243687.302,2026-06-23T20:41:27,incoming,MeterValues,868,0.000
1782243687.305,2026-06-23T20:41:27,incoming,MeterValues,0,0.437
1782243687.306,2026-06-23T20:41:27,outgoing,CallResult,45,0.000
1782243692.453,2026-06-23T20:41:32,incoming,Heartbeat,57,0.000
1782243692.454,2026-06-23T20:41:32,outgoing,CallResult,81,0.000
1782243697.337,2026-06-23T20:41:37,incoming,MeterValues,868,0.000
1782243697.340,2026-06-23T20:41:37,incoming,MeterValues,0,0.432
1782243697.340,2026-06-23T20:41:37,outgoing,CallResult,45,0.000
1782243702.467,2026-06-23T20:41:42,incoming,Heartbeat,57,0.000
1782243702.469,2026-06-23T20:41:42,outgoing,CallResult,81,0.000
1782243707.370,2026-06-23T20:41:47,incoming,MeterValues,868,0.000
1782243707.373,2026-06-23T20:41:47,incoming,MeterValues,0,0.439
1782243707.374,2026-06-23T20:41:47,outgoing,CallResult,45,0.000
1782243712.482,2026-06-23T20:41:52,incoming,Heartbeat,57,0.000
1782243712.483,2026-06-23T20:41:52,outgoing,CallResult,81,0.000
1782243717.615,2026-06-23T20:41:57,incoming,MeterValues,868,0.000
1782243717.617,2026-06-23T20:41:57,incoming,MeterValues,0,0.338
1782243717.618,2026-06-23T20:41:57,outgoing,CallResult,45,0.000
1782243722.502,2026-06-23T20:42:02,incoming,Heartbeat,57,0.000
1782243722.503,2026-06-23T20:42:02,outgoing,CallResult,81,0.000
1782243727.648,2026-06-23T20:42:07,incoming,MeterValues,868,0.000
1782243727.650,2026-06-23T20:42:07,incoming,MeterValues,0,0.343
1782243727.651,2026-06-23T20:42:07,outgoing,CallResult,45,0.000
1782243732.520,2026-06-23T20:42:12,incoming,Heartbeat,57,0.000
1782243732.521,2026-06-23T20:42:12,outgoing,CallResult,81,0.000
1782243737.690,2026-06-23T20:42:17,incoming,MeterValues,868,0.000
1782243737.693,2026-06-23T20:42:17,incoming,MeterValues,0,0.408
1782243737.693,2026-06-23T20:42:17,outgoing,CallResult,45,0.000
1782243742.538,2026-06-23T20:42:22,incoming,Heartbeat,57,0.000
1782243742.539,2026-06-23T20:42:22,outgoing,CallResult,81,0.000
1782243747.724,2026-06-23T20:42:27,incoming,MeterValues,868,0.000
1782243747.726,2026-06-23T20:42:27,incoming,MeterValues,0,0.395
1782243747.727,2026-06-23T20:42:27,outgoing,CallResult,45,0.000
1782243752.772,2026-06-23T20:42:32,incoming,Heartbeat,57,0.000
1782243752.773,2026-06-23T20:42:32,outgoing,CallResult,81,0.000
1782243757.989,2026-06-23T20:42:37,incoming,MeterValues,868,0.000
1782243757.992,2026-06-23T20:42:37,incoming,MeterValues,0,0.389
1782243757.992,2026-06-23T20:42:37,outgoing,CallResult,45,0.000
1782243762.788,2026-06-23T20:42:42,incoming,Heartbeat,57,0.000
1782243762.789,2026-06-23T20:42:42,outgoing,CallResult,81,0.000
1782243768.037,2026-06-23T20:42:48,incoming,MeterValues,868,0.000
1782243768.040,2026-06-23T20:42:48,incoming,MeterValues,0,0.381
1782243768.040,2026-06-23T20:42:48,outgoing,CallResult,45,0.000
1782243772.801,2026-06-23T20:42:52,incoming,Heartbeat,57,0.000
1782243772.802,2026-06-23T20:42:52,outgoing,CallResult,81,0.000
1782243778.074,2026-06-23T20:42:58,incoming,MeterValues,868,0.000
1782243778.076,2026-06-23T20:42:58,incoming,MeterValues,0,0.400
1782243778.077,2026-06-23T20:42:58,outgoing,CallResult,45,0.000
1782243782.817,2026-06-23T20:43:02,incoming,Heartbeat,57,0.000
1782243782.818,2026-06-23T20:43:02,outgoing,CallResult,81,0.000
1782243788.110,2026-06-23T20:43:08,incoming,MeterValues,868,0.000
1782243788.112,2026-06-23T20:43:08,incoming,MeterValues,0,0.390
1782243788.113,2026-06-23T20:43:08,outgoing,CallResult,45,0.000
1782243792.834,2026-06-23T20:43:12,incoming,Heartbeat,57,0.000
1782243792.835,2026-06-23T20:43:12,outgoing,CallResult,81,0.000
1782243798.143,2026-06-23T20:43:18,incoming,MeterValues,868,0.000
1782243798.145,2026-06-23T20:43:18,incoming,MeterValues,0,0.420
1782243798.146,2026-06-23T20:43:18,outgoing,CallResult,45,0.000
1782243802.846,2026-06-23T20:43:22,incoming,Heartbeat,57,0.000
1782243802.847,2026-06-23T20:43:22,outgoing,CallResult,81,0.000
1782243808.388,2026-06-23T20:43:28,incoming,MeterValues,868,0.000
1782243808.391,2026-06-23T20:43:28,incoming,MeterValues,0,0.450
1782243808.392,2026-06-23T20:43:28,outgoing,CallResult,45,0.000
1782243812.896,2026-06-23T20:43:32,incoming,Heartbeat,57,0.000
1782243812.897,2026-06-23T20:43:32,outgoing,CallResult,81,0.000
1782243818.423,2026-06-23T20:43:38,incoming,MeterValues,868,0.000
1782243818.426,2026-06-23T20:43:38,incoming,MeterValues,0,0.390
1782243818.427,2026-06-23T20:43:38,outgoing,CallResult,45,0.000
1782243822.917,2026-06-23T20:43:42,incoming,Heartbeat,57,0.000
1782243822.919,2026-06-23T20:43:42,outgoing,CallResult,81,0.000
1782243828.457,2026-06-23T20:43:48,incoming,MeterValues,868,0.000
1782243828.459,2026-06-23T20:43:48,incoming,MeterValues,0,0.277
1782243828.460,2026-06-23T20:43:48,outgoing,CallResult,45,0.000
1782243833.514,2026-06-23T20:43:53,incoming,Heartbeat,57,0.000
1782243833.515,2026-06-23T20:43:53,outgoing,CallResult,81,0.000
1782243838.492,2026-06-23T20:43:58,incoming,MeterValues,868,0.000
1782243838.494,2026-06-23T20:43:58,incoming,MeterValues,0,0.270
1782243838.495,2026-06-23T20:43:58,outgoing,CallResult,45,0.000
1782243843.541,2026-06-23T20:44:03,incoming,Heartbeat,57,0.000
1782243843.542,2026-06-23T20:44:03,outgoing,CallResult,81,0.000
1782243848.528,2026-06-23T20:44:08,incoming,MeterValues,868,0.000
1782243848.531,2026-06-23T20:44:08,incoming,MeterValues,0,0.227
1782243848.531,2026-06-23T20:44:08,outgoing,CallResult,45,0.000
1782243853.552,2026-06-23T20:44:13,incoming,Heartbeat,57,0.000
1782243853.553,2026-06-23T20:44:13,outgoing,CallResult,81,0.000
1782243858.561,2026-06-23T20:44:18,incoming,MeterValues,868,0.000
1782243858.564,2026-06-23T20:44:18,incoming,MeterValues,0,0.275
1782243858.564,2026-06-23T20:44:18,outgoing,CallResult,45,0.000
1782243863.581,2026-06-23T20:44:23,incoming,Heartbeat,57,0.000
1782243863.582,2026-06-23T20:44:23,outgoing,CallResult,81,0.000
1782243868.820,2026-06-23T20:44:28,incoming,MeterValues,868,0.000
1782243868.823,2026-06-23T20:44:28,incoming,MeterValues,0,0.285
1782243868.823,2026-06-23T20:44:28,outgoing,CallResult,45,0.000
1782243873.598,2026-06-23T20:44:33,incoming,Heartbeat,57,0.000
1782243873.599,2026-06-23T20:44:33,outgoing,CallResult,81,0.000
1782243878.853,2026-06-23T20:44:38,incoming,MeterValues,868,0.000
1782243878.855,2026-06-23T20:44:38,incoming,MeterValues,0,0.237
1782243878.856,2026-06-23T20:44:38,outgoing,CallResult,45,0.000
1782243883.614,2026-06-23T20:44:43,incoming,Heartbeat,57,0.000
1782243883.615,2026-06-23T20:44:43,outgoing,CallResult,81,0.000
1782243888.894,2026-06-23T20:44:48,incoming,MeterValues,868,0.000
1782243888.896,2026-06-23T20:44:48,incoming,MeterValues,0,0.274
1782243888.897,2026-06-23T20:44:48,outgoing,CallResult,45,0.000
1782243893.630,2026-06-23T20:44:53,incoming,Heartbeat,57,0.000
1782243893.631,2026-06-23T20:44:53,outgoing,CallResult,81,0.000
1782243898.931,2026-06-23T20:44:58,incoming,MeterValues,868,0.000
1782243898.934,2026-06-23T20:44:58,incoming,MeterValues,0,0.289
1782243898.934,2026-06-23T20:44:58,outgoing,CallResult,45,0.000
1782243903.641,2026-06-23T20:45:03,incoming,Heartbeat,57,0.000
1782243903.642,2026-06-23T20:45:03,outgoing,CallResult,81,0.000
1782243909.197,2026-06-23T20:45:09,incoming,MeterValues,868,0.000
1782243909.199,2026-06-23T20:45:09,incoming,MeterValues,0,0.259
1782243909.200,2026-06-23T20:45:09,outgoing,CallResult,45,0.000
1782243913.655,2026-06-23T20:45:13,incoming,Heartbeat,57,0.000
1782243913.656,2026-06-23T20:45:13,outgoing,CallResult,81,0.000
1782243919.229,2026-06-23T20:45:19,incoming,MeterValues,868,0.000
1782243919.231,2026-06-23T20:45:19,incoming,MeterValues,0,0.276
1782243919.231,2026-06-23T20:45:19,outgoing,CallResult,45,0.000
1782243923.674,2026-06-23T20:45:23,incoming,Heartbeat,57,0.000
1782243923.675,2026-06-23T20:45:23,outgoing,CallResult,81,0.000
1782243929.603,2026-06-23T20:45:29,incoming,MeterValues,868,0.000
1782243929.605,2026-06-23T20:45:29,incoming,MeterValues,0,0.273
1782243929.605,2026-06-23T20:45:29,outgoing,CallResult,45,0.000
1782243933.691,2026-06-23T20:45:33,incoming,Heartbeat,57,0.000
1782243933.692,2026-06-23T20:45:33,outgoing,CallResult,81,0.000
1782243939.639,2026-06-23T20:45:39,incoming,MeterValues,868,0.000
1782243939.641,2026-06-23T20:45:39,incoming,MeterValues,0,0.230
1782243939.641,2026-06-23T20:45:39,outgoing,CallResult,45,0.000
1782243943.716,2026-06-23T20:45:43,incoming,Heartbeat,57,0.000
1782243943.717,2026-06-23T20:45:43,outgoing,CallResult,81,0.000
1782243949.675,2026-06-23T20:45:49,incoming,MeterValues,868,0.000
1782243949.678,2026-06-23T20:45:49,incoming,MeterValues,0,0.265
1782243949.678,2026-06-23T20:45:49,outgoing,CallResult,45,0.000
1782243953.950,2026-06-23T20:45:53,incoming,Heartbeat,57,0.000
1782243953.951,2026-06-23T20:45:53,outgoing,CallResult,81,0.000
1782243959.710,2026-06-23T20:45:59,incoming,MeterValues,868,0.000
1782243959.713,2026-06-23T20:45:59,incoming,MeterValues,0,0.268
1782243959.713,2026-06-23T20:45:59,outgoing,CallResult,45,0.000
1782243963.966,2026-06-23T20:46:03,incoming,Heartbeat,57,0.000
1782243963.967,2026-06-23T20:46:03,outgoing,CallResult,81,0.000
1782243969.961,2026-06-23T20:46:09,incoming,MeterValues,868,0.000
1782243969.964,2026-06-23T20:46:09,incoming,MeterValues,0,0.217
1782243969.964,2026-06-23T20:46:09,outgoing,CallResult,45,0.000
1782243973.983,2026-06-23T20:46:13,incoming,Heartbeat,57,0.000
1782243973.984,2026-06-23T20:46:13,outgoing,CallResult,81,0.000
1782243979.996,2026-06-23T20:46:19,incoming,MeterValues,868,0.000
1782243979.999,2026-06-23T20:46:19,incoming,MeterValues,0,0.336
1782243979.999,2026-06-23T20:46:19,outgoing,CallResult,45,0.000
1782243984.000,2026-06-23T20:46:23,incoming,Heartbeat,57,0.000
1782243984.001,2026-06-23T20:46:24,outgoing,CallResult,81,0.000
1782243990.032,2026-06-23T20:46:30,incoming,MeterValues,868,0.000
1782243990.035,2026-06-23T20:46:30,incoming,MeterValues,0,0.419
1782243990.035,2026-06-23T20:46:30,outgoing,CallResult,45,0.000
1782243994.011,2026-06-23T20:46:34,incoming,Heartbeat,57,0.000
1782243994.012,2026-06-23T20:46:34,outgoing,CallResult,81,0.000
1782244000.065,2026-06-23T20:46:40,incoming,MeterValues,868,0.000
1782244000.067,2026-06-23T20:46:40,incoming,MeterValues,0,0.280
1782244000.068,2026-06-23T20:46:40,outgoing,CallResult,45,0.000
1782244004.026,2026-06-23T20:46:44,incoming,Heartbeat,57,0.000
1782244004.027,2026-06-23T20:46:44,outgoing,CallResult,81,0.000
1782244010.100,2026-06-23T20:46:50,incoming,MeterValues,868,0.000
1782244010.103,2026-06-23T20:46:50,incoming,MeterValues,0,0.327
1782244010.103,2026-06-23T20:46:50,outgoing,CallResult,45,0.000
1782244014.037,2026-06-23T20:46:54,incoming,Heartbeat,57,0.000
1782244014.038,2026-06-23T20:46:54,outgoing,CallResult,81,0.000
1782244020.131,2026-06-23T20:47:00,incoming,MeterValues,868,0.000
1782244020.133,2026-06-23T20:47:00,incoming,MeterValues,0,0.331
1782244020.134,2026-06-23T20:47:00,outgoing,CallResult,45,0.000
1782244024.050,2026-06-23T20:47:04,incoming,Heartbeat,57,0.000
1782244024.051,2026-06-23T20:47:04,outgoing,CallResult,81,0.000
1782244030.162,2026-06-23T20:47:10,incoming,MeterValues,868,0.000
1782244030.165,2026-06-23T20:47:10,incoming,MeterValues,0,0.376
1782244030.165,2026-06-23T20:47:10,outgoing,CallResult,45,0.000
1782244034.063,2026-06-23T20:47:14,incoming,Heartbeat,57,0.000
1782244034.064,2026-06-23T20:47:14,outgoing,CallResult,81,0.000
1782244040.414,2026-06-23T20:47:20,incoming,MeterValues,868,0.000
1782244040.416,2026-06-23T20:47:20,incoming,MeterValues,0,0.423
1782244040.417,2026-06-23T20:47:20,outgoing,CallResult,45,0.000
1782244044.377,2026-06-23T20:47:24,incoming,Heartbeat,57,0.000
1782244044.378,2026-06-23T20:47:24,outgoing,CallResult,81,0.000
1782244050.443,2026-06-23T20:47:30,incoming,MeterValues,868,0.000
1782244050.446,2026-06-23T20:47:30,incoming,MeterValues,0,0.445
1782244050.446,2026-06-23T20:47:30,outgoing,CallResult,45,0.000
1782244054.389,2026-06-23T20:47:34,incoming,Heartbeat,57,0.000
1782244054.390,2026-06-23T20:47:34,outgoing,CallResult,81,0.000
1782244060.475,2026-06-23T20:47:40,incoming,MeterValues,868,0.000
1782244060.478,2026-06-23T20:47:40,incoming,MeterValues,0,0.302
1782244060.478,2026-06-23T20:47:40,outgoing,CallResult,45,0.000
1782244064.401,2026-06-23T20:47:44,incoming,Heartbeat,57,0.000
1782244064.402,2026-06-23T20:47:44,outgoing,CallResult,81,0.000
1782244070.507,2026-06-23T20:47:50,incoming,MeterValues,868,0.000
1782244070.510,2026-06-23T20:47:50,incoming,MeterValues,0,0.292
1782244070.510,2026-06-23T20:47:50,outgoing,CallResult,45,0.000
1782244074.413,2026-06-23T20:47:54,incoming,Heartbeat,57,0.000
1782244074.414,2026-06-23T20:47:54,outgoing,CallResult,81,0.000
1782244080.542,2026-06-23T20:48:00,incoming,MeterValues,868,0.000
1782244080.545,2026-06-23T20:48:00,incoming,MeterValues,0,0.430
1782244080.545,2026-06-23T20:48:00,outgoing,CallResult,45,0.000
1782244084.426,2026-06-23T20:48:04,incoming,Heartbeat,57,0.000
1782244084.427,2026-06-23T20:48:04,outgoing,CallResult,81,0.000
1782244090.802,2026-06-23T20:48:10,incoming,MeterValues,868,0.000
1782244090.805,2026-06-23T20:48:10,incoming,MeterValues,0,0.272
1782244090.805,2026-06-23T20:48:10,outgoing,CallResult,45,0.000
1782244094.438,2026-06-23T20:48:14,incoming,Heartbeat,57,0.000
1782244094.439,2026-06-23T20:48:14,outgoing,CallResult,81,0.000
1782244100.838,2026-06-23T20:48:20,incoming,MeterValues,868,0.000
1782244100.840,2026-06-23T20:48:20,incoming,MeterValues,0,0.268
1782244100.841,2026-06-23T20:48:20,outgoing,CallResult,45,0.000
1782244104.450,2026-06-23T20:48:24,incoming,Heartbeat,57,0.000
1782244104.451,2026-06-23T20:48:24,outgoing,CallResult,81,0.000
1782244110.870,2026-06-23T20:48:30,incoming,MeterValues,868,0.000
1782244110.873,2026-06-23T20:48:30,incoming,MeterValues,0,0.278
1782244110.873,2026-06-23T20:48:30,outgoing,CallResult,45,0.000
1782244114.462,2026-06-23T20:48:34,incoming,Heartbeat,57,0.000
1782244114.463,2026-06-23T20:48:34,outgoing,CallResult,81,0.000
1782244120.902,2026-06-23T20:48:40,incoming,MeterValues,868,0.000
1782244120.904,2026-06-23T20:48:40,incoming,MeterValues,0,0.277
1782244120.905,2026-06-23T20:48:40,outgoing,CallResult,45,0.000
1782244124.473,2026-06-23T20:48:44,incoming,Heartbeat,57,0.000
1782244124.474,2026-06-23T20:48:44,outgoing,CallResult,81,0.000
1782244130.934,2026-06-23T20:48:50,incoming,MeterValues,868,0.000
1782244130.936,2026-06-23T20:48:50,incoming,MeterValues,0,0.278
1782244130.937,2026-06-23T20:48:50,outgoing,CallResult,45,0.000
1782244134.485,2026-06-23T20:48:54,incoming,Heartbeat,57,0.000
1782244134.486,2026-06-23T20:48:54,outgoing,CallResult,81,0.000
1782244140.969,2026-06-23T20:49:00,incoming,MeterValues,868,0.000
1782244140.972,2026-06-23T20:49:00,incoming,MeterValues,0,0.378
1782244140.973,2026-06-23T20:49:00,outgoing,CallResult,45,0.000
1782244144.497,2026-06-23T20:49:04,incoming,Heartbeat,57,0.000
1782244144.498,2026-06-23T20:49:04,outgoing,CallResult,81,0.000
1782244151.004,2026-06-23T20:49:11,incoming,MeterValues,868,0.000
1782244151.007,2026-06-23T20:49:11,incoming,MeterValues,0,0.436
1782244151.007,2026-06-23T20:49:11,outgoing,CallResult,45,0.000
1782244154.511,2026-06-23T20:49:14,incoming,Heartbeat,57,0.000
1782244154.513,2026-06-23T20:49:14,outgoing,CallResult,81,0.000
1782244161.037,2026-06-23T20:49:21,incoming,MeterValues,868,0.000
1782244161.040,2026-06-23T20:49:21,incoming,MeterValues,0,0.271
1782244161.040,2026-06-23T20:49:21,outgoing,CallResult,45,0.000
1782244164.523,2026-06-23T20:49:24,incoming,Heartbeat,57,0.000
1782244164.524,2026-06-23T20:49:24,outgoing,CallResult,81,0.000
1782244171.316,2026-06-23T20:49:31,incoming,MeterValues,868,0.000
1782244171.319,2026-06-23T20:49:31,incoming,MeterValues,0,0.270
1782244171.319,2026-06-23T20:49:31,outgoing,CallResult,45,0.000
1782244174.535,2026-06-23T20:49:34,incoming,Heartbeat,57,0.000
1782244174.536,2026-06-23T20:49:34,outgoing,CallResult,81,0.000
1782244181.349,2026-06-23T20:49:41,incoming,MeterValues,868,0.000
1782244181.352,2026-06-23T20:49:41,incoming,MeterValues,0,0.392
1782244181.352,2026-06-23T20:49:41,outgoing,CallResult,45,0.000
1782244184.549,2026-06-23T20:49:44,incoming,Heartbeat,57,0.000
1782244184.550,2026-06-23T20:49:44,outgoing,CallResult,81,0.000
1782244191.385,2026-06-23T20:49:51,incoming,MeterValues,868,0.000
1782244191.388,2026-06-23T20:49:51,incoming,MeterValues,0,0.423
1782244191.388,2026-06-23T20:49:51,outgoing,CallResult,45,0.000
1782244194.560,2026-06-23T20:49:54,incoming,Heartbeat,57,0.000
1782244194.562,2026-06-23T20:49:54,outgoing,CallResult,81,0.000
1782244201.422,2026-06-23T20:50:01,incoming,MeterValues,868,0.000
1782244201.424,2026-06-23T20:50:01,incoming,MeterValues,0,0.248
1782244201.425,2026-06-23T20:50:01,outgoing,CallResult,45,0.000
1782244204.572,2026-06-23T20:50:04,incoming,Heartbeat,57,0.000
1782244204.574,2026-06-23T20:50:04,outgoing,CallResult,81,0.000
1782244211.457,2026-06-23T20:50:11,incoming,MeterValues,868,0.000
1782244211.460,2026-06-23T20:50:11,incoming,MeterValues,0,0.427
1782244211.460,2026-06-23T20:50:11,outgoing,CallResult,45,0.000
1782244214.584,2026-06-23T20:50:14,incoming,Heartbeat,57,0.000
1782244214.585,2026-06-23T20:50:14,outgoing,CallResult,81,0.000
1782244221.700,2026-06-23T20:50:21,incoming,MeterValues,868,0.000
1782244221.703,2026-06-23T20:50:21,incoming,MeterValues,0,0.406
1782244221.703,2026-06-23T20:50:21,outgoing,CallResult,45,0.000
1782244224.596,2026-06-23T20:50:24,incoming,Heartbeat,57,0.000
1782244224.597,2026-06-23T20:50:24,outgoing,CallResult,81,0.000
1782244231.735,2026-06-23T20:50:31,incoming,MeterValues,868,0.000
1782244231.738,2026-06-23T20:50:31,incoming,MeterValues,0,0.427
1782244231.739,2026-06-23T20:50:31,outgoing,CallResult,45,0.000
1782244234.609,2026-06-23T20:50:34,incoming,Heartbeat,57,0.000
1782244234.610,2026-06-23T20:50:34,outgoing,CallResult,81,0.000
1782244241.765,2026-06-23T20:50:41,incoming,MeterValues,868,0.000
1782244241.768,2026-06-23T20:50:41,incoming,MeterValues,0,0.412
1782244241.768,2026-06-23T20:50:41,outgoing,CallResult,45,0.000
1782244244.621,2026-06-23T20:50:44,incoming,Heartbeat,57,0.000
1782244244.622,2026-06-23T20:50:44,outgoing,CallResult,81,0.000
1782244251.801,2026-06-23T20:50:51,incoming,MeterValues,868,0.000
1782244251.803,2026-06-23T20:50:51,incoming,MeterValues,0,0.324
1782244251.804,2026-06-23T20:50:51,outgoing,CallResult,45,0.000
1782244254.982,2026-06-23T20:50:54,incoming,Heartbeat,57,0.000
1782244254.983,2026-06-23T20:50:54,outgoing,CallResult,81,0.000
1782244261.833,2026-06-23T20:51:01,incoming,MeterValues,868,0.000
1782244261.835,2026-06-23T20:51:01,incoming,MeterValues,0,0.278
1782244261.836,2026-06-23T20:51:01,outgoing,CallResult,45,0.000
1782244264.994,2026-06-23T20:51:04,incoming,Heartbeat,57,0.000
1782244264.995,2026-06-23T20:51:04,outgoing,CallResult,81,0.000
1782244271.869,2026-06-23T20:51:11,incoming,MeterValues,868,0.000
1782244271.871,2026-06-23T20:51:11,incoming,MeterValues,0,0.273
1782244271.872,2026-06-23T20:51:11,outgoing,CallResult,45,0.000
1782244275.005,2026-06-23T20:51:15,incoming,Heartbeat,57,0.000
1782244275.006,2026-06-23T20:51:15,outgoing,CallResult,81,0.000
1782244281.908,2026-06-23T20:51:21,incoming,MeterValues,868,0.000
1782244281.910,2026-06-23T20:51:21,incoming,MeterValues,0,0.415
1782244281.911,2026-06-23T20:51:21,outgoing,CallResult,45,0.000
1782244285.024,2026-06-23T20:51:25,incoming,Heartbeat,57,0.000
1782244285.025,2026-06-23T20:51:25,outgoing,CallResult,81,0.000
1782244291.944,2026-06-23T20:51:31,incoming,MeterValues,868,0.000
1782244291.947,2026-06-23T20:51:31,incoming,MeterValues,0,0.275
1782244291.947,2026-06-23T20:51:31,outgoing,CallResult,45,0.000
1782244295.042,2026-06-23T20:51:35,incoming,Heartbeat,57,0.000
1782244295.043,2026-06-23T20:51:35,outgoing,CallResult,81,0.000
1782244302.214,2026-06-23T20:51:42,incoming,MeterValues,868,0.000
1782244302.217,2026-06-23T20:51:42,incoming,MeterValues,0,0.401
1782244302.218,2026-06-23T20:51:42,outgoing,CallResult,45,0.000
1782244305.058,2026-06-23T20:51:45,incoming,Heartbeat,57,0.000
1782244305.059,2026-06-23T20:51:45,outgoing,CallResult,81,0.000
1782244312.246,2026-06-23T20:51:52,incoming,MeterValues,868,0.000
1782244312.249,2026-06-23T20:51:52,incoming,MeterValues,0,0.394
1782244312.249,2026-06-23T20:51:52,outgoing,CallResult,45,0.000
1782244315.074,2026-06-23T20:51:55,incoming,Heartbeat,57,0.000
1782244315.075,2026-06-23T20:51:55,outgoing,CallResult,81,0.000
1782244322.281,2026-06-23T20:52:02,incoming,MeterValues,868,0.000
1782244322.284,2026-06-23T20:52:02,incoming,MeterValues,0,0.407
1782244322.284,2026-06-23T20:52:02,outgoing,CallResult,45,0.000
1782244325.092,2026-06-23T20:52:05,incoming,Heartbeat,57,0.000
1782244325.094,2026-06-23T20:52:05,outgoing,CallResult,81,0.000
1782244332.321,2026-06-23T20:52:12,incoming,MeterValues,868,0.000
1782244332.324,2026-06-23T20:52:12,incoming,MeterValues,0,0.409
1782244332.324,2026-06-23T20:52:12,outgoing,CallResult,45,0.000
1782244335.110,2026-06-23T20:52:15,incoming,Heartbeat,57,0.000
1782244335.111,2026-06-23T20:52:15,outgoing,CallResult,81,0.000
1782244342.353,2026-06-23T20:52:22,incoming,MeterValues,868,0.000
1782244342.356,2026-06-23T20:52:22,incoming,MeterValues,0,0.443
1782244342.356,2026-06-23T20:52:22,outgoing,CallResult,45,0.000
1782244345.126,2026-06-23T20:52:25,incoming,Heartbeat,57,0.000
1782244345.127,2026-06-23T20:52:25,outgoing,CallResult,81,0.000
1782244352.535,2026-06-23T20:52:32,incoming,MeterValues,868,0.000
1782244352.537,2026-06-23T20:52:32,incoming,MeterValues,0,0.335
1782244352.538,2026-06-23T20:52:32,outgoing,CallResult,45,0.000
1782244355.142,2026-06-23T20:52:35,incoming,Heartbeat,57,0.000
1782244355.143,2026-06-23T20:52:35,outgoing,CallResult,81,0.000
1782244362.569,2026-06-23T20:52:42,incoming,MeterValues,868,0.000
1782244362.571,2026-06-23T20:52:42,incoming,MeterValues,0,0.284
1782244362.572,2026-06-23T20:52:42,outgoing,CallResult,45,0.000
1782244365.158,2026-06-23T20:52:45,incoming,Heartbeat,57,0.000
1782244365.159,2026-06-23T20:52:45,outgoing,CallResult,81,0.000
1782244372.605,2026-06-23T20:52:52,incoming,MeterValues,868,0.000
1782244372.608,2026-06-23T20:52:52,incoming,MeterValues,0,0.273
1782244372.608,2026-06-23T20:52:52,outgoing,CallResult,45,0.000
1782244375.176,2026-06-23T20:52:55,incoming,Heartbeat,57,0.000
1782244375.177,2026-06-23T20:52:55,outgoing,CallResult,81,0.000
1782244382.663,2026-06-23T20:53:02,incoming,MeterValues,868,0.000
1782244382.665,2026-06-23T20:53:02,incoming,MeterValues,0,0.267
1782244382.666,2026-06-23T20:53:02,outgoing,CallResult,45,0.000
1782244385.193,2026-06-23T20:53:05,incoming,Heartbeat,57,0.000
1782244385.195,2026-06-23T20:53:05,outgoing,CallResult,81,0.000
1782244392.695,2026-06-23T20:53:12,incoming,MeterValues,868,0.000
1782244392.697,2026-06-23T20:53:12,incoming,MeterValues,0,0.276
1782244392.698,2026-06-23T20:53:12,outgoing,CallResult,45,0.000
1782244395.220,2026-06-23T20:53:15,incoming,Heartbeat,57,0.000
1782244395.221,2026-06-23T20:53:15,outgoing,CallResult,81,0.000
1782244402.728,2026-06-23T20:53:22,incoming,MeterValues,868,0.000
1782244402.730,2026-06-23T20:53:22,incoming,MeterValues,0,0.262
1782244402.731,2026-06-23T20:53:22,outgoing,CallResult,45,0.000
1782244405.456,2026-06-23T20:53:25,incoming,Heartbeat,57,0.000
1782244405.457,2026-06-23T20:53:25,outgoing,CallResult,81,0.000
1782244412.762,2026-06-23T20:53:32,incoming,MeterValues,868,0.000
1782244412.765,2026-06-23T20:53:32,incoming,MeterValues,0,0.270
1782244412.765,2026-06-23T20:53:32,outgoing,CallResult,45,0.000
1782244415.472,2026-06-23T20:53:35,incoming,Heartbeat,57,0.000
1782244415.473,2026-06-23T20:53:35,outgoing,CallResult,81,0.000
1782244422.797,2026-06-23T20:53:42,incoming,MeterValues,868,0.000
1782244422.800,2026-06-23T20:53:42,incoming,MeterValues,0,0.276
1782244422.800,2026-06-23T20:53:42,outgoing,CallResult,45,0.000
1782244425.488,2026-06-23T20:53:45,incoming,Heartbeat,57,0.000
1782244425.489,2026-06-23T20:53:45,outgoing,CallResult,81,0.000
1782244432.832,2026-06-23T20:53:52,incoming,MeterValues,868,0.000
1782244432.834,2026-06-23T20:53:52,incoming,MeterValues,0,0.271
1782244432.835,2026-06-23T20:53:52,outgoing,CallResult,45,0.000
1782244435.502,2026-06-23T20:53:55,incoming,Heartbeat,57,0.000
1782244435.503,2026-06-23T20:53:55,outgoing,CallResult,81,0.000
1782244443.088,2026-06-23T20:54:03,incoming,MeterValues,868,0.000
1782244443.091,2026-06-23T20:54:03,incoming,MeterValues,0,0.272
1782244443.091,2026-06-23T20:54:03,outgoing,CallResult,45,0.000
1782244445.513,2026-06-23T20:54:05,incoming,Heartbeat,57,0.000
1782244445.514,2026-06-23T20:54:05,outgoing,CallResult,81,0.000
1782244453.124,2026-06-23T20:54:13,incoming,MeterValues,868,0.000
1782244453.126,2026-06-23T20:54:13,incoming,MeterValues,0,0.273
1782244453.127,2026-06-23T20:54:13,outgoing,CallResult,45,0.000
1782244455.860,2026-06-23T20:54:15,incoming,Heartbeat,57,0.000
1782244455.861,2026-06-23T20:54:15,outgoing,CallResult,81,0.000
1782244463.158,2026-06-23T20:54:23,incoming,MeterValues,868,0.000
1782244463.161,2026-06-23T20:54:23,incoming,MeterValues,0,0.267
1782244463.161,2026-06-23T20:54:23,outgoing,CallResult,45,0.000
1782244465.873,2026-06-23T20:54:25,incoming,Heartbeat,57,0.000
1782244465.874,2026-06-23T20:54:25,outgoing,CallResult,81,0.000
1782244473.203,2026-06-23T20:54:33,incoming,MeterValues,868,0.000
1782244473.206,2026-06-23T20:54:33,incoming,MeterValues,0,0.285
1782244473.206,2026-06-23T20:54:33,outgoing,CallResult,45,0.000
1782244475.889,2026-06-23T20:54:35,incoming,Heartbeat,57,0.000
1782244475.890,2026-06-23T20:54:35,outgoing,CallResult,81,0.000
1782244483.488,2026-06-23T20:54:43,incoming,MeterValues,868,0.000
1782244483.491,2026-06-23T20:54:43,incoming,MeterValues,0,0.270
1782244483.491,2026-06-23T20:54:43,outgoing,CallResult,45,0.000
1782244485.906,2026-06-23T20:54:45,incoming,Heartbeat,57,0.000
1782244485.907,2026-06-23T20:54:45,outgoing,CallResult,81,0.000
1782244493.523,2026-06-23T20:54:53,incoming,MeterValues,868,0.000
1782244493.526,2026-06-23T20:54:53,incoming,MeterValues,0,0.285
1782244493.526,2026-06-23T20:54:53,outgoing,CallResult,45,0.000
1782244495.922,2026-06-23T20:54:55,incoming,Heartbeat,57,0.000
1782244495.923,2026-06-23T20:54:55,outgoing,CallResult,81,0.000
1782244503.828,2026-06-23T20:55:03,incoming,MeterValues,868,0.000
1782244503.831,2026-06-23T20:55:03,incoming,MeterValues,0,0.275
1782244503.831,2026-06-23T20:55:03,outgoing,CallResult,45,0.000
1782244505.938,2026-06-23T20:55:05,incoming,Heartbeat,57,0.000
1782244505.939,2026-06-23T20:55:05,outgoing,CallResult,81,0.000
1782244513.859,2026-06-23T20:55:13,incoming,MeterValues,868,0.000
1782244513.862,2026-06-23T20:55:13,incoming,MeterValues,0,0.282
1782244513.862,2026-06-23T20:55:13,outgoing,CallResult,45,0.000
1782244515.954,2026-06-23T20:55:15,incoming,Heartbeat,57,0.000
1782244515.955,2026-06-23T20:55:15,outgoing,CallResult,81,0.000
1782244523.894,2026-06-23T20:55:23,incoming,MeterValues,868,0.000
1782244523.897,2026-06-23T20:55:23,incoming,MeterValues,0,0.278
1782244523.897,2026-06-23T20:55:23,outgoing,CallResult,45,0.000
1782244525.972,2026-06-23T20:55:25,incoming,Heartbeat,57,0.000
1782244525.973,2026-06-23T20:55:25,outgoing,CallResult,81,0.000
1782244533.929,2026-06-23T20:55:33,incoming,MeterValues,868,0.000
1782244533.932,2026-06-23T20:55:33,incoming,MeterValues,0,0.394
1782244533.932,2026-06-23T20:55:33,outgoing,CallResult,45,0.000
1782244535.989,2026-06-23T20:55:35,incoming,Heartbeat,57,0.000
1782244535.990,2026-06-23T20:55:35,outgoing,CallResult,81,0.000
1782244543.961,2026-06-23T20:55:43,incoming,MeterValues,868,0.000
1782244543.963,2026-06-23T20:55:43,incoming,MeterValues,0,0.368
1782244543.964,2026-06-23T20:55:43,outgoing,CallResult,45,0.000
1782244546.247,2026-06-23T20:55:46,incoming,Heartbeat,57,0.000
1782244546.249,2026-06-23T20:55:46,outgoing,CallResult,81,0.000
1782244553.996,2026-06-23T20:55:53,incoming,MeterValues,868,0.000
1782244553.999,2026-06-23T20:55:53,incoming,MeterValues,0,0.409
1782244553.999,2026-06-23T20:55:53,outgoing,CallResult,45,0.000
1782244556.265,2026-06-23T20:55:56,incoming,Heartbeat,57,0.000
1782244556.266,2026-06-23T20:55:56,outgoing,CallResult,81,0.000
1782244564.033,2026-06-23T20:56:04,incoming,MeterValues,868,0.000
1782244564.035,2026-06-23T20:56:04,incoming,MeterValues,0,0.350
1782244564.036,2026-06-23T20:56:04,outgoing,CallResult,45,0.000
1782244566.282,2026-06-23T20:56:06,incoming,Heartbeat,57,0.000
1782244566.283,2026-06-23T20:56:06,outgoing,CallResult,81,0.000
1782244574.277,2026-06-23T20:56:14,incoming,MeterValues,868,0.000
1782244574.280,2026-06-23T20:56:14,incoming,MeterValues,0,0.393
1782244574.280,2026-06-23T20:56:14,outgoing,CallResult,45,0.000
1782244576.299,2026-06-23T20:56:16,incoming,Heartbeat,57,0.000
1782244576.300,2026-06-23T20:56:16,outgoing,CallResult,81,0.000
1782244584.313,2026-06-23T20:56:24,incoming,MeterValues,868,0.000
1782244584.316,2026-06-23T20:56:24,incoming,MeterValues,0,0.438
1782244584.316,2026-06-23T20:56:24,outgoing,CallResult,45,0.000
1782244586.316,2026-06-23T20:56:26,incoming,Heartbeat,57,0.000
1782244586.317,2026-06-23T20:56:26,outgoing,CallResult,81,0.000
1782244594.349,2026-06-23T20:56:34,incoming,MeterValues,868,0.000
1782244594.351,2026-06-23T20:56:34,incoming,MeterValues,0,0.341
1782244594.352,2026-06-23T20:56:34,outgoing,CallResult,45,0.000
1782244596.332,2026-06-23T20:56:36,incoming,Heartbeat,57,0.000
1782244596.333,2026-06-23T20:56:36,outgoing,CallResult,81,0.000
1782244604.384,2026-06-23T20:56:44,incoming,MeterValues,868,0.000
1782244604.386,2026-06-23T20:56:44,incoming,MeterValues,0,0.334
1782244604.387,2026-06-23T20:56:44,outgoing,CallResult,45,0.000
1782244606.349,2026-06-23T20:56:46,incoming,Heartbeat,57,0.000
1782244606.350,2026-06-23T20:56:46,outgoing,CallResult,81,0.000
1782244614.420,2026-06-23T20:56:54,incoming,MeterValues,868,0.000
1782244614.422,2026-06-23T20:56:54,incoming,MeterValues,0,0.275
1782244614.423,2026-06-23T20:56:54,outgoing,CallResult,45,0.000
1782244616.366,2026-06-23T20:56:56,incoming,Heartbeat,57,0.000
1782244616.367,2026-06-23T20:56:56,outgoing,CallResult,81,0.000
1782244624.464,2026-06-23T20:57:04,incoming,MeterValues,868,0.000
1782244624.467,2026-06-23T20:57:04,incoming,MeterValues,0,0.274
1782244624.467,2026-06-23T20:57:04,outgoing,CallResult,45,0.000
1782244626.379,2026-06-23T20:57:06,incoming,Heartbeat,57,0.000
1782244626.380,2026-06-23T20:57:06,outgoing,CallResult,81,0.000
1782244634.690,2026-06-23T20:57:14,incoming,MeterValues,868,0.000
1782244634.692,2026-06-23T20:57:14,incoming,MeterValues,0,0.277
1782244634.693,2026-06-23T20:57:14,outgoing,CallResult,45,0.000
1782244636.391,2026-06-23T20:57:16,incoming,Heartbeat,57,0.000
1782244636.392,2026-06-23T20:57:16,outgoing,CallResult,81,0.000
1782244644.733,2026-06-23T20:57:24,incoming,MeterValues,868,0.000
1782244644.735,2026-06-23T20:57:24,incoming,MeterValues,0,0.271
1782244644.736,2026-06-23T20:57:24,outgoing,CallResult,45,0.000
1782244646.408,2026-06-23T20:57:26,incoming,Heartbeat,57,0.000
1782244646.409,2026-06-23T20:57:26,outgoing,CallResult,81,0.000
1782244654.763,2026-06-23T20:57:34,incoming,MeterValues,868,0.000
1782244654.766,2026-06-23T20:57:34,incoming,MeterValues,0,0.290
1782244654.766,2026-06-23T20:57:34,outgoing,CallResult,45,0.000
1782244656.424,2026-06-23T20:57:36,incoming,Heartbeat,57,0.000
1782244656.425,2026-06-23T20:57:36,outgoing,CallResult,81,0.000
1782244664.795,2026-06-23T20:57:44,incoming,MeterValues,868,0.000
1782244664.798,2026-06-23T20:57:44,incoming,MeterValues,0,0.282
1782244664.798,2026-06-23T20:57:44,outgoing,CallResult,45,0.000
1782244666.731,2026-06-23T20:57:46,incoming,Heartbeat,57,0.000
1782244666.732,2026-06-23T20:57:46,outgoing,CallResult,81,0.000
1782244674.830,2026-06-23T20:57:54,incoming,MeterValues,868,0.000
1782244674.832,2026-06-23T20:57:54,incoming,MeterValues,0,0.217
1782244674.832,2026-06-23T20:57:54,outgoing,CallResult,45,0.000
1782244676.747,2026-06-23T20:57:56,incoming,Heartbeat,57,0.000
1782244676.749,2026-06-23T20:57:56,outgoing,CallResult,81,0.000
1782244684.865,2026-06-23T20:58:04,incoming,MeterValues,868,0.000
1782244684.868,2026-06-23T20:58:04,incoming,MeterValues,0,0.272
1782244684.868,2026-06-23T20:58:04,outgoing,CallResult,45,0.000
1782244686.762,2026-06-23T20:58:06,incoming,Heartbeat,57,0.000
1782244686.763,2026-06-23T20:58:06,outgoing,CallResult,81,0.000
1782244694.896,2026-06-23T20:58:14,incoming,MeterValues,868,0.000
1782244694.898,2026-06-23T20:58:14,incoming,MeterValues,0,0.268
1782244694.899,2026-06-23T20:58:14,outgoing,CallResult,45,0.000
1782244696.778,2026-06-23T20:58:16,incoming,Heartbeat,57,0.000
1782244696.779,2026-06-23T20:58:16,outgoing,CallResult,81,0.000
1782244704.929,2026-06-23T20:58:24,incoming,MeterValues,868,0.000
1782244704.932,2026-06-23T20:58:24,incoming,MeterValues,0,0.273
1782244704.932,2026-06-23T20:58:24,outgoing,CallResult,45,0.000
1782244706.794,2026-06-23T20:58:26,incoming,Heartbeat,57,0.000
1782244706.795,2026-06-23T20:58:26,outgoing,CallResult,81,0.000
1782244715.131,2026-06-23T20:58:35,incoming,MeterValues,868,0.000
1782244715.134,2026-06-23T20:58:35,incoming,MeterValues,0,0.277
1782244715.134,2026-06-23T20:58:35,outgoing,CallResult,45,0.000
1782244716.812,2026-06-23T20:58:36,incoming,Heartbeat,57,0.000
1782244716.813,2026-06-23T20:58:36,outgoing,CallResult,81,0.000
1782244725.166,2026-06-23T20:58:45,incoming,MeterValues,868,0.000
1782244725.169,2026-06-23T20:58:45,incoming,MeterValues,0,0.273
1782244725.169,2026-06-23T20:58:45,outgoing,CallResult,45,0.000
1782244726.830,2026-06-23T20:58:46,incoming,Heartbeat,57,0.000
1782244726.831,2026-06-23T20:58:46,outgoing,CallResult,81,0.000
1782244735.202,2026-06-23T20:58:55,incoming,MeterValues,868,0.000
1782244735.205,2026-06-23T20:58:55,incoming,MeterValues,0,0.436
1782244735.205,2026-06-23T20:58:55,outgoing,CallResult,45,0.000
1782244736.843,2026-06-23T20:58:56,incoming,Heartbeat,57,0.000
1782244736.845,2026-06-23T20:58:56,outgoing,CallResult,81,0.000
1782244745.236,2026-06-23T20:59:05,incoming,MeterValues,868,0.000
1782244745.238,2026-06-23T20:59:05,incoming,MeterValues,0,0.442
1782244745.239,2026-06-23T20:59:05,outgoing,CallResult,45,0.000
1782244746.860,2026-06-23T20:59:06,incoming,Heartbeat,57,0.000
1782244746.861,2026-06-23T20:59:06,outgoing,CallResult,81,0.000
1782244755.273,2026-06-23T20:59:15,incoming,MeterValues,868,0.000
1782244755.275,2026-06-23T20:59:15,incoming,MeterValues,0,0.418
1782244755.276,2026-06-23T20:59:15,outgoing,CallResult,45,0.000
1782244756.874,2026-06-23T20:59:16,incoming,Heartbeat,57,0.000
1782244756.876,2026-06-23T20:59:16,outgoing,CallResult,81,0.000
1782244765.524,2026-06-23T20:59:25,incoming,MeterValues,868,0.000
1782244765.527,2026-06-23T20:59:25,incoming,MeterValues,0,0.429
1782244765.528,2026-06-23T20:59:25,outgoing,CallResult,45,0.000
1782244766.892,2026-06-23T20:59:26,incoming,Heartbeat,57,0.000
1782244766.893,2026-06-23T20:59:26,outgoing,CallResult,81,0.000
1782244775.558,2026-06-23T20:59:35,incoming,MeterValues,868,0.000
1782244775.561,2026-06-23T20:59:35,incoming,MeterValues,0,0.380
1782244775.561,2026-06-23T20:59:35,outgoing,CallResult,45,0.000
1782244777.163,2026-06-23T20:59:37,incoming,Heartbeat,57,0.000
1782244777.164,2026-06-23T20:59:37,outgoing,CallResult,81,0.000
1782244785.591,2026-06-23T20:59:45,incoming,MeterValues,868,0.000
1782244785.594,2026-06-23T20:59:45,incoming,MeterValues,0,0.296
1782244785.594,2026-06-23T20:59:45,outgoing,CallResult,45,0.000
1782244787.179,2026-06-23T20:59:47,incoming,Heartbeat,57,0.000
1782244787.180,2026-06-23T20:59:47,outgoing,CallResult,81,0.000
1782244795.626,2026-06-23T20:59:55,incoming,MeterValues,868,0.000
1782244795.629,2026-06-23T20:59:55,incoming,MeterValues,0,0.268
1782244795.629,2026-06-23T20:59:55,outgoing,CallResult,45,0.000
1782244797.197,2026-06-23T20:59:57,incoming,Heartbeat,57,0.000
1782244797.198,2026-06-23T20:59:57,outgoing,CallResult,81,0.000
1782244805.668,2026-06-23T21:00:05,incoming,MeterValues,868,0.000
1782244805.672,2026-06-23T21:00:05,incoming,MeterValues,0,0.285
1782244805.673,2026-06-23T21:00:05,outgoing,CallResult,45,0.000
1782244807.213,2026-06-23T21:00:07,incoming,Heartbeat,57,0.000
1782244807.215,2026-06-23T21:00:07,outgoing,CallResult,81,0.000
1782244815.704,2026-06-23T21:00:15,incoming,MeterValues,868,0.000
1782244815.706,2026-06-23T21:00:15,incoming,MeterValues,0,0.268
1782244815.707,2026-06-23T21:00:15,outgoing,CallResult,45,0.000
1782244817.227,2026-06-23T21:00:17,incoming,Heartbeat,57,0.000
1782244817.228,2026-06-23T21:00:17,outgoing,CallResult,81,0.000
1782244825.737,2026-06-23T21:00:25,incoming,MeterValues,868,0.000
1782244825.740,2026-06-23T21:00:25,incoming,MeterValues,0,0.409
1782244825.741,2026-06-23T21:00:25,outgoing,CallResult,45,0.000
1782244827.243,2026-06-23T21:00:27,incoming,Heartbeat,57,0.000
1782244827.244,2026-06-23T21:00:27,outgoing,CallResult,81,0.000
1782244836.025,2026-06-23T21:00:36,incoming,MeterValues,868,0.000
1782244836.027,2026-06-23T21:00:36,incoming,MeterValues,0,0.265
1782244836.028,2026-06-23T21:00:36,outgoing,CallResult,45,0.000
1782244837.255,2026-06-23T21:00:37,incoming,Heartbeat,57,0.000
1782244837.256,2026-06-23T21:00:37,outgoing,CallResult,81,0.000
1782244846.063,2026-06-23T21:00:46,incoming,MeterValues,868,0.000
1782244846.066,2026-06-23T21:00:46,incoming,MeterValues,0,0.297
1782244846.066,2026-06-23T21:00:46,outgoing,CallResult,45,0.000
1782244847.268,2026-06-23T21:00:47,incoming,Heartbeat,57,0.000
1782244847.269,2026-06-23T21:00:47,outgoing,CallResult,81,0.000
1782244856.098,2026-06-23T21:00:56,incoming,MeterValues,868,0.000
1782244856.101,2026-06-23T21:00:56,incoming,MeterValues,0,0.270
1782244856.101,2026-06-23T21:00:56,outgoing,CallResult,45,0.000
1782244857.285,2026-06-23T21:00:57,incoming,Heartbeat,57,0.000
1782244857.286,2026-06-23T21:00:57,outgoing,CallResult,81,0.000
1782244866.133,2026-06-23T21:01:06,incoming,MeterValues,868,0.000
1782244866.136,2026-06-23T21:01:06,incoming,MeterValues,0,0.279
1782244866.136,2026-06-23T21:01:06,outgoing,CallResult,45,0.000
1782244867.504,2026-06-23T21:01:07,incoming,Heartbeat,57,0.000
1782244867.505,2026-06-23T21:01:07,outgoing,CallResult,81,0.000
1782244876.268,2026-06-23T21:01:16,incoming,MeterValues,868,0.000
1782244876.271,2026-06-23T21:01:16,incoming,MeterValues,0,0.410
1782244876.271,2026-06-23T21:01:16,outgoing,CallResult,45,0.000
1782244877.518,2026-06-23T21:01:17,incoming,Heartbeat,57,0.000
1782244877.519,2026-06-23T21:01:17,outgoing,CallResult,81,0.000
1782244886.331,2026-06-23T21:01:26,incoming,MeterValues,868,0.000
1782244886.334,2026-06-23T21:01:26,incoming,MeterValues,0,0.364
1782244886.334,2026-06-23T21:01:26,outgoing,CallResult,45,0.000
1782244887.529,2026-06-23T21:01:27,incoming,Heartbeat,57,0.000
1782244887.531,2026-06-23T21:01:27,outgoing,CallResult,81,0.000
1782244896.363,2026-06-23T21:01:36,incoming,MeterValues,868,0.000
1782244896.366,2026-06-23T21:01:36,incoming,MeterValues,0,0.420
1782244896.367,2026-06-23T21:01:36,outgoing,CallResult,45,0.000
1782244897.546,2026-06-23T21:01:37,incoming,Heartbeat,57,0.000
1782244897.547,2026-06-23T21:01:37,outgoing,CallResult,81,0.000
1782244906.398,2026-06-23T21:01:46,incoming,MeterValues,868,0.000
1782244906.401,2026-06-23T21:01:46,incoming,MeterValues,0,0.397
1782244906.401,2026-06-23T21:01:46,outgoing,CallResult,45,0.000
1782244907.564,2026-06-23T21:01:47,incoming,Heartbeat,57,0.000
1782244907.565,2026-06-23T21:01:47,outgoing,CallResult,81,0.000
1782244916.433,2026-06-23T21:01:56,incoming,MeterValues,868,0.000
1782244916.436,2026-06-23T21:01:56,incoming,MeterValues,0,0.393
1782244916.437,2026-06-23T21:01:56,outgoing,CallResult,45,0.000
1782244917.577,2026-06-23T21:01:57,incoming,Heartbeat,57,0.000
1782244917.579,2026-06-23T21:01:57,outgoing,CallResult,81,0.000
1782244926.467,2026-06-23T21:02:06,incoming,MeterValues,868,0.000
1782244926.470,2026-06-23T21:02:06,incoming,MeterValues,0,0.282
1782244926.470,2026-06-23T21:02:06,outgoing,CallResult,45,0.000
1782244927.593,2026-06-23T21:02:07,incoming,Heartbeat,57,0.000
1782244927.594,2026-06-23T21:02:07,outgoing,CallResult,81,0.000
1782244936.715,2026-06-23T21:02:16,incoming,MeterValues,868,0.000
1782244936.717,2026-06-23T21:02:16,incoming,MeterValues,0,0.273
1782244936.718,2026-06-23T21:02:16,outgoing,CallResult,45,0.000
1782244937.604,2026-06-23T21:02:17,incoming,Heartbeat,57,0.000
1782244937.605,2026-06-23T21:02:17,outgoing,CallResult,81,0.000
1782244946.754,2026-06-23T21:02:26,incoming,MeterValues,868,0.000
1782244946.756,2026-06-23T21:02:26,incoming,MeterValues,0,0.275
1782244946.757,2026-06-23T21:02:26,outgoing,CallResult,45,0.000
1782244947.620,2026-06-23T21:02:27,incoming,Heartbeat,57,0.000
1782244947.621,2026-06-23T21:02:27,outgoing,CallResult,81,0.000
1782244956.790,2026-06-23T21:02:36,incoming,MeterValues,868,0.000
1782244956.793,2026-06-23T21:02:36,incoming,MeterValues,0,0.400
1782244956.793,2026-06-23T21:02:36,outgoing,CallResult,45,0.000
1782244957.859,2026-06-23T21:02:37,incoming,Heartbeat,57,0.000
1782244957.860,2026-06-23T21:02:37,outgoing,CallResult,81,0.000
1782244966.826,2026-06-23T21:02:46,incoming,MeterValues,868,0.000
1782244966.829,2026-06-23T21:02:46,incoming,MeterValues,0,0.340
1782244966.829,2026-06-23T21:02:46,outgoing,CallResult,45,0.000
1782244967.876,2026-06-23T21:02:47,incoming,Heartbeat,57,0.000
1782244967.877,2026-06-23T21:02:47,outgoing,CallResult,81,0.000
1782244977.078,2026-06-23T21:02:57,incoming,MeterValues,868,0.000
1782244977.081,2026-06-23T21:02:57,incoming,MeterValues,0,0.281
1782244977.081,2026-06-23T21:02:57,outgoing,CallResult,45,0.000
1782244977.892,2026-06-23T21:02:57,incoming,Heartbeat,57,0.000
1782244977.893,2026-06-23T21:02:57,outgoing,CallResult,81,0.000
1782244987.140,2026-06-23T21:03:07,incoming,MeterValues,868,0.000
1782244987.143,2026-06-23T21:03:07,incoming,MeterValues,0,0.274
1782244987.143,2026-06-23T21:03:07,outgoing,CallResult,45,0.000
1782244987.916,2026-06-23T21:03:07,incoming,Heartbeat,57,0.000
1782244987.917,2026-06-23T21:03:07,outgoing,CallResult,81,0.000
1782244997.174,2026-06-23T21:03:17,incoming,MeterValues,868,0.000
1782244997.177,2026-06-23T21:03:17,incoming,MeterValues,0,0.286
1782244997.177,2026-06-23T21:03:17,outgoing,CallResult,45,0.000
1782244997.930,2026-06-23T21:03:17,incoming,Heartbeat,57,0.000
1782244997.931,2026-06-23T21:03:17,outgoing,CallResult,81,0.000
1782245007.209,2026-06-23T21:03:27,incoming,MeterValues,868,0.000
1782245007.211,2026-06-23T21:03:27,incoming,MeterValues,0,0.277
1782245007.212,2026-06-23T21:03:27,outgoing,CallResult,45,0.000
1782245007.942,2026-06-23T21:03:27,incoming,Heartbeat,57,0.000
1782245007.943,2026-06-23T21:03:27,outgoing,CallResult,81,0.000
1782245017.240,2026-06-23T21:03:37,incoming,MeterValues,868,0.000
1782245017.242,2026-06-23T21:03:37,incoming,MeterValues,0,0.217
1782245017.242,2026-06-23T21:03:37,outgoing,CallResult,45,0.000
1782245018.326,2026-06-23T21:03:38,incoming,Heartbeat,57,0.000
1782245018.327,2026-06-23T21:03:38,outgoing,CallResult,81,0.000
1782245027.273,2026-06-23T21:03:47,incoming,MeterValues,868,0.000
1782245027.275,2026-06-23T21:03:47,incoming,MeterValues,0,0.268
1782245027.276,2026-06-23T21:03:47,outgoing,CallResult,45,0.000
1782245028.337,2026-06-23T21:03:48,incoming,Heartbeat,57,0.000
1782245028.338,2026-06-23T21:03:48,outgoing,CallResult,81,0.000
1782245037.304,2026-06-23T21:03:57,incoming,MeterValues,868,0.000
1782245037.307,2026-06-23T21:03:57,incoming,MeterValues,0,0.274
1782245037.307,2026-06-23T21:03:57,outgoing,CallResult,45,0.000
1782245038.348,2026-06-23T21:03:58,incoming,Heartbeat,57,0.000
1782245038.349,2026-06-23T21:03:58,outgoing,CallResult,81,0.000
1782245047.338,2026-06-23T21:04:07,incoming,MeterValues,868,0.000
1782245047.341,2026-06-23T21:04:07,incoming,MeterValues,0,0.437
1782245047.342,2026-06-23T21:04:07,outgoing,CallResult,45,0.000
1782245048.359,2026-06-23T21:04:08,incoming,Heartbeat,57,0.000
1782245048.361,2026-06-23T21:04:08,outgoing,CallResult,81,0.000
1782245057.573,2026-06-23T21:04:17,incoming,MeterValues,868,0.000
1782245057.576,2026-06-23T21:04:17,incoming,MeterValues,0,0.329
1782245057.576,2026-06-23T21:04:17,outgoing,CallResult,45,0.000
1782245058.376,2026-06-23T21:04:18,incoming,Heartbeat,57,0.000
1782245058.377,2026-06-23T21:04:18,outgoing,CallResult,81,0.000
1782245067.604,2026-06-23T21:04:27,incoming,MeterValues,868,0.000
1782245067.607,2026-06-23T21:04:27,incoming,MeterValues,0,0.427
1782245067.608,2026-06-23T21:04:27,outgoing,CallResult,45,0.000
1782245068.391,2026-06-23T21:04:28,incoming,Heartbeat,57,0.000
1782245068.392,2026-06-23T21:04:28,outgoing,CallResult,81,0.000
1782245077.639,2026-06-23T21:04:37,incoming,MeterValues,868,0.000
1782245077.642,2026-06-23T21:04:37,incoming,MeterValues,0,0.442
1782245077.642,2026-06-23T21:04:37,outgoing,CallResult,45,0.000
1782245078.408,2026-06-23T21:04:38,incoming,Heartbeat,57,0.000
1782245078.409,2026-06-23T21:04:38,outgoing,CallResult,81,0.000
1782245087.672,2026-06-23T21:04:47,incoming,MeterValues,868,0.000
1782245087.674,2026-06-23T21:04:47,incoming,MeterValues,0,0.417
1782245087.675,2026-06-23T21:04:47,outgoing,CallResult,45,0.000
1782245088.420,2026-06-23T21:04:48,incoming,Heartbeat,57,0.000
1782245088.421,2026-06-23T21:04:48,outgoing,CallResult,81,0.000
1782245097.705,2026-06-23T21:04:57,incoming,MeterValues,868,0.000
1782245097.708,2026-06-23T21:04:57,incoming,MeterValues,0,0.328
1782245097.708,2026-06-23T21:04:57,outgoing,CallResult,45,0.000
1782245098.437,2026-06-23T21:04:58,incoming,Heartbeat,57,0.000
1782245098.438,2026-06-23T21:04:58,outgoing,CallResult,81,0.000
1782245107.738,2026-06-23T21:05:07,incoming,MeterValues,868,0.000
1782245107.741,2026-06-23T21:05:07,incoming,MeterValues,0,0.409
1782245107.741,2026-06-23T21:05:07,outgoing,CallResult,45,0.000
1782245108.448,2026-06-23T21:05:08,incoming,Heartbeat,57,0.000
1782245108.449,2026-06-23T21:05:08,outgoing,CallResult,81,0.000
1782245117.773,2026-06-23T21:05:17,incoming,MeterValues,868,0.000
1782245117.776,2026-06-23T21:05:17,incoming,MeterValues,0,0.419
1782245117.776,2026-06-23T21:05:17,outgoing,CallResult,45,0.000
1782245118.465,2026-06-23T21:05:18,incoming,Heartbeat,57,0.000
1782245118.466,2026-06-23T21:05:18,outgoing,CallResult,81,0.000
1782245128.054,2026-06-23T21:05:28,incoming,MeterValues,868,0.000
1782245128.057,2026-06-23T21:05:28,incoming,MeterValues,0,0.410
1782245128.057,2026-06-23T21:05:28,outgoing,CallResult,45,0.000
1782245128.481,2026-06-23T21:05:28,incoming,Heartbeat,57,0.000
1782245128.483,2026-06-23T21:05:28,outgoing,CallResult,81,0.000
1782245138.085,2026-06-23T21:05:38,incoming,MeterValues,868,0.000
1782245138.087,2026-06-23T21:05:38,incoming,MeterValues,0,0.280
1782245138.088,2026-06-23T21:05:38,outgoing,CallResult,45,0.000
1782245138.497,2026-06-23T21:05:38,incoming,Heartbeat,57,0.000
1782245138.498,2026-06-23T21:05:38,outgoing,CallResult,81,0.000
1782245148.153,2026-06-23T21:05:48,incoming,MeterValues,868,0.000
1782245148.156,2026-06-23T21:05:48,incoming,MeterValues,0,0.315
1782245148.157,2026-06-23T21:05:48,outgoing,CallResult,45,0.000
1782245148.516,2026-06-23T21:05:48,incoming,Heartbeat,57,0.000
1782245148.517,2026-06-23T21:05:48,outgoing,CallResult,81,0.000
1782245158.194,2026-06-23T21:05:58,incoming,MeterValues,868,0.000
1782245158.196,2026-06-23T21:05:58,incoming,MeterValues,0,0.431
1782245158.197,2026-06-23T21:05:58,outgoing,CallResult,45,0.000
1782245158.528,2026-06-23T21:05:58,incoming,Heartbeat,57,0.000
1782245158.529,2026-06-23T21:05:58,outgoing,CallResult,81,0.000
1782245168.227,2026-06-23T21:06:08,incoming,MeterValues,868,0.000
1782245168.229,2026-06-23T21:06:08,incoming,MeterValues,0,0.432
1782245168.230,2026-06-23T21:06:08,outgoing,CallResult,45,0.000
1782245168.544,2026-06-23T21:06:08,incoming,Heartbeat,57,0.000
1782245168.545,2026-06-23T21:06:08,outgoing,CallResult,81,0.000
1782245178.262,2026-06-23T21:06:18,incoming,MeterValues,868,0.000
1782245178.265,2026-06-23T21:06:18,incoming,MeterValues,0,0.269
1782245178.265,2026-06-23T21:06:18,outgoing,CallResult,45,0.000
1782245178.560,2026-06-23T21:06:18,incoming,Heartbeat,57,0.000
1782245178.561,2026-06-23T21:06:18,outgoing,CallResult,81,0.000
1782245188.296,2026-06-23T21:06:28,incoming,MeterValues,868,0.000
1782245188.299,2026-06-23T21:06:28,incoming,MeterValues,0,0.278
1782245188.299,2026-06-23T21:06:28,outgoing,CallResult,45,0.000
1782245188.577,2026-06-23T21:06:28,incoming,Heartbeat,57,0.000
1782245188.580,2026-06-23T21:06:28,outgoing,CallResult,81,0.000
1782245198.498,2026-06-23T21:06:38,incoming,MeterValues,868,0.000
1782245198.500,2026-06-23T21:06:38,incoming,MeterValues,0,0.214
1782245198.501,2026-06-23T21:06:38,outgoing,CallResult,45,0.000
1782245198.590,2026-06-23T21:06:38,incoming,Heartbeat,57,0.000
1782245198.591,2026-06-23T21:06:38,outgoing,CallResult,81,0.000
1782245208.529,2026-06-23T21:06:48,incoming,MeterValues,868,0.000
1782245208.532,2026-06-23T21:06:48,incoming,MeterValues,0,0.408
1782245208.532,2026-06-23T21:06:48,outgoing,CallResult,45,0.000
1782245208.602,2026-06-23T21:06:48,incoming,Heartbeat,57,0.000
1782245208.603,2026-06-23T21:06:48,outgoing,CallResult,81,0.000
1782245218.562,2026-06-23T21:06:58,incoming,MeterValues,868,0.000
1782245218.564,2026-06-23T21:06:58,incoming,MeterValues,0,0.409
1782245218.565,2026-06-23T21:06:58,outgoing,CallResult,45,0.000
1782245218.618,2026-06-23T21:06:58,incoming,Heartbeat,57,0.000
1782245218.619,2026-06-23T21:06:58,outgoing,CallResult,81,0.000
1782245228.599,2026-06-23T21:07:08,incoming,MeterValues,868,0.000
1782245228.602,2026-06-23T21:07:08,incoming,MeterValues,0,0.390
1782245228.602,2026-06-23T21:07:08,outgoing,CallResult,45,0.000
1782245228.630,2026-06-23T21:07:08,incoming,Heartbeat,57,0.000
1782245228.631,2026-06-23T21:07:08,outgoing,CallResult,81,0.000
1782245238.631,2026-06-23T21:07:18,incoming,MeterValues,868,0.000
1782245238.633,2026-06-23T21:07:18,incoming,MeterValues,0,0.269
1782245238.634,2026-06-23T21:07:18,outgoing,CallResult,45,0.000
1782245238.643,2026-06-23T21:07:18,incoming,Heartbeat,57,0.000
1782245238.644,2026-06-23T21:07:18,outgoing,CallResult,81,0.000
1782245248.690,2026-06-23T21:07:28,incoming,MeterValues,868,0.000
1782245248.692,2026-06-23T21:07:28,incoming,MeterValues,0,0.225
1782245248.692,2026-06-23T21:07:28,outgoing,CallResult,45,0.000
1782245248.861,2026-06-23T21:07:28,incoming,Heartbeat,57,0.000
1782245248.862,2026-06-23T21:07:28,outgoing,CallResult,81,0.000
1782245258.938,2026-06-23T21:07:38,incoming,Heartbeat,57,0.000
1782245258.939,2026-06-23T21:07:38,outgoing,CallResult,81,0.000
1782245258.946,2026-06-23T21:07:38,incoming,MeterValues,868,0.000
1782245258.948,2026-06-23T21:07:38,incoming,MeterValues,0,0.263
1782245258.949,2026-06-23T21:07:38,outgoing,CallResult,45,0.000
1782245268.953,2026-06-23T21:07:48,incoming,Heartbeat,57,0.000
1782245268.955,2026-06-23T21:07:48,outgoing,CallResult,81,0.000
1782245268.984,2026-06-23T21:07:48,incoming,MeterValues,868,0.000
1782245268.986,2026-06-23T21:07:48,incoming,MeterValues,0,0.390
1782245268.987,2026-06-23T21:07:48,outgoing,CallResult,45,0.000
1782245278.982,2026-06-23T21:07:58,incoming,Heartbeat,57,0.000
1782245278.983,2026-06-23T21:07:58,outgoing,CallResult,81,0.000
1782245279.013,2026-06-23T21:07:59,incoming,MeterValues,868,0.000
1782245279.016,2026-06-23T21:07:59,incoming,MeterValues,0,0.401
1782245279.016,2026-06-23T21:07:59,outgoing,CallResult,45,0.000
1782245288.998,2026-06-23T21:08:08,incoming,Heartbeat,57,0.000
1782245288.999,2026-06-23T21:08:08,outgoing,CallResult,81,0.000
1782245289.048,2026-06-23T21:08:09,incoming,MeterValues,868,0.000
1782245289.050,2026-06-23T21:08:09,incoming,MeterValues,0,0.414
1782245289.051,2026-06-23T21:08:09,outgoing,CallResult,45,0.000
1782245299.014,2026-06-23T21:08:19,incoming,Heartbeat,57,0.000
1782245299.015,2026-06-23T21:08:19,outgoing,CallResult,81,0.000
1782245299.084,2026-06-23T21:08:19,incoming,MeterValues,868,0.000
1782245299.086,2026-06-23T21:08:19,incoming,MeterValues,0,0.217
1782245299.086,2026-06-23T21:08:19,outgoing,CallResult,45,0.000
1782245309.033,2026-06-23T21:08:29,incoming,Heartbeat,57,0.000
1782245309.034,2026-06-23T21:08:29,outgoing,CallResult,81,0.000
1782245309.316,2026-06-23T21:08:29,incoming,MeterValues,868,0.000
1782245309.319,2026-06-23T21:08:29,incoming,MeterValues,0,0.417
1782245309.319,2026-06-23T21:08:29,outgoing,CallResult,45,0.000
1782245319.052,2026-06-23T21:08:39,incoming,Heartbeat,57,0.000
1782245319.053,2026-06-23T21:08:39,outgoing,CallResult,81,0.000
1782245319.351,2026-06-23T21:08:39,incoming,MeterValues,868,0.000
1782245319.353,2026-06-23T21:08:39,incoming,MeterValues,0,0.269
1782245319.354,2026-06-23T21:08:39,outgoing,CallResult,45,0.000
1782245329.088,2026-06-23T21:08:49,incoming,Heartbeat,57,0.000
1782245329.089,2026-06-23T21:08:49,outgoing,CallResult,81,0.000
1782245329.385,2026-06-23T21:08:49,incoming,MeterValues,868,0.000
1782245329.388,2026-06-23T21:08:49,incoming,MeterValues,0,0.332
1782245329.388,2026-06-23T21:08:49,outgoing,CallResult,45,0.000
1782245339.281,2026-06-23T21:08:59,incoming,Heartbeat,57,0.000
1782245339.282,2026-06-23T21:08:59,outgoing,CallResult,81,0.000
1782245339.420,2026-06-23T21:08:59,incoming,MeterValues,868,0.000
1782245339.423,2026-06-23T21:08:59,incoming,MeterValues,0,0.414
1782245339.423,2026-06-23T21:08:59,outgoing,CallResult,45,0.000
1782245349.334,2026-06-23T21:09:09,incoming,Heartbeat,57,0.000
1782245349.335,2026-06-23T21:09:09,outgoing,CallResult,81,0.000
1782245349.454,2026-06-23T21:09:09,incoming,MeterValues,868,0.000
1782245349.457,2026-06-23T21:09:09,incoming,MeterValues,0,0.454
1782245349.457,2026-06-23T21:09:09,outgoing,CallResult,45,0.000
1782245359.351,2026-06-23T21:09:19,incoming,Heartbeat,57,0.000
1782245359.352,2026-06-23T21:09:19,outgoing,CallResult,81,0.000
1782245359.490,2026-06-23T21:09:19,incoming,MeterValues,868,0.000
1782245359.492,2026-06-23T21:09:19,incoming,MeterValues,0,0.269
1782245359.493,2026-06-23T21:09:19,outgoing,CallResult,45,0.000
1782245369.363,2026-06-23T21:09:29,incoming,Heartbeat,57,0.000
1782245369.364,2026-06-23T21:09:29,outgoing,CallResult,81,0.000
1782245369.522,2026-06-23T21:09:29,incoming,MeterValues,868,0.000
1782245369.524,2026-06-23T21:09:29,incoming,MeterValues,0,0.277
1782245369.525,2026-06-23T21:09:29,outgoing,CallResult,45,0.000
1782245379.378,2026-06-23T21:09:39,incoming,Heartbeat,57,0.000
1782245379.379,2026-06-23T21:09:39,outgoing,CallResult,81,0.000
1782245379.771,2026-06-23T21:09:39,incoming,MeterValues,868,0.000
1782245379.774,2026-06-23T21:09:39,incoming,MeterValues,0,0.270
1782245379.774,2026-06-23T21:09:39,outgoing,CallResult,45,0.000
1782245389.396,2026-06-23T21:09:49,incoming,Heartbeat,57,0.000
1782245389.398,2026-06-23T21:09:49,outgoing,CallResult,81,0.000
1782245389.801,2026-06-23T21:09:49,incoming,MeterValues,868,0.000
1782245389.804,2026-06-23T21:09:49,incoming,MeterValues,0,0.275
1782245389.804,2026-06-23T21:09:49,outgoing,CallResult,45,0.000
1782245399.408,2026-06-23T21:09:59,incoming,Heartbeat,57,0.000
1782245399.409,2026-06-23T21:09:59,outgoing,CallResult,81,0.000
1782245399.837,2026-06-23T21:09:59,incoming,MeterValues,868,0.000
1782245399.840,2026-06-23T21:09:59,incoming,MeterValues,0,0.275
1782245399.840,2026-06-23T21:09:59,outgoing,CallResult,45,0.000
1782245409.426,2026-06-23T21:10:09,incoming,Heartbeat,57,0.000
1782245409.427,2026-06-23T21:10:09,outgoing,CallResult,81,0.000
1782245409.869,2026-06-23T21:10:09,incoming,MeterValues,868,0.000
1782245409.872,2026-06-23T21:10:09,incoming,MeterValues,0,0.286
1782245409.872,2026-06-23T21:10:09,outgoing,CallResult,45,0.000
1782245419.442,2026-06-23T21:10:19,incoming,Heartbeat,57,0.000
1782245419.443,2026-06-23T21:10:19,outgoing,CallResult,81,0.000
1782245419.902,2026-06-23T21:10:19,incoming,MeterValues,868,0.000
1782245419.905,2026-06-23T21:10:19,incoming,MeterValues,0,0.409
1782245419.905,2026-06-23T21:10:19,outgoing,CallResult,45,0.000
1782245429.459,2026-06-23T21:10:29,incoming,Heartbeat,57,0.000
1782245429.461,2026-06-23T21:10:29,outgoing,CallResult,81,0.000
1782245430.227,2026-06-23T21:10:30,incoming,MeterValues,868,0.000
1782245430.230,2026-06-23T21:10:30,incoming,MeterValues,0,0.337
1782245430.230,2026-06-23T21:10:30,outgoing,CallResult,45,0.000
1782245439.831,2026-06-23T21:10:39,incoming,Heartbeat,57,0.000
1782245439.832,2026-06-23T21:10:39,outgoing,CallResult,81,0.000
1782245440.271,2026-06-23T21:10:40,incoming,MeterValues,868,0.000
1782245440.274,2026-06-23T21:10:40,incoming,MeterValues,0,0.406
1782245440.274,2026-06-23T21:10:40,outgoing,CallResult,45,0.000
1782245449.845,2026-06-23T21:10:49,incoming,Heartbeat,57,0.000
1782245449.846,2026-06-23T21:10:49,outgoing,CallResult,81,0.000
1782245450.307,2026-06-23T21:10:50,incoming,MeterValues,868,0.000
1782245450.310,2026-06-23T21:10:50,incoming,MeterValues,0,0.468
1782245450.311,2026-06-23T21:10:50,outgoing,CallResult,45,0.000
1782245459.863,2026-06-23T21:10:59,incoming,Heartbeat,57,0.000
1782245459.864,2026-06-23T21:10:59,outgoing,CallResult,81,0.000
1782245460.343,2026-06-23T21:11:00,incoming,MeterValues,868,0.000
1782245460.346,2026-06-23T21:11:00,incoming,MeterValues,0,0.290
1782245460.346,2026-06-23T21:11:00,outgoing,CallResult,45,0.000
1782245469.879,2026-06-23T21:11:09,incoming,Heartbeat,57,0.000
1782245469.880,2026-06-23T21:11:09,outgoing,CallResult,81,0.000
1782245470.379,2026-06-23T21:11:10,incoming,MeterValues,868,0.000
1782245470.382,2026-06-23T21:11:10,incoming,MeterValues,0,0.397
1782245470.383,2026-06-23T21:11:10,outgoing,CallResult,45,0.000
1782245479.893,2026-06-23T21:11:19,incoming,Heartbeat,57,0.000
1782245479.895,2026-06-23T21:11:19,outgoing,CallResult,81,0.000
1782245480.415,2026-06-23T21:11:20,incoming,MeterValues,868,0.000
1782245480.418,2026-06-23T21:11:20,incoming,MeterValues,0,0.388
1782245480.419,2026-06-23T21:11:20,outgoing,CallResult,45,0.000
1782245489.917,2026-06-23T21:11:29,incoming,Heartbeat,57,0.000
1782245489.918,2026-06-23T21:11:29,outgoing,CallResult,81,0.000
1782245490.631,2026-06-23T21:11:30,incoming,MeterValues,868,0.000
1782245490.633,2026-06-23T21:11:30,incoming,MeterValues,0,0.228
1782245490.633,2026-06-23T21:11:30,outgoing,CallResult,45,0.000
1782245499.961,2026-06-23T21:11:39,incoming,Heartbeat,57,0.000
1782245499.962,2026-06-23T21:11:39,outgoing,CallResult,81,0.000
1782245500.660,2026-06-23T21:11:40,incoming,MeterValues,868,0.000
1782245500.662,2026-06-23T21:11:40,incoming,MeterValues,0,0.273
1782245500.663,2026-06-23T21:11:40,outgoing,CallResult,45,0.000
1782245509.978,2026-06-23T21:11:49,incoming,Heartbeat,57,0.000
1782245509.979,2026-06-23T21:11:49,outgoing,CallResult,81,0.000
1782245510.694,2026-06-23T21:11:50,incoming,MeterValues,868,0.000
1782245510.696,2026-06-23T21:11:50,incoming,MeterValues,0,0.267
1782245510.697,2026-06-23T21:11:50,outgoing,CallResult,45,0.000
1782245519.998,2026-06-23T21:11:59,incoming,Heartbeat,57,0.000
1782245519.999,2026-06-23T21:11:59,outgoing,CallResult,81,0.000
1782245520.733,2026-06-23T21:12:00,incoming,MeterValues,868,0.000
1782245520.735,2026-06-23T21:12:00,incoming,MeterValues,0,0.273
1782245520.735,2026-06-23T21:12:00,outgoing,CallResult,45,0.000
1782245530.266,2026-06-23T21:12:10,incoming,Heartbeat,57,0.000
1782245530.267,2026-06-23T21:12:10,outgoing,CallResult,81,0.000
1782245530.768,2026-06-23T21:12:10,incoming,MeterValues,868,0.000
1782245530.770,2026-06-23T21:12:10,incoming,MeterValues,0,0.275
1782245530.771,2026-06-23T21:12:10,outgoing,CallResult,45,0.000
1782245540.277,2026-06-23T21:12:20,incoming,Heartbeat,57,0.000
1782245540.278,2026-06-23T21:12:20,outgoing,CallResult,81,0.000
1782245540.804,2026-06-23T21:12:20,incoming,MeterValues,868,0.000
1782245540.806,2026-06-23T21:12:20,incoming,MeterValues,0,0.226
1782245540.806,2026-06-23T21:12:20,outgoing,CallResult,45,0.000
1782245550.290,2026-06-23T21:12:30,incoming,Heartbeat,57,0.000
1782245550.290,2026-06-23T21:12:30,outgoing,CallResult,81,0.000
1782245550.838,2026-06-23T21:12:30,incoming,MeterValues,868,0.000
1782245550.841,2026-06-23T21:12:30,incoming,MeterValues,0,0.274
1782245550.841,2026-06-23T21:12:30,outgoing,CallResult,45,0.000
1782245560.301,2026-06-23T21:12:40,incoming,Heartbeat,57,0.000
1782245560.302,2026-06-23T21:12:40,outgoing,CallResult,81,0.000
1782245560.873,2026-06-23T21:12:40,incoming,MeterValues,868,0.000
1782245560.876,2026-06-23T21:12:40,incoming,MeterValues,0,0.280
1782245560.876,2026-06-23T21:12:40,outgoing,CallResult,45,0.000
1782245570.323,2026-06-23T21:12:50,incoming,Heartbeat,57,0.000
1782245570.324,2026-06-23T21:12:50,outgoing,CallResult,81,0.000
1782245571.142,2026-06-23T21:12:51,incoming,MeterValues,868,0.000
1782245571.144,2026-06-23T21:12:51,incoming,MeterValues,0,0.270
1782245571.145,2026-06-23T21:12:51,outgoing,CallResult,45,0.000
1782245580.342,2026-06-23T21:13:00,incoming,Heartbeat,57,0.000
1782245580.343,2026-06-23T21:13:00,outgoing,CallResult,81,0.000
1782245581.176,2026-06-23T21:13:01,incoming,MeterValues,868,0.000
1782245581.178,2026-06-23T21:13:01,incoming,MeterValues,0,0.273
1782245581.179,2026-06-23T21:13:01,outgoing,CallResult,45,0.000
1782245590.359,2026-06-23T21:13:10,incoming,Heartbeat,57,0.000
1782245590.360,2026-06-23T21:13:10,outgoing,CallResult,81,0.000
1782245591.212,2026-06-23T21:13:11,incoming,MeterValues,868,0.000
1782245591.214,2026-06-23T21:13:11,incoming,MeterValues,0,0.279
1782245591.215,2026-06-23T21:13:11,outgoing,CallResult,45,0.000
1782245600.373,2026-06-23T21:13:20,incoming,Heartbeat,57,0.000
1782245600.374,2026-06-23T21:13:20,outgoing,CallResult,81,0.000
1782245601.248,2026-06-23T21:13:21,incoming,MeterValues,868,0.000
1782245601.250,2026-06-23T21:13:21,incoming,MeterValues,0,0.274
1782245601.250,2026-06-23T21:13:21,outgoing,CallResult,45,0.000
1782245610.387,2026-06-23T21:13:30,incoming,Heartbeat,57,0.000
1782245610.388,2026-06-23T21:13:30,outgoing,CallResult,81,0.000
1782245611.282,2026-06-23T21:13:31,incoming,MeterValues,868,0.000
1782245611.285,2026-06-23T21:13:31,incoming,MeterValues,0,0.272
1782245611.285,2026-06-23T21:13:31,outgoing,CallResult,45,0.000
1782245620.404,2026-06-23T21:13:40,incoming,Heartbeat,57,0.000
1782245620.405,2026-06-23T21:13:40,outgoing,CallResult,81,0.000
1782245621.936,2026-06-23T21:13:41,incoming,MeterValues,868,0.000
1782245621.938,2026-06-23T21:13:41,incoming,MeterValues,0,0.284
1782245621.939,2026-06-23T21:13:41,outgoing,CallResult,45,0.000
1782245630.421,2026-06-23T21:13:50,incoming,Heartbeat,57,0.000
1782245630.423,2026-06-23T21:13:50,outgoing,CallResult,81,0.000
1782245631.966,2026-06-23T21:13:51,incoming,MeterValues,868,0.000
1782245631.969,2026-06-23T21:13:51,incoming,MeterValues,0,0.263
1782245631.969,2026-06-23T21:13:51,outgoing,CallResult,45,0.000
1782245640.733,2026-06-23T21:14:00,incoming,Heartbeat,57,0.000
1782245640.734,2026-06-23T21:14:00,outgoing,CallResult,81,0.000
1782245641.998,2026-06-23T21:14:01,incoming,MeterValues,868,0.000
1782245642.000,2026-06-23T21:14:02,incoming,MeterValues,0,0.268
1782245642.001,2026-06-23T21:14:02,outgoing,CallResult,45,0.000
1782245650.745,2026-06-23T21:14:10,incoming,Heartbeat,57,0.000
1782245650.746,2026-06-23T21:14:10,outgoing,CallResult,81,0.000
1782245652.028,2026-06-23T21:14:12,incoming,MeterValues,868,0.000
1782245652.031,2026-06-23T21:14:12,incoming,MeterValues,0,0.268
1782245652.031,2026-06-23T21:14:12,outgoing,CallResult,45,0.000
1782245660.756,2026-06-23T21:14:20,incoming,Heartbeat,57,0.000
1782245660.757,2026-06-23T21:14:20,outgoing,CallResult,81,0.000
1782245662.064,2026-06-23T21:14:22,incoming,MeterValues,868,0.000
1782245662.066,2026-06-23T21:14:22,incoming,MeterValues,0,0.272
1782245662.067,2026-06-23T21:14:22,outgoing,CallResult,45,0.000
1782245670.767,2026-06-23T21:14:30,incoming,Heartbeat,57,0.000
1782245670.768,2026-06-23T21:14:30,outgoing,CallResult,81,0.000
1782245672.097,2026-06-23T21:14:32,incoming,MeterValues,868,0.000
1782245672.100,2026-06-23T21:14:32,incoming,MeterValues,0,0.311
1782245672.102,2026-06-23T21:14:32,outgoing,CallResult,45,0.000
1782245680.778,2026-06-23T21:14:40,incoming,Heartbeat,57,0.000
1782245680.779,2026-06-23T21:14:40,outgoing,CallResult,81,0.000
1782245682.370,2026-06-23T21:14:42,incoming,MeterValues,868,0.000
1782245682.372,2026-06-23T21:14:42,incoming,MeterValues,0,0.275
1782245682.373,2026-06-23T21:14:42,outgoing,CallResult,45,0.000
1782245690.790,2026-06-23T21:14:50,incoming,Heartbeat,57,0.000
1782245690.791,2026-06-23T21:14:50,outgoing,CallResult,81,0.000
1782245692.409,2026-06-23T21:14:52,incoming,MeterValues,868,0.000
1782245692.412,2026-06-23T21:14:52,incoming,MeterValues,0,0.272
1782245692.412,2026-06-23T21:14:52,outgoing,CallResult,45,0.000
1782245700.801,2026-06-23T21:15:00,incoming,Heartbeat,57,0.000
1782245700.802,2026-06-23T21:15:00,outgoing,CallResult,81,0.000
1782245702.443,2026-06-23T21:15:02,incoming,MeterValues,868,0.000
1782245702.445,2026-06-23T21:15:02,incoming,MeterValues,0,0.282
1782245702.446,2026-06-23T21:15:02,outgoing,CallResult,45,0.000
1782245710.813,2026-06-23T21:15:10,incoming,Heartbeat,57,0.000
1782245710.814,2026-06-23T21:15:10,outgoing,CallResult,81,0.000
1782245712.703,2026-06-23T21:15:12,incoming,MeterValues,868,0.000
1782245712.706,2026-06-23T21:15:12,incoming,MeterValues,0,0.288
1782245712.706,2026-06-23T21:15:12,outgoing,CallResult,45,0.000
1782245720.824,2026-06-23T21:15:20,incoming,Heartbeat,57,0.000
1782245720.825,2026-06-23T21:15:20,outgoing,CallResult,81,0.000
1782245722.734,2026-06-23T21:15:22,incoming,MeterValues,868,0.000
1782245722.737,2026-06-23T21:15:22,incoming,MeterValues,0,0.271
1782245722.737,2026-06-23T21:15:22,outgoing,CallResult,45,0.000
1782245731.050,2026-06-23T21:15:31,incoming,Heartbeat,57,0.000
1782245731.051,2026-06-23T21:15:31,outgoing,CallResult,81,0.000
1782245732.770,2026-06-23T21:15:32,incoming,MeterValues,868,0.000
1782245732.773,2026-06-23T21:15:32,incoming,MeterValues,0,0.272
1782245732.773,2026-06-23T21:15:32,outgoing,CallResult,45,0.000
1782245741.074,2026-06-23T21:15:41,incoming,Heartbeat,57,0.000
1782245741.075,2026-06-23T21:15:41,outgoing,CallResult,81,0.000
1782245742.803,2026-06-23T21:15:42,incoming,MeterValues,868,0.000
1782245742.805,2026-06-23T21:15:42,incoming,MeterValues,0,0.219
1782245742.805,2026-06-23T21:15:42,outgoing,CallResult,45,0.000
1782245751.118,2026-06-23T21:15:51,incoming,Heartbeat,57,0.000
1782245751.121,2026-06-23T21:15:51,outgoing,CallResult,81,0.000
1782245752.838,2026-06-23T21:15:52,incoming,MeterValues,868,0.000
1782245752.840,2026-06-23T21:15:52,incoming,MeterValues,0,0.272
1782245752.841,2026-06-23T21:15:52,outgoing,CallResult,45,0.000
1782245761.134,2026-06-23T21:16:01,incoming,Heartbeat,57,0.000
1782245761.135,2026-06-23T21:16:01,outgoing,CallResult,81,0.000
1782245763.093,2026-06-23T21:16:03,incoming,MeterValues,868,0.000
1782245763.096,2026-06-23T21:16:03,incoming,MeterValues,0,0.275
1782245763.096,2026-06-23T21:16:03,outgoing,CallResult,45,0.000
1782245771.146,2026-06-23T21:16:11,incoming,Heartbeat,57,0.000
1782245771.146,2026-06-23T21:16:11,outgoing,CallResult,81,0.000
1782245773.123,2026-06-23T21:16:13,incoming,MeterValues,868,0.000
1782245773.125,2026-06-23T21:16:13,incoming,MeterValues,0,0.222
1782245773.126,2026-06-23T21:16:13,outgoing,CallResult,45,0.000
1782245781.162,2026-06-23T21:16:21,incoming,Heartbeat,57,0.000
1782245781.163,2026-06-23T21:16:21,outgoing,CallResult,81,0.000
1782245783.157,2026-06-23T21:16:23,incoming,MeterValues,868,0.000
1782245783.160,2026-06-23T21:16:23,incoming,MeterValues,0,0.285
1782245783.160,2026-06-23T21:16:23,outgoing,CallResult,45,0.000
1782245791.180,2026-06-23T21:16:31,incoming,Heartbeat,57,0.000
1782245791.181,2026-06-23T21:16:31,outgoing,CallResult,81,0.000
1782245793.192,2026-06-23T21:16:33,incoming,MeterValues,868,0.000
1782245793.194,2026-06-23T21:16:33,incoming,MeterValues,0,0.285
1782245793.195,2026-06-23T21:16:33,outgoing,CallResult,45,0.000
1782245801.194,2026-06-23T21:16:41,incoming,Heartbeat,57,0.000
1782245801.195,2026-06-23T21:16:41,outgoing,CallResult,81,0.000
1782245803.228,2026-06-23T21:16:43,incoming,MeterValues,868,0.000
1782245803.231,2026-06-23T21:16:43,incoming,MeterValues,0,0.279
1782245803.231,2026-06-23T21:16:43,outgoing,CallResult,45,0.000
1782245811.210,2026-06-23T21:16:51,incoming,Heartbeat,57,0.000
1782245811.211,2026-06-23T21:16:51,outgoing,CallResult,81,0.000
1782245813.473,2026-06-23T21:16:53,incoming,MeterValues,868,0.000
1782245813.475,2026-06-23T21:16:53,incoming,MeterValues,0,0.278
1782245813.476,2026-06-23T21:16:53,outgoing,CallResult,45,0.000
1782245821.235,2026-06-23T21:17:01,incoming,Heartbeat,57,0.000
1782245821.236,2026-06-23T21:17:01,outgoing,CallResult,81,0.000
1782245823.509,2026-06-23T21:17:03,incoming,MeterValues,868,0.000
1782245823.512,2026-06-23T21:17:03,incoming,MeterValues,0,0.279
1782245823.512,2026-06-23T21:17:03,outgoing,CallResult,45,0.000
1782245831.252,2026-06-23T21:17:11,incoming,Heartbeat,57,0.000
1782245831.253,2026-06-23T21:17:11,outgoing,CallResult,81,0.000
1782245833.544,2026-06-23T21:17:13,incoming,MeterValues,868,0.000
1782245833.547,2026-06-23T21:17:13,incoming,MeterValues,0,0.289
1782245833.547,2026-06-23T21:17:13,outgoing,CallResult,45,0.000
1782245841.268,2026-06-23T21:17:21,incoming,Heartbeat,57,0.000
1782245841.269,2026-06-23T21:17:21,outgoing,CallResult,81,0.000
1782245843.577,2026-06-23T21:17:23,incoming,MeterValues,868,0.000
1782245843.580,2026-06-23T21:17:23,incoming,MeterValues,0,0.275
1782245843.580,2026-06-23T21:17:23,outgoing,CallResult,45,0.000
1782245851.285,2026-06-23T21:17:31,incoming,Heartbeat,57,0.000
1782245851.286,2026-06-23T21:17:31,outgoing,CallResult,81,0.000
1782245853.613,2026-06-23T21:17:33,incoming,MeterValues,868,0.000
1782245853.616,2026-06-23T21:17:33,incoming,MeterValues,0,0.421
1782245853.616,2026-06-23T21:17:33,outgoing,CallResult,45,0.000
1782245861.842,2026-06-23T21:17:41,incoming,Heartbeat,57,0.000
1782245861.843,2026-06-23T21:17:41,outgoing,CallResult,81,0.000
1782245863.649,2026-06-23T21:17:43,incoming,MeterValues,868,0.000
1782245863.652,2026-06-23T21:17:43,incoming,MeterValues,0,0.433
1782245863.652,2026-06-23T21:17:43,outgoing,CallResult,45,0.000
1782245871.854,2026-06-23T21:17:51,incoming,Heartbeat,57,0.000
1782245871.855,2026-06-23T21:17:51,outgoing,CallResult,81,0.000
1782245873.895,2026-06-23T21:17:53,incoming,MeterValues,868,0.000
1782245873.897,2026-06-23T21:17:53,incoming,MeterValues,0,0.265
1782245873.898,2026-06-23T21:17:53,outgoing,CallResult,45,0.000
1782245881.869,2026-06-23T21:18:01,incoming,Heartbeat,57,0.000
1782245881.870,2026-06-23T21:18:01,outgoing,CallResult,81,0.000
1782245883.930,2026-06-23T21:18:03,incoming,MeterValues,868,0.000
1782245883.933,2026-06-23T21:18:03,incoming,MeterValues,0,0.266
1782245883.933,2026-06-23T21:18:03,outgoing,CallResult,45,0.000
1782245891.885,2026-06-23T21:18:11,incoming,Heartbeat,57,0.000
1782245891.886,2026-06-23T21:18:11,outgoing,CallResult,81,0.000
1782245893.965,2026-06-23T21:18:13,incoming,MeterValues,868,0.000
1782245893.968,2026-06-23T21:18:13,incoming,MeterValues,0,0.305
1782245893.970,2026-06-23T21:18:13,outgoing,CallResult,45,0.000
1782245901.900,2026-06-23T21:18:21,incoming,Heartbeat,57,0.000
1782245901.900,2026-06-23T21:18:21,outgoing,CallResult,81,0.000
1782245903.999,2026-06-23T21:18:23,incoming,MeterValues,868,0.000
1782245904.001,2026-06-23T21:18:24,incoming,MeterValues,0,0.341
1782245904.001,2026-06-23T21:18:24,outgoing,CallResult,45,0.000
1782245911.911,2026-06-23T21:18:31,incoming,Heartbeat,57,0.000
1782245911.912,2026-06-23T21:18:31,outgoing,CallResult,81,0.000
1782245914.033,2026-06-23T21:18:34,incoming,MeterValues,868,0.000
1782245914.036,2026-06-23T21:18:34,incoming,MeterValues,0,0.420
1782245914.036,2026-06-23T21:18:34,outgoing,CallResult,45,0.000
1782245921.928,2026-06-23T21:18:41,incoming,Heartbeat,57,0.000
1782245921.929,2026-06-23T21:18:41,outgoing,CallResult,81,0.000
1782245924.063,2026-06-23T21:18:44,incoming,MeterValues,868,0.000
1782245924.065,2026-06-23T21:18:44,incoming,MeterValues,0,0.333
1782245924.066,2026-06-23T21:18:44,outgoing,CallResult,45,0.000
1782245931.944,2026-06-23T21:18:51,incoming,Heartbeat,57,0.000
1782245931.945,2026-06-23T21:18:51,outgoing,CallResult,81,0.000
1782245934.262,2026-06-23T21:18:54,incoming,MeterValues,868,0.000
1782245934.265,2026-06-23T21:18:54,incoming,MeterValues,0,0.420
1782245934.265,2026-06-23T21:18:54,outgoing,CallResult,45,0.000
1782245941.960,2026-06-23T21:19:01,incoming,Heartbeat,57,0.000
1782245941.961,2026-06-23T21:19:01,outgoing,CallResult,81,0.000
1782245944.298,2026-06-23T21:19:04,incoming,MeterValues,868,0.000
1782245944.301,2026-06-23T21:19:04,incoming,MeterValues,0,0.400
1782245944.301,2026-06-23T21:19:04,outgoing,CallResult,45,0.000
1782245951.973,2026-06-23T21:19:11,incoming,Heartbeat,57,0.000
1782245951.975,2026-06-23T21:19:11,outgoing,CallResult,81,0.000
1782245954.333,2026-06-23T21:19:14,incoming,MeterValues,868,0.000
1782245954.335,2026-06-23T21:19:14,incoming,MeterValues,0,0.349
1782245954.336,2026-06-23T21:19:14,outgoing,CallResult,45,0.000
1782245961.989,2026-06-23T21:19:21,incoming,Heartbeat,57,0.000
1782245961.991,2026-06-23T21:19:21,outgoing,CallResult,81,0.000
1782245964.364,2026-06-23T21:19:24,incoming,MeterValues,868,0.000
1782245964.367,2026-06-23T21:19:24,incoming,MeterValues,0,0.403
1782245964.368,2026-06-23T21:19:24,outgoing,CallResult,45,0.000
1782245972.045,2026-06-23T21:19:32,incoming,Heartbeat,57,0.000
1782245972.046,2026-06-23T21:19:32,outgoing,CallResult,81,0.000
1782245974.401,2026-06-23T21:19:34,incoming,MeterValues,868,0.000
1782245974.403,2026-06-23T21:19:34,incoming,MeterValues,0,0.222
1782245974.403,2026-06-23T21:19:34,outgoing,CallResult,45,0.000
1782245982.286,2026-06-23T21:19:42,incoming,Heartbeat,57,0.000
1782245982.287,2026-06-23T21:19:42,outgoing,CallResult,81,0.000
1782245984.442,2026-06-23T21:19:44,incoming,MeterValues,868,0.000
1782245984.445,2026-06-23T21:19:44,incoming,MeterValues,0,0.417
1782245984.445,2026-06-23T21:19:44,outgoing,CallResult,45,0.000
1782245992.301,2026-06-23T21:19:52,incoming,Heartbeat,57,0.000
1782245992.303,2026-06-23T21:19:52,outgoing,CallResult,81,0.000
1782245994.477,2026-06-23T21:19:54,incoming,MeterValues,868,0.000
1782245994.480,2026-06-23T21:19:54,incoming,MeterValues,0,0.332
1782245994.480,2026-06-23T21:19:54,outgoing,CallResult,45,0.000
1782246002.312,2026-06-23T21:20:02,incoming,Heartbeat,57,0.000
1782246002.314,2026-06-23T21:20:02,outgoing,CallResult,81,0.000
1782246004.728,2026-06-23T21:20:04,incoming,MeterValues,868,0.000
1782246004.731,2026-06-23T21:20:04,incoming,MeterValues,0,0.417
1782246004.731,2026-06-23T21:20:04,outgoing,CallResult,45,0.000
1782246012.334,2026-06-23T21:20:12,incoming,Heartbeat,57,0.000
1782246012.335,2026-06-23T21:20:12,outgoing,CallResult,81,0.000
1782246014.759,2026-06-23T21:20:14,incoming,MeterValues,868,0.000
1782246014.761,2026-06-23T21:20:14,incoming,MeterValues,0,0.281
1782246014.762,2026-06-23T21:20:14,outgoing,CallResult,45,0.000
1782246022.345,2026-06-23T21:20:22,incoming,Heartbeat,57,0.000
1782246022.346,2026-06-23T21:20:22,outgoing,CallResult,81,0.000
1782246024.794,2026-06-23T21:20:24,incoming,MeterValues,868,0.000
1782246024.797,2026-06-23T21:20:24,incoming,MeterValues,0,0.271
1782246024.797,2026-06-23T21:20:24,outgoing,CallResult,45,0.000
1782246032.415,2026-06-23T21:20:32,incoming,Heartbeat,57,0.000
1782246032.417,2026-06-23T21:20:32,outgoing,CallResult,81,0.000
1782246034.828,2026-06-23T21:20:34,incoming,MeterValues,868,0.000
1782246034.831,2026-06-23T21:20:34,incoming,MeterValues,0,0.279
1782246034.831,2026-06-23T21:20:34,outgoing,CallResult,45,0.000
1782246042.431,2026-06-23T21:20:42,incoming,Heartbeat,57,0.000
1782246042.432,2026-06-23T21:20:42,outgoing,CallResult,81,0.000
1782246044.863,2026-06-23T21:20:44,incoming,MeterValues,868,0.000
1782246044.866,2026-06-23T21:20:44,incoming,MeterValues,0,0.278
1782246044.866,2026-06-23T21:20:44,outgoing,CallResult,45,0.000
1782246052.450,2026-06-23T21:20:52,incoming,Heartbeat,57,0.000
1782246052.451,2026-06-23T21:20:52,outgoing,CallResult,81,0.000
1782246054.898,2026-06-23T21:20:54,incoming,MeterValues,868,0.000
1782246054.900,2026-06-23T21:20:54,incoming,MeterValues,0,0.217
1782246054.900,2026-06-23T21:20:54,outgoing,CallResult,45,0.000
1782246062.783,2026-06-23T21:21:02,incoming,Heartbeat,57,0.000
1782246062.784,2026-06-23T21:21:02,outgoing,CallResult,81,0.000
1782246064.933,2026-06-23T21:21:04,incoming,MeterValues,868,0.000
1782246064.935,2026-06-23T21:21:04,incoming,MeterValues,0,0.272
1782246064.936,2026-06-23T21:21:04,outgoing,CallResult,45,0.000
1782246072.794,2026-06-23T21:21:12,incoming,Heartbeat,57,0.000
1782246072.795,2026-06-23T21:21:12,outgoing,CallResult,81,0.000
1782246074.966,2026-06-23T21:21:14,incoming,MeterValues,868,0.000
1782246074.969,2026-06-23T21:21:14,incoming,MeterValues,0,0.272
1782246074.969,2026-06-23T21:21:14,outgoing,CallResult,45,0.000
1782246082.804,2026-06-23T21:21:22,incoming,Heartbeat,57,0.000
1782246082.805,2026-06-23T21:21:22,outgoing,CallResult,81,0.000
1782246085.001,2026-06-23T21:21:25,incoming,MeterValues,868,0.000
1782246085.004,2026-06-23T21:21:25,incoming,MeterValues,0,0.268
1782246085.004,2026-06-23T21:21:25,outgoing,CallResult,45,0.000
1782246092.821,2026-06-23T21:21:32,incoming,Heartbeat,57,0.000
1782246092.822,2026-06-23T21:21:32,outgoing,CallResult,81,0.000
1782246095.247,2026-06-23T21:21:35,incoming,MeterValues,868,0.000
1782246095.249,2026-06-23T21:21:35,incoming,MeterValues,0,0.276
1782246095.250,2026-06-23T21:21:35,outgoing,CallResult,45,0.000
1782246102.863,2026-06-23T21:21:42,incoming,Heartbeat,57,0.000
1782246102.864,2026-06-23T21:21:42,outgoing,CallResult,81,0.000
1782246105.281,2026-06-23T21:21:45,incoming,MeterValues,868,0.000
1782246105.284,2026-06-23T21:21:45,incoming,MeterValues,0,0.395
1782246105.285,2026-06-23T21:21:45,outgoing,CallResult,45,0.000
1782246112.880,2026-06-23T21:21:52,incoming,Heartbeat,57,0.000
1782246112.881,2026-06-23T21:21:52,outgoing,CallResult,81,0.000
1782246115.316,2026-06-23T21:21:55,incoming,MeterValues,868,0.000
1782246115.319,2026-06-23T21:21:55,incoming,MeterValues,0,0.413
1782246115.319,2026-06-23T21:21:55,outgoing,CallResult,45,0.000
1782246122.897,2026-06-23T21:22:02,incoming,Heartbeat,57,0.000
1782246122.898,2026-06-23T21:22:02,outgoing,CallResult,81,0.000
1782246125.357,2026-06-23T21:22:05,incoming,MeterValues,868,0.000
1782246125.359,2026-06-23T21:22:05,incoming,MeterValues,0,0.271
1782246125.360,2026-06-23T21:22:05,outgoing,CallResult,45,0.000
1782246132.910,2026-06-23T21:22:12,incoming,Heartbeat,57,0.000
1782246132.911,2026-06-23T21:22:12,outgoing,CallResult,81,0.000
1782246135.403,2026-06-23T21:22:15,incoming,MeterValues,868,0.000
1782246135.407,2026-06-23T21:22:15,incoming,MeterValues,0,0.291
1782246135.407,2026-06-23T21:22:15,outgoing,CallResult,45,0.000
1782246142.924,2026-06-23T21:22:22,incoming,Heartbeat,57,0.000
1782246142.925,2026-06-23T21:22:22,outgoing,CallResult,81,0.000
1782246145.437,2026-06-23T21:22:25,incoming,MeterValues,868,0.000
1782246145.439,2026-06-23T21:22:25,incoming,MeterValues,0,0.273
1782246145.440,2026-06-23T21:22:25,outgoing,CallResult,45,0.000
1782246152.940,2026-06-23T21:22:32,incoming,Heartbeat,57,0.000
1782246152.941,2026-06-23T21:22:32,outgoing,CallResult,81,0.000
1782246155.680,2026-06-23T21:22:35,incoming,MeterValues,868,0.000
1782246155.683,2026-06-23T21:22:35,incoming,MeterValues,0,0.273
1782246155.683,2026-06-23T21:22:35,outgoing,CallResult,45,0.000
1782246162.957,2026-06-23T21:22:42,incoming,Heartbeat,57,0.000
1782246162.958,2026-06-23T21:22:42,outgoing,CallResult,81,0.000
1782246165.755,2026-06-23T21:22:45,incoming,MeterValues,868,0.000
1782246165.757,2026-06-23T21:22:45,incoming,MeterValues,0,0.277
1782246165.758,2026-06-23T21:22:45,outgoing,CallResult,45,0.000
1782246172.974,2026-06-23T21:22:52,incoming,Heartbeat,57,0.000
1782246172.975,2026-06-23T21:22:52,outgoing,CallResult,81,0.000
1782246175.792,2026-06-23T21:22:55,incoming,MeterValues,868,0.000
1782246175.794,2026-06-23T21:22:55,incoming,MeterValues,0,0.274
1782246175.794,2026-06-23T21:22:55,outgoing,CallResult,45,0.000
1782246182.990,2026-06-23T21:23:02,incoming,Heartbeat,57,0.000
1782246182.991,2026-06-23T21:23:02,outgoing,CallResult,81,0.000
1782246185.823,2026-06-23T21:23:05,incoming,MeterValues,868,0.000
1782246185.825,2026-06-23T21:23:05,incoming,MeterValues,0,0.280
1782246185.826,2026-06-23T21:23:05,outgoing,CallResult,45,0.000
1782246193.004,2026-06-23T21:23:13,incoming,Heartbeat,57,0.000
1782246193.005,2026-06-23T21:23:13,outgoing,CallResult,81,0.000
1782246196.100,2026-06-23T21:23:16,incoming,MeterValues,868,0.000
1782246196.104,2026-06-23T21:23:16,incoming,MeterValues,0,0.298
1782246196.104,2026-06-23T21:23:16,outgoing,CallResult,45,0.000
1782246203.022,2026-06-23T21:23:23,incoming,Heartbeat,57,0.000
1782246203.023,2026-06-23T21:23:23,outgoing,CallResult,81,0.000
1782246206.149,2026-06-23T21:23:26,incoming,MeterValues,868,0.000
1782246206.151,2026-06-23T21:23:26,incoming,MeterValues,0,0.284
1782246206.152,2026-06-23T21:23:26,outgoing,CallResult,45,0.000
1782246213.038,2026-06-23T21:23:33,incoming,Heartbeat,57,0.000
1782246213.039,2026-06-23T21:23:33,outgoing,CallResult,81,0.000
1782246216.182,2026-06-23T21:23:36,incoming,MeterValues,868,0.000
1782246216.185,2026-06-23T21:23:36,incoming,MeterValues,0,0.395
1782246216.185,2026-06-23T21:23:36,outgoing,CallResult,45,0.000
1782246223.054,2026-06-23T21:23:43,incoming,Heartbeat,57,0.000
1782246223.055,2026-06-23T21:23:43,outgoing,CallResult,81,0.000
1782246226.212,2026-06-23T21:23:46,incoming,MeterValues,868,0.000
1782246226.215,2026-06-23T21:23:46,incoming,MeterValues,0,0.286
1782246226.215,2026-06-23T21:23:46,outgoing,CallResult,45,0.000
1782246233.285,2026-06-23T21:23:53,incoming,Heartbeat,57,0.000
1782246233.286,2026-06-23T21:23:53,outgoing,CallResult,81,0.000
1782246236.243,2026-06-23T21:23:56,incoming,MeterValues,868,0.000
1782246236.245,2026-06-23T21:23:56,incoming,MeterValues,0,0.371
1782246236.246,2026-06-23T21:23:56,outgoing,CallResult,45,0.000
1782246243.302,2026-06-23T21:24:03,incoming,Heartbeat,57,0.000
1782246243.303,2026-06-23T21:24:03,outgoing,CallResult,81,0.000
1782246246.468,2026-06-23T21:24:06,incoming,MeterValues,868,0.000
1782246246.471,2026-06-23T21:24:06,incoming,MeterValues,0,0.390
1782246246.471,2026-06-23T21:24:06,outgoing,CallResult,45,0.000
1782246253.316,2026-06-23T21:24:13,incoming,Heartbeat,57,0.000
1782246253.318,2026-06-23T21:24:13,outgoing,CallResult,81,0.000
1782246256.498,2026-06-23T21:24:16,incoming,MeterValues,868,0.000
1782246256.500,2026-06-23T21:24:16,incoming,MeterValues,0,0.276
1782246256.501,2026-06-23T21:24:16,outgoing,CallResult,45,0.000
1782246263.653,2026-06-23T21:24:23,incoming,Heartbeat,57,0.000
1782246263.654,2026-06-23T21:24:23,outgoing,CallResult,81,0.000
1782246266.533,2026-06-23T21:24:26,incoming,MeterValues,868,0.000
1782246266.535,2026-06-23T21:24:26,incoming,MeterValues,0,0.330
1782246266.536,2026-06-23T21:24:26,outgoing,CallResult,45,0.000
1782246273.665,2026-06-23T21:24:33,incoming,Heartbeat,57,0.000
1782246273.666,2026-06-23T21:24:33,outgoing,CallResult,81,0.000
1782246276.573,2026-06-23T21:24:36,incoming,MeterValues,868,0.000
1782246276.575,2026-06-23T21:24:36,incoming,MeterValues,0,0.394
1782246276.576,2026-06-23T21:24:36,outgoing,CallResult,45,0.000
1782246283.681,2026-06-23T21:24:43,incoming,Heartbeat,57,0.000
1782246283.682,2026-06-23T21:24:43,outgoing,CallResult,81,0.000
1782246286.608,2026-06-23T21:24:46,incoming,MeterValues,868,0.000
1782246286.611,2026-06-23T21:24:46,incoming,MeterValues,0,0.270
1782246286.611,2026-06-23T21:24:46,outgoing,CallResult,45,0.000
1782246293.696,2026-06-23T21:24:53,incoming,Heartbeat,57,0.000
1782246293.697,2026-06-23T21:24:53,outgoing,CallResult,81,0.000
1782246296.851,2026-06-23T21:24:56,incoming,MeterValues,868,0.000
1782246296.853,2026-06-23T21:24:56,incoming,MeterValues,0,0.317
1782246296.854,2026-06-23T21:24:56,outgoing,CallResult,45,0.000
1782246303.712,2026-06-23T21:25:03,incoming,Heartbeat,57,0.000
1782246303.713,2026-06-23T21:25:03,outgoing,CallResult,81,0.000
1782246306.884,2026-06-23T21:25:06,incoming,MeterValues,868,0.000
1782246306.887,2026-06-23T21:25:06,incoming,MeterValues,0,0.345
1782246306.887,2026-06-23T21:25:06,outgoing,CallResult,45,0.000
1782246313.724,2026-06-23T21:25:13,incoming,Heartbeat,57,0.000
1782246313.725,2026-06-23T21:25:13,outgoing,CallResult,81,0.000
1782246316.919,2026-06-23T21:25:16,incoming,MeterValues,868,0.000
1782246316.922,2026-06-23T21:25:16,incoming,MeterValues,0,0.288
1782246316.922,2026-06-23T21:25:16,outgoing,CallResult,45,0.000
1782246323.739,2026-06-23T21:25:23,incoming,Heartbeat,57,0.000
1782246323.740,2026-06-23T21:25:23,outgoing,CallResult,81,0.000
1782246326.952,2026-06-23T21:25:26,incoming,MeterValues,868,0.000
1782246326.997,2026-06-23T21:25:26,incoming,MeterValues,0,0.268
1782246326.999,2026-06-23T21:25:26,outgoing,CallResult,45,0.000
1782246333.751,2026-06-23T21:25:33,incoming,Heartbeat,57,0.000
1782246333.752,2026-06-23T21:25:33,outgoing,CallResult,81,0.000
1782246337.034,2026-06-23T21:25:37,incoming,MeterValues,868,0.000
1782246337.036,2026-06-23T21:25:37,incoming,MeterValues,0,0.274
1782246337.036,2026-06-23T21:25:37,outgoing,CallResult,45,0.000
1782246343.763,2026-06-23T21:25:43,incoming,Heartbeat,57,0.000
1782246343.764,2026-06-23T21:25:43,outgoing,CallResult,81,0.000
1782246347.066,2026-06-23T21:25:47,incoming,MeterValues,868,0.000
1782246347.068,2026-06-23T21:25:47,incoming,MeterValues,0,0.270
1782246347.068,2026-06-23T21:25:47,outgoing,CallResult,45,0.000
1782246353.775,2026-06-23T21:25:53,incoming,Heartbeat,57,0.000
1782246353.776,2026-06-23T21:25:53,outgoing,CallResult,81,0.000
1782246357.355,2026-06-23T21:25:57,incoming,MeterValues,868,0.000
1782246357.358,2026-06-23T21:25:57,incoming,MeterValues,0,0.315
1782246357.358,2026-06-23T21:25:57,outgoing,CallResult,45,0.000
1782246363.787,2026-06-23T21:26:03,incoming,Heartbeat,57,0.000
1782246363.789,2026-06-23T21:26:03,outgoing,CallResult,81,0.000
1782246367.390,2026-06-23T21:26:07,incoming,MeterValues,868,0.000
1782246367.393,2026-06-23T21:26:07,incoming,MeterValues,0,0.420
1782246367.393,2026-06-23T21:26:07,outgoing,CallResult,45,0.000
1782246373.800,2026-06-23T21:26:13,incoming,Heartbeat,57,0.000
1782246373.801,2026-06-23T21:26:13,outgoing,CallResult,81,0.000
1782246377.428,2026-06-23T21:26:17,incoming,MeterValues,868,0.000
1782246377.431,2026-06-23T21:26:17,incoming,MeterValues,0,0.406
1782246377.431,2026-06-23T21:26:17,outgoing,CallResult,45,0.000
1782246383.816,2026-06-23T21:26:23,incoming,Heartbeat,57,0.000
1782246383.818,2026-06-23T21:26:23,outgoing,CallResult,81,0.000
1782246387.460,2026-06-23T21:26:27,incoming,MeterValues,868,0.000
1782246387.462,2026-06-23T21:26:27,incoming,MeterValues,0,0.278
1782246387.463,2026-06-23T21:26:27,outgoing,CallResult,45,0.000
1782246393.827,2026-06-23T21:26:33,incoming,Heartbeat,57,0.000
1782246393.829,2026-06-23T21:26:33,outgoing,CallResult,81,0.000
1782246397.496,2026-06-23T21:26:37,incoming,MeterValues,868,0.000
1782246397.498,2026-06-23T21:26:37,incoming,MeterValues,0,0.417
1782246397.499,2026-06-23T21:26:37,outgoing,CallResult,45,0.000
1782246403.840,2026-06-23T21:26:43,incoming,Heartbeat,57,0.000
1782246403.841,2026-06-23T21:26:43,outgoing,CallResult,81,0.000
1782246407.532,2026-06-23T21:26:47,incoming,MeterValues,868,0.000
1782246407.534,2026-06-23T21:26:47,incoming,MeterValues,0,0.278
1782246407.535,2026-06-23T21:26:47,outgoing,CallResult,45,0.000
1782246413.853,2026-06-23T21:26:53,incoming,Heartbeat,57,0.000
1782246413.854,2026-06-23T21:26:53,outgoing,CallResult,81,0.000
1782246417.577,2026-06-23T21:26:57,incoming,MeterValues,868,0.000
1782246417.580,2026-06-23T21:26:57,incoming,MeterValues,0,0.281
1782246417.580,2026-06-23T21:26:57,outgoing,CallResult,45,0.000
1782246423.864,2026-06-23T21:27:03,incoming,Heartbeat,57,0.000
1782246423.865,2026-06-23T21:27:03,outgoing,CallResult,81,0.000
1782246428.206,2026-06-23T21:27:08,incoming,MeterValues,868,0.000
1782246428.208,2026-06-23T21:27:08,incoming,MeterValues,0,0.274
1782246428.209,2026-06-23T21:27:08,outgoing,CallResult,45,0.000
1782246433.877,2026-06-23T21:27:13,incoming,Heartbeat,57,0.000
1782246433.878,2026-06-23T21:27:13,outgoing,CallResult,81,0.000
1782246438.240,2026-06-23T21:27:18,incoming,MeterValues,868,0.000
1782246438.243,2026-06-23T21:27:18,incoming,MeterValues,0,0.278
1782246438.243,2026-06-23T21:27:18,outgoing,CallResult,45,0.000
1782246443.887,2026-06-23T21:27:23,incoming,Heartbeat,57,0.000
1782246443.888,2026-06-23T21:27:23,outgoing,CallResult,81,0.000
1782246448.276,2026-06-23T21:27:28,incoming,MeterValues,868,0.000
1782246448.278,2026-06-23T21:27:28,incoming,MeterValues,0,0.274
1782246448.279,2026-06-23T21:27:28,outgoing,CallResult,45,0.000
1782246453.901,2026-06-23T21:27:33,incoming,Heartbeat,57,0.000
1782246453.902,2026-06-23T21:27:33,outgoing,CallResult,81,0.000
1782246458.307,2026-06-23T21:27:38,incoming,MeterValues,868,0.000
1782246458.309,2026-06-23T21:27:38,incoming,MeterValues,0,0.277
1782246458.310,2026-06-23T21:27:38,outgoing,CallResult,45,0.000
1782246463.913,2026-06-23T21:27:43,incoming,Heartbeat,57,0.000
1782246463.914,2026-06-23T21:27:43,outgoing,CallResult,81,0.000
1782246468.343,2026-06-23T21:27:48,incoming,MeterValues,868,0.000
1782246468.348,2026-06-23T21:27:48,incoming,MeterValues,0,0.294
1782246468.348,2026-06-23T21:27:48,outgoing,CallResult,45,0.000
1782246473.925,2026-06-23T21:27:53,incoming,Heartbeat,57,0.000
1782246473.926,2026-06-23T21:27:53,outgoing,CallResult,81,0.000
1782246478.380,2026-06-23T21:27:58,incoming,MeterValues,868,0.000
1782246478.383,2026-06-23T21:27:58,incoming,MeterValues,0,0.400
1782246478.383,2026-06-23T21:27:58,outgoing,CallResult,45,0.000
1782246483.936,2026-06-23T21:28:03,incoming,Heartbeat,57,0.000
1782246483.937,2026-06-23T21:28:03,outgoing,CallResult,81,0.000
1782246488.596,2026-06-23T21:28:08,incoming,MeterValues,868,0.000
1782246488.599,2026-06-23T21:28:08,incoming,MeterValues,0,0.402
1782246488.599,2026-06-23T21:28:08,outgoing,CallResult,45,0.000
1782246493.947,2026-06-23T21:28:13,incoming,Heartbeat,57,0.000
1782246493.949,2026-06-23T21:28:13,outgoing,CallResult,81,0.000
1782246498.630,2026-06-23T21:28:18,incoming,MeterValues,868,0.000
1782246498.633,2026-06-23T21:28:18,incoming,MeterValues,0,0.268
1782246498.633,2026-06-23T21:28:18,outgoing,CallResult,45,0.000
1782246503.959,2026-06-23T21:28:23,incoming,Heartbeat,57,0.000
1782246503.960,2026-06-23T21:28:23,outgoing,CallResult,81,0.000
1782246508.664,2026-06-23T21:28:28,incoming,MeterValues,868,0.000
1782246508.667,2026-06-23T21:28:28,incoming,MeterValues,0,0.436
1782246508.667,2026-06-23T21:28:28,outgoing,CallResult,45,0.000
1782246513.971,2026-06-23T21:28:33,incoming,Heartbeat,57,0.000
1782246513.972,2026-06-23T21:28:33,outgoing,CallResult,81,0.000
1782246518.702,2026-06-23T21:28:38,incoming,MeterValues,868,0.000
1782246518.704,2026-06-23T21:28:38,incoming,MeterValues,0,0.225
1782246518.704,2026-06-23T21:28:38,outgoing,CallResult,45,0.000
1782246523.983,2026-06-23T21:28:43,incoming,Heartbeat,57,0.000
1782246523.984,2026-06-23T21:28:43,outgoing,CallResult,81,0.000
1782246528.733,2026-06-23T21:28:48,incoming,MeterValues,868,0.000
1782246528.736,2026-06-23T21:28:48,incoming,MeterValues,0,0.435
1782246528.736,2026-06-23T21:28:48,outgoing,CallResult,45,0.000
1782246533.994,2026-06-23T21:28:53,incoming,Heartbeat,57,0.000
1782246533.995,2026-06-23T21:28:53,outgoing,CallResult,81,0.000
1782246538.768,2026-06-23T21:28:58,incoming,MeterValues,868,0.000
1782246538.771,2026-06-23T21:28:58,incoming,MeterValues,0,0.447
1782246538.772,2026-06-23T21:28:58,outgoing,CallResult,45,0.000
1782246544.268,2026-06-23T21:29:04,incoming,Heartbeat,57,0.000
1782246544.273,2026-06-23T21:29:04,outgoing,CallResult,81,0.000
1782246548.801,2026-06-23T21:29:08,incoming,MeterValues,868,0.000
1782246548.803,2026-06-23T21:29:08,incoming,MeterValues,0,0.386
1782246548.804,2026-06-23T21:29:08,outgoing,CallResult,45,0.000
1782246554.285,2026-06-23T21:29:14,incoming,Heartbeat,57,0.000
1782246554.286,2026-06-23T21:29:14,outgoing,CallResult,81,0.000
1782246558.836,2026-06-23T21:29:18,incoming,MeterValues,868,0.000
1782246558.838,2026-06-23T21:29:18,incoming,MeterValues,0,0.278
1782246558.839,2026-06-23T21:29:18,outgoing,CallResult,45,0.000
1782246564.296,2026-06-23T21:29:24,incoming,Heartbeat,57,0.000
1782246564.297,2026-06-23T21:29:24,outgoing,CallResult,81,0.000
1782246568.878,2026-06-23T21:29:28,incoming,MeterValues,868,0.000
1782246568.880,2026-06-23T21:29:28,incoming,MeterValues,0,0.229
1782246568.881,2026-06-23T21:29:28,outgoing,CallResult,45,0.000
1782246574.312,2026-06-23T21:29:34,incoming,Heartbeat,57,0.000
1782246574.313,2026-06-23T21:29:34,outgoing,CallResult,81,0.000
1782246579.153,2026-06-23T21:29:39,incoming,MeterValues,868,0.000
1782246579.156,2026-06-23T21:29:39,incoming,MeterValues,0,0.276
1782246579.156,2026-06-23T21:29:39,outgoing,CallResult,45,0.000
1782246584.325,2026-06-23T21:29:44,incoming,Heartbeat,57,0.000
1782246584.326,2026-06-23T21:29:44,outgoing,CallResult,81,0.000
1782246589.187,2026-06-23T21:29:49,incoming,MeterValues,868,0.000
1782246589.190,2026-06-23T21:29:49,incoming,MeterValues,0,0.280
1782246589.191,2026-06-23T21:29:49,outgoing,CallResult,45,0.000
1782246594.345,2026-06-23T21:29:54,incoming,Heartbeat,57,0.000
1782246594.346,2026-06-23T21:29:54,outgoing,CallResult,81,0.000
1782246599.222,2026-06-23T21:29:59,incoming,MeterValues,868,0.000
1782246599.225,2026-06-23T21:29:59,incoming,MeterValues,0,0.387
1782246599.225,2026-06-23T21:29:59,outgoing,CallResult,45,0.000
1782246604.362,2026-06-23T21:30:04,incoming,Heartbeat,57,0.000
1782246604.363,2026-06-23T21:30:04,outgoing,CallResult,81,0.000
1782246609.256,2026-06-23T21:30:09,incoming,MeterValues,868,0.000
1782246609.258,2026-06-23T21:30:09,incoming,MeterValues,0,0.281
1782246609.259,2026-06-23T21:30:09,outgoing,CallResult,45,0.000
1782246614.374,2026-06-23T21:30:14,incoming,Heartbeat,57,0.000
1782246614.377,2026-06-23T21:30:14,outgoing,CallResult,81,0.000
1782246619.290,2026-06-23T21:30:19,incoming,MeterValues,868,0.000
1782246619.293,2026-06-23T21:30:19,incoming,MeterValues,0,0.270
1782246619.293,2026-06-23T21:30:19,outgoing,CallResult,45,0.000
1782246624.393,2026-06-23T21:30:24,incoming,Heartbeat,57,0.000
1782246624.394,2026-06-23T21:30:24,outgoing,CallResult,81,0.000
1782246629.576,2026-06-23T21:30:29,incoming,MeterValues,868,0.000
1782246629.580,2026-06-23T21:30:29,incoming,MeterValues,0,0.298
1782246629.580,2026-06-23T21:30:29,outgoing,CallResult,45,0.000
1782246634.410,2026-06-23T21:30:34,incoming,Heartbeat,57,0.000
1782246634.411,2026-06-23T21:30:34,outgoing,CallResult,81,0.000
1782246639.612,2026-06-23T21:30:39,incoming,MeterValues,868,0.000
1782246639.615,2026-06-23T21:30:39,incoming,MeterValues,0,0.278
1782246639.615,2026-06-23T21:30:39,outgoing,CallResult,45,0.000
1782246644.426,2026-06-23T21:30:44,incoming,Heartbeat,57,0.000
1782246644.427,2026-06-23T21:30:44,outgoing,CallResult,81,0.000
1782246649.643,2026-06-23T21:30:49,incoming,MeterValues,868,0.000
1782246649.646,2026-06-23T21:30:49,incoming,MeterValues,0,0.273
1782246649.646,2026-06-23T21:30:49,outgoing,CallResult,45,0.000
1782246654.438,2026-06-23T21:30:54,incoming,Heartbeat,57,0.000
1782246654.439,2026-06-23T21:30:54,outgoing,CallResult,81,0.000
1782246659.674,2026-06-23T21:30:59,incoming,MeterValues,868,0.000
1782246659.677,2026-06-23T21:30:59,incoming,MeterValues,0,0.276
1782246659.677,2026-06-23T21:30:59,outgoing,CallResult,45,0.000
1782246664.454,2026-06-23T21:31:04,incoming,Heartbeat,57,0.000
1782246664.455,2026-06-23T21:31:04,outgoing,CallResult,81,0.000
1782246669.704,2026-06-23T21:31:09,incoming,MeterValues,868,0.000
1782246669.707,2026-06-23T21:31:09,incoming,MeterValues,0,0.396
1782246669.707,2026-06-23T21:31:09,outgoing,CallResult,45,0.000
1782246674.472,2026-06-23T21:31:14,incoming,Heartbeat,57,0.000
1782246674.473,2026-06-23T21:31:14,outgoing,CallResult,81,0.000
1782246679.735,2026-06-23T21:31:19,incoming,MeterValues,868,0.000
1782246679.738,2026-06-23T21:31:19,incoming,MeterValues,0,0.350
1782246679.739,2026-06-23T21:31:19,outgoing,CallResult,45,0.000
1782246684.489,2026-06-23T21:31:24,incoming,Heartbeat,57,0.000
1782246684.490,2026-06-23T21:31:24,outgoing,CallResult,81,0.000
1782246689.776,2026-06-23T21:31:29,incoming,MeterValues,868,0.000
1782246689.779,2026-06-23T21:31:29,incoming,MeterValues,0,0.302
1782246689.779,2026-06-23T21:31:29,outgoing,CallResult,45,0.000
1782246694.502,2026-06-23T21:31:34,incoming,Heartbeat,57,0.000
1782246694.503,2026-06-23T21:31:34,outgoing,CallResult,81,0.000
1782246700.020,2026-06-23T21:31:40,incoming,MeterValues,868,0.000
1782246700.022,2026-06-23T21:31:40,incoming,MeterValues,0,0.410
1782246700.023,2026-06-23T21:31:40,outgoing,CallResult,45,0.000
1782246704.520,2026-06-23T21:31:44,incoming,Heartbeat,57,0.000
1782246704.521,2026-06-23T21:31:44,outgoing,CallResult,81,0.000
1782246710.050,2026-06-23T21:31:50,incoming,MeterValues,868,0.000
1782246710.052,2026-06-23T21:31:50,incoming,MeterValues,0,0.404
1782246710.053,2026-06-23T21:31:50,outgoing,CallResult,45,0.000
1782246714.535,2026-06-23T21:31:54,incoming,Heartbeat,57,0.000
1782246714.536,2026-06-23T21:31:54,outgoing,CallResult,81,0.000
1782246720.085,2026-06-23T21:32:00,incoming,MeterValues,868,0.000
1782246720.088,2026-06-23T21:32:00,incoming,MeterValues,0,0.418
1782246720.089,2026-06-23T21:32:00,outgoing,CallResult,45,0.000
1782246724.550,2026-06-23T21:32:04,incoming,Heartbeat,57,0.000
1782246724.551,2026-06-23T21:32:04,outgoing,CallResult,81,0.000
1782246730.132,2026-06-23T21:32:10,incoming,MeterValues,868,0.000
1782246730.136,2026-06-23T21:32:10,incoming,MeterValues,0,0.429
1782246730.136,2026-06-23T21:32:10,outgoing,CallResult,45,0.000
1782246734.566,2026-06-23T21:32:14,incoming,Heartbeat,57,0.000
1782246734.567,2026-06-23T21:32:14,outgoing,CallResult,81,0.000
1782246740.168,2026-06-23T21:32:20,incoming,MeterValues,868,0.000
1782246740.171,2026-06-23T21:32:20,incoming,MeterValues,0,0.419
1782246740.172,2026-06-23T21:32:20,outgoing,CallResult,45,0.000
1782246744.812,2026-06-23T21:32:24,incoming,Heartbeat,57,0.000
1782246744.813,2026-06-23T21:32:24,outgoing,CallResult,81,0.000
1782246750.202,2026-06-23T21:32:30,incoming,MeterValues,868,0.000
1782246750.205,2026-06-23T21:32:30,incoming,MeterValues,0,0.276
1782246750.205,2026-06-23T21:32:30,outgoing,CallResult,45,0.000
1782246754.823,2026-06-23T21:32:34,incoming,Heartbeat,57,0.000
1782246754.824,2026-06-23T21:32:34,outgoing,CallResult,81,0.000
1782246760.514,2026-06-23T21:32:40,incoming,MeterValues,868,0.000
1782246760.517,2026-06-23T21:32:40,incoming,MeterValues,0,0.249
1782246760.517,2026-06-23T21:32:40,outgoing,CallResult,45,0.000
1782246764.839,2026-06-23T21:32:44,incoming,Heartbeat,57,0.000
1782246764.840,2026-06-23T21:32:44,outgoing,CallResult,81,0.000
1782246770.566,2026-06-23T21:32:50,incoming,MeterValues,868,0.000
1782246770.568,2026-06-23T21:32:50,incoming,MeterValues,0,0.275
1782246770.569,2026-06-23T21:32:50,outgoing,CallResult,45,0.000
1782246774.917,2026-06-23T21:32:54,incoming,Heartbeat,57,0.000
1782246774.918,2026-06-23T21:32:54,outgoing,CallResult,81,0.000
1782246780.596,2026-06-23T21:33:00,incoming,MeterValues,868,0.000
1782246780.598,2026-06-23T21:33:00,incoming,MeterValues,0,0.271
1782246780.599,2026-06-23T21:33:00,outgoing,CallResult,45,0.000
1782246784.930,2026-06-23T21:33:04,incoming,Heartbeat,57,0.000
1782246784.931,2026-06-23T21:33:04,outgoing,CallResult,81,0.000
1782246790.625,2026-06-23T21:33:10,incoming,MeterValues,868,0.000
1782246790.627,2026-06-23T21:33:10,incoming,MeterValues,0,0.335
1782246790.628,2026-06-23T21:33:10,outgoing,CallResult,45,0.000
1782246794.961,2026-06-23T21:33:14,incoming,Heartbeat,57,0.000
1782246794.962,2026-06-23T21:33:14,outgoing,CallResult,81,0.000
1782246800.655,2026-06-23T21:33:20,incoming,MeterValues,868,0.000
1782246800.658,2026-06-23T21:33:20,incoming,MeterValues,0,0.325
1782246800.658,2026-06-23T21:33:20,outgoing,CallResult,45,0.000
1782246804.974,2026-06-23T21:33:24,incoming,Heartbeat,57,0.000
1782246804.975,2026-06-23T21:33:24,outgoing,CallResult,81,0.000
1782246810.685,2026-06-23T21:33:30,incoming,MeterValues,868,0.000
1782246810.688,2026-06-23T21:33:30,incoming,MeterValues,0,0.401
1782246810.688,2026-06-23T21:33:30,outgoing,CallResult,45,0.000
1782246815.000,2026-06-23T21:33:35,incoming,Heartbeat,57,0.000
1782246815.001,2026-06-23T21:33:35,outgoing,CallResult,81,0.000
1782246820.717,2026-06-23T21:33:40,incoming,MeterValues,868,0.000
1782246820.720,2026-06-23T21:33:40,incoming,MeterValues,0,0.403
1782246820.720,2026-06-23T21:33:40,outgoing,CallResult,45,0.000
1782246825.012,2026-06-23T21:33:45,incoming,Heartbeat,57,0.000
1782246825.013,2026-06-23T21:33:45,outgoing,CallResult,81,0.000
1782246830.753,2026-06-23T21:33:50,incoming,MeterValues,868,0.000
1782246830.755,2026-06-23T21:33:50,incoming,MeterValues,0,0.249
1782246830.755,2026-06-23T21:33:50,outgoing,CallResult,45,0.000
1782246835.025,2026-06-23T21:33:55,incoming,Heartbeat,57,0.000
1782246835.026,2026-06-23T21:33:55,outgoing,CallResult,81,0.000
1782246840.788,2026-06-23T21:34:00,incoming,MeterValues,868,0.000
1782246840.791,2026-06-23T21:34:00,incoming,MeterValues,0,0.281
1782246840.791,2026-06-23T21:34:00,outgoing,CallResult,45,0.000
1782246845.037,2026-06-23T21:34:05,incoming,Heartbeat,57,0.000
1782246845.038,2026-06-23T21:34:05,outgoing,CallResult,81,0.000
1782246851.446,2026-06-23T21:34:11,incoming,MeterValues,868,0.000
1782246851.449,2026-06-23T21:34:11,incoming,MeterValues,0,0.278
1782246851.449,2026-06-23T21:34:11,outgoing,CallResult,45,0.000
1782246855.053,2026-06-23T21:34:15,incoming,Heartbeat,57,0.000
1782246855.054,2026-06-23T21:34:15,outgoing,CallResult,81,0.000
1782246861.478,2026-06-23T21:34:21,incoming,MeterValues,868,0.000
1782246861.480,2026-06-23T21:34:21,incoming,MeterValues,0,0.282
1782246861.481,2026-06-23T21:34:21,outgoing,CallResult,45,0.000
1782246865.066,2026-06-23T21:34:25,incoming,Heartbeat,57,0.000
1782246865.067,2026-06-23T21:34:25,outgoing,CallResult,81,0.000
1782246871.514,2026-06-23T21:34:31,incoming,MeterValues,868,0.000
1782246871.516,2026-06-23T21:34:31,incoming,MeterValues,0,0.217
1782246871.516,2026-06-23T21:34:31,outgoing,CallResult,45,0.000
1782246875.082,2026-06-23T21:34:35,incoming,Heartbeat,57,0.000
1782246875.083,2026-06-23T21:34:35,outgoing,CallResult,81,0.000
1782246881.550,2026-06-23T21:34:41,incoming,MeterValues,868,0.000
1782246881.552,2026-06-23T21:34:41,incoming,MeterValues,0,0.278
1782246881.553,2026-06-23T21:34:41,outgoing,CallResult,45,0.000
1782246885.098,2026-06-23T21:34:45,incoming,Heartbeat,57,0.000
1782246885.099,2026-06-23T21:34:45,outgoing,CallResult,81,0.000
1782246891.584,2026-06-23T21:34:51,incoming,MeterValues,868,0.000
1782246891.587,2026-06-23T21:34:51,incoming,MeterValues,0,0.281
1782246891.587,2026-06-23T21:34:51,outgoing,CallResult,45,0.000
1782246895.116,2026-06-23T21:34:55,incoming,Heartbeat,57,0.000
1782246895.117,2026-06-23T21:34:55,outgoing,CallResult,81,0.000
1782246901.784,2026-06-23T21:35:01,incoming,MeterValues,868,0.000
1782246901.786,2026-06-23T21:35:01,incoming,MeterValues,0,0.272
1782246901.787,2026-06-23T21:35:01,outgoing,CallResult,45,0.000
1782246905.136,2026-06-23T21:35:05,incoming,Heartbeat,57,0.000
1782246905.137,2026-06-23T21:35:05,outgoing,CallResult,81,0.000
1782246911.822,2026-06-23T21:35:11,incoming,MeterValues,868,0.000
1782246911.824,2026-06-23T21:35:11,incoming,MeterValues,0,0.264
1782246911.824,2026-06-23T21:35:11,outgoing,CallResult,45,0.000
1782246915.150,2026-06-23T21:35:15,incoming,Heartbeat,57,0.000
1782246915.151,2026-06-23T21:35:15,outgoing,CallResult,81,0.000
1782246921.853,2026-06-23T21:35:21,incoming,MeterValues,868,0.000
1782246921.855,2026-06-23T21:35:21,incoming,MeterValues,0,0.222
1782246921.856,2026-06-23T21:35:21,outgoing,CallResult,45,0.000
1782246925.396,2026-06-23T21:35:25,incoming,Heartbeat,57,0.000
1782246925.397,2026-06-23T21:35:25,outgoing,CallResult,81,0.000
1782246931.886,2026-06-23T21:35:31,incoming,MeterValues,868,0.000
1782246931.889,2026-06-23T21:35:31,incoming,MeterValues,0,0.277
1782246931.889,2026-06-23T21:35:31,outgoing,CallResult,45,0.000
1782246935.406,2026-06-23T21:35:35,incoming,Heartbeat,57,0.000
1782246935.407,2026-06-23T21:35:35,outgoing,CallResult,81,0.000
1782246941.921,2026-06-23T21:35:41,incoming,MeterValues,868,0.000
1782246941.924,2026-06-23T21:35:41,incoming,MeterValues,0,0.274
1782246941.924,2026-06-23T21:35:41,outgoing,CallResult,45,0.000
1782246945.422,2026-06-23T21:35:45,incoming,Heartbeat,57,0.000
1782246945.423,2026-06-23T21:35:45,outgoing,CallResult,81,0.000
1782246951.957,2026-06-23T21:35:51,incoming,MeterValues,868,0.000
1782246951.960,2026-06-23T21:35:51,incoming,MeterValues,0,0.276
1782246951.960,2026-06-23T21:35:51,outgoing,CallResult,45,0.000
1782246955.434,2026-06-23T21:35:55,incoming,Heartbeat,57,0.000
1782246955.435,2026-06-23T21:35:55,outgoing,CallResult,81,0.000
1782246961.992,2026-06-23T21:36:01,incoming,MeterValues,868,0.000
1782246961.994,2026-06-23T21:36:01,incoming,MeterValues,0,0.277
1782246961.995,2026-06-23T21:36:01,outgoing,CallResult,45,0.000
1782246965.446,2026-06-23T21:36:05,incoming,Heartbeat,57,0.000
1782246965.447,2026-06-23T21:36:05,outgoing,CallResult,81,0.000
1782246972.026,2026-06-23T21:36:12,incoming,MeterValues,868,0.000
1782246972.028,2026-06-23T21:36:12,incoming,MeterValues,0,0.251
1782246972.029,2026-06-23T21:36:12,outgoing,CallResult,45,0.000
1782246975.462,2026-06-23T21:36:15,incoming,Heartbeat,57,0.000
1782246975.463,2026-06-23T21:36:15,outgoing,CallResult,81,0.000
1782246982.059,2026-06-23T21:36:22,incoming,MeterValues,868,0.000
1782246982.062,2026-06-23T21:36:22,incoming,MeterValues,0,0.297
1782246982.062,2026-06-23T21:36:22,outgoing,CallResult,45,0.000
1782246985.506,2026-06-23T21:36:25,incoming,Heartbeat,57,0.000
1782246985.507,2026-06-23T21:36:25,outgoing,CallResult,81,0.000
1782246992.700,2026-06-23T21:36:32,incoming,MeterValues,868,0.000
1782246992.703,2026-06-23T21:36:32,incoming,MeterValues,0,0.278
1782246992.703,2026-06-23T21:36:32,outgoing,CallResult,45,0.000
1782246995.522,2026-06-23T21:36:35,incoming,Heartbeat,57,0.000
1782246995.523,2026-06-23T21:36:35,outgoing,CallResult,81,0.000
1782247002.734,2026-06-23T21:36:42,incoming,MeterValues,868,0.000
1782247002.737,2026-06-23T21:36:42,incoming,MeterValues,0,0.275
1782247002.737,2026-06-23T21:36:42,outgoing,CallResult,45,0.000
1782247005.536,2026-06-23T21:36:45,incoming,Heartbeat,57,0.000
1782247005.537,2026-06-23T21:36:45,outgoing,CallResult,81,0.000
1782247012.785,2026-06-23T21:36:52,incoming,MeterValues,868,0.000
1782247012.787,2026-06-23T21:36:52,incoming,MeterValues,0,0.268
1782247012.788,2026-06-23T21:36:52,outgoing,CallResult,45,0.000
1782247015.554,2026-06-23T21:36:55,incoming,Heartbeat,57,0.000
1782247015.555,2026-06-23T21:36:55,outgoing,CallResult,81,0.000
1782247022.820,2026-06-23T21:37:02,incoming,MeterValues,868,0.000
1782247022.822,2026-06-23T21:37:02,incoming,MeterValues,0,0.278
1782247022.823,2026-06-23T21:37:02,outgoing,CallResult,45,0.000
1782247025.570,2026-06-23T21:37:05,incoming,Heartbeat,57,0.000
1782247025.571,2026-06-23T21:37:05,outgoing,CallResult,81,0.000
1782247032.854,2026-06-23T21:37:12,incoming,MeterValues,868,0.000
1782247032.857,2026-06-23T21:37:12,incoming,MeterValues,0,0.278
1782247032.857,2026-06-23T21:37:12,outgoing,CallResult,45,0.000
1782247035.584,2026-06-23T21:37:15,incoming,Heartbeat,57,0.000
1782247035.585,2026-06-23T21:37:15,outgoing,CallResult,81,0.000
1782247042.886,2026-06-23T21:37:22,incoming,MeterValues,868,0.000
1782247042.889,2026-06-23T21:37:22,incoming,MeterValues,0,0.283
1782247042.889,2026-06-23T21:37:22,outgoing,CallResult,45,0.000
1782247045.602,2026-06-23T21:37:25,incoming,Heartbeat,57,0.000
1782247045.603,2026-06-23T21:37:25,outgoing,CallResult,81,0.000
1782247053.140,2026-06-23T21:37:33,incoming,MeterValues,868,0.000
1782247053.143,2026-06-23T21:37:33,incoming,MeterValues,0,0.314
1782247053.143,2026-06-23T21:37:33,outgoing,CallResult,45,0.000
1782247055.618,2026-06-23T21:37:35,incoming,Heartbeat,57,0.000
1782247055.619,2026-06-23T21:37:35,outgoing,CallResult,81,0.000
1782247063.177,2026-06-23T21:37:43,incoming,MeterValues,868,0.000
1782247063.179,2026-06-23T21:37:43,incoming,MeterValues,0,0.274
1782247063.180,2026-06-23T21:37:43,outgoing,CallResult,45,0.000
1782247065.632,2026-06-23T21:37:45,incoming,Heartbeat,57,0.000
1782247065.633,2026-06-23T21:37:45,outgoing,CallResult,81,0.000
1782247073.210,2026-06-23T21:37:53,incoming,MeterValues,868,0.000
1782247073.213,2026-06-23T21:37:53,incoming,MeterValues,0,0.413
1782247073.213,2026-06-23T21:37:53,outgoing,CallResult,45,0.000
1782247075.646,2026-06-23T21:37:55,incoming,Heartbeat,57,0.000
1782247075.647,2026-06-23T21:37:55,outgoing,CallResult,81,0.000
1782247083.242,2026-06-23T21:38:03,incoming,MeterValues,868,0.000
1782247083.245,2026-06-23T21:38:03,incoming,MeterValues,0,0.276
1782247083.245,2026-06-23T21:38:03,outgoing,CallResult,45,0.000
1782247085.659,2026-06-23T21:38:05,incoming,Heartbeat,57,0.000
1782247085.660,2026-06-23T21:38:05,outgoing,CallResult,81,0.000
1782247093.494,2026-06-23T21:38:13,incoming,MeterValues,868,0.000
1782247093.496,2026-06-23T21:38:13,incoming,MeterValues,0,0.363
1782247093.497,2026-06-23T21:38:13,outgoing,CallResult,45,0.000
1782247095.900,2026-06-23T21:38:15,incoming,Heartbeat,57,0.000
1782247095.901,2026-06-23T21:38:15,outgoing,CallResult,81,0.000
1782247103.526,2026-06-23T21:38:23,incoming,MeterValues,868,0.000
1782247103.528,2026-06-23T21:38:23,incoming,MeterValues,0,0.284
1782247103.529,2026-06-23T21:38:23,outgoing,CallResult,45,0.000
1782247105.911,2026-06-23T21:38:25,incoming,Heartbeat,57,0.000
1782247105.912,2026-06-23T21:38:25,outgoing,CallResult,81,0.000
1782247113.558,2026-06-23T21:38:33,incoming,MeterValues,868,0.000
1782247113.561,2026-06-23T21:38:33,incoming,MeterValues,0,0.271
1782247113.561,2026-06-23T21:38:33,outgoing,CallResult,45,0.000
1782247115.929,2026-06-23T21:38:35,incoming,Heartbeat,57,0.000
1782247115.930,2026-06-23T21:38:35,outgoing,CallResult,81,0.000
1782247123.592,2026-06-23T21:38:43,incoming,MeterValues,868,0.000
1782247123.595,2026-06-23T21:38:43,incoming,MeterValues,0,0.273
1782247123.595,2026-06-23T21:38:43,outgoing,CallResult,45,0.000
1782247125.944,2026-06-23T21:38:45,incoming,Heartbeat,57,0.000
1782247125.945,2026-06-23T21:38:45,outgoing,CallResult,81,0.000
1782247133.624,2026-06-23T21:38:53,incoming,MeterValues,868,0.000
1782247133.626,2026-06-23T21:38:53,incoming,MeterValues,0,0.276
1782247133.627,2026-06-23T21:38:53,outgoing,CallResult,45,0.000
1782247135.961,2026-06-23T21:38:55,incoming,Heartbeat,57,0.000
1782247135.962,2026-06-23T21:38:55,outgoing,CallResult,81,0.000
1782247143.659,2026-06-23T21:39:03,incoming,MeterValues,868,0.000
1782247143.662,2026-06-23T21:39:03,incoming,MeterValues,0,0.407
1782247143.662,2026-06-23T21:39:03,outgoing,CallResult,45,0.000
1782247145.977,2026-06-23T21:39:05,incoming,Heartbeat,57,0.000
1782247145.978,2026-06-23T21:39:05,outgoing,CallResult,81,0.000
1782247153.692,2026-06-23T21:39:13,incoming,MeterValues,868,0.000
1782247153.694,2026-06-23T21:39:13,incoming,MeterValues,0,0.271
1782247153.695,2026-06-23T21:39:13,outgoing,CallResult,45,0.000
1782247155.994,2026-06-23T21:39:15,incoming,Heartbeat,57,0.000
1782247155.995,2026-06-23T21:39:15,outgoing,CallResult,81,0.000
1782247163.906,2026-06-23T21:39:23,incoming,MeterValues,868,0.000
1782247163.909,2026-06-23T21:39:23,incoming,MeterValues,0,0.269
1782247163.909,2026-06-23T21:39:23,outgoing,CallResult,45,0.000
1782247166.010,2026-06-23T21:39:26,incoming,Heartbeat,57,0.000
1782247166.011,2026-06-23T21:39:26,outgoing,CallResult,81,0.000
1782247173.951,2026-06-23T21:39:33,incoming,MeterValues,868,0.000
1782247173.954,2026-06-23T21:39:33,incoming,MeterValues,0,0.275
1782247173.954,2026-06-23T21:39:33,outgoing,CallResult,45,0.000
1782247176.022,2026-06-23T21:39:36,incoming,Heartbeat,57,0.000
1782247176.023,2026-06-23T21:39:36,outgoing,CallResult,81,0.000
1782247183.990,2026-06-23T21:39:43,incoming,MeterValues,868,0.000
1782247183.992,2026-06-23T21:39:43,incoming,MeterValues,0,0.381
1782247183.993,2026-06-23T21:39:43,outgoing,CallResult,45,0.000
1782247186.038,2026-06-23T21:39:46,incoming,Heartbeat,57,0.000
1782247186.039,2026-06-23T21:39:46,outgoing,CallResult,81,0.000
1782247194.025,2026-06-23T21:39:54,incoming,MeterValues,868,0.000
1782247194.027,2026-06-23T21:39:54,incoming,MeterValues,0,0.312
1782247194.028,2026-06-23T21:39:54,outgoing,CallResult,45,0.000
1782247196.056,2026-06-23T21:39:56,incoming,Heartbeat,57,0.000
1782247196.057,2026-06-23T21:39:56,outgoing,CallResult,81,0.000
1782247204.061,2026-06-23T21:40:04,incoming,MeterValues,868,0.000
1782247204.063,2026-06-23T21:40:04,incoming,MeterValues,0,0.470
1782247204.064,2026-06-23T21:40:04,outgoing,CallResult,45,0.000
1782247206.070,2026-06-23T21:40:06,incoming,Heartbeat,57,0.000
1782247206.071,2026-06-23T21:40:06,outgoing,CallResult,81,0.000
1782247214.306,2026-06-23T21:40:14,incoming,MeterValues,868,0.000
1782247214.309,2026-06-23T21:40:14,incoming,MeterValues,0,0.272
1782247214.309,2026-06-23T21:40:14,outgoing,CallResult,45,0.000
1782247216.088,2026-06-23T21:40:16,incoming,Heartbeat,57,0.000
1782247216.089,2026-06-23T21:40:16,outgoing,CallResult,81,0.000
1782247224.339,2026-06-23T21:40:24,incoming,MeterValues,868,0.000
1782247224.341,2026-06-23T21:40:24,incoming,MeterValues,0,0.266
1782247224.342,2026-06-23T21:40:24,outgoing,CallResult,45,0.000
1782247226.105,2026-06-23T21:40:26,incoming,Heartbeat,57,0.000
1782247226.106,2026-06-23T21:40:26,outgoing,CallResult,81,0.000
1782247234.373,2026-06-23T21:40:34,incoming,MeterValues,868,0.000
1782247234.376,2026-06-23T21:40:34,incoming,MeterValues,0,0.274
1782247234.376,2026-06-23T21:40:34,outgoing,CallResult,45,0.000
1782247236.273,2026-06-23T21:40:36,incoming,Heartbeat,57,0.000
1782247236.274,2026-06-23T21:40:36,outgoing,CallResult,81,0.000
1782247244.405,2026-06-23T21:40:44,incoming,MeterValues,868,0.000
1782247244.408,2026-06-23T21:40:44,incoming,MeterValues,0,0.289
1782247244.408,2026-06-23T21:40:44,outgoing,CallResult,45,0.000
1782247246.330,2026-06-23T21:40:46,incoming,Heartbeat,57,0.000
1782247246.331,2026-06-23T21:40:46,outgoing,CallResult,81,0.000
1782247254.440,2026-06-23T21:40:54,incoming,MeterValues,868,0.000
1782247254.442,2026-06-23T21:40:54,incoming,MeterValues,0,0.397
1782247254.443,2026-06-23T21:40:54,outgoing,CallResult,45,0.000
1782247256.341,2026-06-23T21:40:56,incoming,Heartbeat,57,0.000
1782247256.342,2026-06-23T21:40:56,outgoing,CallResult,81,0.000
1782247264.476,2026-06-23T21:41:04,incoming,MeterValues,868,0.000
1782247264.479,2026-06-23T21:41:04,incoming,MeterValues,0,0.281
1782247264.479,2026-06-23T21:41:04,outgoing,CallResult,45,0.000
1782247266.357,2026-06-23T21:41:06,incoming,Heartbeat,57,0.000
1782247266.358,2026-06-23T21:41:06,outgoing,CallResult,81,0.000
1782247274.508,2026-06-23T21:41:14,incoming,MeterValues,868,0.000
1782247274.511,2026-06-23T21:41:14,incoming,MeterValues,0,0.279
1782247274.511,2026-06-23T21:41:14,outgoing,CallResult,45,0.000
1782247276.384,2026-06-23T21:41:16,incoming,Heartbeat,57,0.000
1782247276.385,2026-06-23T21:41:16,outgoing,CallResult,81,0.000
1782247284.542,2026-06-23T21:41:24,incoming,MeterValues,868,0.000
1782247284.544,2026-06-23T21:41:24,incoming,MeterValues,0,0.283
1782247284.545,2026-06-23T21:41:24,outgoing,CallResult,45,0.000
1782247286.414,2026-06-23T21:41:26,incoming,Heartbeat,57,0.000
1782247286.415,2026-06-23T21:41:26,outgoing,CallResult,81,0.000
1782247294.572,2026-06-23T21:41:34,incoming,MeterValues,868,0.000
1782247294.574,2026-06-23T21:41:34,incoming,MeterValues,0,0.240
1782247294.575,2026-06-23T21:41:34,outgoing,CallResult,45,0.000
1782247296.850,2026-06-23T21:41:36,incoming,Heartbeat,57,0.000
1782247296.851,2026-06-23T21:41:36,outgoing,CallResult,81,0.000
1782247304.618,2026-06-23T21:41:44,incoming,MeterValues,868,0.000
1782247304.620,2026-06-23T21:41:44,incoming,MeterValues,0,0.276
1782247304.621,2026-06-23T21:41:44,outgoing,CallResult,45,0.000
1782247306.861,2026-06-23T21:41:46,incoming,Heartbeat,57,0.000
1782247306.862,2026-06-23T21:41:46,outgoing,CallResult,81,0.000
1782247314.795,2026-06-23T21:41:54,incoming,MeterValues,868,0.000
1782247314.798,2026-06-23T21:41:54,incoming,MeterValues,0,0.277
1782247314.798,2026-06-23T21:41:54,outgoing,CallResult,45,0.000
1782247316.877,2026-06-23T21:41:56,incoming,Heartbeat,57,0.000
1782247316.878,2026-06-23T21:41:56,outgoing,CallResult,81,0.000
1782247324.868,2026-06-23T21:42:04,incoming,MeterValues,868,0.000
1782247324.870,2026-06-23T21:42:04,incoming,MeterValues,0,0.216
1782247324.871,2026-06-23T21:42:04,outgoing,CallResult,45,0.000
1782247326.910,2026-06-23T21:42:06,incoming,Heartbeat,57,0.000
1782247326.911,2026-06-23T21:42:06,outgoing,CallResult,81,0.000
1782247334.929,2026-06-23T21:42:14,incoming,MeterValues,868,0.000
1782247334.932,2026-06-23T21:42:14,incoming,MeterValues,0,0.277
1782247334.932,2026-06-23T21:42:14,outgoing,CallResult,45,0.000
1782247336.939,2026-06-23T21:42:16,incoming,Heartbeat,57,0.000
1782247336.940,2026-06-23T21:42:16,outgoing,CallResult,81,0.000
1782247344.963,2026-06-23T21:42:24,incoming,MeterValues,868,0.000
1782247344.966,2026-06-23T21:42:24,incoming,MeterValues,0,0.271
1782247344.966,2026-06-23T21:42:24,outgoing,CallResult,45,0.000
1782247346.959,2026-06-23T21:42:26,incoming,Heartbeat,57,0.000
1782247346.960,2026-06-23T21:42:26,outgoing,CallResult,81,0.000
1782247354.997,2026-06-23T21:42:34,incoming,MeterValues,868,0.000
1782247355.000,2026-06-23T21:42:34,incoming,MeterValues,0,0.276
1782247355.000,2026-06-23T21:42:35,outgoing,CallResult,45,0.000
1782247356.970,2026-06-23T21:42:36,incoming,Heartbeat,57,0.000
1782247356.971,2026-06-23T21:42:36,outgoing,CallResult,81,0.000
1782247365.033,2026-06-23T21:42:45,incoming,MeterValues,868,0.000
1782247365.035,2026-06-23T21:42:45,incoming,MeterValues,0,0.481
1782247365.036,2026-06-23T21:42:45,outgoing,CallResult,45,0.000
1782247366.980,2026-06-23T21:42:46,incoming,Heartbeat,57,0.000
1782247366.981,2026-06-23T21:42:46,outgoing,CallResult,81,0.000
1782247375.068,2026-06-23T21:42:55,incoming,MeterValues,868,0.000
1782247375.070,2026-06-23T21:42:55,incoming,MeterValues,0,0.279
1782247375.070,2026-06-23T21:42:55,outgoing,CallResult,45,0.000
1782247376.997,2026-06-23T21:42:56,incoming,Heartbeat,57,0.000
1782247376.998,2026-06-23T21:42:56,outgoing,CallResult,81,0.000
1782247385.099,2026-06-23T21:43:05,incoming,MeterValues,868,0.000
1782247385.101,2026-06-23T21:43:05,incoming,MeterValues,0,0.321
1782247385.102,2026-06-23T21:43:05,outgoing,CallResult,45,0.000
1782247387.014,2026-06-23T21:43:07,incoming,Heartbeat,57,0.000
1782247387.015,2026-06-23T21:43:07,outgoing,CallResult,81,0.000
1782247395.134,2026-06-23T21:43:15,incoming,MeterValues,868,0.000
1782247395.136,2026-06-23T21:43:15,incoming,MeterValues,0,0.252
1782247395.137,2026-06-23T21:43:15,outgoing,CallResult,45,0.000
1782247397.068,2026-06-23T21:43:17,incoming,Heartbeat,57,0.000
1782247397.069,2026-06-23T21:43:17,outgoing,CallResult,81,0.000
1782247405.385,2026-06-23T21:43:25,incoming,MeterValues,868,0.000
1782247405.388,2026-06-23T21:43:25,incoming,MeterValues,0,0.273
1782247405.388,2026-06-23T21:43:25,outgoing,CallResult,45,0.000
1782247407.090,2026-06-23T21:43:27,incoming,Heartbeat,57,0.000
1782247407.091,2026-06-23T21:43:27,outgoing,CallResult,81,0.000
1782247415.415,2026-06-23T21:43:35,incoming,MeterValues,868,0.000
1782247415.417,2026-06-23T21:43:35,incoming,MeterValues,0,0.273
1782247415.418,2026-06-23T21:43:35,outgoing,CallResult,45,0.000
1782247417.107,2026-06-23T21:43:37,incoming,Heartbeat,57,0.000
1782247417.108,2026-06-23T21:43:37,outgoing,CallResult,81,0.000
1782247425.445,2026-06-23T21:43:45,incoming,MeterValues,868,0.000
1782247425.447,2026-06-23T21:43:45,incoming,MeterValues,0,0.216
1782247425.447,2026-06-23T21:43:45,outgoing,CallResult,45,0.000
1782247427.124,2026-06-23T21:43:47,incoming,Heartbeat,57,0.000
1782247427.125,2026-06-23T21:43:47,outgoing,CallResult,81,0.000
1782247435.478,2026-06-23T21:43:55,incoming,MeterValues,868,0.000
1782247435.481,2026-06-23T21:43:55,incoming,MeterValues,0,0.273
1782247435.481,2026-06-23T21:43:55,outgoing,CallResult,45,0.000
1782247437.140,2026-06-23T21:43:57,incoming,Heartbeat,57,0.000
1782247437.141,2026-06-23T21:43:57,outgoing,CallResult,81,0.000
1782247445.513,2026-06-23T21:44:05,incoming,MeterValues,868,0.000
1782247445.516,2026-06-23T21:44:05,incoming,MeterValues,0,0.272
1782247445.516,2026-06-23T21:44:05,outgoing,CallResult,45,0.000
1782247447.153,2026-06-23T21:44:07,incoming,Heartbeat,57,0.000
1782247447.154,2026-06-23T21:44:07,outgoing,CallResult,81,0.000
1782247455.545,2026-06-23T21:44:15,incoming,MeterValues,868,0.000
1782247455.548,2026-06-23T21:44:15,incoming,MeterValues,0,0.286
1782247455.548,2026-06-23T21:44:15,outgoing,CallResult,45,0.000
1782247457.169,2026-06-23T21:44:17,incoming,Heartbeat,57,0.000
1782247457.170,2026-06-23T21:44:17,outgoing,CallResult,81,0.000
1782247465.588,2026-06-23T21:44:25,incoming,MeterValues,868,0.000
1782247465.591,2026-06-23T21:44:25,incoming,MeterValues,0,0.417
1782247465.591,2026-06-23T21:44:25,outgoing,CallResult,45,0.000
1782247467.198,2026-06-23T21:44:27,incoming,Heartbeat,57,0.000
1782247467.199,2026-06-23T21:44:27,outgoing,CallResult,81,0.000
1782247475.797,2026-06-23T21:44:35,incoming,MeterValues,868,0.000
1782247475.800,2026-06-23T21:44:35,incoming,MeterValues,0,0.378
1782247475.800,2026-06-23T21:44:35,outgoing,CallResult,45,0.000
1782247477.431,2026-06-23T21:44:37,incoming,Heartbeat,57,0.000
1782247477.432,2026-06-23T21:44:37,outgoing,CallResult,81,0.000
1782247485.827,2026-06-23T21:44:45,incoming,MeterValues,868,0.000
1782247485.829,2026-06-23T21:44:45,incoming,MeterValues,0,0.276
1782247485.829,2026-06-23T21:44:45,outgoing,CallResult,45,0.000
1782247487.455,2026-06-23T21:44:47,incoming,Heartbeat,57,0.000
1782247487.456,2026-06-23T21:44:47,outgoing,CallResult,81,0.000
1782247495.859,2026-06-23T21:44:55,incoming,MeterValues,868,0.000
1782247495.862,2026-06-23T21:44:55,incoming,MeterValues,0,0.299
1782247495.862,2026-06-23T21:44:55,outgoing,CallResult,45,0.000
1782247497.466,2026-06-23T21:44:57,incoming,Heartbeat,57,0.000
1782247497.467,2026-06-23T21:44:57,outgoing,CallResult,81,0.000
1782247505.932,2026-06-23T21:45:05,incoming,MeterValues,868,0.000
1782247505.934,2026-06-23T21:45:05,incoming,MeterValues,0,0.273
1782247505.935,2026-06-23T21:45:05,outgoing,CallResult,45,0.000
1782247507.477,2026-06-23T21:45:07,incoming,Heartbeat,57,0.000
1782247507.478,2026-06-23T21:45:07,outgoing,CallResult,81,0.000
1782247515.974,2026-06-23T21:45:15,incoming,MeterValues,868,0.000
1782247515.976,2026-06-23T21:45:15,incoming,MeterValues,0,0.281
1782247515.977,2026-06-23T21:45:15,outgoing,CallResult,45,0.000
1782247517.489,2026-06-23T21:45:17,incoming,Heartbeat,57,0.000
1782247517.490,2026-06-23T21:45:17,outgoing,CallResult,81,0.000
1782247526.178,2026-06-23T21:45:26,incoming,MeterValues,868,0.000
1782247526.181,2026-06-23T21:45:26,incoming,MeterValues,0,0.274
1782247526.181,2026-06-23T21:45:26,outgoing,CallResult,45,0.000
1782247527.501,2026-06-23T21:45:27,incoming,Heartbeat,57,0.000
1782247527.502,2026-06-23T21:45:27,outgoing,CallResult,81,0.000
1782247536.210,2026-06-23T21:45:36,incoming,MeterValues,868,0.000
1782247536.213,2026-06-23T21:45:36,incoming,MeterValues,0,0.269
1782247536.213,2026-06-23T21:45:36,outgoing,CallResult,45,0.000
1782247537.513,2026-06-23T21:45:37,incoming,Heartbeat,57,0.000
1782247537.514,2026-06-23T21:45:37,outgoing,CallResult,81,0.000
1782247546.244,2026-06-23T21:45:46,incoming,MeterValues,868,0.000
1782247546.247,2026-06-23T21:45:46,incoming,MeterValues,0,0.293
1782247546.247,2026-06-23T21:45:46,outgoing,CallResult,45,0.000
1782247548.122,2026-06-23T21:45:48,incoming,Heartbeat,57,0.000
1782247548.123,2026-06-23T21:45:48,outgoing,CallResult,81,0.000
1782247556.278,2026-06-23T21:45:56,incoming,MeterValues,868,0.000
1782247556.280,2026-06-23T21:45:56,incoming,MeterValues,0,0.288
1782247556.281,2026-06-23T21:45:56,outgoing,CallResult,45,0.000
1782247558.135,2026-06-23T21:45:58,incoming,Heartbeat,57,0.000
1782247558.136,2026-06-23T21:45:58,outgoing,CallResult,81,0.000
1782247566.629,2026-06-23T21:46:06,incoming,MeterValues,868,0.000
1782247566.632,2026-06-23T21:46:06,incoming,MeterValues,0,0.270
1782247566.632,2026-06-23T21:46:06,outgoing,CallResult,45,0.000
1782247568.164,2026-06-23T21:46:08,incoming,Heartbeat,57,0.000
1782247568.165,2026-06-23T21:46:08,outgoing,CallResult,81,0.000
1782247576.666,2026-06-23T21:46:16,incoming,MeterValues,868,0.000
1782247576.669,2026-06-23T21:46:16,incoming,MeterValues,0,0.287
1782247576.669,2026-06-23T21:46:16,outgoing,CallResult,45,0.000
1782247578.176,2026-06-23T21:46:18,incoming,Heartbeat,57,0.000
1782247578.177,2026-06-23T21:46:18,outgoing,CallResult,81,0.000
1782247586.702,2026-06-23T21:46:26,incoming,MeterValues,868,0.000
1782247586.705,2026-06-23T21:46:26,incoming,MeterValues,0,0.284
1782247586.705,2026-06-23T21:46:26,outgoing,CallResult,45,0.000
1782247588.193,2026-06-23T21:46:28,incoming,Heartbeat,57,0.000
1782247588.194,2026-06-23T21:46:28,outgoing,CallResult,81,0.000
1782247596.735,2026-06-23T21:46:36,incoming,MeterValues,868,0.000
1782247596.738,2026-06-23T21:46:36,incoming,MeterValues,0,0.296
1782247596.738,2026-06-23T21:46:36,outgoing,CallResult,45,0.000
1782247598.221,2026-06-23T21:46:38,incoming,Heartbeat,57,0.000
1782247598.222,2026-06-23T21:46:38,outgoing,CallResult,81,0.000
1782247606.770,2026-06-23T21:46:46,incoming,MeterValues,868,0.000
1782247606.773,2026-06-23T21:46:46,incoming,MeterValues,0,0.273
1782247606.773,2026-06-23T21:46:46,outgoing,CallResult,45,0.000
1782247608.238,2026-06-23T21:46:48,incoming,Heartbeat,57,0.000
1782247608.239,2026-06-23T21:46:48,outgoing,CallResult,81,0.000
1782247616.989,2026-06-23T21:46:56,incoming,MeterValues,868,0.000
1782247616.992,2026-06-23T21:46:56,incoming,MeterValues,0,0.275
1782247616.992,2026-06-23T21:46:56,outgoing,CallResult,45,0.000
1782247618.268,2026-06-23T21:46:58,incoming,Heartbeat,57,0.000
1782247618.269,2026-06-23T21:46:58,outgoing,CallResult,81,0.000
1782247627.019,2026-06-23T21:47:07,incoming,MeterValues,868,0.000
1782247627.022,2026-06-23T21:47:07,incoming,MeterValues,0,0.317
1782247627.022,2026-06-23T21:47:07,outgoing,CallResult,45,0.000
1782247628.325,2026-06-23T21:47:08,incoming,Heartbeat,57,0.000
1782247628.326,2026-06-23T21:47:08,outgoing,CallResult,81,0.000
1782247637.050,2026-06-23T21:47:17,incoming,MeterValues,868,0.000
1782247637.053,2026-06-23T21:47:17,incoming,MeterValues,0,0.288
1782247637.053,2026-06-23T21:47:17,outgoing,CallResult,45,0.000
1782247638.344,2026-06-23T21:47:18,incoming,Heartbeat,57,0.000
1782247638.346,2026-06-23T21:47:18,outgoing,CallResult,81,0.000
1782247647.082,2026-06-23T21:47:27,incoming,MeterValues,868,0.000
1782247647.085,2026-06-23T21:47:27,incoming,MeterValues,0,0.273
1782247647.086,2026-06-23T21:47:27,outgoing,CallResult,45,0.000
1782247648.595,2026-06-23T21:47:28,incoming,Heartbeat,57,0.000
1782247648.596,2026-06-23T21:47:28,outgoing,CallResult,81,0.000
1782247657.117,2026-06-23T21:47:37,incoming,MeterValues,868,0.000
1782247657.120,2026-06-23T21:47:37,incoming,MeterValues,0,0.274
1782247657.120,2026-06-23T21:47:37,outgoing,CallResult,45,0.000
1782247658.609,2026-06-23T21:47:38,incoming,Heartbeat,57,0.000
1782247658.652,2026-06-23T21:47:38,outgoing,CallResult,81,0.000
1782247667.152,2026-06-23T21:47:47,incoming,MeterValues,868,0.000
1782247667.154,2026-06-23T21:47:47,incoming,MeterValues,0,0.228
1782247667.155,2026-06-23T21:47:47,outgoing,CallResult,45,0.000
1782247668.674,2026-06-23T21:47:48,incoming,Heartbeat,57,0.000
1782247668.675,2026-06-23T21:47:48,outgoing,CallResult,81,0.000
1782247677.381,2026-06-23T21:47:57,incoming,MeterValues,868,0.000
1782247677.384,2026-06-23T21:47:57,incoming,MeterValues,0,0.286
1782247677.384,2026-06-23T21:47:57,outgoing,CallResult,45,0.000
1782247678.690,2026-06-23T21:47:58,incoming,Heartbeat,57,0.000
1782247678.692,2026-06-23T21:47:58,outgoing,CallResult,81,0.000
1782247687.413,2026-06-23T21:48:07,incoming,MeterValues,868,0.000
1782247687.416,2026-06-23T21:48:07,incoming,MeterValues,0,0.311
1782247687.416,2026-06-23T21:48:07,outgoing,CallResult,45,0.000
1782247688.881,2026-06-23T21:48:08,incoming,Heartbeat,57,0.000
1782247688.883,2026-06-23T21:48:08,outgoing,CallResult,81,0.000
1782247697.449,2026-06-23T21:48:17,incoming,MeterValues,868,0.000
1782247697.451,2026-06-23T21:48:17,incoming,MeterValues,0,0.226
1782247697.451,2026-06-23T21:48:17,outgoing,CallResult,45,0.000
