timestamp_unix,timestamp_iso,direction,msg_type,size_bytes,processing_ms
1782663599.338,2026-06-28T17:19:59,incoming,BootNotification,144,0.000
1782663599.341,2026-06-28T17:19:59,outgoing,CallResult,127,0.000
1782663599.378,2026-06-28T17:19:59,incoming,Heartbeat,57,0.000
1782663599.379,2026-06-28T17:19:59,outgoing,CallResult,81,0.000
1782663599.388,2026-06-28T17:19:59,incoming,MeterValues,859,0.000
1782663599.389,2026-06-28T17:19:59,incoming,MeterValues,0,0.271
1782663599.390,2026-06-28T17:19:59,outgoing,CallResult,45,0.000
1782663609.401,2026-06-28T17:20:09,incoming,Heartbeat,57,0.000
1782663609.403,2026-06-28T17:20:09,outgoing,CallResult,81,0.000
1782663609.435,2026-06-28T17:20:09,incoming,MeterValues,859,0.000
1782663609.437,2026-06-28T17:20:09,incoming,MeterValues,0,0.352
1782663609.438,2026-06-28T17:20:09,outgoing,CallResult,45,0.000
1782663621.626,2026-06-28T17:20:21,incoming,Heartbeat,57,0.000
1782663621.627,2026-06-28T17:20:21,outgoing,CallResult,81,0.000
1782663621.636,2026-06-28T17:20:21,incoming,MeterValues,859,0.000
1782663621.638,2026-06-28T17:20:21,incoming,MeterValues,0,0.232
1782663621.639,2026-06-28T17:20:21,outgoing,CallResult,45,0.000
1782663631.648,2026-06-28T17:20:31,incoming,Heartbeat,57,0.000
1782663631.649,2026-06-28T17:20:31,outgoing,CallResult,81,0.000
1782663631.672,2026-06-28T17:20:31,incoming,MeterValues,859,0.000
1782663631.675,2026-06-28T17:20:31,incoming,MeterValues,0,0.285
1782663631.675,2026-06-28T17:20:31,outgoing,CallResult,45,0.000
1782663642.003,2026-06-28T17:20:42,incoming,Heartbeat,57,0.000
1782663642.004,2026-06-28T17:20:42,outgoing,CallResult,81,0.000
1782663642.014,2026-06-28T17:20:42,incoming,MeterValues,872,0.000
1782663642.016,2026-06-28T17:20:42,incoming,MeterValues,0,0.284
1782663642.016,2026-06-28T17:20:42,outgoing,CallResult,45,0.000
1782663652.349,2026-06-28T17:20:52,incoming,Heartbeat,57,0.000
1782663652.351,2026-06-28T17:20:52,outgoing,CallResult,81,0.000
1782663652.367,2026-06-28T17:20:52,incoming,MeterValues,876,0.000
1782663652.369,2026-06-28T17:20:52,incoming,MeterValues,0,0.282
1782663652.369,2026-06-28T17:20:52,outgoing,CallResult,45,0.000
1782663662.572,2026-06-28T17:21:02,incoming,Heartbeat,57,0.000
1782663662.573,2026-06-28T17:21:02,outgoing,CallResult,81,0.000
1782663662.589,2026-06-28T17:21:02,incoming,MeterValues,877,0.000
1782663662.592,2026-06-28T17:21:02,incoming,MeterValues,0,0.239
1782663662.592,2026-06-28T17:21:02,outgoing,CallResult,45,0.000
1782663672.861,2026-06-28T17:21:12,incoming,Heartbeat,57,0.000
1782663672.862,2026-06-28T17:21:12,outgoing,CallResult,81,0.000
1782663672.872,2026-06-28T17:21:12,incoming,MeterValues,878,0.000
1782663672.874,2026-06-28T17:21:12,incoming,MeterValues,0,0.283
1782663672.875,2026-06-28T17:21:12,outgoing,CallResult,45,0.000
1782663682.878,2026-06-28T17:21:22,incoming,Heartbeat,57,0.000
1782663682.879,2026-06-28T17:21:22,outgoing,CallResult,81,0.000
1782663682.910,2026-06-28T17:21:22,incoming,MeterValues,878,0.000
1782663682.912,2026-06-28T17:21:22,incoming,MeterValues,0,0.312
1782663682.912,2026-06-28T17:21:22,outgoing,CallResult,45,0.000
1782663693.071,2026-06-28T17:21:33,incoming,Heartbeat,57,0.000
1782663693.072,2026-06-28T17:21:33,outgoing,CallResult,81,0.000
1782663693.081,2026-06-28T17:21:33,incoming,MeterValues,876,0.000
1782663693.083,2026-06-28T17:21:33,incoming,MeterValues,0,0.245
1782663693.084,2026-06-28T17:21:33,outgoing,CallResult,45,0.000
1782663703.093,2026-06-28T17:21:43,incoming,Heartbeat,57,0.000
1782663703.094,2026-06-28T17:21:43,outgoing,CallResult,81,0.000
1782663703.348,2026-06-28T17:21:43,incoming,MeterValues,877,0.000
1782663703.351,2026-06-28T17:21:43,incoming,MeterValues,0,0.354
1782663703.351,2026-06-28T17:21:43,outgoing,CallResult,45,0.000
1782663713.357,2026-06-28T17:21:53,incoming,Heartbeat,57,0.000
1782663713.358,2026-06-28T17:21:53,outgoing,CallResult,81,0.000
1782663713.382,2026-06-28T17:21:53,incoming,MeterValues,877,0.000
1782663713.385,2026-06-28T17:21:53,incoming,MeterValues,0,0.352
1782663713.385,2026-06-28T17:21:53,outgoing,CallResult,45,0.000
1782663723.391,2026-06-28T17:22:03,incoming,Heartbeat,57,0.000
1782663723.393,2026-06-28T17:22:03,outgoing,CallResult,81,0.000
1782663723.807,2026-06-28T17:22:03,incoming,MeterValues,889,0.000
1782663723.809,2026-06-28T17:22:03,incoming,MeterValues,0,0.286
1782663723.810,2026-06-28T17:22:03,outgoing,CallResult,45,0.000
1782663733.525,2026-06-28T17:22:13,incoming,Heartbeat,57,0.000
1782663733.526,2026-06-28T17:22:13,outgoing,CallResult,81,0.000
1782663734.009,2026-06-28T17:22:14,incoming,MeterValues,889,0.000
1782663734.011,2026-06-28T17:22:14,incoming,MeterValues,0,0.241
1782663734.012,2026-06-28T17:22:14,outgoing,CallResult,45,0.000
1782663743.544,2026-06-28T17:22:23,incoming,Heartbeat,57,0.000
1782663743.545,2026-06-28T17:22:23,outgoing,CallResult,81,0.000
1782663744.040,2026-06-28T17:22:24,incoming,MeterValues,888,0.000
1782663744.042,2026-06-28T17:22:24,incoming,MeterValues,0,0.346
1782663744.043,2026-06-28T17:22:24,outgoing,CallResult,45,0.000
1782663753.681,2026-06-28T17:22:33,incoming,Heartbeat,57,0.000
1782663753.682,2026-06-28T17:22:33,outgoing,CallResult,81,0.000
1782663754.196,2026-06-28T17:22:34,incoming,MeterValues,880,0.000
1782663754.198,2026-06-28T17:22:34,incoming,MeterValues,0,0.404
1782663754.199,2026-06-28T17:22:34,outgoing,CallResult,45,0.000
1782663763.847,2026-06-28T17:22:43,incoming,Heartbeat,57,0.000
1782663763.848,2026-06-28T17:22:43,outgoing,CallResult,81,0.000
1782663764.334,2026-06-28T17:22:44,incoming,MeterValues,879,0.000
1782663764.337,2026-06-28T17:22:44,incoming,MeterValues,0,0.327
1782663764.337,2026-06-28T17:22:44,outgoing,CallResult,45,0.000
1782663773.863,2026-06-28T17:22:53,incoming,Heartbeat,57,0.000
1782663773.864,2026-06-28T17:22:53,outgoing,CallResult,81,0.000
1782663774.370,2026-06-28T17:22:54,incoming,MeterValues,880,0.000
1782663774.373,2026-06-28T17:22:54,incoming,MeterValues,0,0.279
1782663774.373,2026-06-28T17:22:54,outgoing,CallResult,45,0.000
1782663784.061,2026-06-28T17:23:04,incoming,Heartbeat,57,0.000
1782663784.062,2026-06-28T17:23:04,outgoing,CallResult,81,0.000
1782663784.557,2026-06-28T17:23:04,incoming,MeterValues,880,0.000
1782663784.559,2026-06-28T17:23:04,incoming,MeterValues,0,0.290
1782663784.560,2026-06-28T17:23:04,outgoing,CallResult,45,0.000
1782663794.272,2026-06-28T17:23:14,incoming,Heartbeat,57,0.000
1782663794.274,2026-06-28T17:23:14,outgoing,CallResult,81,0.000
1782663794.777,2026-06-28T17:23:14,incoming,MeterValues,880,0.000
1782663794.779,2026-06-28T17:23:14,incoming,MeterValues,0,0.289
1782663794.780,2026-06-28T17:23:14,outgoing,CallResult,45,0.000
1782663801.191,2026-06-28T17:23:21,outgoing,SetVariables,461,0.000
1782663801.250,2026-06-28T17:23:21,incoming,CallResult,472,0.000
1782663804.398,2026-06-28T17:23:24,incoming,Heartbeat,57,0.000
1782663804.399,2026-06-28T17:23:24,outgoing,CallResult,81,0.000
1782663804.813,2026-06-28T17:23:24,incoming,MeterValues,880,0.000
1782663804.815,2026-06-28T17:23:24,incoming,MeterValues,0,0.281
1782663804.816,2026-06-28T17:23:24,outgoing,CallResult,45,0.000
1782663809.338,2026-06-28T17:23:29,outgoing,SetVariables,461,0.000
1782663809.492,2026-06-28T17:23:29,incoming,CallResult,472,0.000
1782663814.464,2026-06-28T17:23:34,incoming,Heartbeat,57,0.000
1782663814.469,2026-06-28T17:23:34,outgoing,CallResult,81,0.000
1782663814.847,2026-06-28T17:23:34,incoming,MeterValues,880,0.000
1782663814.849,2026-06-28T17:23:34,incoming,MeterValues,0,0.340
1782663814.850,2026-06-28T17:23:34,outgoing,CallResult,45,0.000
1782663824.498,2026-06-28T17:23:44,incoming,Heartbeat,57,0.000
1782663824.500,2026-06-28T17:23:44,outgoing,CallResult,81,0.000
1782663824.950,2026-06-28T17:23:44,incoming,MeterValues,880,0.000
1782663824.953,2026-06-28T17:23:44,incoming,MeterValues,0,0.296
1782663824.953,2026-06-28T17:23:44,outgoing,CallResult,45,0.000
1782663834.747,2026-06-28T17:23:54,incoming,Heartbeat,57,0.000
1782663834.748,2026-06-28T17:23:54,outgoing,CallResult,81,0.000
1782663835.182,2026-06-28T17:23:55,incoming,MeterValues,880,0.000
1782663835.184,2026-06-28T17:23:55,incoming,MeterValues,0,0.392
1782663835.185,2026-06-28T17:23:55,outgoing,CallResult,45,0.000
1782663844.942,2026-06-28T17:24:04,incoming,Heartbeat,57,0.000
1782663844.944,2026-06-28T17:24:04,outgoing,CallResult,81,0.000
1782663845.397,2026-06-28T17:24:05,incoming,MeterValues,880,0.000
1782663845.400,2026-06-28T17:24:05,incoming,MeterValues,0,0.317
1782663845.400,2026-06-28T17:24:05,outgoing,CallResult,45,0.000
1782663855.038,2026-06-28T17:24:15,incoming,Heartbeat,57,0.000
1782663855.039,2026-06-28T17:24:15,outgoing,CallResult,81,0.000
1782663855.507,2026-06-28T17:24:15,incoming,MeterValues,880,0.000
1782663855.510,2026-06-28T17:24:15,incoming,MeterValues,0,0.277
1782663855.510,2026-06-28T17:24:15,outgoing,CallResult,45,0.000
1782663865.243,2026-06-28T17:24:25,incoming,Heartbeat,57,0.000
1782663865.244,2026-06-28T17:24:25,outgoing,CallResult,81,0.000
1782663865.545,2026-06-28T17:24:25,incoming,MeterValues,879,0.000
1782663865.547,2026-06-28T17:24:25,incoming,MeterValues,0,0.277
1782663865.548,2026-06-28T17:24:25,outgoing,CallResult,45,0.000
1782663875.262,2026-06-28T17:24:35,incoming,Heartbeat,57,0.000
1782663875.263,2026-06-28T17:24:35,outgoing,CallResult,81,0.000
1782663875.846,2026-06-28T17:24:35,incoming,MeterValues,880,0.000
1782663875.849,2026-06-28T17:24:35,incoming,MeterValues,0,0.283
1782663875.849,2026-06-28T17:24:35,outgoing,CallResult,45,0.000
1782663885.524,2026-06-28T17:24:45,incoming,Heartbeat,57,0.000
1782663885.525,2026-06-28T17:24:45,outgoing,CallResult,81,0.000
1782663885.933,2026-06-28T17:24:45,incoming,MeterValues,879,0.000
1782663885.936,2026-06-28T17:24:45,incoming,MeterValues,0,0.363
1782663885.936,2026-06-28T17:24:45,outgoing,CallResult,45,0.000
1782663895.559,2026-06-28T17:24:55,incoming,Heartbeat,57,0.000
1782663895.560,2026-06-28T17:24:55,outgoing,CallResult,81,0.000
1782663896.018,2026-06-28T17:24:56,incoming,MeterValues,880,0.000
1782663896.020,2026-06-28T17:24:56,incoming,MeterValues,0,0.407
1782663896.021,2026-06-28T17:24:56,outgoing,CallResult,45,0.000
1782663905.577,2026-06-28T17:25:05,incoming,Heartbeat,57,0.000
1782663905.578,2026-06-28T17:25:05,outgoing,CallResult,81,0.000
1782663906.056,2026-06-28T17:25:06,incoming,MeterValues,879,0.000
1782663906.059,2026-06-28T17:25:06,incoming,MeterValues,0,0.315
1782663906.059,2026-06-28T17:25:06,outgoing,CallResult,45,0.000
1782663915.629,2026-06-28T17:25:15,incoming,Heartbeat,57,0.000
1782663915.630,2026-06-28T17:25:15,outgoing,CallResult,81,0.000
1782663916.123,2026-06-28T17:25:16,incoming,MeterValues,880,0.000
1782663916.126,2026-06-28T17:25:16,incoming,MeterValues,0,0.430
1782663916.127,2026-06-28T17:25:16,outgoing,CallResult,45,0.000
1782663925.716,2026-06-28T17:25:25,incoming,Heartbeat,57,0.000
1782663925.717,2026-06-28T17:25:25,outgoing,CallResult,81,0.000
1782663926.163,2026-06-28T17:25:26,incoming,MeterValues,879,0.000
1782663926.165,2026-06-28T17:25:26,incoming,MeterValues,0,0.330
1782663926.166,2026-06-28T17:25:26,outgoing,CallResult,45,0.000
1782663936.131,2026-06-28T17:25:36,incoming,Heartbeat,57,0.000
1782663936.132,2026-06-28T17:25:36,outgoing,CallResult,81,0.000
1782663936.197,2026-06-28T17:25:36,incoming,MeterValues,880,0.000
1782663936.199,2026-06-28T17:25:36,incoming,MeterValues,0,0.277
1782663936.200,2026-06-28T17:25:36,outgoing,CallResult,45,0.000
1782663946.568,2026-06-28T17:25:46,incoming,Heartbeat,57,0.000
1782663946.569,2026-06-28T17:25:46,outgoing,CallResult,81,0.000
1782663946.576,2026-06-28T17:25:46,incoming,MeterValues,881,0.000
1782663946.579,2026-06-28T17:25:46,incoming,MeterValues,0,0.268
1782663946.579,2026-06-28T17:25:46,outgoing,CallResult,45,0.000
1782663956.587,2026-06-28T17:25:56,incoming,Heartbeat,57,0.000
1782663956.588,2026-06-28T17:25:56,outgoing,CallResult,81,0.000
1782663956.609,2026-06-28T17:25:56,incoming,MeterValues,881,0.000
1782663956.612,2026-06-28T17:25:56,incoming,MeterValues,0,0.393
1782663956.612,2026-06-28T17:25:56,outgoing,CallResult,45,0.000
1782663966.817,2026-06-28T17:26:06,incoming,Heartbeat,57,0.000
1782663966.818,2026-06-28T17:26:06,outgoing,CallResult,81,0.000
1782663966.826,2026-06-28T17:26:06,incoming,MeterValues,881,0.000
1782663966.873,2026-06-28T17:26:06,incoming,MeterValues,0,0.329
1782663966.873,2026-06-28T17:26:06,outgoing,CallResult,45,0.000
1782663976.831,2026-06-28T17:26:16,incoming,Heartbeat,57,0.000
1782663976.832,2026-06-28T17:26:16,outgoing,CallResult,81,0.000
1782663976.906,2026-06-28T17:26:16,incoming,MeterValues,881,0.000
1782663976.908,2026-06-28T17:26:16,incoming,MeterValues,0,0.342
1782663976.909,2026-06-28T17:26:16,outgoing,CallResult,45,0.000
1782663986.849,2026-06-28T17:26:26,incoming,Heartbeat,57,0.000
1782663986.850,2026-06-28T17:26:26,outgoing,CallResult,81,0.000
1782663986.941,2026-06-28T17:26:26,incoming,MeterValues,881,0.000
1782663986.943,2026-06-28T17:26:26,incoming,MeterValues,0,0.240
1782663986.943,2026-06-28T17:26:26,outgoing,CallResult,45,0.000
1782663996.865,2026-06-28T17:26:36,incoming,Heartbeat,57,0.000
1782663996.866,2026-06-28T17:26:36,outgoing,CallResult,81,0.000
1782663997.212,2026-06-28T17:26:37,incoming,MeterValues,881,0.000
1782663997.215,2026-06-28T17:26:37,incoming,MeterValues,0,0.271
1782663997.215,2026-06-28T17:26:37,outgoing,CallResult,45,0.000
1782664007.045,2026-06-28T17:26:47,incoming,Heartbeat,57,0.000
1782664007.046,2026-06-28T17:26:47,outgoing,CallResult,81,0.000
1782664007.248,2026-06-28T17:26:47,incoming,MeterValues,881,0.000
1782664007.250,2026-06-28T17:26:47,incoming,MeterValues,0,0.266
1782664007.250,2026-06-28T17:26:47,outgoing,CallResult,45,0.000
1782664017.080,2026-06-28T17:26:57,incoming,Heartbeat,57,0.000
1782664017.082,2026-06-28T17:26:57,outgoing,CallResult,81,0.000
1782664017.280,2026-06-28T17:26:57,incoming,MeterValues,881,0.000
1782664017.282,2026-06-28T17:26:57,incoming,MeterValues,0,0.230
1782664017.283,2026-06-28T17:26:57,outgoing,CallResult,45,0.000
1782664027.097,2026-06-28T17:27:07,incoming,Heartbeat,57,0.000
1782664027.099,2026-06-28T17:27:07,outgoing,CallResult,81,0.000
1782664027.545,2026-06-28T17:27:07,incoming,MeterValues,881,0.000
1782664027.547,2026-06-28T17:27:07,incoming,MeterValues,0,0.404
1782664027.548,2026-06-28T17:27:07,outgoing,CallResult,45,0.000
1782664037.119,2026-06-28T17:27:17,incoming,Heartbeat,57,0.000
1782664037.120,2026-06-28T17:27:17,outgoing,CallResult,81,0.000
1782664037.591,2026-06-28T17:27:17,incoming,MeterValues,881,0.000
1782664037.593,2026-06-28T17:27:17,incoming,MeterValues,0,0.328
1782664037.594,2026-06-28T17:27:17,outgoing,CallResult,45,0.000
1782664047.288,2026-06-28T17:27:27,incoming,Heartbeat,57,0.000
1782664047.289,2026-06-28T17:27:27,outgoing,CallResult,81,0.000
1782664047.878,2026-06-28T17:27:27,incoming,MeterValues,881,0.000
1782664047.881,2026-06-28T17:27:27,incoming,MeterValues,0,0.427
1782664047.882,2026-06-28T17:27:27,outgoing,CallResult,45,0.000
1782664057.305,2026-06-28T17:27:37,incoming,Heartbeat,57,0.000
1782664057.307,2026-06-28T17:27:37,outgoing,CallResult,81,0.000
1782664057.991,2026-06-28T17:27:37,incoming,MeterValues,881,0.000
1782664057.993,2026-06-28T17:27:37,incoming,MeterValues,0,0.336
1782664057.994,2026-06-28T17:27:37,outgoing,CallResult,45,0.000
1782664067.378,2026-06-28T17:27:47,incoming,Heartbeat,57,0.000
1782664067.381,2026-06-28T17:27:47,outgoing,CallResult,81,0.000
1782664068.025,2026-06-28T17:27:48,incoming,MeterValues,881,0.000
1782664068.028,2026-06-28T17:27:48,incoming,MeterValues,0,0.340
1782664068.028,2026-06-28T17:27:48,outgoing,CallResult,45,0.000
1782664077.394,2026-06-28T17:27:57,incoming,Heartbeat,57,0.000
1782664077.395,2026-06-28T17:27:57,outgoing,CallResult,81,0.000
1782664078.106,2026-06-28T17:27:58,incoming,MeterValues,881,0.000
1782664078.109,2026-06-28T17:27:58,incoming,MeterValues,0,0.282
1782664078.109,2026-06-28T17:27:58,outgoing,CallResult,45,0.000
1782664087.518,2026-06-28T17:28:07,incoming,Heartbeat,57,0.000
1782664087.519,2026-06-28T17:28:07,outgoing,CallResult,81,0.000
1782664088.141,2026-06-28T17:28:08,incoming,MeterValues,881,0.000
1782664088.143,2026-06-28T17:28:08,incoming,MeterValues,0,0.339
1782664088.144,2026-06-28T17:28:08,outgoing,CallResult,45,0.000
1782664097.530,2026-06-28T17:28:17,incoming,Heartbeat,57,0.000
1782664097.531,2026-06-28T17:28:17,outgoing,CallResult,81,0.000
1782664098.175,2026-06-28T17:28:18,incoming,MeterValues,881,0.000
1782664098.177,2026-06-28T17:28:18,incoming,MeterValues,0,0.423
1782664098.178,2026-06-28T17:28:18,outgoing,CallResult,45,0.000
1782664107.547,2026-06-28T17:28:27,incoming,Heartbeat,57,0.000
1782664107.548,2026-06-28T17:28:27,outgoing,CallResult,81,0.000
1782664108.399,2026-06-28T17:28:28,incoming,MeterValues,881,0.000
1782664108.401,2026-06-28T17:28:28,incoming,MeterValues,0,0.417
1782664108.402,2026-06-28T17:28:28,outgoing,CallResult,45,0.000
1782664117.751,2026-06-28T17:28:37,incoming,Heartbeat,57,0.000
1782664117.752,2026-06-28T17:28:37,outgoing,CallResult,81,0.000
1782664118.617,2026-06-28T17:28:38,incoming,MeterValues,881,0.000
1782664118.619,2026-06-28T17:28:38,incoming,MeterValues,0,0.283
1782664118.620,2026-06-28T17:28:38,outgoing,CallResult,45,0.000
1782664127.764,2026-06-28T17:28:47,incoming,Heartbeat,57,0.000
1782664127.765,2026-06-28T17:28:47,outgoing,CallResult,81,0.000
1782664128.652,2026-06-28T17:28:48,incoming,MeterValues,881,0.000
1782664128.654,2026-06-28T17:28:48,incoming,MeterValues,0,0.318
1782664128.655,2026-06-28T17:28:48,outgoing,CallResult,45,0.000
1782664137.902,2026-06-28T17:28:57,incoming,Heartbeat,57,0.000
1782664137.903,2026-06-28T17:28:57,outgoing,CallResult,81,0.000
1782664138.760,2026-06-28T17:28:58,incoming,MeterValues,881,0.000
1782664138.762,2026-06-28T17:28:58,incoming,MeterValues,0,0.275
1782664138.762,2026-06-28T17:28:58,outgoing,CallResult,45,0.000
1782664147.913,2026-06-28T17:29:07,incoming,Heartbeat,57,0.000
1782664147.914,2026-06-28T17:29:07,outgoing,CallResult,81,0.000
1782664148.790,2026-06-28T17:29:08,incoming,MeterValues,881,0.000
1782664148.793,2026-06-28T17:29:08,incoming,MeterValues,0,0.277
1782664148.793,2026-06-28T17:29:08,outgoing,CallResult,45,0.000
1782664158.040,2026-06-28T17:29:18,incoming,Heartbeat,57,0.000
1782664158.041,2026-06-28T17:29:18,outgoing,CallResult,81,0.000
1782664158.902,2026-06-28T17:29:18,incoming,MeterValues,881,0.000
1782664158.905,2026-06-28T17:29:18,incoming,MeterValues,0,0.279
1782664158.905,2026-06-28T17:29:18,outgoing,CallResult,45,0.000
1782664168.053,2026-06-28T17:29:28,incoming,Heartbeat,57,0.000
1782664168.054,2026-06-28T17:29:28,outgoing,CallResult,81,0.000
1782664168.936,2026-06-28T17:29:28,incoming,MeterValues,881,0.000
1782664168.939,2026-06-28T17:29:28,incoming,MeterValues,0,0.274
1782664168.939,2026-06-28T17:29:28,outgoing,CallResult,45,0.000
1782664178.252,2026-06-28T17:29:38,incoming,Heartbeat,57,0.000
1782664178.253,2026-06-28T17:29:38,outgoing,CallResult,81,0.000
1782664179.103,2026-06-28T17:29:39,incoming,MeterValues,881,0.000
1782664179.106,2026-06-28T17:29:39,incoming,MeterValues,0,0.401
1782664179.106,2026-06-28T17:29:39,outgoing,CallResult,45,0.000
1782664188.269,2026-06-28T17:29:48,incoming,Heartbeat,57,0.000
1782664188.270,2026-06-28T17:29:48,outgoing,CallResult,81,0.000
1782664189.158,2026-06-28T17:29:49,incoming,MeterValues,881,0.000
1782664189.160,2026-06-28T17:29:49,incoming,MeterValues,0,0.287
1782664189.161,2026-06-28T17:29:49,outgoing,CallResult,45,0.000
1782664198.285,2026-06-28T17:29:58,incoming,Heartbeat,57,0.000
1782664198.286,2026-06-28T17:29:58,outgoing,CallResult,81,0.000
1782664199.193,2026-06-28T17:29:59,incoming,MeterValues,881,0.000
1782664199.196,2026-06-28T17:29:59,incoming,MeterValues,0,0.340
1782664199.196,2026-06-28T17:29:59,outgoing,CallResult,45,0.000
1782664208.297,2026-06-28T17:30:08,incoming,Heartbeat,57,0.000
1782664208.298,2026-06-28T17:30:08,outgoing,CallResult,81,0.000
1782664209.228,2026-06-28T17:30:09,incoming,MeterValues,881,0.000
1782664209.230,2026-06-28T17:30:09,incoming,MeterValues,0,0.297
1782664209.231,2026-06-28T17:30:09,outgoing,CallResult,45,0.000
1782664218.310,2026-06-28T17:30:18,incoming,Heartbeat,57,0.000
1782664218.311,2026-06-28T17:30:18,outgoing,CallResult,81,0.000
1782664219.860,2026-06-28T17:30:19,incoming,MeterValues,881,0.000
1782664219.862,2026-06-28T17:30:19,incoming,MeterValues,0,0.419
1782664219.863,2026-06-28T17:30:19,outgoing,CallResult,45,0.000
1782664228.377,2026-06-28T17:30:28,incoming,Heartbeat,57,0.000
1782664228.378,2026-06-28T17:30:28,outgoing,CallResult,81,0.000
1782664230.071,2026-06-28T17:30:30,incoming,MeterValues,890,0.000
1782664230.074,2026-06-28T17:30:30,incoming,MeterValues,0,0.288
1782664230.074,2026-06-28T17:30:30,outgoing,CallResult,45,0.000
1782664238.609,2026-06-28T17:30:38,incoming,Heartbeat,57,0.000
1782664238.610,2026-06-28T17:30:38,outgoing,CallResult,81,0.000
1782664240.105,2026-06-28T17:30:40,incoming,MeterValues,890,0.000
1782664240.108,2026-06-28T17:30:40,incoming,MeterValues,0,0.416
1782664240.108,2026-06-28T17:30:40,outgoing,CallResult,45,0.000
1782664248.632,2026-06-28T17:30:48,incoming,Heartbeat,57,0.000
1782664248.633,2026-06-28T17:30:48,outgoing,CallResult,81,0.000
1782664250.576,2026-06-28T17:30:50,incoming,MeterValues,888,0.000
1782664250.579,2026-06-28T17:30:50,incoming,MeterValues,0,0.423
1782664250.579,2026-06-28T17:30:50,outgoing,CallResult,45,0.000
1782664258.654,2026-06-28T17:30:58,incoming,Heartbeat,57,0.000
1782664258.655,2026-06-28T17:30:58,outgoing,CallResult,81,0.000
1782664260.610,2026-06-28T17:31:00,incoming,MeterValues,879,0.000
1782664260.613,2026-06-28T17:31:00,incoming,MeterValues,0,0.315
1782664260.613,2026-06-28T17:31:00,outgoing,CallResult,45,0.000
1782664268.670,2026-06-28T17:31:08,incoming,Heartbeat,57,0.000
1782664268.671,2026-06-28T17:31:08,outgoing,CallResult,81,0.000
1782664270.654,2026-06-28T17:31:10,incoming,MeterValues,880,0.000
1782664270.657,2026-06-28T17:31:10,incoming,MeterValues,0,0.350
1782664270.657,2026-06-28T17:31:10,outgoing,CallResult,45,0.000
1782664278.688,2026-06-28T17:31:18,incoming,Heartbeat,57,0.000
1782664278.689,2026-06-28T17:31:18,outgoing,CallResult,81,0.000
1782664280.735,2026-06-28T17:31:20,incoming,MeterValues,880,0.000
1782664280.737,2026-06-28T17:31:20,incoming,MeterValues,0,0.384
1782664280.738,2026-06-28T17:31:20,outgoing,CallResult,45,0.000
1782664288.788,2026-06-28T17:31:28,incoming,Heartbeat,57,0.000
1782664288.789,2026-06-28T17:31:28,outgoing,CallResult,81,0.000
1782664290.957,2026-06-28T17:31:30,incoming,MeterValues,868,0.000
1782664290.959,2026-06-28T17:31:30,incoming,MeterValues,0,0.370
1782664290.960,2026-06-28T17:31:30,outgoing,CallResult,45,0.000
1782664298.804,2026-06-28T17:31:38,incoming,Heartbeat,57,0.000
1782664298.805,2026-06-28T17:31:38,outgoing,CallResult,81,0.000
1782664300.996,2026-06-28T17:31:40,incoming,MeterValues,872,0.000
1782664300.999,2026-06-28T17:31:40,incoming,MeterValues,0,0.414
1782664300.999,2026-06-28T17:31:40,outgoing,CallResult,45,0.000
1782664309.025,2026-06-28T17:31:49,incoming,Heartbeat,57,0.000
1782664309.026,2026-06-28T17:31:49,outgoing,CallResult,81,0.000
1782664311.243,2026-06-28T17:31:51,incoming,MeterValues,868,0.000
1782664311.245,2026-06-28T17:31:51,incoming,MeterValues,0,0.401
1782664311.246,2026-06-28T17:31:51,outgoing,CallResult,45,0.000
1782664319.038,2026-06-28T17:31:59,incoming,Heartbeat,57,0.000
1782664319.039,2026-06-28T17:31:59,outgoing,CallResult,81,0.000
1782664321.447,2026-06-28T17:32:01,incoming,MeterValues,878,0.000
1782664321.450,2026-06-28T17:32:01,incoming,MeterValues,0,0.342
1782664321.451,2026-06-28T17:32:01,outgoing,CallResult,45,0.000
1782664329.181,2026-06-28T17:32:09,incoming,Heartbeat,57,0.000
1782664329.182,2026-06-28T17:32:09,outgoing,CallResult,81,0.000
1782664331.482,2026-06-28T17:32:11,incoming,MeterValues,868,0.000
1782664331.484,2026-06-28T17:32:11,incoming,MeterValues,0,0.299
1782664331.485,2026-06-28T17:32:11,outgoing,CallResult,45,0.000
1782664339.201,2026-06-28T17:32:19,incoming,Heartbeat,57,0.000
1782664339.202,2026-06-28T17:32:19,outgoing,CallResult,81,0.000
1782664341.553,2026-06-28T17:32:21,incoming,MeterValues,868,0.000
1782664341.555,2026-06-28T17:32:21,incoming,MeterValues,0,0.264
1782664341.555,2026-06-28T17:32:21,outgoing,CallResult,45,0.000
1782664349.616,2026-06-28T17:32:29,incoming,Heartbeat,57,0.000
1782664349.617,2026-06-28T17:32:29,outgoing,CallResult,81,0.000
1782664351.764,2026-06-28T17:32:31,incoming,MeterValues,868,0.000
1782664351.767,2026-06-28T17:32:31,incoming,MeterValues,0,0.269
1782664351.767,2026-06-28T17:32:31,outgoing,CallResult,45,0.000
1782664359.628,2026-06-28T17:32:39,incoming,Heartbeat,57,0.000
1782664359.629,2026-06-28T17:32:39,outgoing,CallResult,81,0.000
1782664361.973,2026-06-28T17:32:41,incoming,MeterValues,868,0.000
1782664361.976,2026-06-28T17:32:41,incoming,MeterValues,0,0.404
1782664361.977,2026-06-28T17:32:41,outgoing,CallResult,45,0.000
1782664369.859,2026-06-28T17:32:49,incoming,Heartbeat,57,0.000
1782664369.860,2026-06-28T17:32:49,outgoing,CallResult,81,0.000
1782664372.008,2026-06-28T17:32:52,incoming,MeterValues,868,0.000
1782664372.011,2026-06-28T17:32:52,incoming,MeterValues,0,0.290
1782664372.011,2026-06-28T17:32:52,outgoing,CallResult,45,0.000
1782664380.078,2026-06-28T17:33:00,incoming,Heartbeat,57,0.000
1782664380.079,2026-06-28T17:33:00,outgoing,CallResult,81,0.000
1782664382.224,2026-06-28T17:33:02,incoming,MeterValues,868,0.000
1782664382.227,2026-06-28T17:33:02,incoming,MeterValues,0,0.281
1782664382.227,2026-06-28T17:33:02,outgoing,CallResult,45,0.000
1782664390.110,2026-06-28T17:33:10,incoming,Heartbeat,57,0.000
1782664390.111,2026-06-28T17:33:10,outgoing,CallResult,81,0.000
1782664392.258,2026-06-28T17:33:12,incoming,MeterValues,868,0.000
1782664392.261,2026-06-28T17:33:12,incoming,MeterValues,0,0.267
1782664392.261,2026-06-28T17:33:12,outgoing,CallResult,45,0.000
1782664400.126,2026-06-28T17:33:20,incoming,Heartbeat,57,0.000
1782664400.127,2026-06-28T17:33:20,outgoing,CallResult,81,0.000
1782664402.294,2026-06-28T17:33:22,incoming,MeterValues,878,0.000
1782664402.297,2026-06-28T17:33:22,incoming,MeterValues,0,0.271
1782664402.297,2026-06-28T17:33:22,outgoing,CallResult,45,0.000
1782664410.238,2026-06-28T17:33:30,incoming,Heartbeat,57,0.000
1782664410.239,2026-06-28T17:33:30,outgoing,CallResult,81,0.000
1782664412.782,2026-06-28T17:33:32,incoming,MeterValues,878,0.000
1782664412.784,2026-06-28T17:33:32,incoming,MeterValues,0,0.275
1782664412.785,2026-06-28T17:33:32,outgoing,CallResult,45,0.000
1782664420.254,2026-06-28T17:33:40,incoming,Heartbeat,57,0.000
1782664420.255,2026-06-28T17:33:40,outgoing,CallResult,81,0.000
1782664422.990,2026-06-28T17:33:42,incoming,MeterValues,868,0.000
1782664422.993,2026-06-28T17:33:42,incoming,MeterValues,0,0.274
1782664422.993,2026-06-28T17:33:42,outgoing,CallResult,45,0.000
1782664430.462,2026-06-28T17:33:50,incoming,Heartbeat,57,0.000
1782664430.463,2026-06-28T17:33:50,outgoing,CallResult,81,0.000
1782664433.021,2026-06-28T17:33:53,incoming,MeterValues,880,0.000
1782664433.024,2026-06-28T17:33:53,incoming,MeterValues,0,0.295
1782664433.024,2026-06-28T17:33:53,outgoing,CallResult,45,0.000
1782664440.473,2026-06-28T17:34:00,incoming,Heartbeat,57,0.000
1782664440.474,2026-06-28T17:34:00,outgoing,CallResult,81,0.000
1782664443.243,2026-06-28T17:34:03,incoming,MeterValues,868,0.000
1782664443.246,2026-06-28T17:34:03,incoming,MeterValues,0,0.296
1782664443.247,2026-06-28T17:34:03,outgoing,CallResult,45,0.000
1782664450.686,2026-06-28T17:34:10,incoming,Heartbeat,57,0.000
1782664450.687,2026-06-28T17:34:10,outgoing,CallResult,81,0.000
1782664453.683,2026-06-28T17:34:13,incoming,MeterValues,880,0.000
1782664453.686,2026-06-28T17:34:13,incoming,MeterValues,0,0.309
1782664453.686,2026-06-28T17:34:13,outgoing,CallResult,45,0.000
1782664460.862,2026-06-28T17:34:20,incoming,Heartbeat,57,0.000
1782664460.863,2026-06-28T17:34:20,outgoing,CallResult,81,0.000
1782664463.885,2026-06-28T17:34:23,incoming,MeterValues,868,0.000
1782664463.887,2026-06-28T17:34:23,incoming,MeterValues,0,0.295
1782664463.888,2026-06-28T17:34:23,outgoing,CallResult,45,0.000
1782664470.879,2026-06-28T17:34:30,incoming,Heartbeat,57,0.000
1782664470.880,2026-06-28T17:34:30,outgoing,CallResult,81,0.000
1782664474.096,2026-06-28T17:34:34,incoming,MeterValues,868,0.000
1782664474.099,2026-06-28T17:34:34,incoming,MeterValues,0,0.407
1782664474.100,2026-06-28T17:34:34,outgoing,CallResult,45,0.000
1782664480.890,2026-06-28T17:34:40,incoming,Heartbeat,57,0.000
1782664480.891,2026-06-28T17:34:40,outgoing,CallResult,81,0.000
1782664484.130,2026-06-28T17:34:44,incoming,MeterValues,877,0.000
1782664484.133,2026-06-28T17:34:44,incoming,MeterValues,0,0.425
1782664484.133,2026-06-28T17:34:44,outgoing,CallResult,45,0.000
1782664490.904,2026-06-28T17:34:50,incoming,Heartbeat,57,0.000
1782664490.905,2026-06-28T17:34:50,outgoing,CallResult,81,0.000
1782664494.611,2026-06-28T17:34:54,incoming,MeterValues,878,0.000
1782664494.614,2026-06-28T17:34:54,incoming,MeterValues,0,0.283
1782664494.614,2026-06-28T17:34:54,outgoing,CallResult,45,0.000
1782664500.916,2026-06-28T17:35:00,incoming,Heartbeat,57,0.000
1782664500.917,2026-06-28T17:35:00,outgoing,CallResult,81,0.000
1782664504.803,2026-06-28T17:35:04,incoming,MeterValues,868,0.000
1782664504.806,2026-06-28T17:35:04,incoming,MeterValues,0,0.296
1782664504.806,2026-06-28T17:35:04,outgoing,CallResult,45,0.000
1782664511.130,2026-06-28T17:35:11,incoming,Heartbeat,57,0.000
1782664511.132,2026-06-28T17:35:11,outgoing,CallResult,81,0.000
1782664515.032,2026-06-28T17:35:15,incoming,MeterValues,880,0.000
1782664515.035,2026-06-28T17:35:15,incoming,MeterValues,0,0.349
1782664515.035,2026-06-28T17:35:15,outgoing,CallResult,45,0.000
1782664521.329,2026-06-28T17:35:21,incoming,Heartbeat,57,0.000
1782664521.330,2026-06-28T17:35:21,outgoing,CallResult,81,0.000
1782664525.254,2026-06-28T17:35:25,incoming,MeterValues,868,0.000
1782664525.257,2026-06-28T17:35:25,incoming,MeterValues,0,0.360
1782664525.257,2026-06-28T17:35:25,outgoing,CallResult,45,0.000
1782664531.561,2026-06-28T17:35:31,incoming,Heartbeat,57,0.000
1782664531.562,2026-06-28T17:35:31,outgoing,CallResult,81,0.000
1782664535.289,2026-06-28T17:35:35,incoming,MeterValues,880,0.000
1782664535.292,2026-06-28T17:35:35,incoming,MeterValues,0,0.301
1782664535.292,2026-06-28T17:35:35,outgoing,CallResult,45,0.000
1782664541.575,2026-06-28T17:35:41,incoming,Heartbeat,57,0.000
1782664541.576,2026-06-28T17:35:41,outgoing,CallResult,81,0.000
1782664545.324,2026-06-28T17:35:45,incoming,MeterValues,868,0.000
1782664545.326,2026-06-28T17:35:45,incoming,MeterValues,0,0.219
1782664545.326,2026-06-28T17:35:45,outgoing,CallResult,45,0.000
1782664551.592,2026-06-28T17:35:51,incoming,Heartbeat,57,0.000
1782664551.593,2026-06-28T17:35:51,outgoing,CallResult,81,0.000
1782664555.420,2026-06-28T17:35:55,incoming,MeterValues,868,0.000
1782664555.422,2026-06-28T17:35:55,incoming,MeterValues,0,0.412
1782664555.423,2026-06-28T17:35:55,outgoing,CallResult,45,0.000
1782664561.817,2026-06-28T17:36:01,incoming,Heartbeat,57,0.000
1782664561.818,2026-06-28T17:36:01,outgoing,CallResult,81,0.000
1782664565.633,2026-06-28T17:36:05,incoming,MeterValues,878,0.000
1782664565.636,2026-06-28T17:36:05,incoming,MeterValues,0,0.416
1782664565.636,2026-06-28T17:36:05,outgoing,CallResult,45,0.000
1782664571.989,2026-06-28T17:36:11,incoming,Heartbeat,57,0.000
1782664571.990,2026-06-28T17:36:11,outgoing,CallResult,81,0.000
1782664575.837,2026-06-28T17:36:15,incoming,MeterValues,878,0.000
1782664575.840,2026-06-28T17:36:15,incoming,MeterValues,0,0.332
1782664575.840,2026-06-28T17:36:15,outgoing,CallResult,45,0.000
1782664582.192,2026-06-28T17:36:22,incoming,Heartbeat,57,0.000
1782664582.193,2026-06-28T17:36:22,outgoing,CallResult,81,0.000
1782664586.002,2026-06-28T17:36:26,incoming,MeterValues,868,0.000
1782664586.005,2026-06-28T17:36:26,incoming,MeterValues,0,0.334
1782664586.005,2026-06-28T17:36:26,outgoing,CallResult,45,0.000
1782664592.437,2026-06-28T17:36:32,incoming,Heartbeat,57,0.000
1782664592.438,2026-06-28T17:36:32,outgoing,CallResult,81,0.000
1782664596.177,2026-06-28T17:36:36,incoming,MeterValues,868,0.000
1782664596.179,2026-06-28T17:36:36,incoming,MeterValues,0,0.273
1782664596.180,2026-06-28T17:36:36,outgoing,CallResult,45,0.000
1782664602.542,2026-06-28T17:36:42,incoming,Heartbeat,57,0.000
1782664602.543,2026-06-28T17:36:42,outgoing,CallResult,81,0.000
1782664606.369,2026-06-28T17:36:46,incoming,MeterValues,878,0.000
1782664606.372,2026-06-28T17:36:46,incoming,MeterValues,0,0.286
1782664606.372,2026-06-28T17:36:46,outgoing,CallResult,45,0.000
1782664612.744,2026-06-28T17:36:52,incoming,Heartbeat,57,0.000
1782664612.745,2026-06-28T17:36:52,outgoing,CallResult,81,0.000
1782664616.581,2026-06-28T17:36:56,incoming,MeterValues,878,0.000
1782664616.584,2026-06-28T17:36:56,incoming,MeterValues,0,0.300
1782664616.585,2026-06-28T17:36:56,outgoing,CallResult,45,0.000
1782664623.314,2026-06-28T17:37:03,incoming,Heartbeat,57,0.000
1782664623.316,2026-06-28T17:37:03,outgoing,CallResult,81,0.000
1782664626.724,2026-06-28T17:37:06,incoming,MeterValues,868,0.000
1782664626.727,2026-06-28T17:37:06,incoming,MeterValues,0,0.283
1782664626.727,2026-06-28T17:37:06,outgoing,CallResult,45,0.000
1782664633.330,2026-06-28T17:37:13,incoming,Heartbeat,57,0.000
1782664633.332,2026-06-28T17:37:13,outgoing,CallResult,81,0.000
1782664636.987,2026-06-28T17:37:16,incoming,MeterValues,880,0.000
1782664636.990,2026-06-28T17:37:16,incoming,MeterValues,0,0.286
1782664636.990,2026-06-28T17:37:16,outgoing,CallResult,45,0.000
1782664643.730,2026-06-28T17:37:23,incoming,Heartbeat,57,0.000
1782664643.732,2026-06-28T17:37:23,outgoing,CallResult,81,0.000
1782664647.195,2026-06-28T17:37:27,incoming,MeterValues,868,0.000
1782664647.197,2026-06-28T17:37:27,incoming,MeterValues,0,0.249
1782664647.198,2026-06-28T17:37:27,outgoing,CallResult,45,0.000
1782664653.947,2026-06-28T17:37:33,incoming,Heartbeat,57,0.000
1782664653.948,2026-06-28T17:37:33,outgoing,CallResult,81,0.000
1782664657.384,2026-06-28T17:37:37,incoming,MeterValues,868,0.000
1782664657.387,2026-06-28T17:37:37,incoming,MeterValues,0,0.277
1782664657.387,2026-06-28T17:37:37,outgoing,CallResult,45,0.000
1782664664.110,2026-06-28T17:37:44,incoming,Heartbeat,57,0.000
1782664664.111,2026-06-28T17:37:44,outgoing,CallResult,81,0.000
1782664667.595,2026-06-28T17:37:47,incoming,MeterValues,868,0.000
1782664667.598,2026-06-28T17:37:47,incoming,MeterValues,0,0.428
1782664667.598,2026-06-28T17:37:47,outgoing,CallResult,45,0.000
1782664674.353,2026-06-28T17:37:54,incoming,Heartbeat,57,0.000
1782664674.354,2026-06-28T17:37:54,outgoing,CallResult,81,0.000
1782664677.789,2026-06-28T17:37:57,incoming,MeterValues,868,0.000
1782664677.791,2026-06-28T17:37:57,incoming,MeterValues,0,0.338
1782664677.792,2026-06-28T17:37:57,outgoing,CallResult,45,0.000
1782664684.536,2026-06-28T17:38:04,incoming,Heartbeat,57,0.000
1782664684.537,2026-06-28T17:38:04,outgoing,CallResult,81,0.000
1782664687.961,2026-06-28T17:38:07,incoming,MeterValues,877,0.000
1782664687.963,2026-06-28T17:38:07,incoming,MeterValues,0,0.240
1782664687.963,2026-06-28T17:38:07,outgoing,CallResult,45,0.000
1782664694.722,2026-06-28T17:38:14,incoming,Heartbeat,57,0.000
1782664694.724,2026-06-28T17:38:14,outgoing,CallResult,81,0.000
1782664698.202,2026-06-28T17:38:18,incoming,MeterValues,878,0.000
1782664698.204,2026-06-28T17:38:18,incoming,MeterValues,0,0.288
1782664698.205,2026-06-28T17:38:18,outgoing,CallResult,45,0.000
1782664704.738,2026-06-28T17:38:24,incoming,Heartbeat,57,0.000
1782664704.740,2026-06-28T17:38:24,outgoing,CallResult,81,0.000
1782664708.413,2026-06-28T17:38:28,incoming,MeterValues,868,0.000
1782664708.416,2026-06-28T17:38:28,incoming,MeterValues,0,0.302
1782664708.416,2026-06-28T17:38:28,outgoing,CallResult,45,0.000
1782664715.197,2026-06-28T17:38:35,incoming,Heartbeat,57,0.000
1782664715.198,2026-06-28T17:38:35,outgoing,CallResult,81,0.000
1782664718.615,2026-06-28T17:38:38,incoming,MeterValues,868,0.000
1782664718.617,2026-06-28T17:38:38,incoming,MeterValues,0,0.281
1782664718.618,2026-06-28T17:38:38,outgoing,CallResult,45,0.000
1782664725.342,2026-06-28T17:38:45,incoming,Heartbeat,57,0.000
1782664725.344,2026-06-28T17:38:45,outgoing,CallResult,81,0.000
1782664728.746,2026-06-28T17:38:48,incoming,MeterValues,878,0.000
1782664728.748,2026-06-28T17:38:48,incoming,MeterValues,0,0.297
1782664728.749,2026-06-28T17:38:48,outgoing,CallResult,45,0.000
1782664735.477,2026-06-28T17:38:55,incoming,Heartbeat,57,0.000
1782664735.478,2026-06-28T17:38:55,outgoing,CallResult,81,0.000
1782664738.904,2026-06-28T17:38:58,incoming,MeterValues,878,0.000
1782664738.907,2026-06-28T17:38:58,incoming,MeterValues,0,0.281
1782664738.907,2026-06-28T17:38:58,outgoing,CallResult,45,0.000
1782664745.709,2026-06-28T17:39:05,incoming,Heartbeat,57,0.000
1782664745.710,2026-06-28T17:39:05,outgoing,CallResult,81,0.000
1782664749.137,2026-06-28T17:39:09,incoming,MeterValues,880,0.000
1782664749.140,2026-06-28T17:39:09,incoming,MeterValues,0,0.300
1782664749.140,2026-06-28T17:39:09,outgoing,CallResult,45,0.000
1782664755.884,2026-06-28T17:39:15,incoming,Heartbeat,57,0.000
1782664755.885,2026-06-28T17:39:15,outgoing,CallResult,81,0.000
1782664759.293,2026-06-28T17:39:19,incoming,MeterValues,878,0.000
1782664759.295,2026-06-28T17:39:19,incoming,MeterValues,0,0.319
1782664759.296,2026-06-28T17:39:19,outgoing,CallResult,45,0.000
1782664766.023,2026-06-28T17:39:26,incoming,Heartbeat,57,0.000
1782664766.024,2026-06-28T17:39:26,outgoing,CallResult,81,0.000
1782664769.447,2026-06-28T17:39:29,incoming,MeterValues,880,0.000
1782664769.450,2026-06-28T17:39:29,incoming,MeterValues,0,0.276
1782664769.450,2026-06-28T17:39:29,outgoing,CallResult,45,0.000
1782664776.175,2026-06-28T17:39:36,incoming,Heartbeat,57,0.000
1782664776.176,2026-06-28T17:39:36,outgoing,CallResult,81,0.000
1782664779.639,2026-06-28T17:39:39,incoming,MeterValues,878,0.000
1782664779.642,2026-06-28T17:39:39,incoming,MeterValues,0,0.416
1782664779.642,2026-06-28T17:39:39,outgoing,CallResult,45,0.000
1782664786.338,2026-06-28T17:39:46,incoming,Heartbeat,57,0.000
1782664786.340,2026-06-28T17:39:46,outgoing,CallResult,81,0.000
1782664789.791,2026-06-28T17:39:49,incoming,MeterValues,868,0.000
1782664789.794,2026-06-28T17:39:49,incoming,MeterValues,0,0.241
1782664789.794,2026-06-28T17:39:49,outgoing,CallResult,45,0.000
1782664796.513,2026-06-28T17:39:56,incoming,Heartbeat,57,0.000
1782664796.514,2026-06-28T17:39:56,outgoing,CallResult,81,0.000
1782664799.937,2026-06-28T17:39:59,incoming,MeterValues,871,0.000
1782664799.940,2026-06-28T17:39:59,incoming,MeterValues,0,0.274
1782664799.940,2026-06-28T17:39:59,outgoing,CallResult,45,0.000
1782664806.684,2026-06-28T17:40:06,incoming,Heartbeat,57,0.000
1782664806.685,2026-06-28T17:40:06,outgoing,CallResult,81,0.000
1782664810.107,2026-06-28T17:40:10,incoming,MeterValues,878,0.000
1782664810.109,2026-06-28T17:40:10,incoming,MeterValues,0,0.287
1782664810.110,2026-06-28T17:40:10,outgoing,CallResult,45,0.000
1782664816.852,2026-06-28T17:40:16,incoming,Heartbeat,57,0.000
1782664816.853,2026-06-28T17:40:16,outgoing,CallResult,81,0.000
1782664820.261,2026-06-28T17:40:20,incoming,MeterValues,875,0.000
1782664820.263,2026-06-28T17:40:20,incoming,MeterValues,0,0.222
1782664820.263,2026-06-28T17:40:20,outgoing,CallResult,45,0.000
1782664827.038,2026-06-28T17:40:27,incoming,Heartbeat,57,0.000
1782664827.040,2026-06-28T17:40:27,outgoing,CallResult,81,0.000
1782664830.445,2026-06-28T17:40:30,incoming,MeterValues,868,0.000
1782664830.448,2026-06-28T17:40:30,incoming,MeterValues,0,0.279
1782664830.448,2026-06-28T17:40:30,outgoing,CallResult,45,0.000
1782664837.182,2026-06-28T17:40:37,incoming,Heartbeat,57,0.000
1782664837.184,2026-06-28T17:40:37,outgoing,CallResult,81,0.000
1782664840.579,2026-06-28T17:40:40,incoming,MeterValues,868,0.000
1782664840.581,2026-06-28T17:40:40,incoming,MeterValues,0,0.269
1782664840.582,2026-06-28T17:40:40,outgoing,CallResult,45,0.000
1782664847.332,2026-06-28T17:40:47,incoming,Heartbeat,57,0.000
1782664847.333,2026-06-28T17:40:47,outgoing,CallResult,81,0.000
1782664850.754,2026-06-28T17:40:50,incoming,MeterValues,878,0.000
1782664850.756,2026-06-28T17:40:50,incoming,MeterValues,0,0.278
1782664850.757,2026-06-28T17:40:50,outgoing,CallResult,45,0.000
1782664857.542,2026-06-28T17:40:57,incoming,Heartbeat,57,0.000
1782664857.544,2026-06-28T17:40:57,outgoing,CallResult,81,0.000
1782664860.922,2026-06-28T17:41:00,incoming,MeterValues,878,0.000
1782664860.925,2026-06-28T17:41:00,incoming,MeterValues,0,0.271
1782664860.925,2026-06-28T17:41:00,outgoing,CallResult,45,0.000
1782664867.558,2026-06-28T17:41:07,incoming,Heartbeat,57,0.000
1782664867.560,2026-06-28T17:41:07,outgoing,CallResult,81,0.000
1782664871.528,2026-06-28T17:41:11,incoming,MeterValues,868,0.000
1782664871.531,2026-06-28T17:41:11,incoming,MeterValues,0,0.286
1782664871.531,2026-06-28T17:41:11,outgoing,CallResult,45,0.000
1782664877.576,2026-06-28T17:41:17,incoming,Heartbeat,57,0.000
1782664877.577,2026-06-28T17:41:17,outgoing,CallResult,81,0.000
1782664881.749,2026-06-28T17:41:21,incoming,MeterValues,872,0.000
1782664881.751,2026-06-28T17:41:21,incoming,MeterValues,0,0.276
1782664881.752,2026-06-28T17:41:21,outgoing,CallResult,45,0.000
1782664887.713,2026-06-28T17:41:27,incoming,Heartbeat,57,0.000
1782664887.713,2026-06-28T17:41:27,outgoing,CallResult,81,0.000
1782664891.925,2026-06-28T17:41:31,incoming,MeterValues,868,0.000
1782664891.927,2026-06-28T17:41:31,incoming,MeterValues,0,0.277
1782664891.928,2026-06-28T17:41:31,outgoing,CallResult,45,0.000
1782664897.904,2026-06-28T17:41:37,incoming,Heartbeat,57,0.000
1782664897.905,2026-06-28T17:41:37,outgoing,CallResult,81,0.000
1782664902.130,2026-06-28T17:41:42,incoming,MeterValues,876,0.000
1782664902.132,2026-06-28T17:41:42,incoming,MeterValues,0,0.291
1782664902.133,2026-06-28T17:41:42,outgoing,CallResult,45,0.000
1782664908.090,2026-06-28T17:41:48,incoming,Heartbeat,57,0.000
1782664908.091,2026-06-28T17:41:48,outgoing,CallResult,81,0.000
1782664912.326,2026-06-28T17:41:52,incoming,MeterValues,880,0.000
1782664912.329,2026-06-28T17:41:52,incoming,MeterValues,0,0.282
1782664912.329,2026-06-28T17:41:52,outgoing,CallResult,45,0.000
1782664918.273,2026-06-28T17:41:58,incoming,Heartbeat,57,0.000
1782664918.274,2026-06-28T17:41:58,outgoing,CallResult,81,0.000
1782664922.359,2026-06-28T17:42:02,incoming,MeterValues,878,0.000
1782664922.361,2026-06-28T17:42:02,incoming,MeterValues,0,0.302
1782664922.362,2026-06-28T17:42:02,outgoing,CallResult,45,0.000
1782664928.449,2026-06-28T17:42:08,incoming,Heartbeat,57,0.000
1782664928.450,2026-06-28T17:42:08,outgoing,CallResult,81,0.000
1782664932.581,2026-06-28T17:42:12,incoming,MeterValues,868,0.000
1782664932.583,2026-06-28T17:42:12,incoming,MeterValues,0,0.287
1782664932.584,2026-06-28T17:42:12,outgoing,CallResult,45,0.000
1782664938.502,2026-06-28T17:42:18,incoming,Heartbeat,57,0.000
1782664938.503,2026-06-28T17:42:18,outgoing,CallResult,81,0.000
1782664942.733,2026-06-28T17:42:22,incoming,MeterValues,871,0.000
1782664942.736,2026-06-28T17:42:22,incoming,MeterValues,0,0.320
1782664942.781,2026-06-28T17:42:22,outgoing,CallResult,45,0.000
1782664948.584,2026-06-28T17:42:28,incoming,Heartbeat,57,0.000
1782664948.585,2026-06-28T17:42:28,outgoing,CallResult,81,0.000
1782664952.830,2026-06-28T17:42:32,incoming,MeterValues,878,0.000
1782664952.833,2026-06-28T17:42:32,incoming,MeterValues,0,0.295
1782664952.833,2026-06-28T17:42:32,outgoing,CallResult,45,0.000
1782664958.677,2026-06-28T17:42:38,incoming,Heartbeat,57,0.000
1782664958.678,2026-06-28T17:42:38,outgoing,CallResult,81,0.000
1782664962.972,2026-06-28T17:42:42,incoming,MeterValues,878,0.000
1782664962.975,2026-06-28T17:42:42,incoming,MeterValues,0,0.294
1782664962.975,2026-06-28T17:42:42,outgoing,CallResult,45,0.000
1782664968.694,2026-06-28T17:42:48,incoming,Heartbeat,57,0.000
1782664968.696,2026-06-28T17:42:48,outgoing,CallResult,81,0.000
1782664973.013,2026-06-28T17:42:53,incoming,MeterValues,868,0.000
1782664973.015,2026-06-28T17:42:53,incoming,MeterValues,0,0.297
1782664973.016,2026-06-28T17:42:53,outgoing,CallResult,45,0.000
1782664978.748,2026-06-28T17:42:58,incoming,Heartbeat,57,0.000
1782664978.749,2026-06-28T17:42:58,outgoing,CallResult,81,0.000
1782664983.046,2026-06-28T17:43:03,incoming,MeterValues,868,0.000
1782664983.049,2026-06-28T17:43:03,incoming,MeterValues,0,0.302
1782664983.049,2026-06-28T17:43:03,outgoing,CallResult,45,0.000
1782664988.809,2026-06-28T17:43:08,incoming,Heartbeat,57,0.000
1782664988.810,2026-06-28T17:43:08,outgoing,CallResult,81,0.000
1782664993.113,2026-06-28T17:43:13,incoming,MeterValues,882,0.000
1782664993.116,2026-06-28T17:43:13,incoming,MeterValues,0,0.324
1782664993.116,2026-06-28T17:43:13,outgoing,CallResult,45,0.000
1782664998.885,2026-06-28T17:43:18,incoming,Heartbeat,57,0.000
1782664998.886,2026-06-28T17:43:18,outgoing,CallResult,81,0.000
1782665003.151,2026-06-28T17:43:23,incoming,MeterValues,868,0.000
1782665003.154,2026-06-28T17:43:23,incoming,MeterValues,0,0.310
1782665003.155,2026-06-28T17:43:23,outgoing,CallResult,45,0.000
1782665008.901,2026-06-28T17:43:28,incoming,Heartbeat,57,0.000
1782665008.902,2026-06-28T17:43:28,outgoing,CallResult,81,0.000
1782665013.186,2026-06-28T17:43:33,incoming,MeterValues,877,0.000
1782665013.189,2026-06-28T17:43:33,incoming,MeterValues,0,0.288
1782665013.189,2026-06-28T17:43:33,outgoing,CallResult,45,0.000
1782665018.918,2026-06-28T17:43:38,incoming,Heartbeat,57,0.000
1782665018.920,2026-06-28T17:43:38,outgoing,CallResult,81,0.000
1782665023.220,2026-06-28T17:43:43,incoming,MeterValues,867,0.000
1782665023.222,2026-06-28T17:43:43,incoming,MeterValues,0,0.309
1782665023.223,2026-06-28T17:43:43,outgoing,CallResult,45,0.000
1782665028.936,2026-06-28T17:43:48,incoming,Heartbeat,57,0.000
1782665028.938,2026-06-28T17:43:48,outgoing,CallResult,81,0.000
1782665033.428,2026-06-28T17:43:53,incoming,MeterValues,878,0.000
1782665033.431,2026-06-28T17:43:53,incoming,MeterValues,0,0.281
1782665033.431,2026-06-28T17:43:53,outgoing,CallResult,45,0.000
1782665039.155,2026-06-28T17:43:59,incoming,Heartbeat,57,0.000
1782665039.156,2026-06-28T17:43:59,outgoing,CallResult,81,0.000
1782665043.465,2026-06-28T17:44:03,incoming,MeterValues,878,0.000
1782665043.467,2026-06-28T17:44:03,incoming,MeterValues,0,0.277
1782665043.468,2026-06-28T17:44:03,outgoing,CallResult,45,0.000
1782665049.172,2026-06-28T17:44:09,incoming,Heartbeat,57,0.000
1782665049.173,2026-06-28T17:44:09,outgoing,CallResult,81,0.000
1782665053.496,2026-06-28T17:44:13,incoming,MeterValues,875,0.000
1782665053.499,2026-06-28T17:44:13,incoming,MeterValues,0,0.407
1782665053.499,2026-06-28T17:44:13,outgoing,CallResult,45,0.000
1782665059.185,2026-06-28T17:44:19,incoming,Heartbeat,57,0.000
1782665059.186,2026-06-28T17:44:19,outgoing,CallResult,81,0.000
1782665063.753,2026-06-28T17:44:23,incoming,MeterValues,868,0.000
1782665063.755,2026-06-28T17:44:23,incoming,MeterValues,0,0.339
1782665063.756,2026-06-28T17:44:23,outgoing,CallResult,45,0.000
1782665069.201,2026-06-28T17:44:29,incoming,Heartbeat,57,0.000
1782665069.202,2026-06-28T17:44:29,outgoing,CallResult,81,0.000
1782665073.785,2026-06-28T17:44:33,incoming,MeterValues,871,0.000
1782665073.788,2026-06-28T17:44:33,incoming,MeterValues,0,0.419
1782665073.788,2026-06-28T17:44:33,outgoing,CallResult,45,0.000
1782665079.214,2026-06-28T17:44:39,incoming,Heartbeat,57,0.000
1782665079.215,2026-06-28T17:44:39,outgoing,CallResult,81,0.000
1782665084.026,2026-06-28T17:44:44,incoming,MeterValues,878,0.000
1782665084.029,2026-06-28T17:44:44,incoming,MeterValues,0,0.269
1782665084.029,2026-06-28T17:44:44,outgoing,CallResult,45,0.000
1782665089.229,2026-06-28T17:44:49,incoming,Heartbeat,57,0.000
1782665089.231,2026-06-28T17:44:49,outgoing,CallResult,81,0.000
1782665094.061,2026-06-28T17:44:54,incoming,MeterValues,875,0.000
1782665094.064,2026-06-28T17:44:54,incoming,MeterValues,0,0.438
1782665094.065,2026-06-28T17:44:54,outgoing,CallResult,45,0.000
1782665099.420,2026-06-28T17:44:59,incoming,Heartbeat,57,0.000
1782665099.421,2026-06-28T17:44:59,outgoing,CallResult,81,0.000
1782665104.092,2026-06-28T17:45:04,incoming,MeterValues,880,0.000
1782665104.094,2026-06-28T17:45:04,incoming,MeterValues,0,0.441
1782665104.095,2026-06-28T17:45:04,outgoing,CallResult,45,0.000
1782665109.434,2026-06-28T17:45:09,incoming,Heartbeat,57,0.000
1782665109.435,2026-06-28T17:45:09,outgoing,CallResult,81,0.000
1782665114.129,2026-06-28T17:45:14,incoming,MeterValues,877,0.000
1782665114.131,2026-06-28T17:45:14,incoming,MeterValues,0,0.339
1782665114.132,2026-06-28T17:45:14,outgoing,CallResult,45,0.000
1782665119.447,2026-06-28T17:45:19,incoming,Heartbeat,57,0.000
1782665119.448,2026-06-28T17:45:19,outgoing,CallResult,81,0.000
1782665124.164,2026-06-28T17:45:24,incoming,MeterValues,867,0.000
1782665124.167,2026-06-28T17:45:24,incoming,MeterValues,0,0.340
1782665124.168,2026-06-28T17:45:24,outgoing,CallResult,45,0.000
1782665129.470,2026-06-28T17:45:29,incoming,Heartbeat,57,0.000
1782665129.474,2026-06-28T17:45:29,outgoing,CallResult,81,0.000
1782665134.393,2026-06-28T17:45:34,incoming,MeterValues,879,0.000
1782665134.395,2026-06-28T17:45:34,incoming,MeterValues,0,0.283
1782665134.396,2026-06-28T17:45:34,outgoing,CallResult,45,0.000
1782665139.486,2026-06-28T17:45:39,incoming,Heartbeat,57,0.000
1782665139.492,2026-06-28T17:45:39,outgoing,CallResult,81,0.000
1782665144.428,2026-06-28T17:45:44,incoming,MeterValues,867,0.000
1782665144.430,2026-06-28T17:45:44,incoming,MeterValues,0,0.282
1782665144.431,2026-06-28T17:45:44,outgoing,CallResult,45,0.000
1782665149.509,2026-06-28T17:45:49,incoming,Heartbeat,57,0.000
1782665149.510,2026-06-28T17:45:49,outgoing,CallResult,81,0.000
1782665155.100,2026-06-28T17:45:55,incoming,MeterValues,870,0.000
1782665155.103,2026-06-28T17:45:55,incoming,MeterValues,0,0.278
1782665155.103,2026-06-28T17:45:55,outgoing,CallResult,45,0.000
1782665159.524,2026-06-28T17:45:59,incoming,Heartbeat,57,0.000
1782665159.525,2026-06-28T17:45:59,outgoing,CallResult,81,0.000
1782665165.133,2026-06-28T17:46:05,incoming,MeterValues,878,0.000
1782665165.135,2026-06-28T17:46:05,incoming,MeterValues,0,0.225
1782665165.135,2026-06-28T17:46:05,outgoing,CallResult,45,0.000
1782665169.541,2026-06-28T17:46:09,incoming,Heartbeat,57,0.000
1782665169.542,2026-06-28T17:46:09,outgoing,CallResult,81,0.000
1782665175.162,2026-06-28T17:46:15,incoming,MeterValues,878,0.000
1782665175.164,2026-06-28T17:46:15,incoming,MeterValues,0,0.278
1782665175.165,2026-06-28T17:46:15,outgoing,CallResult,45,0.000
1782665179.561,2026-06-28T17:46:19,incoming,Heartbeat,57,0.000
1782665179.562,2026-06-28T17:46:19,outgoing,CallResult,81,0.000
1782665185.196,2026-06-28T17:46:25,incoming,MeterValues,868,0.000
1782665185.199,2026-06-28T17:46:25,incoming,MeterValues,0,0.277
1782665185.199,2026-06-28T17:46:25,outgoing,CallResult,45,0.000
1782665189.579,2026-06-28T17:46:29,incoming,Heartbeat,57,0.000
1782665189.580,2026-06-28T17:46:29,outgoing,CallResult,81,0.000
1782665195.411,2026-06-28T17:46:35,incoming,MeterValues,868,0.000
1782665195.414,2026-06-28T17:46:35,incoming,MeterValues,0,0.280
1782665195.414,2026-06-28T17:46:35,outgoing,CallResult,45,0.000
1782665199.629,2026-06-28T17:46:39,incoming,Heartbeat,57,0.000
1782665199.630,2026-06-28T17:46:39,outgoing,CallResult,81,0.000
1782665205.464,2026-06-28T17:46:45,incoming,MeterValues,868,0.000
1782665205.466,2026-06-28T17:46:45,incoming,MeterValues,0,0.298
1782665205.467,2026-06-28T17:46:45,outgoing,CallResult,45,0.000
1782665209.644,2026-06-28T17:46:49,incoming,Heartbeat,57,0.000
1782665209.645,2026-06-28T17:46:49,outgoing,CallResult,81,0.000
1782665215.498,2026-06-28T17:46:55,incoming,MeterValues,880,0.000
1782665215.501,2026-06-28T17:46:55,incoming,MeterValues,0,0.273
1782665215.501,2026-06-28T17:46:55,outgoing,CallResult,45,0.000
1782665219.661,2026-06-28T17:46:59,incoming,Heartbeat,57,0.000
1782665219.662,2026-06-28T17:46:59,outgoing,CallResult,81,0.000
1782665225.532,2026-06-28T17:47:05,incoming,MeterValues,880,0.000
1782665225.534,2026-06-28T17:47:05,incoming,MeterValues,0,0.337
1782665225.535,2026-06-28T17:47:05,outgoing,CallResult,45,0.000
1782665229.913,2026-06-28T17:47:09,incoming,Heartbeat,57,0.000
1782665229.914,2026-06-28T17:47:09,outgoing,CallResult,81,0.000
1782665235.753,2026-06-28T17:47:15,incoming,MeterValues,878,0.000
1782665235.756,2026-06-28T17:47:15,incoming,MeterValues,0,0.280
1782665235.756,2026-06-28T17:47:15,outgoing,CallResult,45,0.000
1782665239.931,2026-06-28T17:47:19,incoming,Heartbeat,57,0.000
1782665239.932,2026-06-28T17:47:19,outgoing,CallResult,81,0.000
1782665245.930,2026-06-28T17:47:25,incoming,MeterValues,880,0.000
1782665245.932,2026-06-28T17:47:25,incoming,MeterValues,0,0.332
1782665245.933,2026-06-28T17:47:25,outgoing,CallResult,45,0.000
1782665250.060,2026-06-28T17:47:30,incoming,Heartbeat,57,0.000
1782665250.061,2026-06-28T17:47:30,outgoing,CallResult,81,0.000
1782665255.964,2026-06-28T17:47:35,incoming,MeterValues,878,0.000
1782665255.967,2026-06-28T17:47:35,incoming,MeterValues,0,0.280
1782665255.967,2026-06-28T17:47:35,outgoing,CallResult,45,0.000
1782665260.266,2026-06-28T17:47:40,incoming,Heartbeat,57,0.000
1782665260.268,2026-06-28T17:47:40,outgoing,CallResult,81,0.000
1782665266.000,2026-06-28T17:47:46,incoming,MeterValues,875,0.000
1782665266.003,2026-06-28T17:47:46,incoming,MeterValues,0,0.272
1782665266.003,2026-06-28T17:47:46,outgoing,CallResult,45,0.000
1782665270.278,2026-06-28T17:47:50,incoming,Heartbeat,57,0.000
1782665270.279,2026-06-28T17:47:50,outgoing,CallResult,81,0.000
1782665276.037,2026-06-28T17:47:56,incoming,MeterValues,868,0.000
1782665276.039,2026-06-28T17:47:56,incoming,MeterValues,0,0.276
1782665276.040,2026-06-28T17:47:56,outgoing,CallResult,45,0.000
1782665280.381,2026-06-28T17:48:00,incoming,Heartbeat,57,0.000
1782665280.382,2026-06-28T17:48:00,outgoing,CallResult,81,0.000
1782665286.071,2026-06-28T17:48:06,incoming,MeterValues,868,0.000
1782665286.073,2026-06-28T17:48:06,incoming,MeterValues,0,0.273
1782665286.073,2026-06-28T17:48:06,outgoing,CallResult,45,0.000
1782665290.616,2026-06-28T17:48:10,incoming,Heartbeat,57,0.000
1782665290.617,2026-06-28T17:48:10,outgoing,CallResult,81,0.000
1782665296.100,2026-06-28T17:48:16,incoming,MeterValues,868,0.000
1782665296.103,2026-06-28T17:48:16,incoming,MeterValues,0,0.276
1782665296.103,2026-06-28T17:48:16,outgoing,CallResult,45,0.000
1782665300.634,2026-06-28T17:48:20,incoming,Heartbeat,57,0.000
1782665300.635,2026-06-28T17:48:20,outgoing,CallResult,81,0.000
1782665306.245,2026-06-28T17:48:26,incoming,MeterValues,872,0.000
1782665306.247,2026-06-28T17:48:26,incoming,MeterValues,0,0.277
1782665306.248,2026-06-28T17:48:26,outgoing,CallResult,45,0.000
1782665310.744,2026-06-28T17:48:30,incoming,Heartbeat,57,0.000
1782665310.745,2026-06-28T17:48:30,outgoing,CallResult,81,0.000
1782665316.472,2026-06-28T17:48:36,incoming,MeterValues,868,0.000
1782665316.475,2026-06-28T17:48:36,incoming,MeterValues,0,0.276
1782665316.475,2026-06-28T17:48:36,outgoing,CallResult,45,0.000
1782665320.760,2026-06-28T17:48:40,incoming,Heartbeat,57,0.000
1782665320.761,2026-06-28T17:48:40,outgoing,CallResult,81,0.000
1782665326.506,2026-06-28T17:48:46,incoming,MeterValues,880,0.000
1782665326.509,2026-06-28T17:48:46,incoming,MeterValues,0,0.279
1782665326.509,2026-06-28T17:48:46,outgoing,CallResult,45,0.000
1782665330.817,2026-06-28T17:48:50,incoming,Heartbeat,57,0.000
1782665330.818,2026-06-28T17:48:50,outgoing,CallResult,81,0.000
1782665336.557,2026-06-28T17:48:56,incoming,MeterValues,880,0.000
1782665336.560,2026-06-28T17:48:56,incoming,MeterValues,0,0.280
1782665336.560,2026-06-28T17:48:56,outgoing,CallResult,45,0.000
1782665340.834,2026-06-28T17:49:00,incoming,Heartbeat,57,0.000
1782665340.835,2026-06-28T17:49:00,outgoing,CallResult,81,0.000
1782665346.588,2026-06-28T17:49:06,incoming,MeterValues,877,0.000
1782665346.591,2026-06-28T17:49:06,incoming,MeterValues,0,0.228
1782665346.591,2026-06-28T17:49:06,outgoing,CallResult,45,0.000
1782665351.031,2026-06-28T17:49:11,incoming,Heartbeat,57,0.000
1782665351.032,2026-06-28T17:49:11,outgoing,CallResult,81,0.000
1782665356.756,2026-06-28T17:49:16,incoming,MeterValues,867,0.000
1782665356.759,2026-06-28T17:49:16,incoming,MeterValues,0,0.438
1782665356.759,2026-06-28T17:49:16,outgoing,CallResult,45,0.000
1782665361.045,2026-06-28T17:49:21,incoming,Heartbeat,57,0.000
1782665361.046,2026-06-28T17:49:21,outgoing,CallResult,81,0.000
1782665366.963,2026-06-28T17:49:26,incoming,MeterValues,867,0.000
1782665366.966,2026-06-28T17:49:26,incoming,MeterValues,0,0.394
1782665366.966,2026-06-28T17:49:26,outgoing,CallResult,45,0.000
1782665371.058,2026-06-28T17:49:31,incoming,Heartbeat,57,0.000
1782665371.059,2026-06-28T17:49:31,outgoing,CallResult,81,0.000
1782665376.998,2026-06-28T17:49:36,incoming,MeterValues,878,0.000
1782665377.001,2026-06-28T17:49:37,incoming,MeterValues,0,0.222
1782665377.001,2026-06-28T17:49:37,outgoing,CallResult,45,0.000
1782665381.098,2026-06-28T17:49:41,incoming,Heartbeat,57,0.000
1782665381.099,2026-06-28T17:49:41,outgoing,CallResult,81,0.000
1782665387.077,2026-06-28T17:49:47,incoming,MeterValues,878,0.000
1782665387.079,2026-06-28T17:49:47,incoming,MeterValues,0,0.285
1782665387.080,2026-06-28T17:49:47,outgoing,CallResult,45,0.000
1782665391.206,2026-06-28T17:49:51,incoming,Heartbeat,57,0.000
1782665391.207,2026-06-28T17:49:51,outgoing,CallResult,81,0.000
1782665397.112,2026-06-28T17:49:57,incoming,MeterValues,868,0.000
1782665397.114,2026-06-28T17:49:57,incoming,MeterValues,0,0.393
1782665397.115,2026-06-28T17:49:57,outgoing,CallResult,45,0.000
1782665401.222,2026-06-28T17:50:01,incoming,Heartbeat,57,0.000
1782665401.224,2026-06-28T17:50:01,outgoing,CallResult,81,0.000
1782665407.351,2026-06-28T17:50:07,incoming,MeterValues,868,0.000
1782665407.353,2026-06-28T17:50:07,incoming,MeterValues,0,0.223
1782665407.353,2026-06-28T17:50:07,outgoing,CallResult,45,0.000
1782665411.442,2026-06-28T17:50:11,incoming,Heartbeat,57,0.000
1782665411.443,2026-06-28T17:50:11,outgoing,CallResult,81,0.000
1782665417.383,2026-06-28T17:50:17,incoming,MeterValues,868,0.000
1782665417.386,2026-06-28T17:50:17,incoming,MeterValues,0,0.278
1782665417.386,2026-06-28T17:50:17,outgoing,CallResult,45,0.000
1782665421.456,2026-06-28T17:50:21,incoming,Heartbeat,57,0.000
1782665421.457,2026-06-28T17:50:21,outgoing,CallResult,81,0.000
1782665427.592,2026-06-28T17:50:27,incoming,MeterValues,868,0.000
1782665427.594,2026-06-28T17:50:27,incoming,MeterValues,0,0.348
1782665427.595,2026-06-28T17:50:27,outgoing,CallResult,45,0.000
1782665432.040,2026-06-28T17:50:32,incoming,Heartbeat,57,0.000
1782665432.041,2026-06-28T17:50:32,outgoing,CallResult,81,0.000
1782665437.626,2026-06-28T17:50:37,incoming,MeterValues,878,0.000
1782665437.629,2026-06-28T17:50:37,incoming,MeterValues,0,0.292
1782665437.629,2026-06-28T17:50:37,outgoing,CallResult,45,0.000
1782665442.210,2026-06-28T17:50:42,incoming,Heartbeat,57,0.000
1782665442.212,2026-06-28T17:50:42,outgoing,CallResult,81,0.000
1782665447.659,2026-06-28T17:50:47,incoming,MeterValues,868,0.000
1782665447.661,2026-06-28T17:50:47,incoming,MeterValues,0,0.277
1782665447.662,2026-06-28T17:50:47,outgoing,CallResult,45,0.000
1782665452.314,2026-06-28T17:50:52,incoming,Heartbeat,57,0.000
1782665452.316,2026-06-28T17:50:52,outgoing,CallResult,81,0.000
1782665458.086,2026-06-28T17:50:58,incoming,MeterValues,878,0.000
1782665458.088,2026-06-28T17:50:58,incoming,MeterValues,0,0.293
1782665458.089,2026-06-28T17:50:58,outgoing,CallResult,45,0.000
1782665462.337,2026-06-28T17:51:02,incoming,Heartbeat,57,0.000
1782665462.338,2026-06-28T17:51:02,outgoing,CallResult,81,0.000
1782665468.216,2026-06-28T17:51:08,incoming,MeterValues,878,0.000
1782665468.219,2026-06-28T17:51:08,incoming,MeterValues,0,0.228
1782665468.219,2026-06-28T17:51:08,outgoing,CallResult,45,0.000
1782665472.354,2026-06-28T17:51:12,incoming,Heartbeat,57,0.000
1782665472.355,2026-06-28T17:51:12,outgoing,CallResult,81,0.000
1782665478.322,2026-06-28T17:51:18,incoming,MeterValues,868,0.000
1782665478.325,2026-06-28T17:51:18,incoming,MeterValues,0,0.269
1782665478.325,2026-06-28T17:51:18,outgoing,CallResult,45,0.000
1782665482.365,2026-06-28T17:51:22,incoming,Heartbeat,57,0.000
1782665482.367,2026-06-28T17:51:22,outgoing,CallResult,81,0.000
1782665488.496,2026-06-28T17:51:28,incoming,MeterValues,868,0.000
1782665488.499,2026-06-28T17:51:28,incoming,MeterValues,0,0.289
1782665488.499,2026-06-28T17:51:28,outgoing,CallResult,45,0.000
1782665492.465,2026-06-28T17:51:32,incoming,Heartbeat,57,0.000
1782665492.466,2026-06-28T17:51:32,outgoing,CallResult,81,0.000
1782665498.605,2026-06-28T17:51:38,incoming,MeterValues,878,0.000
1782665498.608,2026-06-28T17:51:38,incoming,MeterValues,0,0.287
1782665498.608,2026-06-28T17:51:38,outgoing,CallResult,45,0.000
1782665502.481,2026-06-28T17:51:42,incoming,Heartbeat,57,0.000
1782665502.482,2026-06-28T17:51:42,outgoing,CallResult,81,0.000
1782665508.778,2026-06-28T17:51:48,incoming,MeterValues,878,0.000
1782665508.780,2026-06-28T17:51:48,incoming,MeterValues,0,0.279
1782665508.781,2026-06-28T17:51:48,outgoing,CallResult,45,0.000
1782665512.830,2026-06-28T17:51:52,incoming,Heartbeat,57,0.000
1782665512.831,2026-06-28T17:51:52,outgoing,CallResult,81,0.000
1782665518.876,2026-06-28T17:51:58,incoming,MeterValues,868,0.000
1782665518.879,2026-06-28T17:51:58,incoming,MeterValues,0,0.279
1782665518.879,2026-06-28T17:51:58,outgoing,CallResult,45,0.000
1782665522.976,2026-06-28T17:52:02,incoming,Heartbeat,57,0.000
1782665522.978,2026-06-28T17:52:02,outgoing,CallResult,81,0.000
1782665529.079,2026-06-28T17:52:09,incoming,MeterValues,880,0.000
1782665529.081,2026-06-28T17:52:09,incoming,MeterValues,0,0.267
1782665529.081,2026-06-28T17:52:09,outgoing,CallResult,45,0.000
1782665533.153,2026-06-28T17:52:13,incoming,Heartbeat,57,0.000
1782665533.154,2026-06-28T17:52:13,outgoing,CallResult,81,0.000
1782665539.235,2026-06-28T17:52:19,incoming,MeterValues,875,0.000
1782665539.237,2026-06-28T17:52:19,incoming,MeterValues,0,0.400
1782665539.238,2026-06-28T17:52:19,outgoing,CallResult,45,0.000
1782665543.278,2026-06-28T17:52:23,incoming,Heartbeat,57,0.000
1782665543.280,2026-06-28T17:52:23,outgoing,CallResult,81,0.000
1782665549.788,2026-06-28T17:52:29,incoming,MeterValues,868,0.000
1782665549.791,2026-06-28T17:52:29,incoming,MeterValues,0,0.293
1782665549.791,2026-06-28T17:52:29,outgoing,CallResult,45,0.000
1782665553.377,2026-06-28T17:52:33,incoming,Heartbeat,57,0.000
1782665553.378,2026-06-28T17:52:33,outgoing,CallResult,81,0.000
1782665559.915,2026-06-28T17:52:39,incoming,MeterValues,878,0.000
1782665559.918,2026-06-28T17:52:39,incoming,MeterValues,0,0.280
1782665559.918,2026-06-28T17:52:39,outgoing,CallResult,45,0.000
1782665563.576,2026-06-28T17:52:43,incoming,Heartbeat,57,0.000
1782665563.577,2026-06-28T17:52:43,outgoing,CallResult,81,0.000
1782665569.950,2026-06-28T17:52:49,incoming,MeterValues,878,0.000
1782665569.953,2026-06-28T17:52:49,incoming,MeterValues,0,0.230
1782665569.953,2026-06-28T17:52:49,outgoing,CallResult,45,0.000
1782665573.696,2026-06-28T17:52:53,incoming,Heartbeat,57,0.000
1782665573.697,2026-06-28T17:52:53,outgoing,CallResult,81,0.000
1782665579.984,2026-06-28T17:52:59,incoming,MeterValues,878,0.000
1782665579.987,2026-06-28T17:52:59,incoming,MeterValues,0,0.500
1782665579.987,2026-06-28T17:52:59,outgoing,CallResult,45,0.000
1782665583.895,2026-06-28T17:53:03,incoming,Heartbeat,57,0.000
1782665583.896,2026-06-28T17:53:03,outgoing,CallResult,81,0.000
1782665590.395,2026-06-28T17:53:10,incoming,MeterValues,868,0.000
1782665590.398,2026-06-28T17:53:10,incoming,MeterValues,0,0.406
1782665590.398,2026-06-28T17:53:10,outgoing,CallResult,45,0.000
1782665594.042,2026-06-28T17:53:14,incoming,Heartbeat,57,0.000
1782665594.043,2026-06-28T17:53:14,outgoing,CallResult,81,0.000
1782665600.530,2026-06-28T17:53:20,incoming,MeterValues,871,0.000
1782665600.532,2026-06-28T17:53:20,incoming,MeterValues,0,0.299
1782665600.533,2026-06-28T17:53:20,outgoing,CallResult,45,0.000
1782665604.605,2026-06-28T17:53:24,incoming,Heartbeat,57,0.000
1782665604.606,2026-06-28T17:53:24,outgoing,CallResult,81,0.000
1782665610.741,2026-06-28T17:53:30,incoming,MeterValues,882,0.000
1782665610.744,2026-06-28T17:53:30,incoming,MeterValues,0,0.435
1782665610.744,2026-06-28T17:53:30,outgoing,CallResult,45,0.000
1782665614.796,2026-06-28T17:53:34,incoming,Heartbeat,57,0.000
1782665614.797,2026-06-28T17:53:34,outgoing,CallResult,81,0.000
1782665620.857,2026-06-28T17:53:40,incoming,MeterValues,871,0.000
1782665620.860,2026-06-28T17:53:40,incoming,MeterValues,0,0.300
1782665620.860,2026-06-28T17:53:40,outgoing,CallResult,45,0.000
1782665624.896,2026-06-28T17:53:44,incoming,Heartbeat,57,0.000
1782665624.897,2026-06-28T17:53:44,outgoing,CallResult,81,0.000
1782665630.891,2026-06-28T17:53:50,incoming,MeterValues,878,0.000
1782665630.894,2026-06-28T17:53:50,incoming,MeterValues,0,0.278
1782665630.894,2026-06-28T17:53:50,outgoing,CallResult,45,0.000
1782665635.073,2026-06-28T17:53:55,incoming,Heartbeat,57,0.000
1782665635.074,2026-06-28T17:53:55,outgoing,CallResult,81,0.000
1782665641.226,2026-06-28T17:54:01,incoming,MeterValues,882,0.000
1782665641.229,2026-06-28T17:54:01,incoming,MeterValues,0,0.270
1782665641.229,2026-06-28T17:54:01,outgoing,CallResult,45,0.000
1782665645.228,2026-06-28T17:54:05,incoming,Heartbeat,57,0.000
1782665645.229,2026-06-28T17:54:05,outgoing,CallResult,81,0.000
1782665651.314,2026-06-28T17:54:11,incoming,MeterValues,877,0.000
1782665651.317,2026-06-28T17:54:11,incoming,MeterValues,0,0.290
1782665651.317,2026-06-28T17:54:11,outgoing,CallResult,45,0.000
1782665655.338,2026-06-28T17:54:15,incoming,Heartbeat,57,0.000
1782665655.339,2026-06-28T17:54:15,outgoing,CallResult,81,0.000
1782665661.349,2026-06-28T17:54:21,incoming,MeterValues,878,0.000
1782665661.351,2026-06-28T17:54:21,incoming,MeterValues,0,0.277
1782665661.352,2026-06-28T17:54:21,outgoing,CallResult,45,0.000
1782665665.354,2026-06-28T17:54:25,incoming,Heartbeat,57,0.000
1782665665.356,2026-06-28T17:54:25,outgoing,CallResult,81,0.000
1782665671.379,2026-06-28T17:54:31,incoming,MeterValues,868,0.000
1782665671.381,2026-06-28T17:54:31,incoming,MeterValues,0,0.394
1782665671.382,2026-06-28T17:54:31,outgoing,CallResult,45,0.000
1782665675.367,2026-06-28T17:54:35,incoming,Heartbeat,57,0.000
1782665675.368,2026-06-28T17:54:35,outgoing,CallResult,81,0.000
1782665681.413,2026-06-28T17:54:41,incoming,MeterValues,868,0.000
1782665681.416,2026-06-28T17:54:41,incoming,MeterValues,0,0.417
1782665681.417,2026-06-28T17:54:41,outgoing,CallResult,45,0.000
1782665685.518,2026-06-28T17:54:45,incoming,Heartbeat,57,0.000
1782665685.520,2026-06-28T17:54:45,outgoing,CallResult,81,0.000
1782665691.446,2026-06-28T17:54:51,incoming,MeterValues,878,0.000
1782665691.448,2026-06-28T17:54:51,incoming,MeterValues,0,0.303
1782665691.449,2026-06-28T17:54:51,outgoing,CallResult,45,0.000
1782665695.655,2026-06-28T17:54:55,incoming,Heartbeat,57,0.000
1782665695.656,2026-06-28T17:54:55,outgoing,CallResult,81,0.000
1782665701.740,2026-06-28T17:55:01,incoming,MeterValues,878,0.000
1782665701.743,2026-06-28T17:55:01,incoming,MeterValues,0,0.288
1782665701.743,2026-06-28T17:55:01,outgoing,CallResult,45,0.000
1782665705.826,2026-06-28T17:55:05,incoming,Heartbeat,57,0.000
1782665705.828,2026-06-28T17:55:05,outgoing,CallResult,81,0.000
1782665711.964,2026-06-28T17:55:11,incoming,MeterValues,868,0.000
1782665711.967,2026-06-28T17:55:11,incoming,MeterValues,0,0.299
1782665711.968,2026-06-28T17:55:11,outgoing,CallResult,45,0.000
1782665715.958,2026-06-28T17:55:15,incoming,Heartbeat,57,0.000
1782665715.959,2026-06-28T17:55:15,outgoing,CallResult,81,0.000
1782665722.080,2026-06-28T17:55:22,incoming,MeterValues,868,0.000
1782665722.082,2026-06-28T17:55:22,incoming,MeterValues,0,0.234
1782665722.082,2026-06-28T17:55:22,outgoing,CallResult,45,0.000
1782665726.131,2026-06-28T17:55:26,incoming,Heartbeat,57,0.000
1782665726.132,2026-06-28T17:55:26,outgoing,CallResult,81,0.000
1782665732.273,2026-06-28T17:55:32,incoming,MeterValues,878,0.000
1782665732.275,2026-06-28T17:55:32,incoming,MeterValues,0,0.430
1782665732.276,2026-06-28T17:55:32,outgoing,CallResult,45,0.000
1782665736.315,2026-06-28T17:55:36,incoming,Heartbeat,57,0.000
1782665736.320,2026-06-28T17:55:36,outgoing,CallResult,81,0.000
1782665742.443,2026-06-28T17:55:42,incoming,MeterValues,878,0.000
1782665742.445,2026-06-28T17:55:42,incoming,MeterValues,0,0.288
1782665742.447,2026-06-28T17:55:42,outgoing,CallResult,45,0.000
1782665746.482,2026-06-28T17:55:46,incoming,Heartbeat,57,0.000
1782665746.484,2026-06-28T17:55:46,outgoing,CallResult,81,0.000
1782665752.533,2026-06-28T17:55:52,incoming,MeterValues,880,0.000
1782665752.535,2026-06-28T17:55:52,incoming,MeterValues,0,0.248
1782665752.536,2026-06-28T17:55:52,outgoing,CallResult,45,0.000
1782665756.664,2026-06-28T17:55:56,incoming,Heartbeat,57,0.000
1782665756.665,2026-06-28T17:55:56,outgoing,CallResult,81,0.000
1782665762.724,2026-06-28T17:56:02,incoming,MeterValues,877,0.000
1782665762.727,2026-06-28T17:56:02,incoming,MeterValues,0,0.340
1782665762.727,2026-06-28T17:56:02,outgoing,CallResult,45,0.000
1782665766.778,2026-06-28T17:56:06,incoming,Heartbeat,57,0.000
1782665766.780,2026-06-28T17:56:06,outgoing,CallResult,81,0.000
1782665772.868,2026-06-28T17:56:12,incoming,MeterValues,867,0.000
1782665772.871,2026-06-28T17:56:12,incoming,MeterValues,0,0.417
1782665772.872,2026-06-28T17:56:12,outgoing,CallResult,45,0.000
1782665776.869,2026-06-28T17:56:16,incoming,Heartbeat,57,0.000
1782665776.870,2026-06-28T17:56:16,outgoing,CallResult,81,0.000
1782665783.024,2026-06-28T17:56:23,incoming,MeterValues,867,0.000
1782665783.026,2026-06-28T17:56:23,incoming,MeterValues,0,0.250
1782665783.027,2026-06-28T17:56:23,outgoing,CallResult,45,0.000
1782665787.008,2026-06-28T17:56:27,incoming,Heartbeat,57,0.000
1782665787.009,2026-06-28T17:56:27,outgoing,CallResult,81,0.000
1782665793.159,2026-06-28T17:56:33,incoming,MeterValues,878,0.000
1782665793.161,2026-06-28T17:56:33,incoming,MeterValues,0,0.299
1782665793.162,2026-06-28T17:56:33,outgoing,CallResult,45,0.000
1782665797.115,2026-06-28T17:56:37,incoming,Heartbeat,57,0.000
1782665797.116,2026-06-28T17:56:37,outgoing,CallResult,81,0.000
1782665803.372,2026-06-28T17:56:43,incoming,MeterValues,878,0.000
1782665803.375,2026-06-28T17:56:43,incoming,MeterValues,0,0.336
1782665803.375,2026-06-28T17:56:43,outgoing,CallResult,45,0.000
1782665807.270,2026-06-28T17:56:47,incoming,Heartbeat,57,0.000
1782665807.272,2026-06-28T17:56:47,outgoing,CallResult,81,0.000
1782665813.825,2026-06-28T17:56:53,incoming,MeterValues,868,0.000
1782665813.827,2026-06-28T17:56:53,incoming,MeterValues,0,0.336
1782665813.828,2026-06-28T17:56:53,outgoing,CallResult,45,0.000
1782665817.436,2026-06-28T17:56:57,incoming,Heartbeat,57,0.000
1782665817.437,2026-06-28T17:56:57,outgoing,CallResult,81,0.000
1782665823.868,2026-06-28T17:57:03,incoming,MeterValues,868,0.000
1782665823.870,2026-06-28T17:57:03,incoming,MeterValues,0,0.291
1782665823.870,2026-06-28T17:57:03,outgoing,CallResult,45,0.000
1782665827.578,2026-06-28T17:57:07,incoming,Heartbeat,57,0.000
1782665827.579,2026-06-28T17:57:07,outgoing,CallResult,81,0.000
1782665834.104,2026-06-28T17:57:14,incoming,MeterValues,878,0.000
1782665834.107,2026-06-28T17:57:14,incoming,MeterValues,0,0.344
1782665834.107,2026-06-28T17:57:14,outgoing,CallResult,45,0.000
1782665837.772,2026-06-28T17:57:17,incoming,Heartbeat,57,0.000
1782665837.773,2026-06-28T17:57:17,outgoing,CallResult,81,0.000
1782665844.258,2026-06-28T17:57:24,incoming,MeterValues,868,0.000
1782665844.261,2026-06-28T17:57:24,incoming,MeterValues,0,0.396
1782665844.262,2026-06-28T17:57:24,outgoing,CallResult,45,0.000
1782665847.951,2026-06-28T17:57:27,incoming,Heartbeat,57,0.000
1782665847.952,2026-06-28T17:57:27,outgoing,CallResult,81,0.000
1782665854.373,2026-06-28T17:57:34,incoming,MeterValues,882,0.000
1782665854.375,2026-06-28T17:57:34,incoming,MeterValues,0,0.274
1782665854.376,2026-06-28T17:57:34,outgoing,CallResult,45,0.000
1782665858.080,2026-06-28T17:57:38,incoming,Heartbeat,57,0.000
1782665858.081,2026-06-28T17:57:38,outgoing,CallResult,81,0.000
1782665864.566,2026-06-28T17:57:44,incoming,MeterValues,868,0.000
1782665864.569,2026-06-28T17:57:44,incoming,MeterValues,0,0.287
1782665864.570,2026-06-28T17:57:44,outgoing,CallResult,45,0.000
1782665868.217,2026-06-28T17:57:48,incoming,Heartbeat,57,0.000
1782665868.218,2026-06-28T17:57:48,outgoing,CallResult,81,0.000
1782665874.703,2026-06-28T17:57:54,incoming,MeterValues,878,0.000
1782665874.706,2026-06-28T17:57:54,incoming,MeterValues,0,0.291
1782665874.707,2026-06-28T17:57:54,outgoing,CallResult,45,0.000
1782665878.397,2026-06-28T17:57:58,incoming,Heartbeat,57,0.000
1782665878.398,2026-06-28T17:57:58,outgoing,CallResult,81,0.000
1782665884.890,2026-06-28T17:58:04,incoming,MeterValues,878,0.000
1782665884.893,2026-06-28T17:58:04,incoming,MeterValues,0,0.276
1782665884.893,2026-06-28T17:58:04,outgoing,CallResult,45,0.000
1782665888.542,2026-06-28T17:58:08,incoming,Heartbeat,57,0.000
1782665888.544,2026-06-28T17:58:08,outgoing,CallResult,81,0.000
1782665895.424,2026-06-28T17:58:15,incoming,MeterValues,868,0.000
1782665895.427,2026-06-28T17:58:15,incoming,MeterValues,0,0.275
1782665895.427,2026-06-28T17:58:15,outgoing,CallResult,45,0.000
1782665898.686,2026-06-28T17:58:18,incoming,Heartbeat,57,0.000
1782665898.687,2026-06-28T17:58:18,outgoing,CallResult,81,0.000
1782665905.621,2026-06-28T17:58:25,incoming,MeterValues,868,0.000
1782665905.624,2026-06-28T17:58:25,incoming,MeterValues,0,0.283
1782665905.625,2026-06-28T17:58:25,outgoing,CallResult,45,0.000
1782665908.806,2026-06-28T17:58:28,incoming,Heartbeat,57,0.000
1782665908.807,2026-06-28T17:58:28,outgoing,CallResult,81,0.000
1782665915.717,2026-06-28T17:58:35,incoming,MeterValues,878,0.000
1782665915.720,2026-06-28T17:58:35,incoming,MeterValues,0,0.291
1782665915.721,2026-06-28T17:58:35,outgoing,CallResult,45,0.000
1782665918.900,2026-06-28T17:58:38,incoming,Heartbeat,57,0.000
1782665918.902,2026-06-28T17:58:38,outgoing,CallResult,81,0.000
1782665925.838,2026-06-28T17:58:45,incoming,MeterValues,878,0.000
1782665925.841,2026-06-28T17:58:45,incoming,MeterValues,0,0.413
1782665925.841,2026-06-28T17:58:45,outgoing,CallResult,45,0.000
1782665929.021,2026-06-28T17:58:49,incoming,Heartbeat,57,0.000
1782665929.022,2026-06-28T17:58:49,outgoing,CallResult,81,0.000
1782665935.869,2026-06-28T17:58:55,incoming,MeterValues,868,0.000
1782665935.871,2026-06-28T17:58:55,incoming,MeterValues,0,0.410
1782665935.872,2026-06-28T17:58:55,outgoing,CallResult,45,0.000
1782665939.192,2026-06-28T17:58:59,incoming,Heartbeat,57,0.000
1782665939.193,2026-06-28T17:58:59,outgoing,CallResult,81,0.000
1782665946.125,2026-06-28T17:59:06,incoming,MeterValues,868,0.000
1782665946.128,2026-06-28T17:59:06,incoming,MeterValues,0,0.296
1782665946.128,2026-06-28T17:59:06,outgoing,CallResult,45,0.000
1782665949.335,2026-06-28T17:59:09,incoming,Heartbeat,57,0.000
1782665949.336,2026-06-28T17:59:09,outgoing,CallResult,81,0.000
1782665956.264,2026-06-28T17:59:16,incoming,MeterValues,878,0.000
1782665956.267,2026-06-28T17:59:16,incoming,MeterValues,0,0.280
1782665956.267,2026-06-28T17:59:16,outgoing,CallResult,45,0.000
1782665959.458,2026-06-28T17:59:19,incoming,Heartbeat,57,0.000
1782665959.459,2026-06-28T17:59:19,outgoing,CallResult,81,0.000
1782665966.362,2026-06-28T17:59:26,incoming,MeterValues,882,0.000
1782665966.365,2026-06-28T17:59:26,incoming,MeterValues,0,0.281
1782665966.365,2026-06-28T17:59:26,outgoing,CallResult,45,0.000
1782665969.469,2026-06-28T17:59:29,incoming,Heartbeat,57,0.000
1782665969.470,2026-06-28T17:59:29,outgoing,CallResult,81,0.000
1782665976.559,2026-06-28T17:59:36,incoming,MeterValues,878,0.000
1782665976.562,2026-06-28T17:59:36,incoming,MeterValues,0,0.285
1782665976.562,2026-06-28T17:59:36,outgoing,CallResult,45,0.000
1782665979.480,2026-06-28T17:59:39,incoming,Heartbeat,57,0.000
1782665979.481,2026-06-28T17:59:39,outgoing,CallResult,81,0.000
1782665986.721,2026-06-28T17:59:46,incoming,MeterValues,878,0.000
1782665986.724,2026-06-28T17:59:46,incoming,MeterValues,0,0.286
1782665986.724,2026-06-28T17:59:46,outgoing,CallResult,45,0.000
1782665989.560,2026-06-28T17:59:49,incoming,Heartbeat,57,0.000
1782665989.561,2026-06-28T17:59:49,outgoing,CallResult,81,0.000
1782665996.903,2026-06-28T17:59:56,incoming,MeterValues,880,0.000
1782665996.905,2026-06-28T17:59:56,incoming,MeterValues,0,0.248
1782665996.905,2026-06-28T17:59:56,outgoing,CallResult,45,0.000
1782665999.572,2026-06-28T17:59:59,incoming,Heartbeat,57,0.000
1782665999.573,2026-06-28T17:59:59,outgoing,CallResult,81,0.000
1782666007.037,2026-06-28T18:00:07,incoming,MeterValues,878,0.000
1782666007.039,2026-06-28T18:00:07,incoming,MeterValues,0,0.280
1782666007.040,2026-06-28T18:00:07,outgoing,CallResult,45,0.000
1782666009.589,2026-06-28T18:00:09,incoming,Heartbeat,57,0.000
1782666009.590,2026-06-28T18:00:09,outgoing,CallResult,81,0.000
1782666017.195,2026-06-28T18:00:17,incoming,MeterValues,868,0.000
1782666017.198,2026-06-28T18:00:17,incoming,MeterValues,0,0.276
1782666017.198,2026-06-28T18:00:17,outgoing,CallResult,45,0.000
1782666019.603,2026-06-28T18:00:19,incoming,Heartbeat,57,0.000
1782666019.604,2026-06-28T18:00:19,outgoing,CallResult,81,0.000
1782666027.341,2026-06-28T18:00:27,incoming,MeterValues,868,0.000
1782666027.343,2026-06-28T18:00:27,incoming,MeterValues,0,0.222
1782666027.343,2026-06-28T18:00:27,outgoing,CallResult,45,0.000
1782666029.741,2026-06-28T18:00:29,incoming,Heartbeat,57,0.000
1782666029.742,2026-06-28T18:00:29,outgoing,CallResult,81,0.000
1782666037.522,2026-06-28T18:00:37,incoming,MeterValues,878,0.000
1782666037.525,2026-06-28T18:00:37,incoming,MeterValues,0,0.278
1782666037.525,2026-06-28T18:00:37,outgoing,CallResult,45,0.000
1782666039.918,2026-06-28T18:00:39,incoming,Heartbeat,57,0.000
1782666039.919,2026-06-28T18:00:39,outgoing,CallResult,81,0.000
1782666047.700,2026-06-28T18:00:47,incoming,MeterValues,877,0.000
1782666047.702,2026-06-28T18:00:47,incoming,MeterValues,0,0.298
1782666047.703,2026-06-28T18:00:47,outgoing,CallResult,45,0.000
1782666050.027,2026-06-28T18:00:50,incoming,Heartbeat,57,0.000
1782666050.028,2026-06-28T18:00:50,outgoing,CallResult,81,0.000
1782666057.827,2026-06-28T18:00:57,incoming,MeterValues,867,0.000
1782666057.830,2026-06-28T18:00:57,incoming,MeterValues,0,0.297
1782666057.830,2026-06-28T18:00:57,outgoing,CallResult,45,0.000
1782666060.150,2026-06-28T18:01:00,incoming,Heartbeat,57,0.000
1782666060.151,2026-06-28T18:01:00,outgoing,CallResult,81,0.000
1782666067.951,2026-06-28T18:01:07,incoming,MeterValues,867,0.000
1782666067.953,2026-06-28T18:01:07,incoming,MeterValues,0,0.305
1782666067.954,2026-06-28T18:01:07,outgoing,CallResult,45,0.000
1782666070.320,2026-06-28T18:01:10,incoming,Heartbeat,57,0.000
1782666070.324,2026-06-28T18:01:10,outgoing,CallResult,81,0.000
1782666077.995,2026-06-28T18:01:17,incoming,MeterValues,870,0.000
1782666077.998,2026-06-28T18:01:17,incoming,MeterValues,0,0.407
1782666077.999,2026-06-28T18:01:17,outgoing,CallResult,45,0.000
1782666080.504,2026-06-28T18:01:20,incoming,Heartbeat,57,0.000
1782666080.505,2026-06-28T18:01:20,outgoing,CallResult,81,0.000
1782666088.031,2026-06-28T18:01:28,incoming,MeterValues,867,0.000
1782666088.033,2026-06-28T18:01:28,incoming,MeterValues,0,0.272
1782666088.034,2026-06-28T18:01:28,outgoing,CallResult,45,0.000
1782666090.676,2026-06-28T18:01:30,incoming,Heartbeat,57,0.000
1782666090.677,2026-06-28T18:01:30,outgoing,CallResult,81,0.000
1782666098.382,2026-06-28T18:01:38,incoming,MeterValues,867,0.000
1782666098.384,2026-06-28T18:01:38,incoming,MeterValues,0,0.277
1782666098.385,2026-06-28T18:01:38,outgoing,CallResult,45,0.000
1782666100.695,2026-06-28T18:01:40,incoming,Heartbeat,57,0.000
1782666100.696,2026-06-28T18:01:40,outgoing,CallResult,81,0.000
1782666108.603,2026-06-28T18:01:48,incoming,MeterValues,879,0.000
1782666108.605,2026-06-28T18:01:48,incoming,MeterValues,0,0.279
1782666108.606,2026-06-28T18:01:48,outgoing,CallResult,45,0.000
1782666111.057,2026-06-28T18:01:51,incoming,Heartbeat,57,0.000
1782666111.058,2026-06-28T18:01:51,outgoing,CallResult,81,0.000
1782666118.801,2026-06-28T18:01:58,incoming,MeterValues,867,0.000
1782666118.804,2026-06-28T18:01:58,incoming,MeterValues,0,0.283
1782666118.804,2026-06-28T18:01:58,outgoing,CallResult,45,0.000
1782666121.295,2026-06-28T18:02:01,incoming,Heartbeat,57,0.000
1782666121.296,2026-06-28T18:02:01,outgoing,CallResult,81,0.000
1782666128.958,2026-06-28T18:02:08,incoming,MeterValues,867,0.000
1782666128.961,2026-06-28T18:02:08,incoming,MeterValues,0,0.350
1782666128.961,2026-06-28T18:02:08,outgoing,CallResult,45,0.000
1782666131.440,2026-06-28T18:02:11,incoming,Heartbeat,57,0.000
1782666131.441,2026-06-28T18:02:11,outgoing,CallResult,81,0.000
1782666139.072,2026-06-28T18:02:19,incoming,MeterValues,878,0.000
1782666139.075,2026-06-28T18:02:19,incoming,MeterValues,0,0.451
1782666139.076,2026-06-28T18:02:19,outgoing,CallResult,45,0.000
1782666141.616,2026-06-28T18:02:21,incoming,Heartbeat,57,0.000
1782666141.617,2026-06-28T18:02:21,outgoing,CallResult,81,0.000
1782666149.106,2026-06-28T18:02:29,incoming,MeterValues,878,0.000
1782666149.109,2026-06-28T18:02:29,incoming,MeterValues,0,0.287
1782666149.110,2026-06-28T18:02:29,outgoing,CallResult,45,0.000
1782666151.821,2026-06-28T18:02:31,incoming,Heartbeat,57,0.000
1782666151.822,2026-06-28T18:02:31,outgoing,CallResult,81,0.000
1782666159.558,2026-06-28T18:02:39,incoming,MeterValues,875,0.000
1782666159.560,2026-06-28T18:02:39,incoming,MeterValues,0,0.237
1782666159.560,2026-06-28T18:02:39,outgoing,CallResult,45,0.000
1782666161.890,2026-06-28T18:02:41,incoming,Heartbeat,57,0.000
1782666161.891,2026-06-28T18:02:41,outgoing,CallResult,81,0.000
1782666169.591,2026-06-28T18:02:49,incoming,MeterValues,868,0.000
1782666169.593,2026-06-28T18:02:49,incoming,MeterValues,0,0.419
1782666169.594,2026-06-28T18:02:49,outgoing,CallResult,45,0.000
1782666172.024,2026-06-28T18:02:52,incoming,Heartbeat,57,0.000
1782666172.029,2026-06-28T18:02:52,outgoing,CallResult,81,0.000
1782666179.775,2026-06-28T18:02:59,incoming,MeterValues,871,0.000
1782666179.777,2026-06-28T18:02:59,incoming,MeterValues,0,0.279
1782666179.778,2026-06-28T18:02:59,outgoing,CallResult,45,0.000
1782666182.141,2026-06-28T18:03:02,incoming,Heartbeat,57,0.000
1782666182.142,2026-06-28T18:03:02,outgoing,CallResult,81,0.000
1782666189.920,2026-06-28T18:03:09,incoming,MeterValues,878,0.000
1782666189.922,2026-06-28T18:03:09,incoming,MeterValues,0,0.266
1782666189.923,2026-06-28T18:03:09,outgoing,CallResult,45,0.000
1782666192.286,2026-06-28T18:03:12,incoming,Heartbeat,57,0.000
1782666192.287,2026-06-28T18:03:12,outgoing,CallResult,81,0.000
1782666199.952,2026-06-28T18:03:19,incoming,MeterValues,868,0.000
1782666199.954,2026-06-28T18:03:19,incoming,MeterValues,0,0.284
1782666199.955,2026-06-28T18:03:19,outgoing,CallResult,45,0.000
1782666202.302,2026-06-28T18:03:22,incoming,Heartbeat,57,0.000
1782666202.303,2026-06-28T18:03:22,outgoing,CallResult,81,0.000
1782666210.272,2026-06-28T18:03:30,incoming,MeterValues,868,0.000
1782666210.275,2026-06-28T18:03:30,incoming,MeterValues,0,0.299
1782666210.275,2026-06-28T18:03:30,outgoing,CallResult,45,0.000
1782666212.313,2026-06-28T18:03:32,incoming,Heartbeat,57,0.000
1782666212.314,2026-06-28T18:03:32,outgoing,CallResult,81,0.000
1782666220.418,2026-06-28T18:03:40,incoming,MeterValues,868,0.000
1782666220.421,2026-06-28T18:03:40,incoming,MeterValues,0,0.280
1782666220.421,2026-06-28T18:03:40,outgoing,CallResult,45,0.000
1782666222.430,2026-06-28T18:03:42,incoming,Heartbeat,57,0.000
1782666222.431,2026-06-28T18:03:42,outgoing,CallResult,81,0.000
1782666230.523,2026-06-28T18:03:50,incoming,MeterValues,868,0.000
1782666230.525,2026-06-28T18:03:50,incoming,MeterValues,0,0.296
1782666230.526,2026-06-28T18:03:50,outgoing,CallResult,45,0.000
1782666232.550,2026-06-28T18:03:52,incoming,Heartbeat,57,0.000
1782666232.551,2026-06-28T18:03:52,outgoing,CallResult,81,0.000
1782666240.683,2026-06-28T18:04:00,incoming,MeterValues,868,0.000
1782666240.686,2026-06-28T18:04:00,incoming,MeterValues,0,0.286
1782666240.686,2026-06-28T18:04:00,outgoing,CallResult,45,0.000
1782666242.674,2026-06-28T18:04:02,incoming,Heartbeat,57,0.000
1782666242.675,2026-06-28T18:04:02,outgoing,CallResult,81,0.000
1782666250.741,2026-06-28T18:04:10,incoming,MeterValues,868,0.000
1782666250.744,2026-06-28T18:04:10,incoming,MeterValues,0,0.287
1782666250.744,2026-06-28T18:04:10,outgoing,CallResult,45,0.000
1782666252.817,2026-06-28T18:04:12,incoming,Heartbeat,57,0.000
1782666252.818,2026-06-28T18:04:12,outgoing,CallResult,81,0.000
1782666260.948,2026-06-28T18:04:20,incoming,MeterValues,868,0.000
1782666260.951,2026-06-28T18:04:20,incoming,MeterValues,0,0.282
1782666260.951,2026-06-28T18:04:20,outgoing,CallResult,45,0.000
1782666263.030,2026-06-28T18:04:23,incoming,Heartbeat,57,0.000
1782666263.031,2026-06-28T18:04:23,outgoing,CallResult,81,0.000
1782666271.077,2026-06-28T18:04:31,incoming,MeterValues,868,0.000
1782666271.080,2026-06-28T18:04:31,incoming,MeterValues,0,0.269
1782666271.080,2026-06-28T18:04:31,outgoing,CallResult,45,0.000
1782666273.093,2026-06-28T18:04:33,incoming,Heartbeat,57,0.000
1782666273.095,2026-06-28T18:04:33,outgoing,CallResult,81,0.000
1782666281.113,2026-06-28T18:04:41,incoming,MeterValues,882,0.000
1782666281.115,2026-06-28T18:04:41,incoming,MeterValues,0,0.398
1782666281.116,2026-06-28T18:04:41,outgoing,CallResult,45,0.000
1782666283.196,2026-06-28T18:04:43,incoming,Heartbeat,57,0.000
1782666283.198,2026-06-28T18:04:43,outgoing,CallResult,81,0.000
1782666291.226,2026-06-28T18:04:51,incoming,MeterValues,882,0.000
1782666291.229,2026-06-28T18:04:51,incoming,MeterValues,0,0.277
1782666291.229,2026-06-28T18:04:51,outgoing,CallResult,45,0.000
1782666293.213,2026-06-28T18:04:53,incoming,Heartbeat,57,0.000
1782666293.214,2026-06-28T18:04:53,outgoing,CallResult,81,0.000
1782666301.329,2026-06-28T18:05:01,incoming,MeterValues,880,0.000
1782666301.332,2026-06-28T18:05:01,incoming,MeterValues,0,0.292
1782666301.332,2026-06-28T18:05:01,outgoing,CallResult,45,0.000
1782666303.334,2026-06-28T18:05:03,incoming,Heartbeat,57,0.000
1782666303.335,2026-06-28T18:05:03,outgoing,CallResult,81,0.000
1782666311.509,2026-06-28T18:05:11,incoming,MeterValues,882,0.000
1782666311.512,2026-06-28T18:05:11,incoming,MeterValues,0,0.295
1782666311.512,2026-06-28T18:05:11,outgoing,CallResult,45,0.000
1782666313.868,2026-06-28T18:05:13,incoming,Heartbeat,57,0.000
1782666313.869,2026-06-28T18:05:13,outgoing,CallResult,81,0.000
1782666321.603,2026-06-28T18:05:21,incoming,MeterValues,882,0.000
1782666321.606,2026-06-28T18:05:21,incoming,MeterValues,0,0.298
1782666321.606,2026-06-28T18:05:21,outgoing,CallResult,45,0.000
1782666323.997,2026-06-28T18:05:23,incoming,Heartbeat,57,0.000
1782666323.998,2026-06-28T18:05:23,outgoing,CallResult,81,0.000
1782666331.705,2026-06-28T18:05:31,incoming,MeterValues,882,0.000
1782666331.708,2026-06-28T18:05:31,incoming,MeterValues,0,0.294
1782666331.708,2026-06-28T18:05:31,outgoing,CallResult,45,0.000
1782666334.102,2026-06-28T18:05:34,incoming,Heartbeat,57,0.000
1782666334.104,2026-06-28T18:05:34,outgoing,CallResult,81,0.000
1782666341.907,2026-06-28T18:05:41,incoming,MeterValues,882,0.000
1782666341.909,2026-06-28T18:05:41,incoming,MeterValues,0,0.276
1782666341.910,2026-06-28T18:05:41,outgoing,CallResult,45,0.000
1782666344.276,2026-06-28T18:05:44,incoming,Heartbeat,57,0.000
1782666344.277,2026-06-28T18:05:44,outgoing,CallResult,81,0.000
1782666352.022,2026-06-28T18:05:52,incoming,MeterValues,882,0.000
1782666352.025,2026-06-28T18:05:52,incoming,MeterValues,0,0.277
1782666352.025,2026-06-28T18:05:52,outgoing,CallResult,45,0.000
1782666354.432,2026-06-28T18:05:54,incoming,Heartbeat,57,0.000
1782666354.433,2026-06-28T18:05:54,outgoing,CallResult,81,0.000
1782666362.134,2026-06-28T18:06:02,incoming,MeterValues,882,0.000
1782666362.136,2026-06-28T18:06:02,incoming,MeterValues,0,0.313
1782666362.138,2026-06-28T18:06:02,outgoing,CallResult,45,0.000
1782666364.542,2026-06-28T18:06:04,incoming,Heartbeat,57,0.000
1782666364.543,2026-06-28T18:06:04,outgoing,CallResult,81,0.000
1782666372.204,2026-06-28T18:06:12,incoming,MeterValues,882,0.000
1782666372.207,2026-06-28T18:06:12,incoming,MeterValues,0,0.280
1782666372.207,2026-06-28T18:06:12,outgoing,CallResult,45,0.000
1782666374.555,2026-06-28T18:06:14,incoming,Heartbeat,57,0.000
1782666374.557,2026-06-28T18:06:14,outgoing,CallResult,81,0.000
1782666382.328,2026-06-28T18:06:22,incoming,MeterValues,882,0.000
1782666382.330,2026-06-28T18:06:22,incoming,MeterValues,0,0.297
1782666382.331,2026-06-28T18:06:22,outgoing,CallResult,45,0.000
1782666384.766,2026-06-28T18:06:24,incoming,Heartbeat,57,0.000
1782666384.767,2026-06-28T18:06:24,outgoing,CallResult,81,0.000
1782666392.459,2026-06-28T18:06:32,incoming,MeterValues,882,0.000
1782666392.461,2026-06-28T18:06:32,incoming,MeterValues,0,0.290
1782666392.462,2026-06-28T18:06:32,outgoing,CallResult,45,0.000
1782666394.834,2026-06-28T18:06:34,incoming,Heartbeat,57,0.000
1782666394.835,2026-06-28T18:06:34,outgoing,CallResult,81,0.000
1782666402.494,2026-06-28T18:06:42,incoming,MeterValues,882,0.000
1782666402.497,2026-06-28T18:06:42,incoming,MeterValues,0,0.301
1782666402.497,2026-06-28T18:06:42,outgoing,CallResult,45,0.000
1782666404.906,2026-06-28T18:06:44,incoming,Heartbeat,57,0.000
1782666404.908,2026-06-28T18:06:44,outgoing,CallResult,81,0.000
1782666412.639,2026-06-28T18:06:52,incoming,MeterValues,882,0.000
1782666412.641,2026-06-28T18:06:52,incoming,MeterValues,0,0.298
1782666412.642,2026-06-28T18:06:52,outgoing,CallResult,45,0.000
1782666415.034,2026-06-28T18:06:55,incoming,Heartbeat,57,0.000
1782666415.035,2026-06-28T18:06:55,outgoing,CallResult,81,0.000
1782666422.732,2026-06-28T18:07:02,incoming,MeterValues,882,0.000
1782666422.734,2026-06-28T18:07:02,incoming,MeterValues,0,0.297
1782666422.735,2026-06-28T18:07:02,outgoing,CallResult,45,0.000
1782666425.122,2026-06-28T18:07:05,incoming,Heartbeat,57,0.000
1782666425.123,2026-06-28T18:07:05,outgoing,CallResult,81,0.000
1782666432.864,2026-06-28T18:07:12,incoming,MeterValues,882,0.000
1782666432.867,2026-06-28T18:07:12,incoming,MeterValues,0,0.284
1782666432.867,2026-06-28T18:07:12,outgoing,CallResult,45,0.000
1782666435.268,2026-06-28T18:07:15,incoming,Heartbeat,57,0.000
1782666435.269,2026-06-28T18:07:15,outgoing,CallResult,81,0.000
1782666442.907,2026-06-28T18:07:22,incoming,MeterValues,882,0.000
1782666442.909,2026-06-28T18:07:22,incoming,MeterValues,0,0.282
1782666442.910,2026-06-28T18:07:22,outgoing,CallResult,45,0.000
1782666445.390,2026-06-28T18:07:25,incoming,Heartbeat,57,0.000
1782666445.392,2026-06-28T18:07:25,outgoing,CallResult,81,0.000
1782666453.056,2026-06-28T18:07:33,incoming,MeterValues,882,0.000
1782666453.058,2026-06-28T18:07:33,incoming,MeterValues,0,0.229
1782666453.059,2026-06-28T18:07:33,outgoing,CallResult,45,0.000
1782666455.841,2026-06-28T18:07:35,incoming,Heartbeat,57,0.000
1782666455.842,2026-06-28T18:07:35,outgoing,CallResult,81,0.000
1782666463.134,2026-06-28T18:07:43,incoming,MeterValues,882,0.000
1782666463.137,2026-06-28T18:07:43,incoming,MeterValues,0,0.285
1782666463.137,2026-06-28T18:07:43,outgoing,CallResult,45,0.000
1782666465.933,2026-06-28T18:07:45,incoming,Heartbeat,57,0.000
1782666465.934,2026-06-28T18:07:45,outgoing,CallResult,81,0.000
1782666473.298,2026-06-28T18:07:53,incoming,MeterValues,882,0.000
1782666473.300,2026-06-28T18:07:53,incoming,MeterValues,0,0.292
1782666473.301,2026-06-28T18:07:53,outgoing,CallResult,45,0.000
1782666476.034,2026-06-28T18:07:56,incoming,Heartbeat,57,0.000
1782666476.035,2026-06-28T18:07:56,outgoing,CallResult,81,0.000
1782666483.782,2026-06-28T18:08:03,incoming,MeterValues,882,0.000
1782666483.785,2026-06-28T18:08:03,incoming,MeterValues,0,0.286
1782666483.785,2026-06-28T18:08:03,outgoing,CallResult,45,0.000
1782666486.190,2026-06-28T18:08:06,incoming,Heartbeat,57,0.000
1782666486.192,2026-06-28T18:08:06,outgoing,CallResult,81,0.000
1782666493.910,2026-06-28T18:08:13,incoming,MeterValues,882,0.000
1782666493.912,2026-06-28T18:08:13,incoming,MeterValues,0,0.269
1782666493.913,2026-06-28T18:08:13,outgoing,CallResult,45,0.000
1782666496.262,2026-06-28T18:08:16,incoming,Heartbeat,57,0.000
1782666496.264,2026-06-28T18:08:16,outgoing,CallResult,81,0.000
1782666504.055,2026-06-28T18:08:24,incoming,MeterValues,882,0.000
1782666504.058,2026-06-28T18:08:24,incoming,MeterValues,0,0.281
1782666504.058,2026-06-28T18:08:24,outgoing,CallResult,45,0.000
1782666506.408,2026-06-28T18:08:26,incoming,Heartbeat,57,0.000
1782666506.409,2026-06-28T18:08:26,outgoing,CallResult,81,0.000
1782666514.087,2026-06-28T18:08:34,incoming,MeterValues,882,0.000
1782666514.090,2026-06-28T18:08:34,incoming,MeterValues,0,0.290
1782666514.090,2026-06-28T18:08:34,outgoing,CallResult,45,0.000
1782666516.477,2026-06-28T18:08:36,incoming,Heartbeat,57,0.000
1782666516.478,2026-06-28T18:08:36,outgoing,CallResult,81,0.000
1782666524.118,2026-06-28T18:08:44,incoming,MeterValues,882,0.000
1782666524.121,2026-06-28T18:08:44,incoming,MeterValues,0,0.290
1782666524.121,2026-06-28T18:08:44,outgoing,CallResult,45,0.000
1782666526.519,2026-06-28T18:08:46,incoming,Heartbeat,57,0.000
1782666526.520,2026-06-28T18:08:46,outgoing,CallResult,81,0.000
1782666534.191,2026-06-28T18:08:54,incoming,MeterValues,882,0.000
1782666534.194,2026-06-28T18:08:54,incoming,MeterValues,0,0.283
1782666534.194,2026-06-28T18:08:54,outgoing,CallResult,45,0.000
1782666536.616,2026-06-28T18:08:56,incoming,Heartbeat,57,0.000
1782666536.617,2026-06-28T18:08:56,outgoing,CallResult,81,0.000
1782666544.230,2026-06-28T18:09:04,incoming,MeterValues,882,0.000
1782666544.232,2026-06-28T18:09:04,incoming,MeterValues,0,0.224
1782666544.232,2026-06-28T18:09:04,outgoing,CallResult,45,0.000
1782666547.086,2026-06-28T18:09:07,incoming,Heartbeat,57,0.000
1782666547.089,2026-06-28T18:09:07,outgoing,CallResult,81,0.000
1782666554.357,2026-06-28T18:09:14,incoming,MeterValues,882,0.000
1782666554.360,2026-06-28T18:09:14,incoming,MeterValues,0,0.296
1782666554.360,2026-06-28T18:09:14,outgoing,CallResult,45,0.000
1782666557.208,2026-06-28T18:09:17,incoming,Heartbeat,57,0.000
1782666557.210,2026-06-28T18:09:17,outgoing,CallResult,81,0.000
1782666564.447,2026-06-28T18:09:24,incoming,MeterValues,882,0.000
1782666564.450,2026-06-28T18:09:24,incoming,MeterValues,0,0.284
1782666564.450,2026-06-28T18:09:24,outgoing,CallResult,45,0.000
1782666567.329,2026-06-28T18:09:27,incoming,Heartbeat,57,0.000
1782666567.330,2026-06-28T18:09:27,outgoing,CallResult,81,0.000
1782666574.554,2026-06-28T18:09:34,incoming,MeterValues,882,0.000
1782666574.556,2026-06-28T18:09:34,incoming,MeterValues,0,0.298
1782666574.557,2026-06-28T18:09:34,outgoing,CallResult,45,0.000
1782666577.376,2026-06-28T18:09:37,incoming,Heartbeat,57,0.000
1782666577.377,2026-06-28T18:09:37,outgoing,CallResult,81,0.000
1782666584.631,2026-06-28T18:09:44,incoming,MeterValues,882,0.000
1782666584.634,2026-06-28T18:09:44,incoming,MeterValues,0,0.294
1782666584.634,2026-06-28T18:09:44,outgoing,CallResult,45,0.000
1782666587.491,2026-06-28T18:09:47,incoming,Heartbeat,57,0.000
1782666587.492,2026-06-28T18:09:47,outgoing,CallResult,81,0.000
1782666594.761,2026-06-28T18:09:54,incoming,MeterValues,882,0.000
1782666594.763,2026-06-28T18:09:54,incoming,MeterValues,0,0.341
1782666594.764,2026-06-28T18:09:54,outgoing,CallResult,45,0.000
1782666597.504,2026-06-28T18:09:57,incoming,Heartbeat,57,0.000
1782666597.505,2026-06-28T18:09:57,outgoing,CallResult,81,0.000
1782666605.007,2026-06-28T18:10:05,incoming,MeterValues,882,0.000
1782666605.009,2026-06-28T18:10:05,incoming,MeterValues,0,0.339
1782666605.010,2026-06-28T18:10:05,outgoing,CallResult,45,0.000
1782666607.518,2026-06-28T18:10:07,incoming,Heartbeat,57,0.000
1782666607.519,2026-06-28T18:10:07,outgoing,CallResult,81,0.000
1782666615.154,2026-06-28T18:10:15,incoming,MeterValues,882,0.000
1782666615.156,2026-06-28T18:10:15,incoming,MeterValues,0,0.305
1782666615.157,2026-06-28T18:10:15,outgoing,CallResult,45,0.000
1782666617.561,2026-06-28T18:10:17,incoming,Heartbeat,57,0.000
1782666617.562,2026-06-28T18:10:17,outgoing,CallResult,81,0.000
1782666625.228,2026-06-28T18:10:25,incoming,MeterValues,882,0.000
1782666625.230,2026-06-28T18:10:25,incoming,MeterValues,0,0.306
1782666625.231,2026-06-28T18:10:25,outgoing,CallResult,45,0.000
1782666627.589,2026-06-28T18:10:27,incoming,Heartbeat,57,0.000
1782666627.590,2026-06-28T18:10:27,outgoing,CallResult,81,0.000
1782666635.282,2026-06-28T18:10:35,incoming,MeterValues,882,0.000
1782666635.284,2026-06-28T18:10:35,incoming,MeterValues,0,0.304
1782666635.285,2026-06-28T18:10:35,outgoing,CallResult,45,0.000
1782666637.657,2026-06-28T18:10:37,incoming,Heartbeat,57,0.000
1782666637.658,2026-06-28T18:10:37,outgoing,CallResult,81,0.000
1782666645.385,2026-06-28T18:10:45,incoming,MeterValues,882,0.000
1782666645.388,2026-06-28T18:10:45,incoming,MeterValues,0,0.455
1782666645.388,2026-06-28T18:10:45,outgoing,CallResult,45,0.000
1782666647.736,2026-06-28T18:10:47,incoming,Heartbeat,57,0.000
1782666647.737,2026-06-28T18:10:47,outgoing,CallResult,81,0.000
1782666655.841,2026-06-28T18:10:55,incoming,MeterValues,882,0.000
1782666655.843,2026-06-28T18:10:55,incoming,MeterValues,0,0.428
1782666655.844,2026-06-28T18:10:55,outgoing,CallResult,45,0.000
1782666657.834,2026-06-28T18:10:57,incoming,Heartbeat,57,0.000
1782666657.835,2026-06-28T18:10:57,outgoing,CallResult,81,0.000
1782666665.910,2026-06-28T18:11:05,incoming,MeterValues,882,0.000
1782666665.912,2026-06-28T18:11:05,incoming,MeterValues,0,0.266
1782666665.913,2026-06-28T18:11:05,outgoing,CallResult,45,0.000
1782666667.845,2026-06-28T18:11:07,incoming,Heartbeat,57,0.000
1782666667.846,2026-06-28T18:11:07,outgoing,CallResult,81,0.000
1782666675.945,2026-06-28T18:11:15,incoming,MeterValues,882,0.000
1782666675.948,2026-06-28T18:11:15,incoming,MeterValues,0,0.306
1782666675.949,2026-06-28T18:11:15,outgoing,CallResult,45,0.000
1782666677.970,2026-06-28T18:11:17,incoming,Heartbeat,57,0.000
1782666677.972,2026-06-28T18:11:17,outgoing,CallResult,81,0.000
1782666686.017,2026-06-28T18:11:26,incoming,MeterValues,882,0.000
1782666686.020,2026-06-28T18:11:26,incoming,MeterValues,0,0.407
1782666686.020,2026-06-28T18:11:26,outgoing,CallResult,45,0.000
1782666688.086,2026-06-28T18:11:28,incoming,Heartbeat,57,0.000
1782666688.087,2026-06-28T18:11:28,outgoing,CallResult,81,0.000
1782666696.082,2026-06-28T18:11:36,incoming,MeterValues,882,0.000
1782666696.085,2026-06-28T18:11:36,incoming,MeterValues,0,0.344
1782666696.085,2026-06-28T18:11:36,outgoing,CallResult,45,0.000
1782666698.154,2026-06-28T18:11:38,incoming,Heartbeat,57,0.000
1782666698.156,2026-06-28T18:11:38,outgoing,CallResult,81,0.000
1782666706.205,2026-06-28T18:11:46,incoming,MeterValues,882,0.000
1782666706.207,2026-06-28T18:11:46,incoming,MeterValues,0,0.402
1782666706.208,2026-06-28T18:11:46,outgoing,CallResult,45,0.000
1782666708.320,2026-06-28T18:11:48,incoming,Heartbeat,57,0.000
1782666708.322,2026-06-28T18:11:48,outgoing,CallResult,81,0.000
1782666716.450,2026-06-28T18:11:56,incoming,MeterValues,882,0.000
1782666716.452,2026-06-28T18:11:56,incoming,MeterValues,0,0.410
1782666716.453,2026-06-28T18:11:56,outgoing,CallResult,45,0.000
1782666718.839,2026-06-28T18:11:58,incoming,Heartbeat,57,0.000
1782666718.840,2026-06-28T18:11:58,outgoing,CallResult,81,0.000
1782666726.520,2026-06-28T18:12:06,incoming,MeterValues,882,0.000
1782666726.523,2026-06-28T18:12:06,incoming,MeterValues,0,0.294
1782666726.523,2026-06-28T18:12:06,outgoing,CallResult,45,0.000
1782666728.855,2026-06-28T18:12:08,incoming,Heartbeat,57,0.000
1782666728.856,2026-06-28T18:12:08,outgoing,CallResult,81,0.000
1782666736.575,2026-06-28T18:12:16,incoming,MeterValues,882,0.000
1782666736.578,2026-06-28T18:12:16,incoming,MeterValues,0,0.287
1782666736.578,2026-06-28T18:12:16,outgoing,CallResult,45,0.000
1782666739.008,2026-06-28T18:12:19,incoming,Heartbeat,57,0.000
1782666739.009,2026-06-28T18:12:19,outgoing,CallResult,81,0.000
1782666746.648,2026-06-28T18:12:26,incoming,MeterValues,882,0.000
1782666746.651,2026-06-28T18:12:26,incoming,MeterValues,0,0.282
1782666746.651,2026-06-28T18:12:26,outgoing,CallResult,45,0.000
1782666749.038,2026-06-28T18:12:29,incoming,Heartbeat,57,0.000
1782666749.039,2026-06-28T18:12:29,outgoing,CallResult,81,0.000
1782666756.720,2026-06-28T18:12:36,incoming,MeterValues,882,0.000
1782666756.723,2026-06-28T18:12:36,incoming,MeterValues,0,0.328
1782666756.724,2026-06-28T18:12:36,outgoing,CallResult,45,0.000
1782666759.127,2026-06-28T18:12:39,incoming,Heartbeat,57,0.000
1782666759.128,2026-06-28T18:12:39,outgoing,CallResult,81,0.000
1782666766.788,2026-06-28T18:12:46,incoming,MeterValues,880,0.000
1782666766.790,2026-06-28T18:12:46,incoming,MeterValues,0,0.449
1782666766.791,2026-06-28T18:12:46,outgoing,CallResult,45,0.000
1782666769.157,2026-06-28T18:12:49,incoming,Heartbeat,57,0.000
1782666769.158,2026-06-28T18:12:49,outgoing,CallResult,81,0.000
1782666776.909,2026-06-28T18:12:56,incoming,MeterValues,880,0.000
1782666776.912,2026-06-28T18:12:56,incoming,MeterValues,0,0.282
1782666776.912,2026-06-28T18:12:56,outgoing,CallResult,45,0.000
1782666779.278,2026-06-28T18:12:59,incoming,Heartbeat,57,0.000
1782666779.279,2026-06-28T18:12:59,outgoing,CallResult,81,0.000
1782666786.958,2026-06-28T18:13:06,incoming,MeterValues,879,0.000
1782666786.960,2026-06-28T18:13:06,incoming,MeterValues,0,0.324
1782666786.961,2026-06-28T18:13:06,outgoing,CallResult,45,0.000
1782666789.362,2026-06-28T18:13:09,incoming,Heartbeat,57,0.000
1782666789.363,2026-06-28T18:13:09,outgoing,CallResult,81,0.000
1782666797.061,2026-06-28T18:13:17,incoming,MeterValues,880,0.000
1782666797.064,2026-06-28T18:13:17,incoming,MeterValues,0,0.408
1782666797.065,2026-06-28T18:13:17,outgoing,CallResult,45,0.000
1782666799.453,2026-06-28T18:13:19,incoming,Heartbeat,57,0.000
1782666799.455,2026-06-28T18:13:19,outgoing,CallResult,81,0.000
1782666807.093,2026-06-28T18:13:27,incoming,MeterValues,889,0.000
1782666807.096,2026-06-28T18:13:27,incoming,MeterValues,0,0.396
1782666807.096,2026-06-28T18:13:27,outgoing,CallResult,45,0.000
1782666809.465,2026-06-28T18:13:29,incoming,Heartbeat,57,0.000
1782666809.466,2026-06-28T18:13:29,outgoing,CallResult,81,0.000
1782666817.132,2026-06-28T18:13:37,incoming,MeterValues,880,0.000
1782666817.135,2026-06-28T18:13:37,incoming,MeterValues,0,0.415
1782666817.135,2026-06-28T18:13:37,outgoing,CallResult,45,0.000
1782666819.554,2026-06-28T18:13:39,incoming,Heartbeat,57,0.000
1782666819.556,2026-06-28T18:13:39,outgoing,CallResult,81,0.000
1782666827.290,2026-06-28T18:13:47,incoming,MeterValues,880,0.000
1782666827.293,2026-06-28T18:13:47,incoming,MeterValues,0,0.408
1782666827.294,2026-06-28T18:13:47,outgoing,CallResult,45,0.000
1782666829.676,2026-06-28T18:13:49,incoming,Heartbeat,57,0.000
1782666829.677,2026-06-28T18:13:49,outgoing,CallResult,81,0.000
1782666837.382,2026-06-28T18:13:57,incoming,MeterValues,880,0.000
1782666837.385,2026-06-28T18:13:57,incoming,MeterValues,0,0.404
1782666837.385,2026-06-28T18:13:57,outgoing,CallResult,45,0.000
1782666839.821,2026-06-28T18:13:59,incoming,Heartbeat,57,0.000
1782666839.822,2026-06-28T18:13:59,outgoing,CallResult,81,0.000
1782666847.484,2026-06-28T18:14:07,incoming,MeterValues,881,0.000
1782666847.486,2026-06-28T18:14:07,incoming,MeterValues,0,0.311
1782666847.487,2026-06-28T18:14:07,outgoing,CallResult,45,0.000
1782666849.922,2026-06-28T18:14:09,incoming,Heartbeat,57,0.000
1782666849.924,2026-06-28T18:14:09,outgoing,CallResult,81,0.000
1782666857.615,2026-06-28T18:14:17,incoming,MeterValues,878,0.000
1782666857.617,2026-06-28T18:14:17,incoming,MeterValues,0,0.305
1782666857.618,2026-06-28T18:14:17,outgoing,CallResult,45,0.000
1782666859.988,2026-06-28T18:14:19,incoming,Heartbeat,57,0.000
1782666859.989,2026-06-28T18:14:19,outgoing,CallResult,81,0.000
1782666867.660,2026-06-28T18:14:27,incoming,MeterValues,875,0.000
1782666867.663,2026-06-28T18:14:27,incoming,MeterValues,0,0.281
1782666867.663,2026-06-28T18:14:27,outgoing,CallResult,45,0.000
1782666870.113,2026-06-28T18:14:30,incoming,Heartbeat,57,0.000
1782666870.114,2026-06-28T18:14:30,outgoing,CallResult,81,0.000
1782666877.719,2026-06-28T18:14:37,incoming,MeterValues,880,0.000
1782666877.721,2026-06-28T18:14:37,incoming,MeterValues,0,0.341
1782666877.722,2026-06-28T18:14:37,outgoing,CallResult,45,0.000
1782666880.580,2026-06-28T18:14:40,incoming,Heartbeat,57,0.000
1782666880.581,2026-06-28T18:14:40,outgoing,CallResult,81,0.000
1782666887.820,2026-06-28T18:14:47,incoming,MeterValues,875,0.000
1782666887.823,2026-06-28T18:14:47,incoming,MeterValues,0,0.297
1782666887.823,2026-06-28T18:14:47,outgoing,CallResult,45,0.000
1782666890.633,2026-06-28T18:14:50,incoming,Heartbeat,57,0.000
1782666890.634,2026-06-28T18:14:50,outgoing,CallResult,81,0.000
1782666897.890,2026-06-28T18:14:57,incoming,MeterValues,868,0.000
1782666897.892,2026-06-28T18:14:57,incoming,MeterValues,0,0.281
1782666897.893,2026-06-28T18:14:57,outgoing,CallResult,45,0.000
1782666900.730,2026-06-28T18:15:00,incoming,Heartbeat,57,0.000
1782666900.731,2026-06-28T18:15:00,outgoing,CallResult,81,0.000
1782666907.957,2026-06-28T18:15:07,incoming,MeterValues,868,0.000
1782666907.960,2026-06-28T18:15:07,incoming,MeterValues,0,0.369
1782666907.961,2026-06-28T18:15:07,outgoing,CallResult,45,0.000
1782666910.745,2026-06-28T18:15:10,incoming,Heartbeat,57,0.000
1782666910.747,2026-06-28T18:15:10,outgoing,CallResult,81,0.000
1782666918.017,2026-06-28T18:15:18,incoming,MeterValues,878,0.000
1782666918.020,2026-06-28T18:15:18,incoming,MeterValues,0,0.289
1782666918.020,2026-06-28T18:15:18,outgoing,CallResult,45,0.000
1782666920.822,2026-06-28T18:15:20,incoming,Heartbeat,57,0.000
1782666920.823,2026-06-28T18:15:20,outgoing,CallResult,81,0.000
1782666928.100,2026-06-28T18:15:28,incoming,MeterValues,877,0.000
1782666928.103,2026-06-28T18:15:28,incoming,MeterValues,0,0.288
1782666928.103,2026-06-28T18:15:28,outgoing,CallResult,45,0.000
1782666930.858,2026-06-28T18:15:30,incoming,Heartbeat,57,0.000
1782666930.859,2026-06-28T18:15:30,outgoing,CallResult,81,0.000
1782666938.177,2026-06-28T18:15:38,incoming,MeterValues,867,0.000
1782666938.179,2026-06-28T18:15:38,incoming,MeterValues,0,0.273
1782666938.180,2026-06-28T18:15:38,outgoing,CallResult,45,0.000
1782666940.874,2026-06-28T18:15:40,incoming,Heartbeat,57,0.000
1782666940.875,2026-06-28T18:15:40,outgoing,CallResult,81,0.000
1782666948.257,2026-06-28T18:15:48,incoming,MeterValues,879,0.000
1782666948.260,2026-06-28T18:15:48,incoming,MeterValues,0,0.276
1782666948.260,2026-06-28T18:15:48,outgoing,CallResult,45,0.000
1782666951.028,2026-06-28T18:15:51,incoming,Heartbeat,57,0.000
1782666951.029,2026-06-28T18:15:51,outgoing,CallResult,81,0.000
1782666958.312,2026-06-28T18:15:58,incoming,MeterValues,879,0.000
1782666958.315,2026-06-28T18:15:58,incoming,MeterValues,0,0.278
1782666958.315,2026-06-28T18:15:58,outgoing,CallResult,45,0.000
1782666961.112,2026-06-28T18:16:01,incoming,Heartbeat,57,0.000
1782666961.113,2026-06-28T18:16:01,outgoing,CallResult,81,0.000
1782666968.381,2026-06-28T18:16:08,incoming,MeterValues,878,0.000
1782666968.383,2026-06-28T18:16:08,incoming,MeterValues,0,0.288
1782666968.384,2026-06-28T18:16:08,outgoing,CallResult,45,0.000
1782666971.173,2026-06-28T18:16:11,incoming,Heartbeat,57,0.000
1782666971.175,2026-06-28T18:16:11,outgoing,CallResult,81,0.000
1782666978.500,2026-06-28T18:16:18,incoming,MeterValues,880,0.000
1782666978.502,2026-06-28T18:16:18,incoming,MeterValues,0,0.311
1782666978.503,2026-06-28T18:16:18,outgoing,CallResult,45,0.000
1782666981.308,2026-06-28T18:16:21,incoming,Heartbeat,57,0.000
1782666981.309,2026-06-28T18:16:21,outgoing,CallResult,81,0.000
1782666988.937,2026-06-28T18:16:28,incoming,MeterValues,878,0.000
1782666988.940,2026-06-28T18:16:28,incoming,MeterValues,0,0.340
1782666988.940,2026-06-28T18:16:28,outgoing,CallResult,45,0.000
1782666991.396,2026-06-28T18:16:31,incoming,Heartbeat,57,0.000
1782666991.397,2026-06-28T18:16:31,outgoing,CallResult,81,0.000
1782666999.026,2026-06-28T18:16:39,incoming,MeterValues,868,0.000
1782666999.029,2026-06-28T18:16:39,incoming,MeterValues,0,0.427
1782666999.029,2026-06-28T18:16:39,outgoing,CallResult,45,0.000
1782667001.460,2026-06-28T18:16:41,incoming,Heartbeat,57,0.000
1782667001.461,2026-06-28T18:16:41,outgoing,CallResult,81,0.000
1782667009.072,2026-06-28T18:16:49,incoming,MeterValues,868,0.000
1782667009.075,2026-06-28T18:16:49,incoming,MeterValues,0,0.434
1782667009.075,2026-06-28T18:16:49,outgoing,CallResult,45,0.000
1782667011.542,2026-06-28T18:16:51,incoming,Heartbeat,57,0.000
1782667011.544,2026-06-28T18:16:51,outgoing,CallResult,81,0.000
1782667019.140,2026-06-28T18:16:59,incoming,MeterValues,878,0.000
1782667019.143,2026-06-28T18:16:59,incoming,MeterValues,0,0.277
1782667019.143,2026-06-28T18:16:59,outgoing,CallResult,45,0.000
1782667021.585,2026-06-28T18:17:01,incoming,Heartbeat,57,0.000
1782667021.586,2026-06-28T18:17:01,outgoing,CallResult,81,0.000
1782667029.196,2026-06-28T18:17:09,incoming,MeterValues,878,0.000
1782667029.199,2026-06-28T18:17:09,incoming,MeterValues,0,0.267
1782667029.199,2026-06-28T18:17:09,outgoing,CallResult,45,0.000
1782667031.648,2026-06-28T18:17:11,incoming,Heartbeat,57,0.000
1782667031.649,2026-06-28T18:17:11,outgoing,CallResult,81,0.000
1782667039.302,2026-06-28T18:17:19,incoming,MeterValues,868,0.000
1782667039.305,2026-06-28T18:17:19,incoming,MeterValues,0,0.285
1782667039.305,2026-06-28T18:17:19,outgoing,CallResult,45,0.000
1782667041.694,2026-06-28T18:17:21,incoming,Heartbeat,57,0.000
1782667041.695,2026-06-28T18:17:21,outgoing,CallResult,81,0.000
1782667049.385,2026-06-28T18:17:29,incoming,MeterValues,868,0.000
1782667049.388,2026-06-28T18:17:29,incoming,MeterValues,0,0.410
1782667049.388,2026-06-28T18:17:29,outgoing,CallResult,45,0.000
1782667051.732,2026-06-28T18:17:31,incoming,Heartbeat,57,0.000
1782667051.733,2026-06-28T18:17:31,outgoing,CallResult,81,0.000
1782667059.852,2026-06-28T18:17:39,incoming,MeterValues,878,0.000
1782667059.855,2026-06-28T18:17:39,incoming,MeterValues,0,0.419
1782667059.855,2026-06-28T18:17:39,outgoing,CallResult,45,0.000
1782667061.849,2026-06-28T18:17:41,incoming,Heartbeat,57,0.000
1782667061.851,2026-06-28T18:17:41,outgoing,CallResult,81,0.000
1782667069.973,2026-06-28T18:17:49,incoming,MeterValues,877,0.000
1782667069.975,2026-06-28T18:17:49,incoming,MeterValues,0,0.274
1782667069.976,2026-06-28T18:17:49,outgoing,CallResult,45,0.000
1782667071.929,2026-06-28T18:17:51,incoming,Heartbeat,57,0.000
1782667071.931,2026-06-28T18:17:51,outgoing,CallResult,81,0.000
1782667080.021,2026-06-28T18:18:00,incoming,MeterValues,878,0.000
1782667080.024,2026-06-28T18:18:00,incoming,MeterValues,0,0.418
1782667080.025,2026-06-28T18:18:00,outgoing,CallResult,45,0.000
1782667081.967,2026-06-28T18:18:01,incoming,Heartbeat,57,0.000
1782667081.968,2026-06-28T18:18:01,outgoing,CallResult,81,0.000
1782667090.079,2026-06-28T18:18:10,incoming,MeterValues,880,0.000
1782667090.081,2026-06-28T18:18:10,incoming,MeterValues,0,0.337
1782667090.081,2026-06-28T18:18:10,outgoing,CallResult,45,0.000
1782667092.077,2026-06-28T18:18:12,incoming,Heartbeat,57,0.000
1782667092.079,2026-06-28T18:18:12,outgoing,CallResult,81,0.000
1782667100.170,2026-06-28T18:18:20,incoming,MeterValues,878,0.000
1782667100.173,2026-06-28T18:18:20,incoming,MeterValues,0,0.295
1782667100.173,2026-06-28T18:18:20,outgoing,CallResult,45,0.000
1782667102.185,2026-06-28T18:18:22,incoming,Heartbeat,57,0.000
1782667102.186,2026-06-28T18:18:22,outgoing,CallResult,81,0.000
1782667110.222,2026-06-28T18:18:30,incoming,MeterValues,882,0.000
1782667110.224,2026-06-28T18:18:30,incoming,MeterValues,0,0.418
1782667110.225,2026-06-28T18:18:30,outgoing,CallResult,45,0.000
1782667112.233,2026-06-28T18:18:32,incoming,Heartbeat,57,0.000
1782667112.234,2026-06-28T18:18:32,outgoing,CallResult,81,0.000
1782667120.253,2026-06-28T18:18:40,incoming,MeterValues,878,0.000
1782667120.256,2026-06-28T18:18:40,incoming,MeterValues,0,0.424
1782667120.257,2026-06-28T18:18:40,outgoing,CallResult,45,0.000
1782667122.328,2026-06-28T18:18:42,incoming,Heartbeat,57,0.000
1782667122.330,2026-06-28T18:18:42,outgoing,CallResult,81,0.000
1782667130.307,2026-06-28T18:18:50,incoming,MeterValues,878,0.000
1782667130.309,2026-06-28T18:18:50,incoming,MeterValues,0,0.434
1782667130.310,2026-06-28T18:18:50,outgoing,CallResult,45,0.000
1782667132.397,2026-06-28T18:18:52,incoming,Heartbeat,57,0.000
1782667132.398,2026-06-28T18:18:52,outgoing,CallResult,81,0.000
1782667140.434,2026-06-28T18:19:00,incoming,MeterValues,878,0.000
1782667140.436,2026-06-28T18:19:00,incoming,MeterValues,0,0.309
1782667140.437,2026-06-28T18:19:00,outgoing,CallResult,45,0.000
1782667142.467,2026-06-28T18:19:02,incoming,Heartbeat,57,0.000
1782667142.468,2026-06-28T18:19:02,outgoing,CallResult,81,0.000
1782667150.519,2026-06-28T18:19:10,incoming,MeterValues,878,0.000
1782667150.521,2026-06-28T18:19:10,incoming,MeterValues,0,0.418
1782667150.522,2026-06-28T18:19:10,outgoing,CallResult,45,0.000
1782667152.542,2026-06-28T18:19:12,incoming,Heartbeat,57,0.000
1782667152.543,2026-06-28T18:19:12,outgoing,CallResult,81,0.000
1782667160.601,2026-06-28T18:19:20,incoming,MeterValues,875,0.000
1782667160.604,2026-06-28T18:19:20,incoming,MeterValues,0,0.419
1782667160.604,2026-06-28T18:19:20,outgoing,CallResult,45,0.000
1782667162.692,2026-06-28T18:19:22,incoming,Heartbeat,57,0.000
1782667162.693,2026-06-28T18:19:22,outgoing,CallResult,81,0.000
1782667170.734,2026-06-28T18:19:30,incoming,MeterValues,868,0.000
1782667170.737,2026-06-28T18:19:30,incoming,MeterValues,0,0.332
1782667170.738,2026-06-28T18:19:30,outgoing,CallResult,45,0.000
1782667172.785,2026-06-28T18:19:32,incoming,Heartbeat,57,0.000
1782667172.786,2026-06-28T18:19:32,outgoing,CallResult,81,0.000
1782667180.837,2026-06-28T18:19:40,incoming,MeterValues,871,0.000
1782667180.840,2026-06-28T18:19:40,incoming,MeterValues,0,0.394
1782667180.840,2026-06-28T18:19:40,outgoing,CallResult,45,0.000
1782667182.796,2026-06-28T18:19:42,incoming,Heartbeat,57,0.000
1782667182.797,2026-06-28T18:19:42,outgoing,CallResult,81,0.000
1782667190.911,2026-06-28T18:19:50,incoming,MeterValues,878,0.000
1782667190.913,2026-06-28T18:19:50,incoming,MeterValues,0,0.274
1782667190.914,2026-06-28T18:19:50,outgoing,CallResult,45,0.000
1782667192.813,2026-06-28T18:19:52,incoming,Heartbeat,57,0.000
1782667192.814,2026-06-28T18:19:52,outgoing,CallResult,81,0.000
1782667201.053,2026-06-28T18:20:01,incoming,MeterValues,875,0.000
1782667201.056,2026-06-28T18:20:01,incoming,MeterValues,0,0.403
1782667201.056,2026-06-28T18:20:01,outgoing,CallResult,45,0.000
1782667202.993,2026-06-28T18:20:02,incoming,Heartbeat,57,0.000
1782667202.994,2026-06-28T18:20:02,outgoing,CallResult,81,0.000
1782667211.123,2026-06-28T18:20:11,incoming,MeterValues,868,0.000
1782667211.125,2026-06-28T18:20:11,incoming,MeterValues,0,0.275
1782667211.126,2026-06-28T18:20:11,outgoing,CallResult,45,0.000
1782667213.120,2026-06-28T18:20:13,incoming,Heartbeat,57,0.000
1782667213.121,2026-06-28T18:20:13,outgoing,CallResult,81,0.000
1782667221.222,2026-06-28T18:20:21,incoming,MeterValues,871,0.000
1782667221.225,2026-06-28T18:20:21,incoming,MeterValues,0,0.287
1782667221.225,2026-06-28T18:20:21,outgoing,CallResult,45,0.000
1782667223.604,2026-06-28T18:20:23,incoming,Heartbeat,57,0.000
1782667223.605,2026-06-28T18:20:23,outgoing,CallResult,81,0.000
1782667231.360,2026-06-28T18:20:31,incoming,MeterValues,878,0.000
1782667231.362,2026-06-28T18:20:31,incoming,MeterValues,0,0.309
1782667231.363,2026-06-28T18:20:31,outgoing,CallResult,45,0.000
1782667233.728,2026-06-28T18:20:33,incoming,Heartbeat,57,0.000
1782667233.730,2026-06-28T18:20:33,outgoing,CallResult,81,0.000
1782667241.807,2026-06-28T18:20:41,incoming,MeterValues,878,0.000
1782667241.809,2026-06-28T18:20:41,incoming,MeterValues,0,0.416
1782667241.810,2026-06-28T18:20:41,outgoing,CallResult,45,0.000
1782667243.760,2026-06-28T18:20:43,incoming,Heartbeat,57,0.000
1782667243.761,2026-06-28T18:20:43,outgoing,CallResult,81,0.000
1782667251.870,2026-06-28T18:20:51,incoming,MeterValues,880,0.000
1782667251.873,2026-06-28T18:20:51,incoming,MeterValues,0,0.281
1782667251.873,2026-06-28T18:20:51,outgoing,CallResult,45,0.000
1782667253.869,2026-06-28T18:20:53,incoming,Heartbeat,57,0.000
1782667253.870,2026-06-28T18:20:53,outgoing,CallResult,81,0.000
1782667261.902,2026-06-28T18:21:01,incoming,MeterValues,881,0.000
1782667261.904,2026-06-28T18:21:01,incoming,MeterValues,0,0.288
1782667261.905,2026-06-28T18:21:01,outgoing,CallResult,45,0.000
1782667263.920,2026-06-28T18:21:03,incoming,Heartbeat,57,0.000
1782667263.922,2026-06-28T18:21:03,outgoing,CallResult,81,0.000
1782667271.948,2026-06-28T18:21:11,incoming,MeterValues,878,0.000
1782667271.950,2026-06-28T18:21:11,incoming,MeterValues,0,0.296
1782667271.951,2026-06-28T18:21:11,outgoing,CallResult,45,0.000
1782667274.030,2026-06-28T18:21:14,incoming,Heartbeat,57,0.000
1782667274.031,2026-06-28T18:21:14,outgoing,CallResult,81,0.000
1782667282.091,2026-06-28T18:21:22,incoming,MeterValues,878,0.000
1782667282.095,2026-06-28T18:21:22,incoming,MeterValues,0,0.302
1782667282.096,2026-06-28T18:21:22,outgoing,CallResult,45,0.000
1782667284.108,2026-06-28T18:21:24,incoming,Heartbeat,57,0.000
1782667284.109,2026-06-28T18:21:24,outgoing,CallResult,81,0.000
1782667292.132,2026-06-28T18:21:32,incoming,MeterValues,868,0.000
1782667292.136,2026-06-28T18:21:32,incoming,MeterValues,0,0.306
1782667292.136,2026-06-28T18:21:32,outgoing,CallResult,45,0.000
1782667294.210,2026-06-28T18:21:34,incoming,Heartbeat,57,0.000
1782667294.212,2026-06-28T18:21:34,outgoing,CallResult,81,0.000
1782667302.215,2026-06-28T18:21:42,incoming,MeterValues,868,0.000
1782667302.217,2026-06-28T18:21:42,incoming,MeterValues,0,0.274
1782667302.218,2026-06-28T18:21:42,outgoing,CallResult,45,0.000
1782667304.578,2026-06-28T18:21:44,incoming,Heartbeat,57,0.000
1782667304.580,2026-06-28T18:21:44,outgoing,CallResult,81,0.000
1782667312.245,2026-06-28T18:21:52,incoming,MeterValues,878,0.000
1782667312.248,2026-06-28T18:21:52,incoming,MeterValues,0,0.277
1782667312.248,2026-06-28T18:21:52,outgoing,CallResult,45,0.000
1782667314.612,2026-06-28T18:21:54,incoming,Heartbeat,57,0.000
1782667314.613,2026-06-28T18:21:54,outgoing,CallResult,81,0.000
1782667322.696,2026-06-28T18:22:02,incoming,MeterValues,878,0.000
1782667322.699,2026-06-28T18:22:02,incoming,MeterValues,0,0.277
1782667322.699,2026-06-28T18:22:02,outgoing,CallResult,45,0.000
1782667324.634,2026-06-28T18:22:04,incoming,Heartbeat,57,0.000
1782667324.635,2026-06-28T18:22:04,outgoing,CallResult,81,0.000
1782667332.749,2026-06-28T18:22:12,incoming,MeterValues,868,0.000
1782667332.751,2026-06-28T18:22:12,incoming,MeterValues,0,0.276
1782667332.752,2026-06-28T18:22:12,outgoing,CallResult,45,0.000
1782667334.745,2026-06-28T18:22:14,incoming,Heartbeat,57,0.000
1782667334.747,2026-06-28T18:22:14,outgoing,CallResult,81,0.000
1782667342.796,2026-06-28T18:22:22,incoming,MeterValues,880,0.000
1782667342.799,2026-06-28T18:22:22,incoming,MeterValues,0,0.278
1782667342.799,2026-06-28T18:22:22,outgoing,CallResult,45,0.000
1782667344.809,2026-06-28T18:22:24,incoming,Heartbeat,57,0.000
1782667344.810,2026-06-28T18:22:24,outgoing,CallResult,81,0.000
1782667352.933,2026-06-28T18:22:32,incoming,MeterValues,868,0.000
1782667352.935,2026-06-28T18:22:32,incoming,MeterValues,0,0.275
1782667352.936,2026-06-28T18:22:32,outgoing,CallResult,45,0.000
1782667354.902,2026-06-28T18:22:34,incoming,Heartbeat,57,0.000
1782667354.903,2026-06-28T18:22:34,outgoing,CallResult,81,0.000
1782667363.026,2026-06-28T18:22:43,incoming,MeterValues,868,0.000
1782667363.029,2026-06-28T18:22:43,incoming,MeterValues,0,0.397
1782667363.029,2026-06-28T18:22:43,outgoing,CallResult,45,0.000
1782667364.997,2026-06-28T18:22:44,incoming,Heartbeat,57,0.000
1782667364.998,2026-06-28T18:22:44,outgoing,CallResult,81,0.000
1782667373.120,2026-06-28T18:22:53,incoming,MeterValues,868,0.000
1782667373.123,2026-06-28T18:22:53,incoming,MeterValues,0,0.278
1782667373.124,2026-06-28T18:22:53,outgoing,CallResult,45,0.000
1782667375.125,2026-06-28T18:22:55,incoming,Heartbeat,57,0.000
1782667375.126,2026-06-28T18:22:55,outgoing,CallResult,81,0.000
1782667383.152,2026-06-28T18:23:03,incoming,MeterValues,868,0.000
1782667383.154,2026-06-28T18:23:03,incoming,MeterValues,0,0.272
1782667383.155,2026-06-28T18:23:03,outgoing,CallResult,45,0.000
1782667385.138,2026-06-28T18:23:05,incoming,Heartbeat,57,0.000
1782667385.140,2026-06-28T18:23:05,outgoing,CallResult,81,0.000
1782667393.186,2026-06-28T18:23:13,incoming,MeterValues,878,0.000
1782667393.189,2026-06-28T18:23:13,incoming,MeterValues,0,0.223
1782667393.189,2026-06-28T18:23:13,outgoing,CallResult,45,0.000
1782667395.154,2026-06-28T18:23:15,incoming,Heartbeat,57,0.000
1782667395.155,2026-06-28T18:23:15,outgoing,CallResult,81,0.000
1782667403.228,2026-06-28T18:23:23,incoming,MeterValues,878,0.000
1782667403.231,2026-06-28T18:23:23,incoming,MeterValues,0,0.287
1782667403.231,2026-06-28T18:23:23,outgoing,CallResult,45,0.000
1782667405.166,2026-06-28T18:23:25,incoming,Heartbeat,57,0.000
1782667405.167,2026-06-28T18:23:25,outgoing,CallResult,81,0.000
1782667413.262,2026-06-28T18:23:33,incoming,MeterValues,875,0.000
1782667413.264,2026-06-28T18:23:33,incoming,MeterValues,0,0.371
1782667413.265,2026-06-28T18:23:33,outgoing,CallResult,45,0.000
1782667415.211,2026-06-28T18:23:35,incoming,Heartbeat,57,0.000
1782667415.212,2026-06-28T18:23:35,outgoing,CallResult,81,0.000
1782667423.308,2026-06-28T18:23:43,incoming,MeterValues,868,0.000
1782667423.311,2026-06-28T18:23:43,incoming,MeterValues,0,0.402
1782667423.311,2026-06-28T18:23:43,outgoing,CallResult,45,0.000
1782667425.284,2026-06-28T18:23:45,incoming,Heartbeat,57,0.000
1782667425.285,2026-06-28T18:23:45,outgoing,CallResult,81,0.000
1782667433.344,2026-06-28T18:23:53,incoming,MeterValues,871,0.000
1782667433.347,2026-06-28T18:23:53,incoming,MeterValues,0,0.333
1782667433.347,2026-06-28T18:23:53,outgoing,CallResult,45,0.000
1782667435.296,2026-06-28T18:23:55,incoming,Heartbeat,57,0.000
1782667435.297,2026-06-28T18:23:55,outgoing,CallResult,81,0.000
1782667443.374,2026-06-28T18:24:03,incoming,MeterValues,878,0.000
1782667443.377,2026-06-28T18:24:03,incoming,MeterValues,0,0.343
1782667443.377,2026-06-28T18:24:03,outgoing,CallResult,45,0.000
1782667445.360,2026-06-28T18:24:05,incoming,Heartbeat,57,0.000
1782667445.361,2026-06-28T18:24:05,outgoing,CallResult,81,0.000
1782667453.426,2026-06-28T18:24:13,incoming,MeterValues,874,0.000
1782667453.429,2026-06-28T18:24:13,incoming,MeterValues,0,0.406
1782667453.429,2026-06-28T18:24:13,outgoing,CallResult,45,0.000
1782667455.416,2026-06-28T18:24:15,incoming,Heartbeat,57,0.000
1782667455.417,2026-06-28T18:24:15,outgoing,CallResult,81,0.000
1782667463.458,2026-06-28T18:24:23,incoming,MeterValues,867,0.000
1782667463.460,2026-06-28T18:24:23,incoming,MeterValues,0,0.408
1782667463.461,2026-06-28T18:24:23,outgoing,CallResult,45,0.000
1782667465.473,2026-06-28T18:24:25,incoming,Heartbeat,57,0.000
1782667465.474,2026-06-28T18:24:25,outgoing,CallResult,81,0.000
1782667473.591,2026-06-28T18:24:33,incoming,MeterValues,879,0.000
1782667473.594,2026-06-28T18:24:33,incoming,MeterValues,0,0.284
1782667473.594,2026-06-28T18:24:33,outgoing,CallResult,45,0.000
1782667475.535,2026-06-28T18:24:35,incoming,Heartbeat,57,0.000
1782667475.536,2026-06-28T18:24:35,outgoing,CallResult,81,0.000
1782667483.722,2026-06-28T18:24:43,incoming,MeterValues,879,0.000
1782667483.725,2026-06-28T18:24:43,incoming,MeterValues,0,0.262
1782667483.725,2026-06-28T18:24:43,outgoing,CallResult,45,0.000
1782667485.668,2026-06-28T18:24:45,incoming,Heartbeat,57,0.000
1782667485.669,2026-06-28T18:24:45,outgoing,CallResult,81,0.000
1782667493.804,2026-06-28T18:24:53,incoming,MeterValues,878,0.000
1782667493.807,2026-06-28T18:24:53,incoming,MeterValues,0,0.280
1782667493.807,2026-06-28T18:24:53,outgoing,CallResult,45,0.000
1782667495.760,2026-06-28T18:24:55,incoming,Heartbeat,57,0.000
1782667495.761,2026-06-28T18:24:55,outgoing,CallResult,81,0.000
1782667503.853,2026-06-28T18:25:03,incoming,MeterValues,880,0.000
1782667503.855,2026-06-28T18:25:03,incoming,MeterValues,0,0.282
1782667503.856,2026-06-28T18:25:03,outgoing,CallResult,45,0.000
1782667505.865,2026-06-28T18:25:05,incoming,Heartbeat,57,0.000
1782667505.866,2026-06-28T18:25:05,outgoing,CallResult,81,0.000
1782667513.924,2026-06-28T18:25:13,incoming,MeterValues,878,0.000
1782667513.927,2026-06-28T18:25:13,incoming,MeterValues,0,0.247
1782667513.927,2026-06-28T18:25:13,outgoing,CallResult,45,0.000
1782667515.890,2026-06-28T18:25:15,incoming,Heartbeat,57,0.000
1782667515.891,2026-06-28T18:25:15,outgoing,CallResult,81,0.000
1782667523.954,2026-06-28T18:25:23,incoming,MeterValues,868,0.000
1782667523.957,2026-06-28T18:25:23,incoming,MeterValues,0,0.280
1782667523.957,2026-06-28T18:25:23,outgoing,CallResult,45,0.000
1782667525.988,2026-06-28T18:25:25,incoming,Heartbeat,57,0.000
1782667525.989,2026-06-28T18:25:25,outgoing,CallResult,81,0.000
1782667534.050,2026-06-28T18:25:34,incoming,MeterValues,868,0.000
1782667534.052,2026-06-28T18:25:34,incoming,MeterValues,0,0.223
1782667534.053,2026-06-28T18:25:34,outgoing,CallResult,45,0.000
1782667536.052,2026-06-28T18:25:36,incoming,Heartbeat,57,0.000
1782667536.053,2026-06-28T18:25:36,outgoing,CallResult,81,0.000
1782667544.163,2026-06-28T18:25:44,incoming,MeterValues,878,0.000
1782667544.166,2026-06-28T18:25:44,incoming,MeterValues,0,0.272
1782667544.166,2026-06-28T18:25:44,outgoing,CallResult,45,0.000
1782667546.207,2026-06-28T18:25:46,incoming,Heartbeat,57,0.000
1782667546.208,2026-06-28T18:25:46,outgoing,CallResult,81,0.000
1782667554.255,2026-06-28T18:25:54,incoming,MeterValues,878,0.000
1782667554.258,2026-06-28T18:25:54,incoming,MeterValues,0,0.272
1782667554.258,2026-06-28T18:25:54,outgoing,CallResult,45,0.000
1782667556.222,2026-06-28T18:25:56,incoming,Heartbeat,57,0.000
1782667556.224,2026-06-28T18:25:56,outgoing,CallResult,81,0.000
1782667564.286,2026-06-28T18:26:04,incoming,MeterValues,868,0.000
1782667564.289,2026-06-28T18:26:04,incoming,MeterValues,0,0.216
1782667564.289,2026-06-28T18:26:04,outgoing,CallResult,45,0.000
1782667566.746,2026-06-28T18:26:06,incoming,Heartbeat,57,0.000
1782667566.747,2026-06-28T18:26:06,outgoing,CallResult,81,0.000
1782667574.388,2026-06-28T18:26:14,incoming,MeterValues,868,0.000
1782667574.390,2026-06-28T18:26:14,incoming,MeterValues,0,0.352
1782667574.391,2026-06-28T18:26:14,outgoing,CallResult,45,0.000
1782667576.849,2026-06-28T18:26:16,incoming,Heartbeat,57,0.000
1782667576.850,2026-06-28T18:26:16,outgoing,CallResult,81,0.000
1782667584.481,2026-06-28T18:26:24,incoming,MeterValues,868,0.000
1782667584.484,2026-06-28T18:26:24,incoming,MeterValues,0,0.406
1782667584.485,2026-06-28T18:26:24,outgoing,CallResult,45,0.000
1782667586.860,2026-06-28T18:26:26,incoming,Heartbeat,57,0.000
1782667586.861,2026-06-28T18:26:26,outgoing,CallResult,81,0.000
1782667594.513,2026-06-28T18:26:34,incoming,MeterValues,868,0.000
1782667594.516,2026-06-28T18:26:34,incoming,MeterValues,0,0.413
1782667594.516,2026-06-28T18:26:34,outgoing,CallResult,45,0.000
1782667596.939,2026-06-28T18:26:36,incoming,Heartbeat,57,0.000
1782667596.940,2026-06-28T18:26:36,outgoing,CallResult,81,0.000
1782667604.650,2026-06-28T18:26:44,incoming,MeterValues,878,0.000
1782667604.653,2026-06-28T18:26:44,incoming,MeterValues,0,0.398
1782667604.654,2026-06-28T18:26:44,outgoing,CallResult,45,0.000
1782667607.014,2026-06-28T18:26:47,incoming,Heartbeat,57,0.000
1782667607.015,2026-06-28T18:26:47,outgoing,CallResult,81,0.000
1782667614.813,2026-06-28T18:26:54,incoming,MeterValues,877,0.000
1782667614.815,2026-06-28T18:26:54,incoming,MeterValues,0,0.239
1782667614.815,2026-06-28T18:26:54,outgoing,CallResult,45,0.000
1782667617.248,2026-06-28T18:26:57,incoming,Heartbeat,57,0.000
1782667617.249,2026-06-28T18:26:57,outgoing,CallResult,81,0.000
1782667624.910,2026-06-28T18:27:04,incoming,MeterValues,879,0.000
1782667624.913,2026-06-28T18:27:04,incoming,MeterValues,0,0.301
1782667624.913,2026-06-28T18:27:04,outgoing,CallResult,45,0.000
1782667627.316,2026-06-28T18:27:07,incoming,Heartbeat,57,0.000
1782667627.317,2026-06-28T18:27:07,outgoing,CallResult,81,0.000
1782667635.018,2026-06-28T18:27:15,incoming,MeterValues,881,0.000
1782667635.021,2026-06-28T18:27:15,incoming,MeterValues,0,0.273
1782667635.021,2026-06-28T18:27:15,outgoing,CallResult,45,0.000
1782667637.422,2026-06-28T18:27:17,incoming,Heartbeat,57,0.000
1782667637.423,2026-06-28T18:27:17,outgoing,CallResult,81,0.000
1782667645.110,2026-06-28T18:27:25,incoming,MeterValues,878,0.000
1782667645.113,2026-06-28T18:27:25,incoming,MeterValues,0,0.284
1782667645.113,2026-06-28T18:27:25,outgoing,CallResult,45,0.000
1782667647.440,2026-06-28T18:27:27,incoming,Heartbeat,57,0.000
1782667647.441,2026-06-28T18:27:27,outgoing,CallResult,81,0.000
1782667655.164,2026-06-28T18:27:35,incoming,MeterValues,878,0.000
1782667655.166,2026-06-28T18:27:35,incoming,MeterValues,0,0.313
1782667655.167,2026-06-28T18:27:35,outgoing,CallResult,45,0.000
1782667657.522,2026-06-28T18:27:37,incoming,Heartbeat,57,0.000
1782667657.523,2026-06-28T18:27:37,outgoing,CallResult,81,0.000
1782667665.586,2026-06-28T18:27:45,incoming,MeterValues,878,0.000
1782667665.588,2026-06-28T18:27:45,incoming,MeterValues,0,0.276
1782667665.589,2026-06-28T18:27:45,outgoing,CallResult,45,0.000
1782667667.622,2026-06-28T18:27:47,incoming,Heartbeat,57,0.000
1782667667.624,2026-06-28T18:27:47,outgoing,CallResult,81,0.000
1782667675.633,2026-06-28T18:27:55,incoming,MeterValues,878,0.000
1782667675.635,2026-06-28T18:27:55,incoming,MeterValues,0,0.251
1782667675.636,2026-06-28T18:27:55,outgoing,CallResult,45,0.000
1782667677.684,2026-06-28T18:27:57,incoming,Heartbeat,57,0.000
1782667677.685,2026-06-28T18:27:57,outgoing,CallResult,81,0.000
1782667685.702,2026-06-28T18:28:05,incoming,MeterValues,868,0.000
1782667685.704,2026-06-28T18:28:05,incoming,MeterValues,0,0.284
1782667685.705,2026-06-28T18:28:05,outgoing,CallResult,45,0.000
1782667687.708,2026-06-28T18:28:07,incoming,Heartbeat,57,0.000
1782667687.709,2026-06-28T18:28:07,outgoing,CallResult,81,0.000
1782667695.764,2026-06-28T18:28:15,incoming,MeterValues,868,0.000
1782667695.767,2026-06-28T18:28:15,incoming,MeterValues,0,0.294
1782667695.767,2026-06-28T18:28:15,outgoing,CallResult,45,0.000
1782667697.804,2026-06-28T18:28:17,incoming,Heartbeat,57,0.000
1782667697.805,2026-06-28T18:28:17,outgoing,CallResult,81,0.000
1782667705.794,2026-06-28T18:28:25,incoming,MeterValues,871,0.000
1782667705.796,2026-06-28T18:28:25,incoming,MeterValues,0,0.294
1782667705.797,2026-06-28T18:28:25,outgoing,CallResult,45,0.000
1782667707.826,2026-06-28T18:28:27,incoming,Heartbeat,57,0.000
1782667707.828,2026-06-28T18:28:27,outgoing,CallResult,81,0.000
1782667715.864,2026-06-28T18:28:35,incoming,MeterValues,878,0.000
1782667715.867,2026-06-28T18:28:35,incoming,MeterValues,0,0.297
1782667715.867,2026-06-28T18:28:35,outgoing,CallResult,45,0.000
1782667717.852,2026-06-28T18:28:37,incoming,Heartbeat,57,0.000
1782667717.855,2026-06-28T18:28:37,outgoing,CallResult,81,0.000
1782667725.973,2026-06-28T18:28:45,incoming,MeterValues,875,0.000
1782667725.975,2026-06-28T18:28:45,incoming,MeterValues,0,0.294
1782667725.976,2026-06-28T18:28:45,outgoing,CallResult,45,0.000
1782667727.912,2026-06-28T18:28:47,incoming,Heartbeat,57,0.000
1782667727.913,2026-06-28T18:28:47,outgoing,CallResult,81,0.000
1782667736.002,2026-06-28T18:28:56,incoming,MeterValues,868,0.000
1782667736.005,2026-06-28T18:28:56,incoming,MeterValues,0,0.298
1782667736.005,2026-06-28T18:28:56,outgoing,CallResult,45,0.000
1782667737.965,2026-06-28T18:28:57,incoming,Heartbeat,57,0.000
1782667737.966,2026-06-28T18:28:57,outgoing,CallResult,81,0.000
1782667746.107,2026-06-28T18:29:06,incoming,MeterValues,868,0.000
1782667746.109,2026-06-28T18:29:06,incoming,MeterValues,0,0.291
1782667746.110,2026-06-28T18:29:06,outgoing,CallResult,45,0.000
1782667748.064,2026-06-28T18:29:08,incoming,Heartbeat,57,0.000
1782667748.065,2026-06-28T18:29:08,outgoing,CallResult,81,0.000
1782667756.221,2026-06-28T18:29:16,incoming,MeterValues,868,0.000
1782667756.223,2026-06-28T18:29:16,incoming,MeterValues,0,0.273
1782667756.224,2026-06-28T18:29:16,outgoing,CallResult,45,0.000
1782667758.142,2026-06-28T18:29:18,incoming,Heartbeat,57,0.000
1782667758.143,2026-06-28T18:29:18,outgoing,CallResult,81,0.000
1782667766.259,2026-06-28T18:29:26,incoming,MeterValues,868,0.000
1782667766.262,2026-06-28T18:29:26,incoming,MeterValues,0,0.290
1782667766.262,2026-06-28T18:29:26,outgoing,CallResult,45,0.000
1782667768.267,2026-06-28T18:29:28,incoming,Heartbeat,57,0.000
1782667768.268,2026-06-28T18:29:28,outgoing,CallResult,81,0.000
1782667776.378,2026-06-28T18:29:36,incoming,MeterValues,878,0.000
1782667776.380,2026-06-28T18:29:36,incoming,MeterValues,0,0.230
1782667776.380,2026-06-28T18:29:36,outgoing,CallResult,45,0.000
1782667778.428,2026-06-28T18:29:38,incoming,Heartbeat,57,0.000
1782667778.429,2026-06-28T18:29:38,outgoing,CallResult,81,0.000
1782667786.409,2026-06-28T18:29:46,incoming,MeterValues,878,0.000
1782667786.412,2026-06-28T18:29:46,incoming,MeterValues,0,0.278
1782667786.412,2026-06-28T18:29:46,outgoing,CallResult,45,0.000
1782667788.442,2026-06-28T18:29:48,incoming,Heartbeat,57,0.000
1782667788.443,2026-06-28T18:29:48,outgoing,CallResult,81,0.000
1782667796.448,2026-06-28T18:29:56,incoming,MeterValues,878,0.000
1782667796.450,2026-06-28T18:29:56,incoming,MeterValues,0,0.286
1782667796.451,2026-06-28T18:29:56,outgoing,CallResult,45,0.000
1782667798.458,2026-06-28T18:29:58,incoming,Heartbeat,57,0.000
1782667798.459,2026-06-28T18:29:58,outgoing,CallResult,81,0.000
1782667806.506,2026-06-28T18:30:06,incoming,MeterValues,878,0.000
1782667806.509,2026-06-28T18:30:06,incoming,MeterValues,0,0.276
1782667806.509,2026-06-28T18:30:06,outgoing,CallResult,45,0.000
1782667808.522,2026-06-28T18:30:08,incoming,Heartbeat,57,0.000
1782667808.523,2026-06-28T18:30:08,outgoing,CallResult,81,0.000
1782667816.607,2026-06-28T18:30:16,incoming,MeterValues,880,0.000
1782667816.609,2026-06-28T18:30:16,incoming,MeterValues,0,0.288
1782667816.610,2026-06-28T18:30:16,outgoing,CallResult,45,0.000
1782667818.558,2026-06-28T18:30:18,incoming,Heartbeat,57,0.000
1782667818.559,2026-06-28T18:30:18,outgoing,CallResult,81,0.000
1782667826.642,2026-06-28T18:30:26,incoming,MeterValues,878,0.000
1782667826.645,2026-06-28T18:30:26,incoming,MeterValues,0,0.269
1782667826.645,2026-06-28T18:30:26,outgoing,CallResult,45,0.000
1782667828.569,2026-06-28T18:30:28,incoming,Heartbeat,57,0.000
1782667828.570,2026-06-28T18:30:28,outgoing,CallResult,81,0.000
1782667836.682,2026-06-28T18:30:36,incoming,MeterValues,875,0.000
1782667836.684,2026-06-28T18:30:36,incoming,MeterValues,0,0.327
1782667836.685,2026-06-28T18:30:36,outgoing,CallResult,45,0.000
1782667838.642,2026-06-28T18:30:38,incoming,Heartbeat,57,0.000
1782667838.643,2026-06-28T18:30:38,outgoing,CallResult,81,0.000
1782667846.712,2026-06-28T18:30:46,incoming,MeterValues,868,0.000
1782667846.714,2026-06-28T18:30:46,incoming,MeterValues,0,0.283
1782667846.715,2026-06-28T18:30:46,outgoing,CallResult,45,0.000
1782667848.664,2026-06-28T18:30:48,incoming,Heartbeat,57,0.000
1782667848.666,2026-06-28T18:30:48,outgoing,CallResult,81,0.000
1782667856.802,2026-06-28T18:30:56,incoming,MeterValues,877,0.000
1782667856.805,2026-06-28T18:30:56,incoming,MeterValues,0,0.294
1782667856.805,2026-06-28T18:30:56,outgoing,CallResult,45,0.000
1782667858.794,2026-06-28T18:30:58,incoming,Heartbeat,57,0.000
1782667858.795,2026-06-28T18:30:58,outgoing,CallResult,81,0.000
1782667866.906,2026-06-28T18:31:06,incoming,MeterValues,878,0.000
1782667866.908,2026-06-28T18:31:06,incoming,MeterValues,0,0.298
1782667866.909,2026-06-28T18:31:06,outgoing,CallResult,45,0.000
1782667868.873,2026-06-28T18:31:08,incoming,Heartbeat,57,0.000
1782667868.874,2026-06-28T18:31:08,outgoing,CallResult,81,0.000
1782667876.977,2026-06-28T18:31:16,incoming,MeterValues,868,0.000
1782667876.979,2026-06-28T18:31:16,incoming,MeterValues,0,0.298
1782667876.980,2026-06-28T18:31:16,outgoing,CallResult,45,0.000
1782667878.984,2026-06-28T18:31:18,incoming,Heartbeat,57,0.000
1782667878.985,2026-06-28T18:31:18,outgoing,CallResult,81,0.000
1782667887.049,2026-06-28T18:31:27,incoming,MeterValues,868,0.000
1782667887.051,2026-06-28T18:31:27,incoming,MeterValues,0,0.299
1782667887.052,2026-06-28T18:31:27,outgoing,CallResult,45,0.000
1782667889.050,2026-06-28T18:31:29,incoming,Heartbeat,57,0.000
1782667889.051,2026-06-28T18:31:29,outgoing,CallResult,81,0.000
1782667897.088,2026-06-28T18:31:37,incoming,MeterValues,878,0.000
1782667897.090,2026-06-28T18:31:37,incoming,MeterValues,0,0.296
1782667897.091,2026-06-28T18:31:37,outgoing,CallResult,45,0.000
1782667899.076,2026-06-28T18:31:39,incoming,Heartbeat,57,0.000
1782667899.078,2026-06-28T18:31:39,outgoing,CallResult,81,0.000
1782667907.131,2026-06-28T18:31:47,incoming,MeterValues,878,0.000
1782667907.134,2026-06-28T18:31:47,incoming,MeterValues,0,0.316
1782667907.134,2026-06-28T18:31:47,outgoing,CallResult,45,0.000
1782667909.140,2026-06-28T18:31:49,incoming,Heartbeat,57,0.000
1782667909.141,2026-06-28T18:31:49,outgoing,CallResult,81,0.000
1782667917.169,2026-06-28T18:31:57,incoming,MeterValues,878,0.000
1782667917.172,2026-06-28T18:31:57,incoming,MeterValues,0,0.260
1782667917.172,2026-06-28T18:31:57,outgoing,CallResult,45,0.000
1782667919.153,2026-06-28T18:31:59,incoming,Heartbeat,57,0.000
1782667919.154,2026-06-28T18:31:59,outgoing,CallResult,81,0.000
1782667927.202,2026-06-28T18:32:07,incoming,MeterValues,880,0.000
1782667927.205,2026-06-28T18:32:07,incoming,MeterValues,0,0.298
1782667927.205,2026-06-28T18:32:07,outgoing,CallResult,45,0.000
1782667929.244,2026-06-28T18:32:09,incoming,Heartbeat,57,0.000
1782667929.245,2026-06-28T18:32:09,outgoing,CallResult,81,0.000
1782667937.245,2026-06-28T18:32:17,incoming,MeterValues,875,0.000
1782667937.248,2026-06-28T18:32:17,incoming,MeterValues,0,0.293
1782667937.248,2026-06-28T18:32:17,outgoing,CallResult,45,0.000
1782667939.291,2026-06-28T18:32:19,incoming,Heartbeat,57,0.000
1782667939.292,2026-06-28T18:32:19,outgoing,CallResult,81,0.000
1782667947.332,2026-06-28T18:32:27,incoming,MeterValues,880,0.000
1782667947.335,2026-06-28T18:32:27,incoming,MeterValues,0,0.287
1782667947.335,2026-06-28T18:32:27,outgoing,CallResult,45,0.000
1782667949.302,2026-06-28T18:32:29,incoming,Heartbeat,57,0.000
1782667949.303,2026-06-28T18:32:29,outgoing,CallResult,81,0.000
1782667957.387,2026-06-28T18:32:37,incoming,MeterValues,877,0.000
1782667957.390,2026-06-28T18:32:37,incoming,MeterValues,0,0.293
1782667957.390,2026-06-28T18:32:37,outgoing,CallResult,45,0.000
1782667959.349,2026-06-28T18:32:39,incoming,Heartbeat,57,0.000
1782667959.350,2026-06-28T18:32:39,outgoing,CallResult,81,0.000
1782667967.418,2026-06-28T18:32:47,incoming,MeterValues,867,0.000
1782667967.420,2026-06-28T18:32:47,incoming,MeterValues,0,0.277
1782667967.421,2026-06-28T18:32:47,outgoing,CallResult,45,0.000
1782667969.418,2026-06-28T18:32:49,incoming,Heartbeat,57,0.000
1782667969.419,2026-06-28T18:32:49,outgoing,CallResult,81,0.000
1782667977.508,2026-06-28T18:32:57,incoming,MeterValues,867,0.000
1782667977.510,2026-06-28T18:32:57,incoming,MeterValues,0,0.288
1782667977.511,2026-06-28T18:32:57,outgoing,CallResult,45,0.000
1782667979.459,2026-06-28T18:32:59,incoming,Heartbeat,57,0.000
1782667979.461,2026-06-28T18:32:59,outgoing,CallResult,81,0.000
1782667987.546,2026-06-28T18:33:07,incoming,MeterValues,878,0.000
1782667987.549,2026-06-28T18:33:07,incoming,MeterValues,0,0.291
1782667987.549,2026-06-28T18:33:07,outgoing,CallResult,45,0.000
1782667989.476,2026-06-28T18:33:09,incoming,Heartbeat,57,0.000
1782667989.477,2026-06-28T18:33:09,outgoing,CallResult,81,0.000
1782667997.642,2026-06-28T18:33:17,incoming,MeterValues,878,0.000
1782667997.645,2026-06-28T18:33:17,incoming,MeterValues,0,0.290
1782667997.645,2026-06-28T18:33:17,outgoing,CallResult,45,0.000
1782667999.576,2026-06-28T18:33:19,incoming,Heartbeat,57,0.000
1782667999.577,2026-06-28T18:33:19,outgoing,CallResult,81,0.000
1782668007.696,2026-06-28T18:33:27,incoming,MeterValues,868,0.000
1782668007.699,2026-06-28T18:33:27,incoming,MeterValues,0,0.271
1782668007.699,2026-06-28T18:33:27,outgoing,CallResult,45,0.000
1782668009.689,2026-06-28T18:33:29,incoming,Heartbeat,57,0.000
1782668009.690,2026-06-28T18:33:29,outgoing,CallResult,81,0.000
1782668017.727,2026-06-28T18:33:37,incoming,MeterValues,868,0.000
1782668017.729,2026-06-28T18:33:37,incoming,MeterValues,0,0.272
1782668017.729,2026-06-28T18:33:37,outgoing,CallResult,45,0.000
1782668019.729,2026-06-28T18:33:39,incoming,Heartbeat,57,0.000
1782668019.730,2026-06-28T18:33:39,outgoing,CallResult,81,0.000
1782668027.825,2026-06-28T18:33:47,incoming,MeterValues,878,0.000
1782668027.828,2026-06-28T18:33:47,incoming,MeterValues,0,0.306
1782668027.829,2026-06-28T18:33:47,outgoing,CallResult,45,0.000
1782668029.865,2026-06-28T18:33:49,incoming,Heartbeat,57,0.000
1782668029.866,2026-06-28T18:33:49,outgoing,CallResult,81,0.000
1782668037.858,2026-06-28T18:33:57,incoming,MeterValues,878,0.000
1782668037.860,2026-06-28T18:33:57,incoming,MeterValues,0,0.231
1782668037.861,2026-06-28T18:33:57,outgoing,CallResult,45,0.000
1782668039.909,2026-06-28T18:33:59,incoming,Heartbeat,57,0.000
1782668039.910,2026-06-28T18:33:59,outgoing,CallResult,81,0.000
1782668047.956,2026-06-28T18:34:07,incoming,MeterValues,880,0.000
1782668047.959,2026-06-28T18:34:07,incoming,MeterValues,0,0.305
1782668047.960,2026-06-28T18:34:07,outgoing,CallResult,45,0.000
1782668049.926,2026-06-28T18:34:09,incoming,Heartbeat,57,0.000
1782668049.927,2026-06-28T18:34:09,outgoing,CallResult,81,0.000
1782668058.037,2026-06-28T18:34:18,incoming,MeterValues,878,0.000
1782668058.039,2026-06-28T18:34:18,incoming,MeterValues,0,0.299
1782668058.040,2026-06-28T18:34:18,outgoing,CallResult,45,0.000
1782668060.034,2026-06-28T18:34:20,incoming,Heartbeat,57,0.000
1782668060.035,2026-06-28T18:34:20,outgoing,CallResult,81,0.000
1782668068.172,2026-06-28T18:34:28,incoming,MeterValues,868,0.000
1782668068.175,2026-06-28T18:34:28,incoming,MeterValues,0,0.286
1782668068.175,2026-06-28T18:34:28,outgoing,CallResult,45,0.000
1782668070.538,2026-06-28T18:34:30,incoming,Heartbeat,57,0.000
1782668070.539,2026-06-28T18:34:30,outgoing,CallResult,81,0.000
1782668078.209,2026-06-28T18:34:38,incoming,MeterValues,868,0.000
1782668078.212,2026-06-28T18:34:38,incoming,MeterValues,0,0.293
1782668078.212,2026-06-28T18:34:38,outgoing,CallResult,45,0.000
1782668080.591,2026-06-28T18:34:40,incoming,Heartbeat,57,0.000
1782668080.592,2026-06-28T18:34:40,outgoing,CallResult,81,0.000
1782668088.244,2026-06-28T18:34:48,incoming,MeterValues,871,0.000
1782668088.247,2026-06-28T18:34:48,incoming,MeterValues,0,0.287
1782668088.247,2026-06-28T18:34:48,outgoing,CallResult,45,0.000
1782668090.612,2026-06-28T18:34:50,incoming,Heartbeat,57,0.000
1782668090.613,2026-06-28T18:34:50,outgoing,CallResult,81,0.000
1782668098.313,2026-06-28T18:34:58,incoming,MeterValues,878,0.000
1782668098.316,2026-06-28T18:34:58,incoming,MeterValues,0,0.300
1782668098.316,2026-06-28T18:34:58,outgoing,CallResult,45,0.000
1782668100.734,2026-06-28T18:35:00,incoming,Heartbeat,57,0.000
1782668100.736,2026-06-28T18:35:00,outgoing,CallResult,81,0.000
1782668108.408,2026-06-28T18:35:08,incoming,MeterValues,875,0.000
1782668108.410,2026-06-28T18:35:08,incoming,MeterValues,0,0.312
1782668108.411,2026-06-28T18:35:08,outgoing,CallResult,45,0.000
1782668110.781,2026-06-28T18:35:10,incoming,Heartbeat,57,0.000
1782668110.782,2026-06-28T18:35:10,outgoing,CallResult,81,0.000
1782668118.456,2026-06-28T18:35:18,incoming,MeterValues,868,0.000
1782668118.459,2026-06-28T18:35:18,incoming,MeterValues,0,0.297
1782668118.459,2026-06-28T18:35:18,outgoing,CallResult,45,0.000
1782668120.814,2026-06-28T18:35:20,incoming,Heartbeat,57,0.000
1782668120.815,2026-06-28T18:35:20,outgoing,CallResult,81,0.000
1782668128.490,2026-06-28T18:35:28,incoming,MeterValues,871,0.000
1782668128.493,2026-06-28T18:35:28,incoming,MeterValues,0,0.277
1782668128.493,2026-06-28T18:35:28,outgoing,CallResult,45,0.000
1782668130.909,2026-06-28T18:35:30,incoming,Heartbeat,57,0.000
1782668130.910,2026-06-28T18:35:30,outgoing,CallResult,81,0.000
1782668138.545,2026-06-28T18:35:38,incoming,MeterValues,878,0.000
1782668138.547,2026-06-28T18:35:38,incoming,MeterValues,0,0.240
1782668138.548,2026-06-28T18:35:38,outgoing,CallResult,45,0.000
1782668140.976,2026-06-28T18:35:40,incoming,Heartbeat,57,0.000
1782668140.977,2026-06-28T18:35:40,outgoing,CallResult,81,0.000
1782668148.605,2026-06-28T18:35:48,incoming,MeterValues,875,0.000
1782668148.608,2026-06-28T18:35:48,incoming,MeterValues,0,0.295
1782668148.608,2026-06-28T18:35:48,outgoing,CallResult,45,0.000
1782668151.030,2026-06-28T18:35:51,incoming,Heartbeat,57,0.000
1782668151.031,2026-06-28T18:35:51,outgoing,CallResult,81,0.000
1782668158.686,2026-06-28T18:35:58,incoming,MeterValues,868,0.000
1782668158.689,2026-06-28T18:35:58,incoming,MeterValues,0,0.285
1782668158.689,2026-06-28T18:35:58,outgoing,CallResult,45,0.000
1782668161.103,2026-06-28T18:36:01,incoming,Heartbeat,57,0.000
1782668161.104,2026-06-28T18:36:01,outgoing,CallResult,81,0.000
1782668169.209,2026-06-28T18:36:09,incoming,MeterValues,871,0.000
1782668169.212,2026-06-28T18:36:09,incoming,MeterValues,0,0.285
1782668169.212,2026-06-28T18:36:09,outgoing,CallResult,45,0.000
1782668171.198,2026-06-28T18:36:11,incoming,Heartbeat,57,0.000
1782668171.199,2026-06-28T18:36:11,outgoing,CallResult,81,0.000
1782668179.277,2026-06-28T18:36:19,incoming,MeterValues,878,0.000
1782668179.280,2026-06-28T18:36:19,incoming,MeterValues,0,0.290
1782668179.280,2026-06-28T18:36:19,outgoing,CallResult,45,0.000
1782668181.211,2026-06-28T18:36:21,incoming,Heartbeat,57,0.000
1782668181.212,2026-06-28T18:36:21,outgoing,CallResult,81,0.000
1782668189.371,2026-06-28T18:36:29,incoming,MeterValues,871,0.000
1782668189.374,2026-06-28T18:36:29,incoming,MeterValues,0,0.282
1782668189.374,2026-06-28T18:36:29,outgoing,CallResult,45,0.000
1782668191.332,2026-06-28T18:36:31,incoming,Heartbeat,57,0.000
1782668191.333,2026-06-28T18:36:31,outgoing,CallResult,81,0.000
1782668199.448,2026-06-28T18:36:39,incoming,MeterValues,878,0.000
1782668199.451,2026-06-28T18:36:39,incoming,MeterValues,0,0.286
1782668199.451,2026-06-28T18:36:39,outgoing,CallResult,45,0.000
1782668201.372,2026-06-28T18:36:41,incoming,Heartbeat,57,0.000
1782668201.373,2026-06-28T18:36:41,outgoing,CallResult,81,0.000
1782668209.485,2026-06-28T18:36:49,incoming,MeterValues,875,0.000
1782668209.487,2026-06-28T18:36:49,incoming,MeterValues,0,0.275
1782668209.488,2026-06-28T18:36:49,outgoing,CallResult,45,0.000
1782668211.421,2026-06-28T18:36:51,incoming,Heartbeat,57,0.000
1782668211.422,2026-06-28T18:36:51,outgoing,CallResult,81,0.000
1782668219.520,2026-06-28T18:36:59,incoming,MeterValues,868,0.000
1782668219.523,2026-06-28T18:36:59,incoming,MeterValues,0,0.224
1782668219.523,2026-06-28T18:36:59,outgoing,CallResult,45,0.000
1782668221.437,2026-06-28T18:37:01,incoming,Heartbeat,57,0.000
1782668221.438,2026-06-28T18:37:01,outgoing,CallResult,81,0.000
1782668229.554,2026-06-28T18:37:09,incoming,MeterValues,868,0.000
1782668229.557,2026-06-28T18:37:09,incoming,MeterValues,0,0.304
1782668229.557,2026-06-28T18:37:09,outgoing,CallResult,45,0.000
1782668231.472,2026-06-28T18:37:11,incoming,Heartbeat,57,0.000
1782668231.473,2026-06-28T18:37:11,outgoing,CallResult,81,0.000
1782668239.587,2026-06-28T18:37:19,incoming,MeterValues,868,0.000
1782668239.589,2026-06-28T18:37:19,incoming,MeterValues,0,0.270
1782668239.590,2026-06-28T18:37:19,outgoing,CallResult,45,0.000
1782668241.537,2026-06-28T18:37:21,incoming,Heartbeat,57,0.000
1782668241.538,2026-06-28T18:37:21,outgoing,CallResult,81,0.000
1782668249.623,2026-06-28T18:37:29,incoming,MeterValues,868,0.000
1782668249.625,2026-06-28T18:37:29,incoming,MeterValues,0,0.276
1782668249.626,2026-06-28T18:37:29,outgoing,CallResult,45,0.000
1782668251.561,2026-06-28T18:37:31,incoming,Heartbeat,57,0.000
1782668251.562,2026-06-28T18:37:31,outgoing,CallResult,81,0.000
1782668259.655,2026-06-28T18:37:39,incoming,MeterValues,868,0.000
1782668259.657,2026-06-28T18:37:39,incoming,MeterValues,0,0.295
1782668259.658,2026-06-28T18:37:39,outgoing,CallResult,45,0.000
1782668261.573,2026-06-28T18:37:41,incoming,Heartbeat,57,0.000
1782668261.574,2026-06-28T18:37:41,outgoing,CallResult,81,0.000
1782668269.708,2026-06-28T18:37:49,incoming,MeterValues,868,0.000
1782668269.712,2026-06-28T18:37:49,incoming,MeterValues,0,0.307
1782668269.712,2026-06-28T18:37:49,outgoing,CallResult,45,0.000
1782668271.674,2026-06-28T18:37:51,incoming,Heartbeat,57,0.000
1782668271.675,2026-06-28T18:37:51,outgoing,CallResult,81,0.000
1782668279.776,2026-06-28T18:37:59,incoming,MeterValues,877,0.000
1782668279.779,2026-06-28T18:37:59,incoming,MeterValues,0,0.405
1782668279.779,2026-06-28T18:37:59,outgoing,CallResult,45,0.000
1782668281.737,2026-06-28T18:38:01,incoming,Heartbeat,57,0.000
1782668281.738,2026-06-28T18:38:01,outgoing,CallResult,81,0.000
1782668289.806,2026-06-28T18:38:09,incoming,MeterValues,878,0.000
1782668289.809,2026-06-28T18:38:09,incoming,MeterValues,0,0.287
1782668289.809,2026-06-28T18:38:09,outgoing,CallResult,45,0.000
1782668291.841,2026-06-28T18:38:11,incoming,Heartbeat,57,0.000
1782668291.842,2026-06-28T18:38:11,outgoing,CallResult,81,0.000
1782668299.896,2026-06-28T18:38:19,incoming,MeterValues,868,0.000
1782668299.899,2026-06-28T18:38:19,incoming,MeterValues,0,0.407
1782668299.899,2026-06-28T18:38:19,outgoing,CallResult,45,0.000
1782668301.895,2026-06-28T18:38:21,incoming,Heartbeat,57,0.000
1782668301.896,2026-06-28T18:38:21,outgoing,CallResult,81,0.000
1782668309.963,2026-06-28T18:38:29,incoming,MeterValues,868,0.000
1782668309.965,2026-06-28T18:38:29,incoming,MeterValues,0,0.315
1782668309.967,2026-06-28T18:38:29,outgoing,CallResult,45,0.000
1782668312.391,2026-06-28T18:38:32,incoming,Heartbeat,57,0.000
1782668312.393,2026-06-28T18:38:32,outgoing,CallResult,81,0.000
1782668320.126,2026-06-28T18:38:40,incoming,MeterValues,878,0.000
1782668320.128,2026-06-28T18:38:40,incoming,MeterValues,0,0.293
1782668320.129,2026-06-28T18:38:40,outgoing,CallResult,45,0.000
1782668322.456,2026-06-28T18:38:42,incoming,Heartbeat,57,0.000
1782668322.457,2026-06-28T18:38:42,outgoing,CallResult,81,0.000
1782668330.538,2026-06-28T18:38:50,incoming,MeterValues,878,0.000
1782668330.541,2026-06-28T18:38:50,incoming,MeterValues,0,0.410
1782668330.541,2026-06-28T18:38:50,outgoing,CallResult,45,0.000
1782668332.485,2026-06-28T18:38:52,incoming,Heartbeat,57,0.000
1782668332.486,2026-06-28T18:38:52,outgoing,CallResult,81,0.000
1782668340.586,2026-06-28T18:39:00,incoming,MeterValues,868,0.000
1782668340.589,2026-06-28T18:39:00,incoming,MeterValues,0,0.286
1782668340.589,2026-06-28T18:39:00,outgoing,CallResult,45,0.000
1782668342.575,2026-06-28T18:39:02,incoming,Heartbeat,57,0.000
1782668342.576,2026-06-28T18:39:02,outgoing,CallResult,81,0.000
1782668350.619,2026-06-28T18:39:10,incoming,MeterValues,868,0.000
1782668350.621,2026-06-28T18:39:10,incoming,MeterValues,0,0.335
1782668350.622,2026-06-28T18:39:10,outgoing,CallResult,45,0.000
1782668352.612,2026-06-28T18:39:12,incoming,Heartbeat,57,0.000
1782668352.614,2026-06-28T18:39:12,outgoing,CallResult,81,0.000
1782668360.655,2026-06-28T18:39:20,incoming,MeterValues,878,0.000
1782668360.657,2026-06-28T18:39:20,incoming,MeterValues,0,0.434
1782668360.658,2026-06-28T18:39:20,outgoing,CallResult,45,0.000
1782668362.624,2026-06-28T18:39:22,incoming,Heartbeat,57,0.000
1782668362.625,2026-06-28T18:39:22,outgoing,CallResult,81,0.000
1782668370.690,2026-06-28T18:39:30,incoming,MeterValues,868,0.000
1782668370.692,2026-06-28T18:39:30,incoming,MeterValues,0,0.240
1782668370.692,2026-06-28T18:39:30,outgoing,CallResult,45,0.000
1782668372.689,2026-06-28T18:39:32,incoming,Heartbeat,57,0.000
1782668372.690,2026-06-28T18:39:32,outgoing,CallResult,81,0.000
1782668380.723,2026-06-28T18:39:40,incoming,MeterValues,882,0.000
1782668380.725,2026-06-28T18:39:40,incoming,MeterValues,0,0.411
1782668380.726,2026-06-28T18:39:40,outgoing,CallResult,45,0.000
1782668382.701,2026-06-28T18:39:42,incoming,Heartbeat,57,0.000
1782668382.702,2026-06-28T18:39:42,outgoing,CallResult,81,0.000
1782668390.755,2026-06-28T18:39:50,incoming,MeterValues,868,0.000
1782668390.758,2026-06-28T18:39:50,incoming,MeterValues,0,0.401
1782668390.758,2026-06-28T18:39:50,outgoing,CallResult,45,0.000
1782668392.767,2026-06-28T18:39:52,incoming,Heartbeat,57,0.000
1782668392.768,2026-06-28T18:39:52,outgoing,CallResult,81,0.000
1782668400.842,2026-06-28T18:40:00,incoming,MeterValues,878,0.000
1782668400.844,2026-06-28T18:40:00,incoming,MeterValues,0,0.275
1782668400.845,2026-06-28T18:40:00,outgoing,CallResult,45,0.000
1782668403.189,2026-06-28T18:40:03,incoming,Heartbeat,57,0.000
1782668403.190,2026-06-28T18:40:03,outgoing,CallResult,81,0.000
1782668410.908,2026-06-28T18:40:10,incoming,MeterValues,882,0.000
1782668410.911,2026-06-28T18:40:10,incoming,MeterValues,0,0.293
1782668410.911,2026-06-28T18:40:10,outgoing,CallResult,45,0.000
1782668413.288,2026-06-28T18:40:13,incoming,Heartbeat,57,0.000
1782668413.289,2026-06-28T18:40:13,outgoing,CallResult,81,0.000
1782668420.997,2026-06-28T18:40:20,incoming,MeterValues,871,0.000
1782668420.999,2026-06-28T18:40:20,incoming,MeterValues,0,0.328
1782668421.000,2026-06-28T18:40:20,outgoing,CallResult,45,0.000
1782668423.368,2026-06-28T18:40:23,incoming,Heartbeat,57,0.000
1782668423.369,2026-06-28T18:40:23,outgoing,CallResult,81,0.000
1782668431.046,2026-06-28T18:40:31,incoming,MeterValues,877,0.000
1782668431.049,2026-06-28T18:40:31,incoming,MeterValues,0,0.412
1782668431.049,2026-06-28T18:40:31,outgoing,CallResult,45,0.000
1782668433.426,2026-06-28T18:40:33,incoming,Heartbeat,57,0.000
1782668433.427,2026-06-28T18:40:33,outgoing,CallResult,81,0.000
1782668441.091,2026-06-28T18:40:41,incoming,MeterValues,875,0.000
1782668441.094,2026-06-28T18:40:41,incoming,MeterValues,0,0.417
1782668441.094,2026-06-28T18:40:41,outgoing,CallResult,45,0.000
1782668443.513,2026-06-28T18:40:43,incoming,Heartbeat,57,0.000
1782668443.514,2026-06-28T18:40:43,outgoing,CallResult,81,0.000
1782668451.200,2026-06-28T18:40:51,incoming,MeterValues,868,0.000
1782668451.202,2026-06-28T18:40:51,incoming,MeterValues,0,0.409
1782668451.203,2026-06-28T18:40:51,outgoing,CallResult,45,0.000
1782668453.628,2026-06-28T18:40:53,incoming,Heartbeat,57,0.000
1782668453.629,2026-06-28T18:40:53,outgoing,CallResult,81,0.000
1782668461.230,2026-06-28T18:41:01,incoming,MeterValues,871,0.000
1782668461.232,2026-06-28T18:41:01,incoming,MeterValues,0,0.436
1782668461.233,2026-06-28T18:41:01,outgoing,CallResult,45,0.000
1782668463.649,2026-06-28T18:41:03,incoming,Heartbeat,57,0.000
1782668463.650,2026-06-28T18:41:03,outgoing,CallResult,81,0.000
1782668471.263,2026-06-28T18:41:11,incoming,MeterValues,878,0.000
1782668471.265,2026-06-28T18:41:11,incoming,MeterValues,0,0.328
1782668471.266,2026-06-28T18:41:11,outgoing,CallResult,45,0.000
1782668473.730,2026-06-28T18:41:13,incoming,Heartbeat,57,0.000
1782668473.732,2026-06-28T18:41:13,outgoing,CallResult,81,0.000
1782668481.340,2026-06-28T18:41:21,incoming,MeterValues,875,0.000
1782668481.343,2026-06-28T18:41:21,incoming,MeterValues,0,0.443
1782668481.343,2026-06-28T18:41:21,outgoing,CallResult,45,0.000
1782668483.742,2026-06-28T18:41:23,incoming,Heartbeat,57,0.000
1782668483.743,2026-06-28T18:41:23,outgoing,CallResult,81,0.000
1782668491.402,2026-06-28T18:41:31,incoming,MeterValues,868,0.000
1782668491.405,2026-06-28T18:41:31,incoming,MeterValues,0,0.334
1782668491.405,2026-06-28T18:41:31,outgoing,CallResult,45,0.000
1782668493.836,2026-06-28T18:41:33,incoming,Heartbeat,57,0.000
1782668493.837,2026-06-28T18:41:33,outgoing,CallResult,81,0.000
1782668501.464,2026-06-28T18:41:41,incoming,MeterValues,868,0.000
1782668501.466,2026-06-28T18:41:41,incoming,MeterValues,0,0.301
1782668501.467,2026-06-28T18:41:41,outgoing,CallResult,45,0.000
1782668504.251,2026-06-28T18:41:44,incoming,Heartbeat,57,0.000
1782668504.252,2026-06-28T18:41:44,outgoing,CallResult,81,0.000
1782668511.526,2026-06-28T18:41:51,incoming,MeterValues,878,0.000
1782668511.529,2026-06-28T18:41:51,incoming,MeterValues,0,0.288
1782668511.529,2026-06-28T18:41:51,outgoing,CallResult,45,0.000
1782668514.317,2026-06-28T18:41:54,incoming,Heartbeat,57,0.000
1782668514.318,2026-06-28T18:41:54,outgoing,CallResult,81,0.000
1782668521.593,2026-06-28T18:42:01,incoming,MeterValues,878,0.000
1782668521.596,2026-06-28T18:42:01,incoming,MeterValues,0,0.424
1782668521.596,2026-06-28T18:42:01,outgoing,CallResult,45,0.000
1782668524.397,2026-06-28T18:42:04,incoming,Heartbeat,57,0.000
1782668524.398,2026-06-28T18:42:04,outgoing,CallResult,81,0.000
1782668531.623,2026-06-28T18:42:11,incoming,MeterValues,880,0.000
1782668531.626,2026-06-28T18:42:11,incoming,MeterValues,0,0.410
1782668531.626,2026-06-28T18:42:11,outgoing,CallResult,45,0.000
1782668534.417,2026-06-28T18:42:14,incoming,Heartbeat,57,0.000
1782668534.418,2026-06-28T18:42:14,outgoing,CallResult,81,0.000
1782668541.657,2026-06-28T18:42:21,incoming,MeterValues,878,0.000
1782668541.659,2026-06-28T18:42:21,incoming,MeterValues,0,0.295
1782668541.660,2026-06-28T18:42:21,outgoing,CallResult,45,0.000
1782668544.439,2026-06-28T18:42:24,incoming,Heartbeat,57,0.000
1782668544.440,2026-06-28T18:42:24,outgoing,CallResult,81,0.000
1782668551.687,2026-06-28T18:42:31,incoming,MeterValues,880,0.000
1782668551.690,2026-06-28T18:42:31,incoming,MeterValues,0,0.370
1782668551.691,2026-06-28T18:42:31,outgoing,CallResult,45,0.000
1782668554.474,2026-06-28T18:42:34,incoming,Heartbeat,57,0.000
1782668554.475,2026-06-28T18:42:34,outgoing,CallResult,81,0.000
1782668561.755,2026-06-28T18:42:41,incoming,MeterValues,882,0.000
1782668561.758,2026-06-28T18:42:41,incoming,MeterValues,0,0.226
1782668561.758,2026-06-28T18:42:41,outgoing,CallResult,45,0.000
1782668564.490,2026-06-28T18:42:44,incoming,Heartbeat,57,0.000
1782668564.491,2026-06-28T18:42:44,outgoing,CallResult,81,0.000
1782668571.848,2026-06-28T18:42:51,incoming,MeterValues,878,0.000
1782668571.851,2026-06-28T18:42:51,incoming,MeterValues,0,0.277
1782668571.851,2026-06-28T18:42:51,outgoing,CallResult,45,0.000
1782668574.629,2026-06-28T18:42:54,incoming,Heartbeat,57,0.000
1782668574.630,2026-06-28T18:42:54,outgoing,CallResult,81,0.000
1782668581.882,2026-06-28T18:43:01,incoming,MeterValues,882,0.000
1782668581.885,2026-06-28T18:43:01,incoming,MeterValues,0,0.296
1782668581.886,2026-06-28T18:43:01,outgoing,CallResult,45,0.000
1782668584.684,2026-06-28T18:43:04,incoming,Heartbeat,57,0.000
1782668584.685,2026-06-28T18:43:04,outgoing,CallResult,81,0.000
1782668591.914,2026-06-28T18:43:11,incoming,MeterValues,878,0.000
1782668591.917,2026-06-28T18:43:11,incoming,MeterValues,0,0.300
1782668591.917,2026-06-28T18:43:11,outgoing,CallResult,45,0.000
1782668594.761,2026-06-28T18:43:14,incoming,Heartbeat,57,0.000
1782668594.762,2026-06-28T18:43:14,outgoing,CallResult,81,0.000
1782668601.970,2026-06-28T18:43:21,incoming,MeterValues,878,0.000
1782668601.973,2026-06-28T18:43:21,incoming,MeterValues,0,0.289
1782668601.975,2026-06-28T18:43:21,outgoing,CallResult,45,0.000
1782668604.805,2026-06-28T18:43:24,incoming,Heartbeat,57,0.000
1782668604.806,2026-06-28T18:43:24,outgoing,CallResult,81,0.000
1782668612.025,2026-06-28T18:43:32,incoming,MeterValues,868,0.000
1782668612.027,2026-06-28T18:43:32,incoming,MeterValues,0,0.274
1782668612.028,2026-06-28T18:43:32,outgoing,CallResult,45,0.000
1782668614.816,2026-06-28T18:43:34,incoming,Heartbeat,57,0.000
1782668614.817,2026-06-28T18:43:34,outgoing,CallResult,81,0.000
1782668622.493,2026-06-28T18:43:42,incoming,MeterValues,868,0.000
1782668622.496,2026-06-28T18:43:42,incoming,MeterValues,0,0.394
1782668622.496,2026-06-28T18:43:42,outgoing,CallResult,45,0.000
1782668624.898,2026-06-28T18:43:44,incoming,Heartbeat,57,0.000
1782668624.899,2026-06-28T18:43:44,outgoing,CallResult,81,0.000
1782668632.524,2026-06-28T18:43:52,incoming,MeterValues,878,0.000
1782668632.527,2026-06-28T18:43:52,incoming,MeterValues,0,0.400
1782668632.527,2026-06-28T18:43:52,outgoing,CallResult,45,0.000
1782668634.909,2026-06-28T18:43:54,incoming,Heartbeat,57,0.000
1782668634.911,2026-06-28T18:43:54,outgoing,CallResult,81,0.000
1782668642.582,2026-06-28T18:44:02,incoming,MeterValues,878,0.000
1782668642.584,2026-06-28T18:44:02,incoming,MeterValues,0,0.391
1782668642.585,2026-06-28T18:44:02,outgoing,CallResult,45,0.000
